,video_id,att_mean_saliency,att_max_saliency,att_min_saliency,att_skewness,att_kurtosis,att_hook_score,att_outro_score,att_peak_location,att_high_attention_ratio,att_attention_instability
0,VIDEO_7602656035161050390,22.857784271240234,26.366695404052734,20.105236053466797,0.1238836795091629,-0.33035731315612793,24.367124557495117,22.502944946289062,0.14285714285714285,1.0,1.0146688222885132
1,VIDEO_7590718903144287510,18.02370834350586,20.54388427734375,15.062448501586914,-0.22136525809764862,-0.7628598213195801,18.653322219848633,20.1091365814209,0.9629629629629629,1.0,1.1093246936798096
2,VIDEO_7571821778746592534,16.91676902770996,19.434734344482422,12.808052062988281,-0.8955609202384949,-0.09592270851135254,12.87756633758545,16.23154640197754,0.7857142857142857,0.8571428571428571,0.7263050675392151
3,VIDEO_7569927329154190614,20.543476104736328,22.149171829223633,18.173629760742188,-0.8532181978225708,-0.3353281021118164,20.707412719726562,19.44841957092285,0.0,1.0,0.9837365746498108
4,VIDEO_7566270741134462230,17.05019187927246,19.87961769104004,12.307085037231445,-0.700854480266571,-0.5789201259613037,17.201696395874023,18.656585693359375,0.8333333333333334,0.8333333333333334,1.2378828525543213
5,VIDEO_7536170254989315350,17.32187271118164,20.0627384185791,14.50926685333252,0.10405344516038895,-0.05772233009338379,16.328506469726562,18.73539161682129,0.24,1.0,0.6382431983947754
6,VIDEO_7520640970199698710,16.580793380737305,19.621137619018555,13.96524429321289,-0.31383171677589417,-1.3491002321243286,13.982505798339844,16.596891403198242,0.6956521739130435,1.0,0.6032589077949524
7,VIDEO_7496799936558796054,16.66468620300293,22.66153335571289,12.841455459594727,0.4176310896873474,-0.28375935554504395,16.581003189086914,17.066987991333008,0.7,0.9333333333333333,1.3471357822418213
8,VIDEO_7487960173529582870,18.66111183166504,22.823944091796875,16.211383819580078,0.7732938528060913,0.4172232151031494,17.717275619506836,19.81703758239746,0.8235294117647058,1.0,1.9822466373443604
9,VIDEO_7478712216724802838,17.1231632232666,23.50490379333496,13.949638366699219,1.2254998683929443,1.246891975402832,16.66126823425293,23.108413696289062,0.9333333333333333,1.0,1.3435957431793213
10,VIDEO_7470850262840691990,11.841418266296387,16.239940643310547,9.098770141601562,0.6268903613090515,-0.7587137222290039,15.721295356750488,9.217171669006348,0.05263157894736842,0.21052631578947367,0.4776087999343872
11,VIDEO_7424512450856357153,17.373939514160156,20.90850830078125,11.048795700073242,-0.5558868050575256,-1.408355474472046,20.102155685424805,13.28164291381836,0.7647058823529411,0.8823529411764706,1.8851178884506226
12,VIDEO_7416286728513735968,18.941631317138672,21.725000381469727,16.57633399963379,0.31270766258239746,-1.592536449432373,17.597551345825195,21.29277801513672,0.9285714285714286,1.0,0.6220421195030212
13,VIDEO_7374727208394411297,16.12214469909668,18.03485679626465,14.210777282714844,0.011302120052278042,-1.0821012258529663,15.370951652526855,16.63468360900879,0.6842105263157895,1.0,0.6455152034759521
14,VIDEO_7361057454454508833,19.550800323486328,20.892915725708008,17.686317443847656,-0.22735051810741425,-0.8682866096496582,19.334714889526367,20.209012985229492,0.5454545454545454,1.0,0.5625618696212769
15,VIDEO_7343975400122354977,19.47592544555664,19.883779525756836,19.21416473388672,0.46301889419555664,-0.9150259494781494,19.33866310119629,19.284469604492188,0.2857142857142857,1.0,0.1165708526968956
16,VIDEO_7322847358646078752,18.027719497680664,22.204872131347656,15.740558624267578,1.6149312257766724,1.75974702835083,17.412336349487305,17.212383270263672,0.25,1.0,1.1147509813308716
17,VIDEO_7311689753676533024,19.9898681640625,21.143522262573242,18.24004554748535,-0.37501758337020874,-0.8537988662719727,20.28104019165039,19.58372688293457,0.3333333333333333,1.0,0.8133492469787598
18,VIDEO_7307595143559859488,18.881446838378906,21.762821197509766,15.07880973815918,-0.18205948173999786,0.1639699935913086,16.79596710205078,18.28041648864746,0.6666666666666666,1.0,1.6134185791015625
19,VIDEO_7298756408994991393,19.584442138671875,22.37446403503418,16.89136505126953,-0.0356953963637352,-1.3916398286819458,18.140871047973633,17.200124740600586,0.8,1.0,1.4058068990707397
20,VIDEO_7272755309658098976,17.569856643676758,21.768028259277344,11.040849685668945,-0.5259894132614136,-0.41338086128234863,18.204137802124023,15.1060209274292,0.3793103448275862,0.9310344827586207,1.5732195377349854
21,VIDEO_7226766521719213338,18.02863311767578,19.28680419921875,15.600241661071777,-0.9942699074745178,0.29909181594848633,17.093870162963867,17.957300186157227,0.5625,1.0,1.111246943473816
22,VIDEO_7224139299594194203,18.193925857543945,19.961341857910156,16.291732788085938,0.12219596654176712,-1.4604264497756958,19.823753356933594,16.97028160095215,0.03571428571428571,1.0,0.2732026278972626
23,VIDEO_7208566584535764250,19.273435592651367,21.697227478027344,16.739587783813477,-0.3506772816181183,-0.13088607788085938,19.24803352355957,18.33189582824707,0.5416666666666666,1.0,1.1014803647994995
24,VIDEO_7205976379370851589,18.6916561126709,24.199817657470703,14.885787963867188,0.6136180758476257,-0.9235076904296875,16.514806747436523,16.012052536010742,0.15789473684210525,1.0,1.2660681009292603
25,VIDEO_7177404002508803334,17.751956939697266,20.64760971069336,16.098751068115234,0.8592273592948914,0.19127821922302246,17.206941604614258,19.228559494018555,0.8333333333333334,1.0,0.9518282413482666
26,VIDEO_7164792237543394566,18.523664474487305,24.66347885131836,17.340227127075195,2.513740062713623,5.15117073059082,20.92320442199707,17.791397094726562,0.0,1.0,0.9201779365539551
27,VIDEO_7162183685423385862,19.57643699645996,22.294349670410156,17.836719512939453,0.6545523405075073,-0.35736918449401855,19.80760383605957,18.021883010864258,0.6666666666666666,1.0,0.6423325538635254
28,VIDEO_7153997940774882565,17.880651473999023,21.941316604614258,16.345651626586914,0.8085613250732422,-0.24702811241149902,19.002286911010742,16.668275833129883,0.2857142857142857,1.0,0.8949748873710632
29,VIDEO_7143619564775968006,18.918659210205078,20.65229034423828,17.61666488647461,0.592096745967865,-0.8814713954925537,18.946868896484375,19.772184371948242,0.8,1.0,1.0078680515289307
30,VIDEO_7138043316087606533,15.291483879089355,18.454877853393555,11.334941864013672,-0.19160741567611694,-1.225980281829834,18.053466796875,15.932328224182129,0.13793103448275862,0.8275862068965517,0.8590925335884094
31,VIDEO_7114705253899029765,16.35059356689453,18.444576263427734,13.871322631835938,-0.27614831924438477,-0.5247433185577393,16.297636032104492,17.761146545410156,0.8,1.0,0.6681749820709229
32,VIDEO_7107270367303044358,16.69021987915039,20.132007598876953,14.192205429077148,0.5947912931442261,-0.6019375324249268,14.517096519470215,19.654916763305664,0.9615384615384616,1.0,1.3121514320373535
33,VIDEO_7101685930276293894,18.578310012817383,19.838253021240234,14.728714942932129,-1.58976411819458,2.386474609375,19.68073272705078,18.75351905822754,0.6666666666666666,1.0,1.2922428846359253
34,VIDEO_7096121724990655749,18.80752182006836,21.865934371948242,14.876510620117188,-0.3334583640098572,-0.7663679122924805,17.580690383911133,21.42778778076172,0.9047619047619048,1.0,1.07645583152771
35,VIDEO_7079814734664436998,19.864133834838867,21.73212242126465,16.872417449951172,-0.8856410384178162,0.2995309829711914,20.206764221191406,18.744321823120117,0.6451612903225806,1.0,0.8887749314308167
36,VIDEO_7071272731286834437,19.91693878173828,20.4625301361084,19.43140983581543,0.43177878856658936,-0.75830078125,19.673757553100586,19.83393096923828,0.4,1.0,0.19840526580810547
37,VIDEO_7067569943449046278,19.957151412963867,23.96368408203125,14.795270919799805,-0.20734933018684387,-1.2763248682022095,23.59952735900879,17.593244552612305,0.047619047619047616,1.0,0.97053062915802
38,VIDEO_7063121025394855173,19.22154998779297,21.50379180908203,14.394969940185547,-0.7466669082641602,-0.346311092376709,20.095983505249023,18.412630081176758,0.05263157894736842,1.0,2.1103265285491943
39,VIDEO_7023313220278553862,17.709091186523438,20.809206008911133,16.270706176757812,1.6132683753967285,2.8767523765563965,17.254318237304688,18.168010711669922,0.39285714285714285,1.0,0.6501303911209106
40,VIDEO_7019559155425955077,17.531225204467773,20.163347244262695,15.794717788696289,0.3543851971626282,0.20936799049377441,17.21074104309082,17.969511032104492,0.5862068965517241,1.0,0.7128202319145203
41,VIDEO_6958797242429934854,16.284454345703125,19.275558471679688,13.199090957641602,-0.16583015024662018,-0.921241044998169,15.810100555419922,17.67546272277832,0.2916666666666667,1.0,0.9880200028419495
42,VIDEO_6940653001791130885,20.53603172302246,25.71798324584961,16.32405662536621,0.10343335568904877,-1.140887975692749,17.914899826049805,19.5445499420166,0.6666666666666666,1.0,0.9307314157485962
43,VIDEO_6927911225066130693,19.839576721191406,20.440807342529297,19.166006088256836,-0.045440830290317535,-1.1912627220153809,19.723718643188477,19.309831619262695,0.6111111111111112,1.0,0.3203592896461487
44,VIDEO_6896446483080482050,18.48777961730957,21.325254440307617,14.341227531433105,-0.6285104155540466,-0.25997066497802734,15.227554321289062,19.74323272705078,0.3333333333333333,1.0,1.07521390914917
45,VIDEO_6893888228848389377,17.58124542236328,20.41401481628418,12.270772933959961,-1.6626145839691162,2.3108057975769043,14.326461791992188,17.52213478088379,0.3333333333333333,0.8888888888888888,1.011993408203125
46,VIDEO_6891645296233794817,18.124818801879883,20.098304748535156,14.693318367004395,-0.7033325433731079,-0.6474850177764893,18.54984474182129,17.326881408691406,0.45,1.0,1.1842775344848633
47,VIDEO_6883561429727726850,18.859025955200195,19.349285125732422,18.10787010192871,-0.5538421869277954,-0.6254324913024902,19.07647132873535,18.931821823120117,0.6111111111111112,1.0,0.4328124225139618
48,VIDEO_6876362124260691202,19.151723861694336,22.643123626708984,14.919231414794922,-0.19194816052913666,-0.8598616123199463,18.449979782104492,17.082292556762695,0.32,1.0,0.9361712336540222
49,VIDEO_6874890977631390978,18.78738021850586,21.65790557861328,16.08882713317871,-0.03853254392743111,-0.21652626991271973,19.507761001586914,17.635663986206055,0.2,1.0,0.5771734118461609
50,VIDEO_6855731886438763781,19.016521453857422,21.499126434326172,16.501514434814453,0.010386000387370586,-1.1888848543167114,21.32497215270996,16.79008674621582,0.0,1.0,0.7756474018096924
51,VIDEO_6852640471013920006,17.912683486938477,20.614545822143555,14.183370590209961,-0.9509487748146057,0.9380030632019043,17.827680587768555,18.061874389648438,0.47619047619047616,1.0,1.3609213829040527
52,VIDEO_6847902541095668997,18.865079879760742,21.920883178710938,16.552515029907227,0.32750725746154785,0.13934946060180664,18.973169326782227,18.048688888549805,0.25,1.0,0.7963723540306091
53,VIDEO_6802558843114114310,21.851327896118164,22.85195541381836,19.679174423217773,-1.1678569316864014,1.2487435340881348,21.838600158691406,21.41472625732422,0.47619047619047616,1.0,0.6353073120117188
54,VIDEO_7603743614157458710,17.847932815551758,19.736974716186523,16.828014373779297,0.7484021186828613,-0.5975701808929443,17.10463523864746,18.901674270629883,0.6,1.0,0.9235586524009705
55,VIDEO_7595972634450431254,17.010723114013672,17.643680572509766,16.474254608154297,-0.03069682978093624,-0.8289783000946045,16.6997127532959,17.199647903442383,0.2631578947368421,1.0,0.28203848004341125
56,VIDEO_7587402623129636118,19.38810920715332,20.673999786376953,16.785888671875,-1.7664037942886353,2.962523937225342,18.181400299072266,19.347496032714844,0.09090909090909091,1.0,0.5087931752204895
57,VIDEO_7587440240327937302,17.54595184326172,21.00891876220703,14.077589988708496,0.01342805102467537,-0.45617103576660156,16.916223526000977,16.79139518737793,0.2222222222222222,1.0,1.2239199876785278
58,VIDEO_7584845578429828375,20.60504150390625,22.919546127319336,18.575828552246094,0.18608710169792175,-0.7551310062408447,18.917078018188477,20.330610275268555,0.7857142857142857,1.0,0.7522764801979065
59,VIDEO_7581822570454879510,18.32439613342285,19.99934959411621,15.381190299987793,-1.042798638343811,0.6639742851257324,16.193143844604492,18.26091766357422,0.47619047619047616,1.0,0.5326961278915405
60,VIDEO_7579299127637363990,18.95301628112793,21.99005126953125,14.953792572021484,-0.36798620223999023,-1.284880518913269,18.138071060180664,18.198266983032227,0.6666666666666666,1.0,1.81944739818573
61,VIDEO_7580305629634399510,17.310420989990234,20.684572219848633,14.032821655273438,0.2353261560201645,0.01546621322631836,15.891871452331543,19.112930297851562,0.8,1.0,1.507102608680725
62,VIDEO_7578925701114481942,16.688426971435547,18.792146682739258,15.334725379943848,0.4101656973361969,-1.7327057123184204,15.540497779846191,18.68768310546875,0.9411764705882353,1.0,0.25777220726013184
63,VIDEO_7577797962017918230,13.304756164550781,13.94633674621582,12.674498558044434,0.11331640928983688,-0.6549828052520752,13.115139961242676,13.031262397766113,0.15,0.8,0.3673861622810364
64,VIDEO_7576309328584592643,17.984790802001953,19.697853088378906,16.432771682739258,-0.04336892068386078,-0.4941067695617676,18.03361701965332,17.97163200378418,0.5,1.0,1.0382325649261475
65,VIDEO_7575167976853228822,16.39642906188965,20.671552658081055,14.307899475097656,1.1118388175964355,-0.1746997833251953,15.783793449401855,20.510704040527344,0.8235294117647058,1.0,1.0491968393325806
66,VIDEO_7574884067729050902,17.6866512298584,21.872703552246094,13.10408878326416,0.41176265478134155,-0.6452229022979736,21.794706344604492,15.837112426757812,0.1111111111111111,1.0,1.4255789518356323
67,VIDEO_7572598154063990038,17.360668182373047,23.00344467163086,14.25204849243164,0.7071999907493591,-0.24556660652160645,21.38909912109375,15.1699800491333,0.0,1.0,1.9330397844314575
68,VIDEO_7567386738709073174,17.370197296142578,18.53302764892578,16.612354278564453,0.34703245759010315,-1.0395262241363525,16.70960807800293,17.757774353027344,0.5,1.0,0.26922887563705444
69,VIDEO_7566939859156290838,16.45013999938965,19.769744873046875,13.889053344726562,0.2596704065799713,-1.6549911499023438,19.699270248413086,13.920964241027832,0.05263157894736842,1.0,0.34564411640167236
70,VIDEO_7565890573115165974,17.316972732543945,19.832176208496094,13.62814712524414,0.07262910902500153,-0.33360743522644043,16.994720458984375,16.847488403320312,0.8620689655172413,1.0,0.9831730127334595
71,VIDEO_7563265888623840534,16.18140411376953,20.43541145324707,11.938210487365723,-0.26098963618278503,-0.7292590141296387,15.981681823730469,16.080007553100586,0.7058823529411765,0.8823529411764706,2.5276150703430176
72,VIDEO_7556999098637880598,17.117534637451172,19.019365310668945,11.756316184997559,-1.8181763887405396,2.8682098388671875,17.790258407592773,17.03723907470703,0.64,0.92,1.3828344345092773
73,VIDEO_7551795663772798211,16.370025634765625,18.06892967224121,15.743706703186035,1.4125386476516724,0.5516932010650635,15.946975708007812,16.000585556030273,0.35714285714285715,1.0,0.44865381717681885
74,VIDEO_7549089036447649046,17.896194458007812,20.237302780151367,16.371484756469727,0.6896326541900635,-0.6499097347259521,18.079383850097656,19.514892578125,0.9411764705882353,1.0,0.662627100944519
75,VIDEO_7547744113433627926,19.902151107788086,23.44732666015625,11.63971996307373,-1.0493731498718262,0.35600852966308594,20.360816955566406,13.62207317352295,0.25,0.95,1.3348101377487183
76,VIDEO_7542538735116684566,15.966920852661133,19.05976676940918,11.611817359924316,-0.6109247207641602,-0.3042781352996826,13.827381134033203,17.48429298400879,0.9285714285714286,0.8928571428571429,1.5768232345581055
77,VIDEO_7541326779697564930,18.417051315307617,20.368968963623047,16.750093460083008,0.1605795919895172,-1.023807168006897,18.387617111206055,19.513315200805664,0.8333333333333334,1.0,0.6950942873954773
78,VIDEO_7539973950877584662,18.81049919128418,20.033906936645508,17.31070327758789,-0.07811915874481201,-1.278660774230957,19.07256507873535,18.4594783782959,0.6,1.0,1.2912276983261108
79,VIDEO_7535846854743821590,17.413076400756836,18.867721557617188,14.881976127624512,-0.5699442625045776,-1.1479926109313965,18.590003967285156,16.836477279663086,0.13333333333333333,1.0,0.36812230944633484
80,VIDEO_7535846685101149462,17.029804229736328,19.27350425720215,13.658618927001953,-0.5096384286880493,-0.3517420291900635,17.537935256958008,15.657835960388184,0.34782608695652173,1.0,1.2573084831237793
81,VIDEO_7535846060476976406,17.489133834838867,20.780494689941406,15.299635887145996,0.35131290555000305,-1.2784894704818726,16.42112922668457,16.165761947631836,0.64,1.0,0.6711366176605225
82,VIDEO_7535476048444558614,15.413366317749023,20.567903518676758,11.342206001281738,0.1914716213941574,-1.0996671915054321,17.233903884887695,11.3482084274292,0.29411764705882354,0.7647058823529411,1.629098653793335
83,VIDEO_7535123405562006806,17.880367279052734,20.261938095092773,15.862968444824219,0.23733295500278473,-0.9487879276275635,16.109363555908203,19.759077072143555,0.8461538461538461,1.0,0.4082784652709961
84,VIDEO_7533124404062981398,15.625157356262207,21.14142417907715,12.026585578918457,0.3171786069869995,-1.7002954483032227,20.31299591064453,12.703207969665527,0.05555555555555555,0.6111111111111112,1.0730193853378296
85,VIDEO_7532382235463339286,14.61585807800293,18.923995971679688,10.363706588745117,0.029102450236678123,-0.8473038673400879,15.352185249328613,12.212992668151855,0.1724137931034483,0.7241379310344828,1.1218584775924683
86,VIDEO_7528433357093358870,13.73336410522461,21.453693389892578,8.605572700500488,0.13363268971443176,-0.8260173797607422,17.977506637573242,16.470905303955078,0.12,0.64,1.4236751794815063
87,VIDEO_7510479503592901910,16.862804412841797,19.374113082885742,12.109648704528809,-1.9575079679489136,5.29383659362793,17.102266311645508,17.857131958007812,0.7,0.9333333333333333,1.3083500862121582
88,VIDEO_7509512878026788118,16.797983169555664,18.641305923461914,13.960395812988281,-0.6617124080657959,-0.7922723293304443,17.70429229736328,16.661367416381836,0.5416666666666666,1.0,0.9220637679100037
89,VIDEO_7504668782045039894,18.074268341064453,19.676197052001953,16.357534408569336,0.10176756978034973,-1.1954151391983032,16.848520278930664,19.50065803527832,0.9230769230769231,1.0,0.43686309456825256
90,VIDEO_7495322095065238806,17.87596321105957,20.134273529052734,13.979562759399414,-0.5669354200363159,0.1476120948791504,17.790552139282227,17.262039184570312,0.21428571428571427,1.0,1.1245206594467163
91,VIDEO_7494238893546474774,11.819501876831055,14.28845500946045,10.041703224182129,0.17365406453609467,-1.0370523929595947,12.350239753723145,10.1925687789917,0.48,0.16,0.5933805704116821
92,VIDEO_7490222588883422486,19.03656768798828,22.54480743408203,15.218412399291992,-0.02208445593714714,-1.0758447647094727,18.104137420654297,19.93070411682129,0.6470588235294118,1.0,1.2103116512298584
93,VIDEO_7488220279244623126,16.90642738342285,18.28373146057129,12.529688835144043,-1.5371795892715454,1.389615535736084,17.926603317260742,16.536935806274414,0.9230769230769231,0.9230769230769231,1.3493385314941406
94,VIDEO_7486138878026321174,19.228923797607422,23.326433181762695,14.0349760055542,-0.5736566185951233,-1.0198315382003784,16.39982795715332,18.281457901000977,0.8571428571428571,1.0,1.153082013130188
95,VIDEO_7483898615803612418,18.410255432128906,21.434221267700195,14.061946868896484,-1.0347567796707153,2.720116138458252,19.97475242614746,18.42664909362793,0.0,1.0,1.1716505289077759
96,VIDEO_7480918194438278422,18.457408905029297,20.2408447265625,14.612557411193848,-1.178857445716858,0.8431835174560547,18.28870964050293,18.682161331176758,0.2727272727272727,1.0,1.0169103145599365
97,VIDEO_7480563839319264534,18.07402801513672,20.892101287841797,16.651689529418945,0.6574808359146118,-0.5058491230010986,17.68839454650879,16.731422424316406,0.3333333333333333,1.0,0.7677754759788513
98,VIDEO_7471286673494527254,17.657407760620117,20.02394676208496,14.29437255859375,-0.5523045063018799,0.0579526424407959,16.702022552490234,17.57844352722168,0.7142857142857143,1.0,0.932256281375885
99,VIDEO_7470532387223407904,18.942861557006836,22.999971389770508,14.762102127075195,-0.15333983302116394,-0.7778916358947754,17.97895622253418,20.46980857849121,0.4583333333333333,1.0,2.2911393642425537
100,VIDEO_7468709057516326177,18.646696090698242,21.044429779052734,15.088293075561523,-0.7092151045799255,-0.27001953125,19.612943649291992,18.74658203125,0.3,1.0,1.7870888710021973
101,VIDEO_7468323433714126112,16.694612503051758,21.375499725341797,14.38132095336914,1.022400975227356,0.5160942077636719,19.876794815063477,16.060705184936523,0.037037037037037035,1.0,0.9467607736587524
102,VIDEO_7466109584952855840,16.908660888671875,19.014497756958008,15.344795227050781,0.5274155735969543,-0.7352218627929688,16.37814712524414,18.02729606628418,0.9375,1.0,0.7220367193222046
103,VIDEO_7463198577188146464,17.979555130004883,22.9871826171875,13.390170097351074,-0.003809636924415827,-0.5910077095031738,19.67551612854004,18.154050827026367,0.6,1.0,1.8492536544799805
104,VIDEO_7458328611213298976,16.772008895874023,20.9592227935791,10.898550033569336,-0.334860235452652,-1.514877438545227,18.54974365234375,19.227569580078125,0.76,0.84,1.3263360261917114
105,VIDEO_7451579890048027937,17.455442428588867,21.68804359436035,13.957953453063965,0.5886883735656738,-1.1023939847946167,17.352262496948242,15.07182788848877,0.3684210526315789,1.0,0.9049277901649475
106,VIDEO_7443846446362774817,18.544578552246094,22.36091423034668,15.623510360717773,-0.08144700527191162,-0.2995927333831787,18.964841842651367,17.7940731048584,0.4,1.0,1.6177730560302734
107,VIDEO_7436439641298865441,18.760766983032227,20.827091217041016,16.530332565307617,-0.11894898861646652,-1.147763729095459,16.818496704101562,18.98466682434082,0.42105263157894735,1.0,0.889423131942749
108,VIDEO_7423318018853178657,19.014314651489258,21.706464767456055,16.69929313659668,0.22195057570934296,-1.3514714241027832,17.712427139282227,21.082674026489258,0.8333333333333334,1.0,0.324699729681015
109,VIDEO_7414073681992895776,17.827045440673828,20.271665573120117,15.77020263671875,0.22854360938072205,0.07489681243896484,17.0377140045166,16.735742568969727,0.391304347826087,1.0,0.8100450038909912
110,VIDEO_7397062762150513952,17.978946685791016,20.885761260986328,14.959436416625977,-0.12486674636602402,0.5457203388214111,18.27486228942871,18.977764129638672,0.4782608695652174,1.0,1.2692629098892212
111,VIDEO_7395189160081935649,16.940723419189453,18.629728317260742,16.279544830322266,1.3268381357192993,0.4039440155029297,16.438634872436523,18.360010147094727,0.9655172413793104,1.0,0.1574525088071823
112,VIDEO_7350221322317761825,15.969799995422363,18.389753341674805,13.960941314697266,0.3617796301841736,-1.0455076694488525,15.081226348876953,17.02081298828125,0.8823529411764706,1.0,1.152190923690796
113,VIDEO_7343530174526377249,19.7794246673584,23.212831497192383,16.155803680419922,-0.23503872752189636,-0.539067268371582,21.200777053833008,18.569948196411133,0.10344827586206896,1.0,1.9275951385498047
114,VIDEO_7336238126651706656,17.148393630981445,22.02397918701172,13.454649925231934,0.2691619098186493,-1.1055279970169067,14.555190086364746,16.453767776489258,0.6818181818181818,1.0,1.812340497970581
115,VIDEO_7329933240775527713,18.677087783813477,24.949581146240234,13.929726600646973,0.538841724395752,-0.4874420166015625,17.932584762573242,15.186237335205078,0.2857142857142857,1.0,1.6081585884094238
116,VIDEO_7329526946751089953,21.38861083984375,23.298259735107422,19.838613510131836,0.30436140298843384,0.4802124500274658,21.016401290893555,21.380966186523438,0.11538461538461539,1.0,0.7607883214950562
117,VIDEO_7316851921288006944,16.857006072998047,24.15843391418457,8.902289390563965,-0.4175878167152405,-0.08101081848144531,9.021570205688477,16.463151931762695,0.42857142857142855,0.8571428571428571,1.146608591079712
118,VIDEO_7300927450463194400,15.174543380737305,17.80933380126953,12.110878944396973,-0.17100700736045837,-0.6301064491271973,15.706092834472656,17.456506729125977,0.96875,0.9375,0.5726763010025024
119,VIDEO_7297177472615861536,16.471538543701172,18.30674171447754,15.013778686523438,0.36292901635169983,-1.2962324619293213,17.747976303100586,15.732311248779297,0.047619047619047616,1.0,0.47036442160606384
120,VIDEO_7296855348714016033,17.79680633544922,19.492328643798828,15.630321502685547,-0.3997116982936859,-0.9743053913116455,18.5767822265625,18.107627868652344,0.3888888888888889,1.0,1.3308968544006348
121,VIDEO_7290823677195603233,18.138790130615234,19.651838302612305,16.671140670776367,0.15160703659057617,-1.7179194688796997,19.3236026763916,16.860490798950195,0.23529411764705882,1.0,0.40974152088165283
122,VIDEO_7261565962875358491,18.741987228393555,20.33171844482422,17.659908294677734,0.47005122900009155,-0.8035478591918945,18.649702072143555,19.93949317932129,0.9583333333333334,1.0,0.5930131077766418
123,VIDEO_7260104911830945051,19.144155502319336,22.51093864440918,17.465049743652344,0.6678906679153442,0.06819987297058105,18.337228775024414,19.48984718322754,0.9615384615384616,1.0,1.0831257104873657
124,VIDEO_7257874855037586714,15.692156791687012,19.67131805419922,13.479375839233398,0.44031575322151184,-0.6815624237060547,17.072179794311523,17.320932388305664,0.9032258064516129,1.0,0.7588391900062561
125,VIDEO_7210751695771553030,18.571514129638672,21.90134048461914,16.7962589263916,0.9593749642372131,1.1947522163391113,17.200109481811523,19.051610946655273,0.8333333333333334,1.0,0.7768389582633972
126,VIDEO_7193808719287766278,18.400278091430664,25.020423889160156,13.994504928588867,0.7486329078674316,-0.5515053272247314,21.459447860717773,16.738065719604492,0.2222222222222222,1.0,1.3336540460586548
127,VIDEO_7192709681280781574,16.492938995361328,18.2277774810791,14.957226753234863,0.11355546861886978,-0.8386678695678711,15.473827362060547,16.516157150268555,0.47619047619047616,1.0,0.49764642119407654
128,VIDEO_7191884217595219206,20.8085880279541,22.376310348510742,17.64180564880371,-0.6219567060470581,-1.2112385034561157,20.46568489074707,18.09308433532715,0.15789473684210525,1.0,0.5572640895843506
129,VIDEO_7190283346373610757,19.148473739624023,20.674592971801758,17.207584381103516,-0.16919371485710144,-1.162892460823059,18.466691970825195,19.448822021484375,0.14285714285714285,1.0,0.9775714874267578
130,VIDEO_7184460864404229381,17.555831909179688,17.886924743652344,17.09739112854004,-0.5280802249908447,-1.0015877485275269,17.658235549926758,17.683609008789062,0.875,1.0,0.19222640991210938
131,VIDEO_7183681305203330309,17.204133987426758,20.742801666259766,13.998931884765625,0.17723295092582703,-0.5164921283721924,18.478607177734375,19.41176414489746,0.9655172413793104,1.0,1.3607455492019653
132,VIDEO_7171449726158589189,17.899364471435547,18.762178421020508,15.978805541992188,-1.2261970043182373,0.7387387752532959,16.76563262939453,18.657068252563477,0.9285714285714286,1.0,0.3203478455543518
133,VIDEO_7168916057166597382,18.377357482910156,19.796554565429688,16.360326766967773,-0.5546166300773621,-1.153414249420166,17.621963500976562,18.610441207885742,0.4,1.0,0.6291769742965698
134,VIDEO_7164397666472873222,18.289794921875,21.989219665527344,15.275104522705078,0.3880612254142761,-0.5510435104370117,17.628189086914062,20.041397094726562,0.7142857142857143,1.0,1.4426140785217285
135,VIDEO_7161354120849427717,19.578571319580078,22.506603240966797,16.732301712036133,0.18311838805675507,-0.8337514400482178,18.111833572387695,19.994871139526367,0.5,1.0,1.5533812046051025
136,VIDEO_7143175958978186502,17.284770965576172,17.87795639038086,16.722444534301758,0.07476242631673813,-0.34029722213745117,17.59956169128418,16.96746063232422,0.3,1.0,0.2885676920413971
137,VIDEO_7132514036276628742,18.63665771484375,19.5120849609375,18.069910049438477,0.36100736260414124,-0.019240379333496094,18.73295021057129,18.58502197265625,0.36363636363636365,1.0,0.3036099374294281
138,VIDEO_7124374690520419590,19.251996994018555,22.05647087097168,15.8325777053833,-0.38403406739234924,-0.7966001033782959,19.715160369873047,18.50456428527832,0.4166666666666667,1.0,1.4095803499221802
139,VIDEO_7094270154275605765,15.90501594543457,19.308025360107422,12.526056289672852,0.30450913310050964,-0.8213927745819092,15.813435554504395,14.627715110778809,0.5,0.9444444444444444,1.455035924911499
140,VIDEO_6958338154617228549,17.070749282836914,20.70998764038086,12.4597806930542,-0.633743405342102,-1.162225604057312,19.444183349609375,12.95242691040039,0.6333333333333333,0.9,0.8890931606292725
141,VIDEO_6955364241213771014,15.938082695007324,19.75045394897461,12.95133113861084,-0.04206385090947151,-1.0203137397766113,16.951078414916992,17.412084579467773,0.625,0.9583333333333334,1.0843371152877808
142,VIDEO_6921604099553119494,15.15568733215332,18.637779235839844,11.747665405273438,0.11791114509105682,-0.5529937744140625,15.438374519348145,15.862166404724121,0.5517241379310345,0.896551724137931,1.3810795545578003
143,VIDEO_7604808799404264726,19.603498458862305,21.92692756652832,17.28993034362793,0.22840970754623413,-0.07806158065795898,19.329105377197266,17.958641052246094,0.34782608695652173,1.0,0.7999901175498962
144,VIDEO_7603273994216738070,16.81331443786621,20.55576515197754,11.829906463623047,-0.571195125579834,-0.7237322330474854,18.58206558227539,17.676231384277344,0.782608695652174,0.8695652173913043,3.1352503299713135
145,VIDEO_7596993704146046230,21.80582046508789,22.76711654663086,20.670032501220703,0.0762079581618309,-1.1994411945343018,22.448511123657227,20.855527877807617,0.05,1.0,0.21773278713226318
146,VIDEO_7593041331174362390,18.383058547973633,22.72104263305664,16.214101791381836,1.229539155960083,0.1677241325378418,18.580270767211914,17.190980911254883,0.5172413793103449,1.0,0.9940115213394165
147,VIDEO_7589754729350155542,18.105819702148438,20.041353225708008,15.691903114318848,-0.2975720465183258,-1.0433483123779297,17.313024520874023,18.64447593688965,0.8275862068965517,1.0,1.1933163404464722
148,VIDEO_7587308013363449121,18.371829986572266,19.540559768676758,17.203102111816406,-0.002903751330450177,-1.0720336437225342,19.410179138183594,17.362524032592773,0.07692307692307693,1.0,0.4791947901248932
149,VIDEO_7583720650200730902,19.101619720458984,24.02705192565918,13.991776466369629,-0.07409364730119705,-0.27824902534484863,20.592004776000977,23.519601821899414,0.9333333333333333,1.0,1.3530380725860596
150,VIDEO_7577768828214512918,17.600341796875,20.46676254272461,15.524429321289062,0.5459066033363342,-1.08021080493927,17.6279354095459,20.156158447265625,0.8888888888888888,1.0,0.6156846284866333
151,VIDEO_7575831202117045526,16.578937530517578,20.767000198364258,11.507071495056152,-0.5848246216773987,0.46880340576171875,16.058847427368164,13.848176002502441,0.5,0.9375,1.560729742050171
152,VIDEO_7574767270392532246,17.693546295166016,21.57022476196289,12.956086158752441,-0.3058817982673645,-0.8183856010437012,16.60626792907715,17.98878288269043,0.2962962962962963,0.9629629629629629,1.5172464847564697
153,VIDEO_7572922723836431638,14.654146194458008,17.77309226989746,10.680398941040039,-0.10819538682699203,-1.4392383098602295,17.202356338500977,11.691085815429688,0.15,0.7,1.2499501705169678
154,VIDEO_7569206708090850582,17.81783676147461,21.040000915527344,13.989978790283203,-0.12029360234737396,-0.9261164665222168,17.629426956176758,16.474037170410156,0.7407407407407407,1.0,1.4718167781829834
155,VIDEO_7568382003330993430,18.285846710205078,20.744543075561523,13.25228214263916,-1.1867121458053589,0.5384857654571533,18.33287239074707,18.37068748474121,0.4444444444444444,1.0,1.7556792497634888
156,VIDEO_7566297785914412310,19.076108932495117,20.405519485473633,17.271333694458008,-0.49735134840011597,1.094254970550537,19.316957473754883,18.948484420776367,0.5714285714285714,1.0,0.9186615347862244
157,VIDEO_7563724139240885526,17.748258590698242,21.85344886779785,12.854686737060547,-0.4972378611564636,-0.8664617538452148,15.389208793640137,19.453767776489258,0.4117647058823529,0.9411764705882353,2.854748010635376
158,VIDEO_7556661292233379075,17.243328094482422,20.33641815185547,15.131762504577637,0.49473637342453003,-1.2572640180587769,17.323020935058594,16.04361915588379,0.6,1.0,1.1441253423690796
159,VIDEO_7553924193562266902,17.860118865966797,21.570478439331055,11.945942878723145,-1.3009380102157593,2.6797165870666504,19.18016242980957,17.079544067382812,0.5,0.9666666666666667,1.6501967906951904
160,VIDEO_7553554500972367107,16.488296508789062,18.472166061401367,14.98588752746582,0.7903279066085815,2.9120750427246094,16.660293579101562,16.0306396484375,0.55,1.0,0.5989997982978821
161,VIDEO_7545446733921209622,16.833559036254883,20.19689178466797,12.48007869720459,-0.040611669421195984,-0.856132984161377,19.961580276489258,10.814159393310547,0.16129032258064516,0.9032258064516129,2.2193713188171387
162,VIDEO_7537707440142454038,16.762205123901367,21.043148040771484,12.821033477783203,0.25678274035453796,-1.1559454202651978,15.04018497467041,9.97872257232666,0.5769230769230769,0.9230769230769231,2.5235390663146973
163,VIDEO_7480851478555659543,19.932167053222656,23.593088150024414,17.448219299316406,0.5150643587112427,-0.5728447437286377,20.70191764831543,21.10676383972168,0.5,1.0,1.1572601795196533
164,VIDEO_7478288153153916182,18.436553955078125,20.01712989807129,15.195025444030762,-0.9086199402809143,0.3860461711883545,18.822126388549805,19.03339195251465,0.09523809523809523,1.0,1.0469564199447632
165,VIDEO_7476404323317222658,15.856555938720703,19.013843536376953,11.777315139770508,-0.2918928563594818,-0.7895572185516357,17.20555877685547,14.086712837219238,0.7272727272727273,0.9545454545454546,1.4546512365341187
166,VIDEO_7474625701350509846,17.908266067504883,20.71187400817871,15.787068367004395,0.24549753963947296,-1.1066582202911377,17.62424659729004,20.250762939453125,0.8235294117647058,1.0,0.5478558540344238
167,VIDEO_7473095088948759830,18.808841705322266,21.648014068603516,14.531916618347168,-0.6583452224731445,0.3864271640777588,18.826982498168945,19.612390518188477,0.55,1.0,1.8385937213897705
168,VIDEO_7471251146288418070,18.072677612304688,23.41093635559082,15.950435638427734,1.5357369184494019,2.5649466514587402,16.98024559020996,18.047380447387695,0.6666666666666666,1.0,1.5732089281082153
169,VIDEO_7468715378743528736,17.96971321105957,21.2768497467041,14.237192153930664,-0.32270312309265137,-0.4313187599182129,16.356340408325195,17.945356369018555,0.6842105263157895,1.0,1.4252047538757324
170,VIDEO_7467231080735690017,18.320838928222656,22.632238388061523,15.426198959350586,1.1520236730575562,0.08841133117675781,18.570180892944336,16.972265243530273,0.4482758620689655,1.0,1.0158432722091675
171,VIDEO_7466117788898315552,17.873746871948242,22.14219093322754,12.714756965637207,-0.5667969584465027,-0.3701941967010498,20.01349449157715,13.107756614685059,0.07692307692307693,0.9230769230769231,1.5287673473358154
172,VIDEO_7465375886779403552,17.66608238220215,21.550798416137695,14.331987380981445,0.16865944862365723,-1.0126863718032837,18.047710418701172,19.311086654663086,0.7222222222222222,1.0,1.824241042137146
173,VIDEO_7463520186876939552,19.057003021240234,22.232309341430664,16.143630981445312,-0.24656039476394653,-0.8510088920593262,17.78999900817871,19.175506591796875,0.8064516129032258,1.0,1.113419771194458
174,VIDEO_7458325240628661537,17.89781951904297,23.239015579223633,14.03195571899414,0.2895250916481018,-0.5839037895202637,20.363187789916992,17.627941131591797,0.75,1.0,2.4886417388916016
175,VIDEO_7456840693982465312,17.09772300720215,22.42367935180664,12.980582237243652,0.492480605840683,-1.108886480331421,17.301294326782227,16.20182228088379,0.0,0.9473684210526315,2.220025062561035
176,VIDEO_7454985264952266016,16.901325225830078,21.21813201904297,15.051904678344727,1.2827600240707397,0.49184322357177734,16.659109115600586,15.947588920593262,0.75,1.0,1.5658124685287476
177,VIDEO_7452758752337399073,22.176076889038086,23.16996955871582,18.427331924438477,-2.464832067489624,7.132767677307129,21.581634521484375,21.54863929748535,0.047619047619047616,1.0,0.40147143602371216
178,VIDEO_7452387800818666785,16.522001266479492,23.24932861328125,13.078761100769043,0.9062532782554626,-0.46633148193359375,17.472509384155273,20.172945022583008,0.9375,1.0,1.7231049537658691
179,VIDEO_7449430237114404128,18.781532287597656,23.276094436645508,14.68033504486084,-0.095253586769104,-1.3570433855056763,20.875497817993164,17.1314754486084,0.2631578947368421,1.0,2.219660520553589
180,VIDEO_7444595106025442593,16.538923263549805,19.599590301513672,12.337663650512695,-0.459399551153183,-0.24222683906555176,16.902116775512695,15.042488098144531,0.9444444444444444,0.9444444444444444,1.7945027351379395
181,VIDEO_7441626192760884513,17.96582794189453,20.81038475036621,12.810943603515625,-0.9040219187736511,0.847632646560669,19.17464256286621,18.223970413208008,0.3,0.95,1.554093360900879
182,VIDEO_7440465091817999649,14.729023933410645,19.23744773864746,5.221406936645508,-1.4142496585845947,0.9050264358520508,5.349162578582764,16.891563415527344,0.75,0.8333333333333334,1.2285622358322144
183,VIDEO_7437536576072125728,17.91075897216797,20.70038414001465,15.14597225189209,0.07176109403371811,-0.6805000305175781,18.09040641784668,18.739992141723633,0.8888888888888888,1.0,1.1375563144683838
184,VIDEO_7436650165861141792,16.54201889038086,20.391246795654297,13.515732765197754,0.22690045833587646,-1.0480470657348633,13.600211143493652,14.76154613494873,0.5238095238095238,1.0,1.0898727178573608
185,VIDEO_7436403924350864672,12.06095027923584,14.300777435302734,9.350715637207031,-0.43370601534843445,-0.45027971267700195,12.380546569824219,10.070382118225098,0.5454545454545454,0.22727272727272727,0.8448833227157593
186,VIDEO_7436044441170857249,16.900609970092773,18.838695526123047,13.262178421020508,-0.7167283296585083,0.11614871025085449,17.034645080566406,17.343698501586914,0.2916666666666667,1.0,1.5503206253051758
187,VIDEO_7434931188642352417,17.59831428527832,20.84151840209961,14.173883438110352,-0.26149576902389526,-1.6204663515090942,19.185781478881836,14.874567985534668,0.4,1.0,0.5824456214904785
188,VIDEO_7433817907278269729,18.463281631469727,20.017030715942383,14.993008613586426,-0.9975999593734741,-0.10966610908508301,16.317777633666992,18.386981964111328,0.2,1.0,1.1897344589233398
189,VIDEO_7431168865142328608,18.273075103759766,21.01265525817871,16.389236450195312,0.546192467212677,-0.6335248947143555,18.159883499145508,16.96527099609375,0.0,1.0,0.7401573061943054
190,VIDEO_7429720640111791392,19.0026912689209,21.07110023498535,15.909852027893066,-0.6803374886512756,-0.843379020690918,17.394210815429688,20.311567306518555,0.6428571428571429,1.0,0.8064244985580444
191,VIDEO_7428251635102534945,17.883811950683594,21.536394119262695,14.782635688781738,0.1099843680858612,-1.3596806526184082,18.602645874023438,15.133018493652344,0.6333333333333333,1.0,0.9184682965278625
192,VIDEO_7425965869924142369,19.22703742980957,23.704151153564453,15.632841110229492,0.22251808643341064,-1.067897915840149,6.546123027801514,17.469690322875977,0.5833333333333334,0.7916666666666666,7.17617654800415
193,VIDEO_7423773390932135201,17.760663986206055,21.150854110717773,13.7372465133667,-0.07872699946165085,-1.0742900371551514,19.06816864013672,19.344083786010742,0.0,1.0,1.3729134798049927
194,VIDEO_7414443436134223137,15.047404289245605,21.175941467285156,9.075408935546875,-0.3454972505569458,0.18342900276184082,14.351638793945312,14.452902793884277,0.35294117647058826,0.8235294117647058,1.820784091949463
195,VIDEO_7412540786975231264,15.91490650177002,16.689607620239258,15.418131828308105,0.6709021925926208,0.48404908180236816,15.704485893249512,16.061159133911133,0.8235294117647058,1.0,0.226617693901062
196,VIDEO_7410298388022824225,16.247541427612305,16.943017959594727,15.626922607421875,0.4033660888671875,-0.9248478412628174,16.096851348876953,16.25595474243164,0.9545454545454546,1.0,0.25377628207206726
197,VIDEO_7407736509996043553,21.62928009033203,23.893091201782227,19.589460372924805,0.14398492872714996,-0.7233724594116211,20.666223526000977,22.537002563476562,0.9375,1.0,1.3747437000274658
198,VIDEO_7399196283501628705,20.485002517700195,21.956573486328125,18.64474105834961,-0.4578898251056671,0.14749884605407715,20.62055015563965,20.21733856201172,0.7666666666666667,1.0,0.6596917510032654
199,VIDEO_7394351547376880929,16.918989181518555,22.22024917602539,11.280326843261719,-0.26092153787612915,-1.0109840631484985,17.192184448242188,22.2135066986084,0.8709677419354839,0.7419354838709677,1.614031434059143
200,VIDEO_7392856168214957345,20.22817039489746,22.11016845703125,18.96597671508789,0.8594251871109009,-0.033616065979003906,19.626832962036133,22.1041259765625,0.9565217391304348,1.0,0.6055806875228882
201,VIDEO_7390632928780340512,20.376052856445312,20.9103946685791,19.961027145385742,0.4640319347381592,-0.7380759716033936,20.42926788330078,20.13914680480957,0.3333333333333333,1.0,0.2176087349653244
202,VIDEO_7388867149407849760,11.706350326538086,19.455642700195312,8.188249588012695,1.875311255455017,2.147167205810547,11.743694305419922,19.455461502075195,0.9565217391304348,0.13043478260869565,0.9041852951049805
203,VIDEO_7387308322162052385,20.85536766052246,23.386110305786133,14.870168685913086,-0.925531268119812,-0.8433301448822021,16.21698760986328,23.155881881713867,0.9523809523809523,1.0,0.6939685940742493
204,VIDEO_7386194546062839073,19.579429626464844,20.526533126831055,19.035533905029297,0.7192296981811523,-0.08290696144104004,19.53355598449707,19.091861724853516,0.2631578947368421,1.0,0.3754125237464905
205,VIDEO_7382166710029208865,20.374549865722656,23.179166793823242,15.759251594543457,-0.2713266909122467,-1.7118500471115112,22.02544403076172,17.109333038330078,0.37037037037037035,1.0,0.5396403670310974
206,VIDEO_7381115594076146977,12.837048530578613,19.856454849243164,9.170113563537598,0.5434787273406982,-1.5080455541610718,19.382089614868164,9.518023490905762,0.045454545454545456,0.4090909090909091,0.9839808344841003
207,VIDEO_7379227737271094561,19.029972076416016,24.917015075683594,16.116132736206055,1.2549742460250854,-0.20937061309814453,24.65159034729004,17.45443344116211,0.0,1.0,0.5392780900001526
208,VIDEO_7379193504355978528,18.13764190673828,18.973575592041016,16.69771957397461,-0.6995165348052979,-0.6066145896911621,17.842897415161133,17.201263427734375,0.25,1.0,0.587371826171875
209,VIDEO_7378467106636991777,19.442642211914062,23.470197677612305,15.049242973327637,0.3964412808418274,-1.3212120532989502,23.3447265625,17.05437660217285,0.0,1.0,0.8539707064628601
210,VIDEO_7377004580510436641,17.270307540893555,20.64652442932129,12.401589393615723,-0.7065985202789307,0.3570234775543213,15.875885963439941,15.46585464477539,0.19047619047619047,0.9523809523809523,1.4344180822372437
211,VIDEO_7376630682824576289,16.018449783325195,21.340091705322266,7.049956321716309,-0.9835006594657898,-0.28362417221069336,7.154838562011719,17.49805450439453,0.25925925925925924,0.8148148148148148,1.7826004028320312
212,VIDEO_7374412100833250593,16.587703704833984,20.8453369140625,13.037487983703613,0.5332916378974915,-1.234784722328186,15.035204887390137,13.798266410827637,0.5862068965517241,1.0,0.8016106486320496
213,VIDEO_7374072615356353825,18.407840728759766,23.402557373046875,10.183635711669922,-0.8570902943611145,0.10202264785766602,14.723982810974121,13.3585786819458,0.6774193548387096,0.9032258064516129,3.15401554107666
214,VIDEO_7369936386000031009,13.322522163391113,19.481897354125977,7.592459201812744,0.8618174195289612,0.856985330581665,16.776575088500977,12.439555168151855,0.13333333333333333,0.36666666666666664,1.583729863166809
215,VIDEO_7367273018181160224,16.389345169067383,19.516704559326172,14.607794761657715,1.1728814840316772,2.2887940406799316,16.865861892700195,16.264049530029297,0.10714285714285714,1.0,1.122660756111145
216,VIDEO_7366603470272515361,19.04070472717285,21.782455444335938,17.58740234375,0.9800920486450195,-0.23037385940551758,17.857933044433594,19.692176818847656,0.391304347826087,1.0,0.6501184701919556
217,VIDEO_7365841944318086432,15.427582740783691,20.979045867919922,6.266351222991943,-1.3876783847808838,4.922675132751465,11.666747093200684,15.982742309570312,0.7391304347826086,0.9130434782608695,1.4861464500427246
218,VIDEO_7365161137324805408,18.8592529296875,20.23558235168457,17.271146774291992,0.15552420914173126,-1.0536879301071167,19.45079803466797,17.943632125854492,0.35294117647058826,1.0,0.2905716896057129
219,VIDEO_7363657122795490593,20.262971878051758,21.00140953063965,19.37575912475586,-0.15850581228733063,-1.8381558656692505,19.52379608154297,19.619443893432617,0.4230769230769231,1.0,0.31080758571624756
220,VIDEO_7361799258107841825,17.97072410583496,20.73480987548828,15.387819290161133,0.24610817432403564,-0.09442973136901855,19.15080451965332,16.313661575317383,0.4444444444444444,1.0,1.0531179904937744
221,VIDEO_7361030582446378272,16.24803924560547,19.199172973632812,13.636432647705078,0.41101181507110596,-0.4941060543060303,15.372830390930176,19.01304054260254,0.8823529411764706,1.0,0.6562422513961792
222,VIDEO_7358723892992642336,15.703206062316895,16.34112548828125,14.58696460723877,-0.6847735047340393,-0.5076110363006592,16.282983779907227,14.859637260437012,0.14285714285714285,1.0,0.24565432965755463
223,VIDEO_7356509644170333473,14.366941452026367,15.741768836975098,13.824451446533203,1.6268787384033203,2.613150119781494,15.205246925354004,13.929000854492188,0.05,1.0,0.1875799149274826
224,VIDEO_7355765566625402144,16.84706687927246,21.799686431884766,11.053893089294434,-0.6883153319358826,0.30394697189331055,18.192222595214844,17.452878952026367,0.045454545454545456,0.8636363636363636,1.8415647745132446
225,VIDEO_7354275810578140449,18.824872970581055,21.069091796875,16.335758209228516,0.25273022055625916,-0.8482067584991455,18.065757751464844,17.014150619506836,0.5666666666666667,1.0,0.4592825174331665
226,VIDEO_7354009165796216097,16.82676887512207,21.366790771484375,15.05255126953125,1.5379514694213867,1.3443942070007324,15.91213607788086,15.991317749023438,0.75,1.0,1.49828040599823
227,VIDEO_7353535610641976609,18.60550880432129,21.228839874267578,16.866809844970703,0.5299404859542847,-0.48148441314697266,20.363962173461914,18.087751388549805,0.047619047619047616,1.0,0.7290441393852234
228,VIDEO_7352233957276044577,18.391443252563477,21.570924758911133,14.448925971984863,-0.4442158639431,-1.0944616794586182,17.776521682739258,20.917566299438477,0.896551724137931,1.0,0.773295521736145
229,VIDEO_7351779832969104673,17.256929397583008,20.007923126220703,11.607848167419434,-1.0344995260238647,1.2078337669372559,19.541404724121094,16.90997314453125,0.75,0.9285714285714286,1.3289308547973633
230,VIDEO_7350954462992682272,18.406953811645508,22.668821334838867,12.374444961547852,-0.2605333626270294,-0.4961130619049072,17.46266746520996,18.246707916259766,0.8571428571428571,0.9642857142857143,1.5781893730163574
231,VIDEO_7350708094302735649,16.99736976623535,20.78436851501465,10.987778663635254,-0.7383387088775635,-0.5918440818786621,17.854524612426758,17.94770622253418,0.17857142857142858,0.8571428571428571,2.3205466270446777
232,VIDEO_7350207537771220256,14.364591598510742,17.286767959594727,4.043961524963379,-3.289517402648926,10.366328239440918,10.270218849182129,10.128504753112793,0.21052631578947367,0.8947368421052632,1.7377785444259644
233,VIDEO_7348717316856712480,17.132326126098633,21.657201766967773,13.103333473205566,-0.1517457813024521,-0.8779120445251465,14.3386869430542,13.321785926818848,0.28,1.0,1.476185917854309
234,VIDEO_7348379737519082784,17.912010192871094,21.460533142089844,13.511785507202148,-0.3665837049484253,0.21220993995666504,18.517244338989258,17.256113052368164,0.7777777777777778,1.0,1.3538157939910889
235,VIDEO_7346110636008475937,15.480688095092773,18.417020797729492,10.158278465270996,-1.1136970520019531,1.2468314170837402,15.277141571044922,16.398752212524414,0.43333333333333335,0.9333333333333333,1.5855064392089844
236,VIDEO_7345543122400726305,16.4735107421875,20.77400779724121,9.530210494995117,-0.6104153990745544,-0.4968891143798828,16.50663185119629,16.5103759765625,0.3,0.8,3.5712404251098633
237,VIDEO_7344270149593091361,17.56207847595215,20.720386505126953,9.126222610473633,-1.6235847473144531,2.731196880340576,18.2865047454834,17.56024932861328,0.5833333333333334,0.9166666666666666,2.1250481605529785
238,VIDEO_7343256943923858720,18.99522590637207,21.70064926147461,12.22678279876709,-1.3842191696166992,1.5854458808898926,19.899398803710938,19.659339904785156,0.24,0.96,0.9147498607635498
239,VIDEO_7340916267571858721,18.377708435058594,19.64305305480957,16.481975555419922,-0.41829660534858704,-0.38468170166015625,18.863203048706055,18.36003875732422,0.9444444444444444,1.0,0.8568933010101318
240,VIDEO_7338052242651598112,18.6701602935791,23.027568817138672,14.404709815979004,-0.11831799894571304,-1.3432506322860718,20.617555618286133,17.00440788269043,0.2631578947368421,1.0,2.1566150188446045
241,VIDEO_7337268516128591136,18.036819458007812,19.93807029724121,16.319059371948242,0.07422599196434021,-0.7336912155151367,17.46051025390625,17.757713317871094,0.6470588235294118,1.0,1.1830670833587646
242,VIDEO_7335091592077856032,20.608415603637695,22.47465705871582,18.289276123046875,-0.10435930639505386,-0.8067047595977783,19.16851806640625,21.009477615356445,0.8333333333333334,1.0,0.7251853942871094
243,VIDEO_7332835826579164449,16.96550750732422,22.261770248413086,11.849653244018555,-0.12398570775985718,-0.6361269950866699,17.893762588500977,15.731419563293457,0.6,0.9,2.164578437805176
244,VIDEO_7331811695360363809,14.618553161621094,18.730541229248047,11.759361267089844,0.37242671847343445,-0.8712029457092285,12.094836235046387,17.643779754638672,0.95,0.7,1.0701837539672852
245,VIDEO_7331415350828911904,16.38959503173828,22.393556594848633,12.761621475219727,0.7127803564071655,-0.9890680313110352,13.9398832321167,16.66798973083496,0.7368421052631579,0.9473684210526315,1.8927465677261353
246,VIDEO_7330883086684622112,17.586938858032227,18.99081039428711,15.777397155761719,0.0414825975894928,-0.5345644950866699,17.39000701904297,18.64957618713379,0.8214285714285714,1.0,0.37100741267204285
247,VIDEO_7329423244992236832,21.46654510498047,23.141565322875977,18.871620178222656,-0.6637232303619385,0.3260657787322998,21.37702178955078,20.210561752319336,0.7777777777777778,1.0,0.7809120416641235
248,VIDEO_7328709134126206241,16.286334991455078,21.87135887145996,11.491703987121582,0.24226631224155426,-0.36956143379211426,17.321598052978516,14.689105987548828,0.5882352941176471,0.8823529411764706,3.316041946411133
249,VIDEO_7326123173311728929,17.40679168701172,21.76887321472168,14.22738265991211,0.4578181505203247,0.17842650413513184,17.129335403442383,15.417335510253906,0.13043478260869565,1.0,1.8487162590026855
250,VIDEO_7325724813115346208,16.977455139160156,20.08686637878418,14.590875625610352,-0.00017811768339015543,-1.6428334712982178,19.114368438720703,17.8458309173584,0.7727272727272727,1.0,1.2264450788497925
251,VIDEO_7324696131143847201,18.457887649536133,24.106470108032227,11.33311653137207,-0.5306544303894043,-1.006655216217041,21.11957550048828,15.092120170593262,0.38461538461538464,0.9230769230769231,1.440157175064087
252,VIDEO_7324283735749266721,20.409698486328125,23.194704055786133,17.865678787231445,0.11892808973789215,-1.171188473701477,18.168371200561523,22.924997329711914,0.8846153846153846,1.0,0.6353713274002075
253,VIDEO_7323972466445946145,15.2386474609375,18.430814743041992,9.846389770507812,-0.44474348425865173,-0.28389430046081543,11.508979797363281,17.55208396911621,0.7692307692307693,0.8846153846153846,0.7433617115020752
254,VIDEO_7323612868484631840,18.278385162353516,18.86078643798828,17.514816284179688,-0.24622872471809387,-1.2721753120422363,17.748422622680664,18.03899574279785,0.76,1.0,0.2542763650417328
255,VIDEO_7323108113698147616,16.782535552978516,18.63805389404297,15.537958145141602,0.6507542133331299,-0.13646745681762695,18.20294189453125,16.970664978027344,0.04,1.0,0.5157334208488464
256,VIDEO_7320909330314775840,17.6102237701416,17.962480545043945,17.193971633911133,-0.23053716123104095,-0.5568480491638184,17.697376251220703,17.6104793548584,0.07142857142857142,1.0,0.29191824793815613
257,VIDEO_7320159598290226464,18.551250457763672,20.379526138305664,16.56310272216797,-0.028839025646448135,-0.43764829635620117,18.510305404663086,17.651060104370117,0.6818181818181818,1.0,0.7260618805885315
258,VIDEO_7319513643534568736,18.152311325073242,19.154544830322266,16.704378128051758,-1.0419950485229492,1.6002988815307617,18.241670608520508,17.794145584106445,0.7142857142857143,1.0,0.5286217927932739
259,VIDEO_7318707614332849441,15.852441787719727,20.343496322631836,12.483295440673828,0.517846941947937,-0.33350276947021484,15.253968238830566,18.890336990356445,0.9047619047619048,0.9047619047619048,1.7765525579452515
260,VIDEO_7317664309432077600,16.76544952392578,18.89879035949707,14.668631553649902,0.13290435075759888,-1.440664529800415,18.79694366455078,18.042173385620117,0.038461538461538464,1.0,0.6143551468849182
261,VIDEO_7317307650499251488,16.613861083984375,18.96941375732422,13.265438079833984,-0.4623052179813385,-1.3023306131362915,13.747281074523926,18.58049201965332,0.8,1.0,1.065208077430725
262,VIDEO_7316470398261021985,18.53783416748047,20.755952835083008,16.832887649536133,0.37458595633506775,-0.5756618976593018,18.14300537109375,17.791486740112305,0.6818181818181818,1.0,0.6791607737541199
263,VIDEO_7316159323728661792,20.00899887084961,22.528390884399414,13.925525665283203,-1.1937682628631592,1.0777168273925781,22.186120986938477,21.252883911132812,0.047619047619047616,1.0,0.9853636026382446
264,VIDEO_7312076882822909217,15.955033302307129,17.537551879882812,13.502083778381348,-0.34767740964889526,-0.3772265911102295,16.651216506958008,14.597003936767578,0.6333333333333333,1.0,0.716665506362915
265,VIDEO_7311663059695570208,19.200204849243164,20.67925453186035,17.326828002929688,-0.15911246836185455,-0.6270790100097656,19.008974075317383,19.84620475769043,0.8666666666666667,1.0,0.9557589292526245
266,VIDEO_7311263969220644129,16.077367782592773,18.881689071655273,11.282754898071289,-0.8136215806007385,1.9774994850158691,15.431269645690918,18.445755004882812,0.9,0.9333333333333333,0.6882253289222717
267,VIDEO_7310626433129270560,17.415834426879883,19.388423919677734,15.018611907958984,-0.36628803610801697,-0.523061990737915,15.621753692626953,17.179067611694336,0.5357142857142857,1.0,1.0170902013778687
268,VIDEO_7310258308969991457,20.181873321533203,22.55907440185547,14.844505310058594,-1.6318209171295166,3.7066473960876465,20.98711585998535,20.12708282470703,0.35,1.0,1.194373607635498
269,VIDEO_7309427596553489696,14.560211181640625,16.704866409301758,11.591694831848145,-0.7461410760879517,-0.304823637008667,11.926738739013672,14.206679344177246,0.42857142857142855,0.8095238095238095,0.7048887014389038
270,VIDEO_7309091598472727840,16.955455780029297,20.80653953552246,12.389113426208496,-0.06351187825202942,-0.6298956871032715,20.54755973815918,15.910494804382324,0.0625,0.875,1.490746021270752
271,VIDEO_7308758430318071072,20.27006721496582,23.100053787231445,15.090253829956055,-0.9955940842628479,2.0872297286987305,20.85074234008789,19.70201873779297,0.29411764705882354,1.0,1.2488096952438354
272,VIDEO_7306585450305555745,16.634565353393555,20.585784912109375,12.646486282348633,-0.05722321197390556,-1.3691731691360474,19.853343963623047,13.640917778015137,0.18181818181818182,0.8636363636363636,1.5269883871078491
273,VIDEO_7304665669872782625,16.179691314697266,19.781410217285156,13.226058959960938,0.0970698669552803,-1.566028356552124,17.316436767578125,13.615368843078613,0.28,1.0,0.6120545864105225
274,VIDEO_7303586993965960480,18.698238372802734,20.597766876220703,16.891845703125,0.09671515971422195,-0.44799280166625977,17.18146324157715,18.215009689331055,0.6153846153846154,1.0,0.4979531764984131
275,VIDEO_7303174310259166497,19.132251739501953,22.652347564697266,16.459014892578125,0.4814516603946686,0.24679827690124512,18.96708106994629,20.295429229736328,0.9285714285714286,1.0,1.3119779825210571
276,VIDEO_7302346370701118752,17.93783950805664,20.062789916992188,15.523475646972656,-0.005515189375728369,-1.553098440170288,16.42873191833496,19.653352737426758,0.6923076923076923,1.0,0.9470297694206238
277,VIDEO_7302041138670619936,16.662450790405273,19.0079288482666,13.460330963134766,-0.44368311762809753,0.6935029029846191,16.03741455078125,16.39268684387207,0.2631578947368421,1.0,1.1386895179748535
278,VIDEO_7301229129314159904,16.205320358276367,20.37599754333496,13.284768104553223,0.4310738444328308,-0.14959096908569336,16.603713989257812,18.034252166748047,0.9,1.0,1.6066614389419556
279,VIDEO_7300846195444927776,16.083280563354492,16.939321517944336,15.307008743286133,0.29152414202690125,-1.2770965099334717,15.717151641845703,16.182411193847656,0.6923076923076923,1.0,0.32643914222717285
280,VIDEO_7300495910595808545,18.152746200561523,22.498613357543945,12.175729751586914,-0.30873677134513855,-1.3777363300323486,13.276496887207031,21.72920036315918,0.8275862068965517,0.896551724137931,0.6427623629570007
281,VIDEO_7299732621825690912,18.56442642211914,20.56934356689453,15.22845458984375,-0.42030400037765503,-1.176856517791748,16.135576248168945,20.220001220703125,0.5,1.0,0.6461476683616638
282,VIDEO_7298264093100674336,16.387784957885742,25.471750259399414,11.376067161560059,0.7756609320640564,-0.39943957328796387,9.082842826843262,18.406606674194336,0.5652173913043478,0.6956521739130435,3.5218613147735596
283,VIDEO_7297134358689860896,16.197303771972656,20.723670959472656,13.600408554077148,0.8950440883636475,-0.3496372699737549,14.258804321289062,13.961018562316895,0.5454545454545454,1.0,0.7631081938743591
284,VIDEO_7296115605927644449,17.394289016723633,19.14484977722168,15.068032264709473,-0.5281752943992615,-1.1075254678726196,15.874553680419922,17.843461990356445,0.9130434782608695,1.0,0.7188327312469482
285,VIDEO_7294901504752782625,16.694185256958008,20.375446319580078,14.35237979888916,0.6363269686698914,1.5686464309692383,16.499282836914062,18.23470687866211,0.95,1.0,0.8078345060348511
286,VIDEO_7294149539781463328,17.950279235839844,20.123180389404297,14.695395469665527,-0.4622434675693512,-1.0937448740005493,15.707390785217285,19.48377799987793,0.84,1.0,0.5079513192176819
287,VIDEO_7293176268361665824,18.00888442993164,19.769880294799805,16.221036911010742,-0.036094438284635544,-1.1170635223388672,18.057205200195312,17.97568702697754,0.8235294117647058,1.0,0.8625950813293457
288,VIDEO_7292048482456587553,16.645734786987305,20.543655395507812,12.490455627441406,-0.07329674810171127,-0.6771259307861328,16.085878372192383,15.053303718566895,0.5,0.9583333333333334,1.9151577949523926
289,VIDEO_7291300657355689249,22.516965866088867,24.45919418334961,20.286203384399414,-0.5017719864845276,-0.4323551654815674,22.092971801757812,22.016054153442383,0.7857142857142857,1.0,1.0491735935211182
290,VIDEO_7290955653349133600,17.720731735229492,19.514373779296875,14.958611488342285,-0.4443303346633911,-1.050325632095337,19.019933700561523,16.837905883789062,0.14285714285714285,1.0,1.2853343486785889
291,VIDEO_7290457107726339360,16.679906845092773,21.018108367919922,12.860650062561035,0.008724672719836235,-1.083374261856079,19.11515235900879,12.960562705993652,0.3684210526315789,0.8421052631578947,0.9546492695808411
292,VIDEO_7289785625367153952,15.499680519104004,21.1171932220459,12.36019229888916,0.6767051815986633,-0.5464415550231934,16.702728271484375,15.507826805114746,0.7037037037037037,0.8518518518518519,1.7646503448486328
293,VIDEO_7288326750243704096,15.579442977905273,17.902936935424805,13.924678802490234,0.7801007032394409,-0.6666364669799805,16.694852828979492,15.055455207824707,0.42857142857142855,1.0,1.0326565504074097
294,VIDEO_7287986771483282720,17.88939094543457,18.829435348510742,15.681272506713867,-1.4721285104751587,2.914051055908203,16.68509864807129,17.71888542175293,0.7586206896551724,1.0,0.3508772850036621
295,VIDEO_7285256841158790433,17.33591079711914,22.94244384765625,6.578331470489502,-1.4072080850601196,2.2490382194519043,16.160324096679688,14.685015678405762,0.13043478260869565,0.9130434782608695,2.385917901992798
296,VIDEO_7284876929713442080,17.97478485107422,22.81184196472168,13.069637298583984,-0.34870433807373047,-1.202428936958313,20.983007431030273,19.043087005615234,0.5,1.0,1.5855896472930908
297,VIDEO_7283524894585883936,18.337562561035156,20.275043487548828,15.32601261138916,-0.4722464978694916,-1.2164286375045776,16.898284912109375,19.32433319091797,0.5,1.0,0.5153256058692932
298,VIDEO_7283139399582240032,20.301300048828125,20.848928451538086,19.855146408081055,0.22689872980117798,-0.9803125858306885,20.316452026367188,20.0106143951416,0.5263157894736842,1.0,0.1775369644165039
299,VIDEO_7282663509505133856,18.081836700439453,20.20808982849121,15.163729667663574,-0.5115265846252441,-1.2450765371322632,15.902477264404297,19.4616641998291,0.391304347826087,1.0,0.632684051990509
300,VIDEO_7281279828307856673,19.095714569091797,20.00959014892578,18.586950302124023,0.9708614349365234,0.18116092681884766,18.913827896118164,19.690401077270508,0.9333333333333333,1.0,0.38727760314941406
301,VIDEO_7280571511138782496,18.477352142333984,22.444061279296875,14.312060356140137,-0.006994693074375391,-0.08349299430847168,17.13837242126465,18.25080108642578,0.35714285714285715,1.0,1.4064300060272217
302,VIDEO_7280108212878200096,17.896833419799805,23.903587341308594,4.724939346313477,-1.0770970582962036,2.603865146636963,10.137444496154785,17.473234176635742,0.26666666666666666,0.9333333333333333,1.2422456741333008
303,VIDEO_7279032970286009632,17.5598087310791,21.59635353088379,15.787351608276367,0.7000004649162292,0.04133248329162598,15.950472831726074,18.183828353881836,0.47058823529411764,1.0,1.2674741744995117
304,VIDEO_7277939332831251744,15.713637351989746,19.938173294067383,13.368047714233398,1.0522780418395996,0.9011251926422119,14.201807975769043,15.42748737335205,0.32,1.0,0.7580525279045105
305,VIDEO_7276041559500475680,16.28675651550293,19.247947692871094,12.019684791564941,-0.8081566095352173,-0.6150913238525391,12.802383422851562,17.789377212524414,0.8,0.85,1.703826665878296
306,VIDEO_7274647533002034465,17.904117584228516,21.734233856201172,14.930997848510742,0.18322667479515076,-1.2639992237091064,18.092756271362305,15.271614074707031,0.5333333333333333,1.0,0.8659631013870239
307,VIDEO_7271935381937884448,16.810138702392578,18.832630157470703,14.046512603759766,-0.8039363026618958,-0.3159482479095459,15.594216346740723,16.859962463378906,0.3333333333333333,1.0,1.0969083309173584
308,VIDEO_7270111755886415137,11.504109382629395,13.133527755737305,7.630912780761719,-1.1443642377853394,0.1983318328857422,12.770779609680176,9.557522773742676,0.1,0.1,0.9334309101104736
309,VIDEO_7269759073967525153,17.359128952026367,17.875534057617188,15.839973449707031,-2.490354061126709,7.781935691833496,17.407052993774414,17.345983505249023,0.9259259259259259,1.0,0.27149295806884766
310,VIDEO_7265326628274752801,18.690366744995117,21.61793327331543,16.363807678222656,0.4550403952598572,-0.9828860759735107,21.30584716796875,17.205156326293945,0.0,1.0,1.0418791770935059
311,VIDEO_7264958192017362208,18.168170928955078,21.35862922668457,16.583820343017578,0.7562792897224426,-0.7425041198730469,17.287841796875,17.7237548828125,0.3076923076923077,1.0,1.3303109407424927
312,VIDEO_7264173669612670240,18.563379287719727,21.986684799194336,16.56995391845703,0.6365242004394531,0.8492336273193359,18.274675369262695,18.35375213623047,0.7666666666666667,1.0,1.1727544069290161
313,VIDEO_7262342975752113441,12.074191093444824,15.080428123474121,9.65600872039795,-0.1660691201686859,-1.359981656074524,13.869685173034668,9.688309669494629,0.05,0.4,0.6725661754608154
314,VIDEO_7262001980095106337,20.294742584228516,23.924488067626953,16.710983276367188,0.073267862200737,0.10006308555603027,18.91101837158203,20.12995719909668,0.8,1.0,1.3612463474273682
315,VIDEO_7259455690996075803,17.464218139648438,19.87926483154297,14.55197525024414,-0.35541388392448425,-1.3982551097869873,14.93734359741211,18.5131893157959,0.45454545454545453,1.0,0.6383779048919678
316,VIDEO_7259047429796908315,16.10626792907715,20.769683837890625,9.489217758178711,-0.6814195513725281,-0.5895500183105469,16.608198165893555,10.350953102111816,0.29411764705882354,0.7647058823529411,1.4836947917938232
317,VIDEO_7258676118033599771,13.529930114746094,17.237117767333984,11.51324462890625,0.820650041103363,-0.8249344825744629,17.02220344543457,12.913430213928223,0.0,0.42857142857142855,0.41139689087867737
318,VIDEO_7256066819247623450,13.348112106323242,17.043970108032227,10.25287914276123,0.11326783895492554,-1.9105275869369507,10.34056568145752,16.56587028503418,0.8571428571428571,0.47619047619047616,0.6272621750831604
319,VIDEO_7254561581449612571,17.703964233398438,19.72941780090332,14.713830947875977,-0.24019543826580048,-0.8442783355712891,19.420507431030273,16.681621551513672,0.6875,1.0,1.445439100265503
320,VIDEO_7253425216984976667,16.940898895263672,18.521989822387695,15.88250732421875,0.7523671388626099,0.10708141326904297,16.54973793029785,16.61903190612793,0.21739130434782608,1.0,0.35090872645378113
321,VIDEO_7252685251112176922,17.248920440673828,19.76004981994629,14.0665922164917,-0.2932474911212921,-1.0251438617706299,14.425949096679688,17.189584732055664,0.6206896551724138,1.0,0.8488486409187317
322,VIDEO_7246768104922008858,14.431045532226562,19.912700653076172,11.483475685119629,0.6655896306037903,-1.0065115690231323,19.221195220947266,11.574482917785645,0.09090909090909091,0.5909090909090909,0.7603352665901184
323,VIDEO_7245708272181759258,19.132970809936523,20.6084041595459,16.880165100097656,-0.6636469960212708,-0.6839017868041992,17.781522750854492,19.85450553894043,0.5294117647058824,1.0,0.7311171293258667
324,VIDEO_7245239505911893274,17.276090621948242,18.980785369873047,15.833961486816406,0.13674011826515198,-0.6627762317657471,18.3322811126709,16.092281341552734,0.09090909090909091,1.0,0.3329494893550873
325,VIDEO_7244550731141844251,16.187253952026367,19.710372924804688,12.122289657592773,-0.6603542566299438,-0.874772310256958,18.788917541503906,12.252236366271973,0.034482758620689655,0.896551724137931,0.5351383090019226
326,VIDEO_7242719682128530714,18.696975708007812,22.875843048095703,14.430475234985352,-0.3154720067977905,-1.281002402305603,14.75781536102295,21.39499855041504,0.9565217391304348,1.0,1.296091079711914
327,VIDEO_7242348894435167514,18.585376739501953,22.203304290771484,15.590742111206055,0.36365270614624023,-0.7145416736602783,21.23720932006836,16.730085372924805,0.08,1.0,1.0297504663467407
328,VIDEO_7241956873698577691,17.924734115600586,21.304439544677734,13.874238967895508,-0.5071250200271606,-1.0819486379623413,18.40833282470703,19.827348709106445,0.8518518518518519,1.0,0.9656095504760742
329,VIDEO_7241209133540609307,17.615806579589844,20.169021606445312,14.625445365905762,-0.05605814978480339,-1.6591264009475708,19.273862838745117,15.642376899719238,0.42105263157894735,1.0,0.5950087904930115
330,VIDEO_7239735340737498395,15.674930572509766,18.617938995361328,11.352691650390625,-1.0925750732421875,0.4055309295654297,15.677786827087402,15.97476577758789,0.5454545454545454,0.8636363636363636,1.070586919784546
331,VIDEO_7239344688006728986,17.843017578125,21.933042526245117,15.869791984558105,1.0655332803726196,0.5746479034423828,18.471426010131836,18.033849716186523,0.39285714285714285,1.0,1.1020427942276
332,VIDEO_7238235896724704538,20.90711784362793,23.143566131591797,18.249513626098633,-0.23270268738269806,-0.03751659393310547,19.240570068359375,21.317474365234375,0.6428571428571429,1.0,1.3709180355072021
333,VIDEO_7237872414581935386,12.874154090881348,15.478902816772461,10.294239044189453,0.3108265697956085,-1.597476840019226,15.156048774719238,11.441351890563965,0.17647058823529413,0.4117647058823529,0.6510149836540222
334,VIDEO_7237511650532773146,18.862924575805664,21.413660049438477,14.496694564819336,-0.8433647751808167,1.1490669250488281,17.3386287689209,19.512075424194336,0.2857142857142857,1.0,1.3413492441177368
335,VIDEO_7237120496020573467,18.867685317993164,20.008392333984375,17.28152847290039,-0.6964011192321777,0.001977682113647461,18.913076400756836,19.67677116394043,0.9444444444444444,1.0,0.6754048466682434
336,VIDEO_7236760874646637851,16.062938690185547,19.778032302856445,10.38703727722168,-0.9980133771896362,1.009073257446289,11.377388000488281,16.011449813842773,0.25,0.85,0.9592109322547913
337,VIDEO_7236382869650689306,16.7471981048584,19.919416427612305,14.055691719055176,0.44283419847488403,1.9549717903137207,15.990909576416016,17.843095779418945,0.8888888888888888,1.0,0.8327215909957886
338,VIDEO_7236043111128894747,18.1817684173584,21.402225494384766,12.46603775024414,-0.82308429479599,-0.28768444061279297,15.54004192352295,20.021455764770508,0.56,0.96,1.8753176927566528
339,VIDEO_7235651777805290778,18.24459457397461,21.449460983276367,12.41132640838623,-0.9030231833457947,0.37157654762268066,16.464773178100586,16.75791358947754,0.5769230769230769,0.9230769230769231,1.877579927444458
340,VIDEO_7235266120414924058,17.19452476501465,20.173490524291992,15.455314636230469,0.44584497809410095,-0.9043703079223633,15.61487102508545,16.334871292114258,0.2857142857142857,1.0,1.1625518798828125
341,VIDEO_7234782434531839258,15.302469253540039,21.03936767578125,9.884897232055664,0.3480381369590759,-0.9288651943206787,18.8275089263916,14.586596488952637,0.10526315789473684,0.7368421052631579,2.818981170654297
342,VIDEO_7233784589523717402,17.191421508789062,19.82765769958496,15.051619529724121,0.23112328350543976,-0.9714562892913818,12.98767375946045,15.400851249694824,0.17857142857142858,0.9642857142857143,1.4215065240859985
343,VIDEO_7233472157588753691,19.387418746948242,24.387075424194336,16.006582260131836,0.6539449691772461,0.41171908378601074,19.176511764526367,18.726072311401367,0.5,1.0,2.370774269104004
344,VIDEO_7233097610821700890,15.106876373291016,17.59427261352539,13.244783401489258,0.5010952949523926,-0.9616284370422363,16.54473304748535,13.325337409973145,0.0,1.0,0.6056129932403564
345,VIDEO_7230327665918512411,16.350385665893555,19.187454223632812,6.226346015930176,-2.6124629974365234,7.11722469329834,15.943260192871094,18.10017204284668,0.9411764705882353,0.9411764705882353,1.863069772720337
346,VIDEO_7229342870518385946,17.91394805908203,20.033124923706055,15.93051815032959,-0.2692846953868866,0.5915641784667969,18.124431610107422,18.86432647705078,0.8333333333333334,1.0,0.7478492856025696
347,VIDEO_7228975701066550554,17.67067527770996,21.61082649230957,12.540446281433105,-0.24292123317718506,-1.171639084815979,21.01302146911621,12.865986824035645,0.23809523809523808,0.9047619047619048,0.8723154067993164
348,VIDEO_7227881339125583131,17.880338668823242,20.669837951660156,15.064151763916016,-0.06960329413414001,-0.869610071182251,16.19875144958496,18.969396591186523,0.46153846153846156,1.0,1.1348565816879272
349,VIDEO_7227547227005209882,17.94306182861328,25.483572006225586,14.616327285766602,1.0675439834594727,0.20182585716247559,23.285507202148438,16.251554489135742,0.0,1.0,1.8569453954696655
350,VIDEO_7227138868447923482,18.047061920166016,20.270410537719727,16.29926300048828,0.2782330811023712,-0.6484982967376709,19.46677589416504,18.43958282470703,0.13333333333333333,1.0,0.9497160315513611
351,VIDEO_7226734943869750555,15.8827543258667,18.925039291381836,7.689829349517822,-1.2891590595245361,0.3314814567565918,13.028965950012207,16.01647186279297,0.4782608695652174,0.8260869565217391,1.1153781414031982
352,VIDEO_7226428593075752218,20.44153594970703,23.62741470336914,17.343692779541016,0.13823257386684418,-0.6629443168640137,20.009119033813477,18.396377563476562,0.6956521739130435,1.0,2.1110918521881104
353,VIDEO_7226043488738069787,17.986541748046875,22.842208862304688,10.742768287658691,-0.3120746910572052,-1.404200792312622,22.272018432617188,12.0706205368042,0.0,0.8571428571428571,1.4081203937530518
354,VIDEO_7225632323146943771,18.86894989013672,21.730375289916992,16.14592170715332,0.0857946053147316,-1.2958784103393555,18.52517318725586,21.63767433166504,0.8571428571428571,1.0,1.271644949913025
355,VIDEO_7225296808900152603,22.767372131347656,24.903329849243164,20.016359329223633,-0.2568683326244354,-0.701251745223999,14.184538841247559,22.003347396850586,0.6956521739130435,0.9565217391304348,2.0777323246002197
356,VIDEO_7224934115089370395,15.050572395324707,19.957504272460938,11.731632232666016,0.3405776619911194,-1.184509038925171,13.111980438232422,18.83165168762207,0.9411764705882353,0.7058823529411765,0.7735062837600708
357,VIDEO_7223080468101483781,18.633068084716797,23.04485511779785,14.600735664367676,0.3600417673587799,-0.9339272975921631,15.873448371887207,21.522783279418945,0.8,1.0,1.2973452806472778
358,VIDEO_7221875155184733445,20.702316284179688,22.075096130371094,19.38380241394043,0.18191103637218475,-1.2471991777420044,21.95460319519043,20.598962783813477,0.09523809523809523,1.0,0.2209938019514084
359,VIDEO_7221552853356236037,15.038626670837402,16.83403968811035,13.249336242675781,-0.23410136997699738,-1.223218321800232,13.460750579833984,15.651667594909668,0.8518518518518519,1.0,0.7612494826316833
360,VIDEO_7219686321739123974,17.71674156188965,20.556730270385742,16.510215759277344,1.248585820198059,0.39249134063720703,19.6926326751709,17.351797103881836,0.0,1.0,0.34814050793647766
361,VIDEO_7218857185764216069,12.482093811035156,15.827241897583008,9.267658233642578,0.04740942642092705,-1.1661072969436646,12.358044624328613,15.125956535339355,0.6428571428571429,0.35714285714285715,1.5444371700286865
362,VIDEO_7218493650160897306,18.05472183227539,19.795127868652344,17.37034034729004,1.006564974784851,-0.11761903762817383,19.27408790588379,17.475543975830078,0.0,1.0,0.20164725184440613
363,VIDEO_7218219061707033882,16.94979476928711,20.302820205688477,14.035465240478516,0.26126551628112793,-1.6045951843261719,20.152551651000977,15.252732276916504,0.0,1.0,0.4796168804168701
364,VIDEO_7215656408069442822,15.917940139770508,18.033662796020508,12.34306812286377,-0.8148893713951111,-0.9054899215698242,12.915023803710938,17.533348083496094,0.7777777777777778,0.8333333333333334,1.0097118616104126
365,VIDEO_7215124561799449861,21.68231773376465,24.624967575073242,15.379926681518555,-0.8667812943458557,-1.1007426977157593,23.146089553833008,16.864269256591797,0.47058823529411764,1.0,1.0952309370040894
366,VIDEO_7214767845383900421,19.093017578125,19.993242263793945,17.05584716796875,-1.1162406206130981,0.06716609001159668,18.050891876220703,18.05259895324707,0.7857142857142857,1.0,0.4204343259334564
367,VIDEO_7213655175318211845,14.453103065490723,15.409421920776367,12.493690490722656,-0.7530199885368347,-0.11194968223571777,13.617558479309082,14.929664611816406,0.9444444444444444,0.9444444444444444,0.5943768620491028
368,VIDEO_7213453348270378246,18.06158447265625,20.84788703918457,15.958508491516113,0.23379559814929962,-1.556703805923462,16.60727882385254,19.83893394470215,0.875,1.0,1.1206766366958618
369,VIDEO_7213053350290459910,16.921730041503906,20.61097526550293,12.223950386047363,-0.3702014684677124,-0.8992221355438232,17.41322135925293,15.653614044189453,0.1875,0.875,3.2339508533477783
370,VIDEO_7211932492914298118,14.606261253356934,20.668506622314453,10.91364860534668,1.0348846912384033,0.39455628395080566,13.628182411193848,13.176264762878418,0.2857142857142857,0.6428571428571429,1.416046142578125
371,VIDEO_7211431817205878021,15.015990257263184,18.290918350219727,12.431228637695312,0.45419588685035706,-1.0770478248596191,18.10650062561035,12.665088653564453,0.07692307692307693,0.8076923076923077,1.03733491897583
372,VIDEO_7211130311667715334,20.558982849121094,21.806673049926758,18.848892211914062,-0.39203983545303345,-0.2992277145385742,21.571138381958008,20.96929931640625,0.9,1.0,0.7501810789108276
373,VIDEO_7210434710646836485,18.267553329467773,22.88896942138672,13.760468482971191,-0.14775241911411285,-1.7527717351913452,21.7391414642334,14.220169067382812,0.0,1.0,0.9923779368400574
374,VIDEO_7209925340557348101,18.615264892578125,21.204622268676758,15.949003219604492,0.22526276111602783,0.7390925884246826,18.230552673339844,18.161521911621094,0.5,1.0,1.0485669374465942
375,VIDEO_7208839545989762309,17.939870834350586,21.016300201416016,10.640220642089844,-1.851650357246399,2.462050437927246,17.62156105041504,18.450395584106445,0.5238095238095238,0.9047619047619048,1.6151554584503174
376,VIDEO_7208539932422425861,20.089139938354492,21.686750411987305,17.79422378540039,-0.3315499424934387,-1.3043367862701416,20.819692611694336,20.637001037597656,0.9230769230769231,1.0,1.1278266906738281
377,VIDEO_7207350500419702022,16.206493377685547,18.564186096191406,14.662353515625,0.814192533493042,-0.15378117561340332,16.39348030090332,15.791790008544922,0.7272727272727273,1.0,0.5653080940246582
378,VIDEO_7204907848449527045,18.504432678222656,20.125267028808594,17.01957893371582,0.4090949594974518,-0.5020496845245361,17.91666603088379,18.558334350585938,0.7692307692307693,1.0,0.862684428691864
379,VIDEO_7203810617180933382,16.231624603271484,20.87384033203125,11.803753852844238,0.5213515758514404,-0.9353492259979248,19.91301155090332,14.99576187133789,0.25,0.9285714285714286,0.6429577469825745
380,VIDEO_7203048812351327494,17.475278854370117,18.376340866088867,16.19022560119629,-0.48430323600769043,0.05121874809265137,17.26961326599121,16.845901489257812,0.55,1.0,0.3985593616962433
381,VIDEO_7202313398300724485,9.49376106262207,11.231682777404785,6.802599906921387,-0.6977778673171997,-1.1871604919433594,6.995519161224365,10.585671424865723,0.5333333333333333,0.0,0.41992276906967163
382,VIDEO_7201579247616494853,18.440773010253906,23.849712371826172,12.853294372558594,-0.19707167148590088,-1.3805307149887085,21.4527587890625,15.901446342468262,0.2727272727272727,0.9545454545454546,1.9177803993225098
383,VIDEO_7198831282984324358,18.61895751953125,20.482484817504883,17.594879150390625,0.5634212493896484,-0.2525150775909424,19.129365921020508,17.637060165405273,0.0,1.0,0.34216246008872986
384,VIDEO_7198189694750838022,18.10805892944336,21.096654891967773,15.270248413085938,0.25286003947257996,0.3599088191986084,18.002965927124023,16.46063995361328,0.43333333333333335,1.0,0.6927329897880554
385,VIDEO_7197445468585037062,19.29773712158203,20.744949340820312,16.52635955810547,-0.7930680513381958,-0.168654203414917,20.432632446289062,18.294837951660156,0.3076923076923077,1.0,0.95530766248703
386,VIDEO_7196711667420384517,15.928350448608398,22.903093338012695,12.499025344848633,0.8151814937591553,-0.829878568649292,12.901354789733887,20.958059310913086,0.7647058823529411,0.8235294117647058,1.0256659984588623
387,VIDEO_7195937456271691014,18.105792999267578,21.574827194213867,16.49552345275879,0.8024159073829651,-0.9000818729400635,20.788057327270508,16.75815773010254,0.07142857142857142,1.0,0.7389033436775208
388,VIDEO_7195215450970606853,14.718884468078613,18.1572208404541,12.360593795776367,0.5770712494850159,-0.3226146697998047,13.369339942932129,12.817715644836426,0.7037037037037037,0.8518518518518519,0.7251666188240051
389,VIDEO_7192298503878577413,16.22165870666504,20.51475715637207,14.16039752960205,1.1015530824661255,0.0448002815246582,15.090121269226074,16.45170783996582,0.23529411764705882,1.0,1.2220786809921265
390,VIDEO_7191848035784117510,17.353879928588867,21.083398818969727,13.119062423706055,0.2068197876214981,-0.3331894874572754,17.306825637817383,17.964365005493164,0.375,1.0,1.1999133825302124
391,VIDEO_7188587993752702213,16.15853500366211,22.661651611328125,12.832100868225098,0.796434760093689,0.29247212409973145,16.28021240234375,13.897265434265137,0.2857142857142857,0.9523809523809523,1.6285693645477295
392,VIDEO_7184844462525287685,16.183650970458984,17.878150939941406,15.020995140075684,0.4973200261592865,-1.0447053909301758,15.215699195861816,15.653193473815918,0.6666666666666666,1.0,0.42139339447021484
393,VIDEO_7184090635018784005,14.25970458984375,17.141904830932617,10.9132661819458,-0.15457464754581451,-0.8153355121612549,13.46236515045166,15.383265495300293,0.5454545454545454,0.8181818181818182,1.1627610921859741
394,VIDEO_7183009043407965445,18.92828941345215,20.625629425048828,16.89179801940918,-0.3976004719734192,-0.5841760635375977,18.46515655517578,20.478410720825195,0.9444444444444444,1.0,0.808355450630188
395,VIDEO_7181547992061676805,15.662805557250977,18.078275680541992,11.256274223327637,-0.8894609808921814,0.006752967834472656,14.716755867004395,13.601741790771484,0.2857142857142857,0.9285714285714286,0.9187638163566589
396,VIDEO_7179688144382512390,17.420087814331055,20.28749656677246,12.620790481567383,-0.7180178165435791,0.5848813056945801,19.618797302246094,16.919403076171875,0.13333333333333333,0.9333333333333333,1.686971664428711
397,VIDEO_7177655896699325702,13.307286262512207,14.81328010559082,11.95089340209961,0.07385677099227905,-1.483810305595398,12.320128440856934,14.744662284851074,0.9354838709677419,0.5483870967741935,0.340013325214386
398,VIDEO_7176917454893911301,16.184297561645508,19.596450805664062,11.366393089294434,-0.8247007727622986,-0.6420395374298096,17.577402114868164,17.290199279785156,0.875,0.8125,2.108877658843994
399,VIDEO_7172555111879757062,18.741504669189453,23.586328506469727,15.286450386047363,0.553049623966217,0.7314882278442383,19.367904663085938,17.107709884643555,0.6,1.0,1.5419625043869019
400,VIDEO_7164772525006720262,17.55597686767578,19.833080291748047,15.487777709960938,-0.22949625551700592,-1.5197675228118896,19.234968185424805,15.597915649414062,0.043478260869565216,1.0,0.46709737181663513
401,VIDEO_7143162692004482310,16.729917526245117,18.153352737426758,13.537490844726562,-1.4333016872406006,1.5909876823425293,17.470170974731445,14.353219032287598,0.64,1.0,0.49934253096580505
402,VIDEO_7137227107456879877,16.988492965698242,18.263280868530273,15.347066879272461,-0.3651244640350342,-0.4875185489654541,17.56852912902832,17.100488662719727,0.85,1.0,0.6286275386810303
403,VIDEO_7135716231218318597,16.352312088012695,17.82765007019043,14.507582664489746,-0.6426964998245239,0.16774559020996094,15.610041618347168,16.506948471069336,0.36363636363636365,1.0,0.35645607113838196
404,VIDEO_7133481707449142533,16.506000518798828,19.257596969604492,13.689567565917969,0.022002041339874268,-1.0526541471481323,16.310056686401367,14.986202239990234,0.32,1.0,1.0318149328231812
405,VIDEO_7130906655885102341,19.028417587280273,23.108863830566406,15.493115425109863,-0.06669595092535019,0.46794986724853516,20.031993865966797,20.154434204101562,0.76,1.0,1.2072762250900269
406,VIDEO_7130612533437762821,15.515909194946289,20.22927474975586,12.859776496887207,0.5327620506286621,-1.2972581386566162,17.63960075378418,13.637386322021484,0.35,0.9,0.7350596785545349
407,VIDEO_7129505006046170373,18.07046127319336,20.205060958862305,15.833163261413574,0.003157430561259389,-1.3364394903182983,19.371610641479492,10.882336616516113,0.0,0.9230769230769231,2.099241256713867
408,VIDEO_7127182082568113413,18.6854248046875,21.329727172851562,15.626952171325684,0.07068272680044174,-0.6931788921356201,16.9774169921875,21.15074920654297,0.8333333333333334,1.0,1.1220637559890747
409,VIDEO_7116439198285958405,17.72780990600586,20.93474578857422,15.977476119995117,0.5136300921440125,0.1389327049255371,17.912630081176758,18.01011848449707,0.1875,1.0,0.7113882303237915
410,VIDEO_7113851055355596038,16.456199645996094,18.862741470336914,13.030244827270508,-0.47207537293434143,-1.1111247539520264,15.13288402557373,14.502150535583496,0.6896551724137931,1.0,0.7402376532554626
411,VIDEO_7112440653350571269,18.16673469543457,20.850444793701172,15.444572448730469,-0.03570776805281639,-0.4747171401977539,18.984668731689453,17.43250846862793,0.1111111111111111,1.0,1.3480079174041748
412,VIDEO_7108997263912979717,16.192468643188477,19.587690353393555,12.624825477600098,-0.40788325667381287,-0.6535673141479492,17.280241012573242,17.191152572631836,0.6666666666666666,0.9047619047619048,0.9229350090026855
413,VIDEO_7104552926231743749,16.698915481567383,19.66580581665039,12.278447151184082,-0.5992485880851746,-0.7302768230438232,16.410823822021484,12.35671615600586,0.5909090909090909,0.8636363636363636,0.9494518041610718
414,VIDEO_7103816728982916357,16.736186981201172,17.719942092895508,15.512516021728516,-0.48098844289779663,-0.7292101383209229,17.11996078491211,17.257850646972656,0.9375,1.0,0.6079237461090088
415,VIDEO_7101649191662882053,19.050233840942383,20.494346618652344,17.84895896911621,-0.019776353612542152,-1.2932146787643433,18.482027053833008,19.62639808654785,0.5384615384615384,1.0,0.43127313256263733
416,VIDEO_7100934148864494854,13.597936630249023,17.93758201599121,12.016448020935059,1.4466354846954346,1.1239662170410156,16.726919174194336,13.60660457611084,0.0,0.6470588235294118,0.6511967182159424
417,VIDEO_7098701138203069702,17.6590576171875,19.82197380065918,16.76915168762207,1.424080491065979,1.5021357536315918,18.565359115600586,17.276151657104492,0.043478260869565216,1.0,0.461063027381897
418,VIDEO_7095721528142155014,18.572011947631836,20.80718994140625,14.237668991088867,-0.8910638093948364,-0.08628153800964355,20.221086502075195,17.081787109375,0.6153846153846154,1.0,1.6095565557479858
419,VIDEO_7088619536202648837,19.986919403076172,23.91889762878418,15.84156322479248,-0.15185250341892242,-0.6743941307067871,16.76417350769043,22.729333877563477,0.8181818181818182,1.0,0.9938716888427734
420,VIDEO_7078227199463066886,15.371522903442383,18.343215942382812,13.39905834197998,0.6058306694030762,0.005692005157470703,14.50536060333252,16.1693172454834,0.25,1.0,0.996466875076294
421,VIDEO_7077571361660521733,18.577735900878906,22.106964111328125,15.244221687316895,-0.17587971687316895,-0.776846170425415,19.25587272644043,18.92491912841797,0.375,1.0,1.3716870546340942
422,VIDEO_7070162555695615237,21.234081268310547,22.54152488708496,19.205928802490234,-0.5098567008972168,-0.6358797550201416,21.33147430419922,20.834379196166992,0.7692307692307693,1.0,0.6887744665145874
423,VIDEO_7068640088774741254,17.768474578857422,19.068859100341797,15.824301719665527,-0.6114808917045593,-0.06668233871459961,16.322668075561523,17.206926345825195,0.3103448275862069,1.0,0.4195186495780945
424,VIDEO_7067063225736580357,20.278940200805664,23.061138153076172,16.260221481323242,-0.5304192900657654,-1.0482217073440552,19.43225860595703,20.478492736816406,0.7307692307692307,1.0,1.1650340557098389
425,VIDEO_7059301793574046982,20.40631866455078,25.50448226928711,17.627254486083984,0.49286916851997375,-0.9034154415130615,22.492708206176758,19.182174682617188,0.3333333333333333,1.0,0.6589416265487671
426,VIDEO_7041273346830454022,16.36016082763672,19.472999572753906,12.784117698669434,-0.34515297412872314,-0.7337517738342285,16.97313690185547,18.354637145996094,0.8823529411764706,0.9411764705882353,1.3313277959823608
427,VIDEO_7040300833019415813,15.700091361999512,17.232067108154297,14.550821304321289,0.21247175335884094,-1.149200439453125,16.658355712890625,15.936001777648926,0.11764705882352941,1.0,0.5561240911483765
428,VIDEO_7036035511869246725,19.407419204711914,22.897424697875977,14.141782760620117,-0.5647704005241394,0.31186914443969727,20.67470359802246,20.376731872558594,0.20833333333333334,1.0,1.7105381488800049
429,VIDEO_7013121880366255365,16.75391960144043,18.431020736694336,13.393084526062012,-1.2787219285964966,0.8842427730560303,16.51713752746582,17.989492416381836,0.8461538461538461,1.0,0.9953051209449768
430,VIDEO_6969101040918465798,16.556114196777344,17.603313446044922,15.994043350219727,0.4752409756183624,-0.3547351360321045,16.91606903076172,16.070220947265625,0.05,1.0,0.26119884848594666
431,VIDEO_7532594185912847638,14.409438133239746,14.95046329498291,14.01213264465332,0.40059491991996765,-0.7421135902404785,14.151951789855957,14.293305397033691,0.4117647058823529,1.0,0.18802595138549805
432,VIDEO_7524347836541046038,17.26078987121582,18.761037826538086,15.529664993286133,-0.2838273346424103,-1.2898820638656616,17.851842880249023,15.950716972351074,0.2777777777777778,1.0,0.6068598628044128
433,VIDEO_7518292077080268054,15.071577072143555,16.896114349365234,13.008499145507812,-0.1926342248916626,-1.4101622104644775,16.21095085144043,14.81684398651123,0.6111111111111112,1.0,0.7012872099876404
434,VIDEO_7508716246301510914,23.897123336791992,25.197172164916992,22.57157325744629,-0.0895964652299881,-1.7486441135406494,22.61155128479004,25.190515518188477,0.8181818181818182,1.0,0.16932132840156555
435,VIDEO_7506795063012232470,20.580692291259766,20.749067306518555,20.32427406311035,-0.49145352840423584,-1.3825575113296509,20.396547317504883,20.672216415405273,0.65,1.0,0.038807518780231476
436,VIDEO_7506217095441435926,15.998987197875977,17.898555755615234,11.964089393615723,-1.0080316066741943,-0.1714916229248047,17.55951499938965,12.565560340881348,0.0625,0.875,0.8028947710990906
437,VIDEO_7505058159258504470,18.13936996459961,21.080307006835938,16.031152725219727,0.2535247206687927,-0.28172850608825684,18.703752517700195,17.611825942993164,0.14285714285714285,1.0,0.7945457696914673
438,VIDEO_7502082897935928598,18.233020782470703,23.554031372070312,14.965102195739746,0.7728078961372375,-0.0032501220703125,19.307353973388672,18.7684268951416,0.2692307692307692,1.0,0.9094114899635315
439,VIDEO_7500926454671232278,16.235307693481445,17.680980682373047,14.401822090148926,-0.13545754551887512,-1.297184944152832,17.409879684448242,17.20098304748535,0.875,1.0,0.8204050660133362
440,VIDEO_7495455289882184982,18.907052993774414,22.106613159179688,17.94929313659668,1.7709746360778809,1.510404109954834,18.21970558166504,21.459047317504883,0.9375,1.0,0.34830257296562195
441,VIDEO_7490268698918309142,18.346271514892578,21.509971618652344,13.83371353149414,-0.65581876039505,-1.1001806259155273,20.207612991333008,14.98974609375,0.32142857142857145,1.0,1.2274268865585327
442,VIDEO_7486391346727537942,17.917348861694336,21.457477569580078,3.844965934753418,-2.8749325275421143,10.289774894714355,12.231226921081543,13.102046966552734,0.6071428571428571,0.9285714285714286,1.790177345275879
443,VIDEO_7479158367873748246,19.286882400512695,23.523597717285156,13.343644142150879,-0.4963092803955078,-0.6865150928497314,22.03360939025879,18.274137496948242,0.10714285714285714,1.0,1.168418288230896
444,VIDEO_7478407463675481366,19.710323333740234,23.7675838470459,15.506516456604004,0.08917073905467987,-0.06458568572998047,19.187044143676758,21.86402130126953,0.96,1.0,1.1493980884552002
445,VIDEO_7472755159945252118,16.505184173583984,25.25039291381836,14.331028938293457,1.8980650901794434,3.226897716522217,22.189346313476562,16.015766143798828,0.09090909090909091,1.0,1.1586142778396606
446,VIDEO_7467247804717550870,17.857961654663086,20.36788558959961,16.510799407958984,0.7084424495697021,-0.12786865234375,19.61966323852539,18.886381149291992,0.0,1.0,0.3644960820674896
447,VIDEO_7459483581803482390,17.881366729736328,23.037395477294922,12.864832878112793,-0.08225548267364502,-1.1281774044036865,16.515153884887695,19.99882698059082,0.96,0.96,1.0597585439682007
448,VIDEO_7457155091238259990,18.413793563842773,21.089523315429688,14.226431846618652,-0.5483769178390503,-0.8619363307952881,20.495113372802734,18.539770126342773,0.09523809523809523,1.0,1.4520281553268433
449,VIDEO_7455422115802565910,15.285913467407227,17.75528335571289,12.744654655456543,0.3167043626308441,-0.01566910743713379,15.13326358795166,13.977856636047363,0.48,0.96,1.1727229356765747
450,VIDEO_7450928915159190806,19.067237854003906,22.607009887695312,17.137475967407227,0.9960155487060547,-0.018265485763549805,20.710426330566406,18.61687469482422,0.2777777777777778,1.0,1.1940397024154663
451,VIDEO_7448354400998853910,17.589221954345703,20.889204025268555,14.635955810546875,0.23951135575771332,-1.0351654291152954,17.715465545654297,19.91819190979004,0.8636363636363636,1.0,0.7520318627357483
452,VIDEO_7447200750096223510,14.98425006866455,17.92978286743164,13.539917945861816,1.0435794591903687,1.2608280181884766,16.422016143798828,14.92121410369873,0.0,1.0,0.7899647355079651
453,VIDEO_7446429495948594454,15.180534362792969,17.498912811279297,13.540371894836426,0.5258389711380005,-0.5730631351470947,14.78460693359375,16.636240005493164,0.9047619047619048,1.0,0.520041286945343
454,VIDEO_7444926040855661846,17.806753158569336,23.736133575439453,12.715683937072754,-0.011012494564056396,-1.1533119678497314,12.928279876708984,17.880901336669922,0.42857142857142855,0.8571428571428571,1.5543748140335083
455,VIDEO_7443866656956255510,16.884689331054688,19.38035774230957,13.530479431152344,-0.7100100517272949,0.40868306159973145,18.480432510375977,15.259559631347656,0.8,1.0,1.2241754531860352
456,VIDEO_7440567441777757472,16.576478958129883,17.788034439086914,13.986613273620605,-0.8637109994888306,0.6083416938781738,14.72472858428955,16.097509384155273,0.36666666666666664,1.0,0.5143955945968628
457,VIDEO_7439661735742557472,15.608600616455078,18.062152862548828,9.465413093566895,-1.3362878561019897,1.0781917572021484,17.454132080078125,15.421853065490723,0.0,0.9,0.7849246263504028
458,VIDEO_7439269165111725345,16.46198844909668,19.64834976196289,10.652722358703613,-0.9854260087013245,0.23819923400878906,18.606632232666016,11.731006622314453,0.6,0.85,1.230813980102539
459,VIDEO_7436892906801073441,13.590432167053223,18.474390029907227,10.927621841430664,0.8685358166694641,1.518498420715332,11.462519645690918,13.51340389251709,0.45454545454545453,0.6363636363636364,1.2121602296829224
460,VIDEO_7421851827794152737,19.339948654174805,20.85553550720215,18.109989166259766,0.25190117955207825,-0.8572461605072021,19.706253051757812,19.26374626159668,0.47058823529411764,1.0,0.8589204549789429
461,VIDEO_7418157210896698657,17.625200271606445,20.03725242614746,16.39727020263672,0.7589579224586487,-0.7898168563842773,17.28944969177246,19.08231544494629,0.5,1.0,0.6491150259971619
462,VIDEO_7269755991049260320,16.358327865600586,19.098037719726562,13.082406997680664,-0.12515753507614136,-1.028397798538208,18.23493003845215,15.384536743164062,0.21428571428571427,1.0,0.9955373406410217
463,VIDEO_7253058884762537242,16.93036651611328,18.44057273864746,15.26026439666748,-0.3958176374435425,-0.945397138595581,17.296682357788086,17.589258193969727,0.52,1.0,0.8237738013267517
464,VIDEO_7252274964206832923,17.484670639038086,20.22422981262207,12.458281517028809,-0.5849857926368713,-0.38190746307373047,17.828908920288086,17.34604835510254,0.29411764705882354,0.9411764705882353,2.44136381149292
465,VIDEO_7250832194392886554,17.3470401763916,19.97608184814453,14.325313568115234,-0.1468430757522583,-0.36397314071655273,19.493520736694336,17.46989631652832,0.045454545454545456,1.0,1.0453345775604248
466,VIDEO_7245283945619655963,16.707115173339844,19.975465774536133,13.336783409118652,0.12972533702850342,-1.0875098705291748,9.441424369812012,15.77405834197998,0.32,0.96,2.1178410053253174
467,VIDEO_7239748390974704922,17.784215927124023,22.584476470947266,14.753925323486328,0.6489749550819397,-1.2115508317947388,16.64427375793457,15.650216102600098,0.4375,1.0,1.3681336641311646
468,VIDEO_7226711933150432538,16.999401092529297,20.434467315673828,14.4810152053833,0.5144938230514526,-0.814136266708374,17.28636932373047,17.783052444458008,0.9473684210526315,1.0,1.9865131378173828
469,VIDEO_7202909898219326725,16.079408645629883,19.403377532958984,14.272719383239746,1.3205294609069824,0.29308128356933594,15.162612915039062,18.77277183532715,0.84,1.0,0.5947217345237732
470,VIDEO_7192172787723783430,18.214649200439453,21.926837921142578,15.384134292602539,0.07906761020421982,-0.8062283992767334,19.477781295776367,18.954862594604492,0.38461538461538464,1.0,1.7206504344940186
471,VIDEO_7148719596487363845,18.247217178344727,19.45969009399414,17.087059020996094,-0.040655337274074554,-1.3733766078948975,18.314172744750977,17.320720672607422,0.5,1.0,0.5900667905807495
472,VIDEO_7510326060676975894,19.332338333129883,22.36100959777832,16.179271697998047,-0.21678923070430756,-1.4915554523468018,18.217397689819336,16.281492233276367,0.5333333333333333,1.0,1.1397062540054321
473,VIDEO_7494590607797554454,20.44432258605957,23.516550064086914,17.09183692932129,-0.2921508848667145,-1.3627805709838867,23.037092208862305,21.36964988708496,0.1,1.0,1.1332294940948486
474,VIDEO_7494205664135236886,19.542724609375,22.1213321685791,13.696834564208984,-1.3767169713974,2.3777432441711426,19.367761611938477,18.79705047607422,0.2777777777777778,1.0,1.699212670326233
475,VIDEO_7483554122663234838,17.901691436767578,20.703338623046875,15.916791915893555,0.48902735114097595,-1.2950854301452637,16.4234619140625,16.71694564819336,0.43478260869565216,1.0,0.9847192168235779
476,VIDEO_7475642830430522646,18.347122192382812,20.47641944885254,15.861217498779297,-0.24966907501220703,-0.9012610912322998,19.536691665649414,17.00539779663086,0.4,1.0,0.8714531064033508
477,VIDEO_7471186366500539670,16.532175064086914,20.987035751342773,12.20815372467041,0.38925352692604065,-1.19402277469635,13.680689811706543,14.072623252868652,0.18181818181818182,0.9545454545454546,1.5063974857330322
478,VIDEO_7467520617160396054,16.193004608154297,18.225679397583008,14.649335861206055,0.42164814472198486,-1.5689184665679932,15.995185852050781,17.97385597229004,0.9230769230769231,1.0,0.6922450065612793
479,VIDEO_7464890614258158870,19.02250099182129,21.932788848876953,14.970909118652344,-0.21472874283790588,-1.0511428117752075,16.927825927734375,19.389801025390625,0.36,1.0,1.2221401929855347
480,VIDEO_7463516081081027862,18.021787643432617,21.310535430908203,14.002869606018066,-0.2766916751861572,-1.3008472919464111,19.463369369506836,16.14800453186035,0.4782608695652174,1.0,1.1200494766235352
481,VIDEO_7460568175726398742,18.118364334106445,21.22408103942871,14.96535873413086,0.33548808097839355,-0.1610715389251709,17.3796443939209,17.627878189086914,0.6875,1.0,1.170907974243164
482,VIDEO_7458380266004843798,18.294414520263672,24.065296173095703,12.736077308654785,-0.13709676265716553,-1.2933615446090698,21.082773208618164,22.077234268188477,0.20689655172413793,0.9655172413793104,1.9495716094970703
483,VIDEO_7456101045601570070,18.481746673583984,21.9066219329834,14.457380294799805,-0.2973032295703888,-0.8595089912414551,15.221636772155762,18.708106994628906,0.45,1.0,0.9152076244354248
484,VIDEO_7453132168940915991,17.455421447753906,22.68739891052246,13.880963325500488,0.35165923833847046,-0.9461500644683838,14.406481742858887,15.913630485534668,0.13636363636363635,1.0,1.7123956680297852
485,VIDEO_7453016788465454358,19.578800201416016,22.46698570251465,16.416662216186523,0.08948329836130142,-0.6803185939788818,18.209875106811523,18.394256591796875,0.7407407407407407,1.0,1.2929285764694214
486,VIDEO_7452742967695002902,16.18897819519043,18.8818416595459,13.204076766967773,-0.05019005388021469,-0.5483360290527344,17.914033889770508,16.71971321105957,0.14285714285714285,1.0,0.8310922980308533
487,VIDEO_7444856032486116630,18.888456344604492,23.515625,16.996837615966797,1.2813191413879395,0.2724485397338867,20.966341018676758,17.618288040161133,0.2631578947368421,1.0,1.2281326055526733
488,VIDEO_7439301301864877344,18.83134651184082,22.66326332092285,14.957423210144043,0.05403697490692139,-1.2034199237823486,20.906381607055664,15.152144432067871,0.4,1.0,1.1013965606689453
489,VIDEO_7397696022975188257,19.090328216552734,19.71158790588379,17.725006103515625,-0.93768310546875,-0.5826437473297119,18.13383674621582,19.331321716308594,0.7368421052631579,1.0,0.49487006664276123
490,VIDEO_7395222817677085985,18.457494735717773,19.75618553161621,16.775447845458984,-0.4008152484893799,-0.977421760559082,17.201013565063477,18.926115036010742,0.5714285714285714,1.0,0.765822172164917
491,VIDEO_7384844059896057120,17.99479866027832,20.4860897064209,14.408964157104492,-0.30419468879699707,-1.3728291988372803,20.12055015563965,17.07803726196289,0.0,1.0,1.2121572494506836
492,VIDEO_7384476119744974112,18.30036163330078,21.824703216552734,16.382902145385742,0.9022909998893738,1.1464710235595703,18.263442993164062,17.648874282836914,0.4,1.0,1.2424845695495605
493,VIDEO_7384098121715813664,20.21412467956543,22.377904891967773,17.207199096679688,-0.5275893211364746,0.20554566383361816,19.582717895507812,19.975141525268555,0.06451612903225806,1.0,0.8596140146255493
494,VIDEO_7379994182741429536,18.731075286865234,24.069873809814453,16.15389060974121,1.2530852556228638,0.6121516227722168,17.296829223632812,22.788923263549805,0.9230769230769231,1.0,1.0326790809631348
495,VIDEO_7371436708778315041,18.870803833007812,20.96540641784668,15.79084587097168,-0.6022543907165527,-0.8460683822631836,18.98712730407715,19.626920700073242,0.19230769230769232,1.0,0.7967168688774109
496,VIDEO_7369882061445926177,18.5658016204834,22.07880973815918,11.833767890930176,-1.1355900764465332,2.116851806640625,15.291766166687012,18.40477180480957,0.6470588235294118,0.9411764705882353,1.1318690776824951
497,VIDEO_7361717788299250976,16.347457885742188,18.672361373901367,15.1149320602417,1.247853398323059,0.6662862300872803,16.190866470336914,18.31360626220703,0.8947368421052632,1.0,0.5586333870887756
498,VIDEO_7351084194061126945,17.717634201049805,20.786113739013672,13.975601196289062,0.00579642690718174,-0.7799851894378662,19.497167587280273,18.33404541015625,0.8888888888888888,1.0,1.0461492538452148
499,VIDEO_7343665662876781856,16.49278450012207,21.21269416809082,15.142236709594727,2.0536205768585205,4.812300682067871,16.43792724609375,15.809673309326172,0.125,1.0,0.8780781030654907
500,VIDEO_7333568243367431456,20.27463722229004,22.195499420166016,18.78629493713379,0.20730207860469818,-0.3890657424926758,20.52322006225586,18.9761905670166,0.17647058823529413,1.0,0.66457200050354
501,VIDEO_7332865581789629729,20.34262466430664,22.92851448059082,17.67924690246582,-0.31251147389411926,-0.9434900283813477,17.97767448425293,20.310041427612305,0.5384615384615384,1.0,0.8500425815582275
502,VIDEO_7332521954538245408,19.960567474365234,25.601520538330078,16.38333511352539,0.44520336389541626,-0.7429168224334717,17.27617073059082,19.437501907348633,0.8095238095238095,1.0,1.5482686758041382
503,VIDEO_7325764964172467489,19.39095687866211,21.08210563659668,17.275217056274414,-0.30794501304626465,-1.4411965608596802,17.647045135498047,20.716899871826172,0.8461538461538461,1.0,0.9688370823860168
504,VIDEO_7282668264617004321,18.756776809692383,22.281206130981445,14.823806762695312,-0.1878025382757187,-0.05814528465270996,18.388362884521484,17.87260627746582,0.16666666666666666,1.0,1.5999926328659058
505,VIDEO_7273016085954317600,16.886171340942383,19.336692810058594,15.394787788391113,0.5351724624633789,-0.07602381706237793,15.964805603027344,17.384077072143555,0.20689655172413793,1.0,0.6502494812011719
506,VIDEO_7261658279900744987,16.224191665649414,17.810583114624023,14.363754272460938,-0.04532574862241745,-0.48384785652160645,14.926952362060547,17.347991943359375,0.9285714285714286,1.0,0.49978968501091003
507,VIDEO_7259307845332602139,15.837422370910645,18.82345199584961,11.149547576904297,-0.6767098307609558,0.3711221218109131,15.1265869140625,16.53490447998047,0.17857142857142858,0.9285714285714286,1.140839695930481
508,VIDEO_7252374564108274970,20.152437210083008,22.439552307128906,18.049692153930664,0.18365612626075745,-0.6533801555633545,20.82085609436035,18.531816482543945,0.16666666666666666,1.0,1.4455208778381348
509,VIDEO_7252271385467161882,15.97747802734375,17.886430740356445,13.70974349975586,-0.444622665643692,-0.5414648056030273,15.497323036193848,16.547393798828125,0.42105263157894735,1.0,1.149629831314087
510,VIDEO_7251996103178997018,18.473628997802734,21.550487518310547,16.072267532348633,0.26370710134506226,-0.6317102909088135,17.474327087402344,17.361892700195312,0.4090909090909091,1.0,0.7784208655357361
511,VIDEO_7249813717225950490,17.374677658081055,18.815439224243164,15.313045501708984,-0.5993680953979492,1.4280366897583008,17.371129989624023,18.288040161132812,0.9473684210526315,1.0,0.47014862298965454
512,VIDEO_7249677053153283354,17.32246208190918,19.654325485229492,14.65917682647705,-0.42817047238349915,-0.5503976345062256,15.188801765441895,17.581151962280273,0.35,1.0,0.9129281044006348
513,VIDEO_7249312172956732698,15.137462615966797,20.502891540527344,12.766510009765625,1.424573540687561,0.9060630798339844,13.567540168762207,20.044172286987305,0.96,0.84,0.5732149481773376
514,VIDEO_7246805127942737178,19.457063674926758,20.577789306640625,17.370336532592773,-0.7862565517425537,0.3982076644897461,19.942350387573242,19.51177215576172,0.21428571428571427,1.0,0.6012555360794067
515,VIDEO_7246672390841715995,19.47901153564453,22.946550369262695,16.98296546936035,0.22718851268291473,-1.2167567014694214,17.306089401245117,19.516786575317383,0.5,1.0,0.8289588093757629
516,VIDEO_7246343164108295450,18.728837966918945,20.618093490600586,16.670631408691406,-0.05635295808315277,-1.330916404724121,18.845184326171875,18.426115036010742,0.29411764705882354,1.0,1.4279323816299438
517,VIDEO_7246301041979886875,18.478031158447266,20.078449249267578,16.349796295166016,-0.6829315423965454,0.11820530891418457,18.226991653442383,18.73462677001953,0.7619047619047619,1.0,0.5332252383232117
518,VIDEO_7245182525016935707,17.84445571899414,20.701730728149414,12.048176765441895,-1.3798993825912476,0.8844964504241943,17.384767532348633,19.869333267211914,0.4,0.8666666666666667,1.7009809017181396
519,VIDEO_7244559099352976666,17.643251419067383,21.952442169189453,13.88119888305664,-0.005610991735011339,-0.10992670059204102,10.61458683013916,18.38806915283203,0.8461538461538461,0.7692307692307693,6.399145126342773
520,VIDEO_7242237385772240155,17.964006423950195,19.3593807220459,16.488651275634766,0.00993506982922554,-1.2946118116378784,17.076454162597656,18.829071044921875,0.9166666666666666,1.0,0.5354633331298828
521,VIDEO_7241878874672385306,17.380245208740234,18.712512969970703,15.868386268615723,-0.17143654823303223,-1.4373466968536377,18.23749542236328,16.04139518737793,0.21428571428571427,1.0,0.3147558867931366
522,VIDEO_7236674356540165402,17.4376277923584,20.62544822692871,15.275785446166992,0.612429678440094,-0.47684264183044434,16.468584060668945,16.224897384643555,0.5454545454545454,1.0,0.7598127722740173
523,VIDEO_7221070563538717957,18.859766006469727,19.833473205566406,16.789398193359375,-1.0402157306671143,-0.06538105010986328,19.105382919311523,18.021194458007812,0.5384615384615384,1.0,0.8518692851066589
524,VIDEO_7216240671097736454,22.056289672851562,25.809350967407227,18.345123291015625,0.3119509816169739,-0.6860969066619873,25.561477661132812,21.46729278564453,0.05555555555555555,1.0,0.841188907623291
525,VIDEO_7216007272311344390,18.902099609375,24.41561508178711,15.32893180847168,0.7518782019615173,1.385267734527588,18.1854305267334,18.56804084777832,0.45161290322580644,1.0,1.3865435123443604
526,VIDEO_7215611067286703366,19.447402954101562,21.81237030029297,14.38882827758789,-1.104199767112732,0.37496089935302734,14.640727043151855,21.124929428100586,0.14814814814814814,1.0,1.0026148557662964
527,VIDEO_7210806075354811654,16.974946975708008,19.981857299804688,13.14222240447998,-0.1408979743719101,-1.1182730197906494,19.318586349487305,17.230588912963867,0.08,1.0,1.2384835481643677
528,VIDEO_7205961411942468870,18.210412979125977,22.52259063720703,14.294137001037598,0.31442520022392273,0.2321474552154541,18.813520431518555,20.632532119750977,0.16666666666666666,1.0,1.6913461685180664
529,VIDEO_7205134218328902917,17.610424041748047,21.529953002929688,14.737839698791504,0.46631836891174316,0.06264090538024902,16.855880737304688,18.482439041137695,0.8,1.0,0.7648558020591736
530,VIDEO_7191896362630302981,17.974279403686523,21.994638442993164,15.370891571044922,0.24031972885131836,-0.8686234951019287,15.529980659484863,18.319860458374023,0.7727272727272727,1.0,1.3592053651809692
531,VIDEO_7190655063470116101,17.574687957763672,20.229293823242188,15.09740161895752,0.24156717956066132,-1.167021632194519,17.488317489624023,19.56595230102539,0.7692307692307693,1.0,0.9786103367805481
532,VIDEO_7176549919933664517,19.463613510131836,20.671323776245117,17.496646881103516,-0.7087329626083374,-0.2659420967102051,18.808759689331055,19.113636016845703,0.5625,1.0,0.750774621963501
533,VIDEO_7164417550791494918,16.28648567199707,20.084774017333984,12.840869903564453,-0.20380711555480957,-1.276273488998413,16.9564266204834,12.841259956359863,0.6896551724137931,0.7931034482758621,1.2192636728286743
534,VIDEO_7163942959916895493,17.82538604736328,20.329345703125,16.212600708007812,0.6071852445602417,-0.30144309997558594,16.904624938964844,17.70110511779785,0.3076923076923077,1.0,1.1472352743148804
535,VIDEO_7161307348827426053,21.859703063964844,22.354639053344727,20.107696533203125,-2.6792943477630615,7.704018592834473,21.227678298950195,21.622350692749023,0.6190476190476191,1.0,0.21822099387645721
536,VIDEO_7158890098770119942,17.367897033691406,22.173368453979492,13.539278030395508,0.4114491939544678,-0.3474552631378174,17.135709762573242,20.9404296875,0.9230769230769231,1.0,1.878989577293396
537,VIDEO_7152911692282809606,17.787858963012695,20.62703514099121,15.738758087158203,0.48873230814933777,-0.8314235210418701,17.46312141418457,18.297697067260742,0.8,1.0,0.9054612517356873
538,VIDEO_7137955446320565510,17.916828155517578,23.16668701171875,14.463379859924316,0.4918772876262665,-0.8252341747283936,21.713964462280273,18.29136848449707,0.06896551724137931,1.0,1.780350923538208
539,VIDEO_7125703838497131781,18.827634811401367,20.517114639282227,16.262922286987305,-0.6007103323936462,-0.7703192234039307,18.77998924255371,20.063011169433594,0.8333333333333334,1.0,0.7424845695495605
540,VIDEO_7115325407318052102,16.004497528076172,16.98017692565918,14.730754852294922,-0.22467133402824402,-1.5375983715057373,15.009171485900879,16.210355758666992,0.29411764705882354,1.0,0.6819571256637573
541,VIDEO_7114675214583155973,15.560440063476562,19.386554718017578,13.967226028442383,0.9158275127410889,0.20631718635559082,16.34754753112793,14.869312286376953,0.20833333333333334,1.0,0.4418306350708008
542,VIDEO_7114309168302984454,18.854541778564453,20.40715980529785,17.365541458129883,0.07071752101182938,-1.2522106170654297,20.166648864746094,18.25322151184082,0.08,1.0,0.4034717082977295
543,VIDEO_7110099088661548293,17.26496124267578,19.629568099975586,14.448110580444336,-0.16069191694259644,-0.7184898853302002,16.47190284729004,19.277236938476562,0.8620689655172413,1.0,1.0527763366699219
544,VIDEO_7107863534549110022,19.818035125732422,21.22251319885254,18.35572624206543,-0.3298824429512024,-0.8433747291564941,19.862207412719727,20.017057418823242,0.52,1.0,0.8101739287376404
545,VIDEO_7096387117462359302,17.721651077270508,20.31523323059082,14.629528045654297,0.010265904478728771,-0.9998321533203125,18.435087203979492,17.64029884338379,0.16666666666666666,1.0,1.2046066522598267
546,VIDEO_7094149805496159494,18.64055824279785,20.539520263671875,16.044879913330078,-0.1594487428665161,-0.861701488494873,17.88623809814453,20.27276611328125,0.2,1.0,0.8154110312461853
547,VIDEO_7091569180054490373,16.9298038482666,21.926546096801758,13.196317672729492,0.4781462848186493,-0.6417827606201172,16.01365852355957,17.176748275756836,0.2727272727272727,1.0,2.4742181301116943
548,VIDEO_7085631257542954246,17.68967628479004,19.893720626831055,15.28915786743164,-0.05013258755207062,-1.2645107507705688,19.469873428344727,17.165550231933594,0.14285714285714285,1.0,0.9673133492469788
549,VIDEO_7080545682058169605,19.508174896240234,25.34225082397461,16.564699172973633,1.0296651124954224,0.678415060043335,19.89884376525879,23.5679988861084,0.9,1.0,1.258366346359253
550,VIDEO_7076134412487855366,20.550060272216797,22.525754928588867,17.441295623779297,-0.710591197013855,-0.32065606117248535,21.892425537109375,21.463781356811523,0.8666666666666667,1.0,1.1119188070297241
551,VIDEO_7072774694214044934,18.746122360229492,25.695768356323242,15.873008728027344,1.669448733329773,3.0921783447265625,19.1798095703125,17.738378524780273,0.8,1.0,1.5254590511322021
552,VIDEO_7070176633931549958,17.149812698364258,19.37926483154297,15.06466293334961,0.20740127563476562,-1.0541876554489136,17.62899398803711,17.837156295776367,0.8235294117647058,1.0,1.2371501922607422
553,VIDEO_7069805338601606406,17.051443099975586,20.333324432373047,14.550592422485352,0.5109379887580872,-0.4437742233276367,17.342864990234375,19.972883224487305,0.9583333333333334,1.0,1.0415267944335938
554,VIDEO_7067959925141474565,18.004051208496094,20.281734466552734,16.392671585083008,0.4772831201553345,-0.1239020824432373,18.124784469604492,19.157724380493164,0.88,1.0,0.8945334553718567
555,VIDEO_7067578500101803269,18.819124221801758,21.021709442138672,16.601726531982422,0.11733990907669067,-0.7884869575500488,18.9454288482666,19.269834518432617,0.6,1.0,1.2218009233474731
556,VIDEO_7057846707651939590,20.3173828125,22.046018600463867,18.236196517944336,0.057251714169979095,-1.2595927715301514,20.26857566833496,19.171857833862305,0.15789473684210525,1.0,0.5362603068351746
557,VIDEO_7051617295818362117,17.3019962310791,20.51881980895996,14.09814167022705,-0.4440864026546478,-0.026349544525146484,16.58562660217285,17.65575408935547,0.42857142857142855,1.0,1.0913411378860474
558,VIDEO_7040071170363788550,17.016679763793945,21.07637596130371,14.343899726867676,0.23617973923683167,-1.0377321243286133,16.483503341674805,15.040499687194824,0.11538461538461539,1.0,1.1077377796173096
559,VIDEO_7036282180816932102,18.40812873840332,21.515291213989258,14.79364013671875,-0.12543199956417084,-0.3513510227203369,17.874969482421875,17.25018310546875,0.14285714285714285,1.0,1.4985402822494507
560,VIDEO_6944298636553604358,19.12084197998047,23.103294372558594,16.414871215820312,0.6515077948570251,1.1517596244812012,18.95488929748535,18.008331298828125,0.7692307692307693,1.0,1.2509996891021729
561,VIDEO_6943534360066804998,17.756542205810547,19.47547721862793,15.711479187011719,-0.2647377848625183,-1.190545916557312,18.35405921936035,18.796958923339844,0.23529411764705882,1.0,1.1186637878417969
562,VIDEO_6940187794534960389,21.96023178100586,22.78612518310547,20.441787719726562,-1.0143101215362549,0.09484028816223145,22.15459632873535,22.096227645874023,0.047619047619047616,1.0,0.5119562149047852
563,VIDEO_6919872357288971521,18.31717300415039,22.69761848449707,15.715460777282715,0.5714353919029236,-0.5774433612823486,16.259323120117188,17.43535041809082,0.5333333333333333,1.0,1.408898949623108
564,VIDEO_7597370054556011798,17.870264053344727,18.319910049438477,16.962120056152344,-1.0778601169586182,-0.3348696231842041,18.075454711914062,18.21589469909668,0.8181818181818182,1.0,0.3207162320613861
565,VIDEO_7591860205567151382,18.31050682067871,22.537256240844727,14.033563613891602,0.01860126294195652,-1.203649640083313,16.316015243530273,15.64323902130127,0.5833333333333334,1.0,1.2335896492004395
566,VIDEO_7590299923803884803,18.768028259277344,21.883481979370117,14.922508239746094,-0.36055657267570496,-0.445035457611084,16.274423599243164,16.429136276245117,0.5555555555555556,1.0,0.8704452514648438
567,VIDEO_7587833111010954518,20.268293380737305,23.747146606445312,18.00661849975586,0.6423685550689697,-0.9827954769134521,20.20052719116211,18.239530563354492,0.3,1.0,0.5900824666023254
568,VIDEO_7587702184708558102,19.803163528442383,22.643524169921875,16.55035972595215,-0.21119406819343567,-1.183448076248169,17.559911727905273,20.7200927734375,0.6818181818181818,1.0,1.0874242782592773
569,VIDEO_7586610643130764566,17.642000198364258,18.55658721923828,16.821809768676758,0.08509482443332672,-1.7779356241226196,16.985015869140625,18.410362243652344,0.9545454545454546,1.0,0.19719405472278595
570,VIDEO_7580401530428394775,19.110843658447266,21.717443466186523,15.005093574523926,-1.0764496326446533,0.9182558059692383,19.09935760498047,19.56984519958496,0.5925925925925926,1.0,1.2013976573944092
571,VIDEO_7579238923172547842,15.856682777404785,18.207515716552734,11.315255165100098,-1.2969372272491455,1.2947568893432617,13.908211708068848,15.991302490234375,0.7096774193548387,0.9354838709677419,0.672283947467804
572,VIDEO_7572235624627899670,18.2128963470459,21.868364334106445,13.285472869873047,-0.1650141328573227,-0.6525321006774902,15.922892570495605,17.56698989868164,0.5151515151515151,1.0,2.3345847129821777
573,VIDEO_7572223162520177942,17.172103881835938,19.409503936767578,14.606279373168945,0.010844460688531399,-1.414011001586914,16.1210880279541,17.878873825073242,0.631578947368421,1.0,0.7572805881500244
574,VIDEO_7572210786991344918,17.293973922729492,21.01526641845703,14.276435852050781,0.5281784534454346,0.20688247680664062,15.98912525177002,16.328903198242188,0.7333333333333333,1.0,1.1854486465454102
575,VIDEO_7572210750937107734,17.356250762939453,21.590763092041016,14.554654121398926,0.7896895408630371,0.3749110698699951,17.525487899780273,17.674009323120117,0.7,1.0,1.404815435409546
576,VIDEO_7569964600523853078,15.748921394348145,18.498361587524414,13.371391296386719,0.1999041885137558,-0.22327232360839844,15.390151023864746,15.016087532043457,0.5238095238095238,1.0,0.682228684425354
577,VIDEO_7565230748026899734,20.49477195739746,23.691333770751953,15.556139945983887,-0.1971474140882492,-1.0816650390625,18.489727020263672,20.09905242919922,0.34615384615384615,1.0,0.9649725556373596
578,VIDEO_7558085942557347094,18.540878295898438,20.798370361328125,16.77582359313965,0.5072982311248779,-0.9021272659301758,19.760202407836914,18.764455795288086,0.75,1.0,0.5103392601013184
579,VIDEO_7556260834817723670,18.067657470703125,18.64034652709961,16.58087921142578,-1.3683449029922485,0.8325850963592529,16.763376235961914,17.79878807067871,0.4166666666666667,1.0,0.21051083505153656
580,VIDEO_7555760932794764566,18.813873291015625,21.835269927978516,15.75361156463623,0.5391323566436768,-0.3349604606628418,17.354257583618164,18.857078552246094,0.4782608695652174,1.0,1.3773603439331055
581,VIDEO_7554403190200945942,17.840517044067383,19.232574462890625,16.809856414794922,0.7101431488990784,-0.7063381671905518,17.69773292541504,17.298303604125977,0.4090909090909091,1.0,0.31372904777526855
582,VIDEO_7553663983383858454,15.287467002868652,17.513748168945312,10.349494934082031,-1.4728928804397583,3.076068878173828,13.642901420593262,15.854804992675781,0.52,0.96,0.7482808232307434
583,VIDEO_7549175046128831766,17.512359619140625,18.63722801208496,16.39297866821289,0.26295891404151917,-0.9491324424743652,17.729219436645508,17.81797218322754,0.2,1.0,0.6574440002441406
584,VIDEO_7547707789863406870,17.87516212463379,22.193710327148438,9.436088562011719,-1.0490742921829224,0.23719143867492676,20.59980583190918,16.515748977661133,0.2,0.9,1.6640853881835938
585,VIDEO_7542515768215211286,16.546283721923828,19.798002243041992,14.692248344421387,1.0377178192138672,1.308527946472168,18.442094802856445,16.298093795776367,0.0,1.0,0.7181326746940613
586,VIDEO_7538370537211432214,16.657258987426758,18.707305908203125,12.037507057189941,-1.1434029340744019,0.04478764533996582,18.36329460144043,14.236371040344238,0.041666666666666664,0.9166666666666666,0.6815921068191528
587,VIDEO_7538076349500689666,17.118640899658203,20.53536605834961,13.412031173706055,-0.2042696624994278,-1.0316630601882935,15.870834350585938,17.33881950378418,0.39285714285714285,1.0,2.0105843544006348
588,VIDEO_7535840388725378306,18.60994529724121,20.972444534301758,17.091371536254883,0.8777474761009216,0.5198824405670166,17.414499282836914,18.596330642700195,0.3333333333333333,1.0,0.42083218693733215
589,VIDEO_7529912051498552598,18.381927490234375,20.762348175048828,15.941990852355957,0.005828816909343004,-1.0992374420166016,20.160818099975586,17.86444854736328,0.14814814814814814,1.0,0.9892638921737671
590,VIDEO_7528398053666016534,17.864986419677734,19.177743911743164,15.207674026489258,-1.4311392307281494,2.069664478302002,18.51627540588379,17.6173152923584,0.2962962962962963,1.0,0.5003483295440674
591,VIDEO_7523190975850679554,17.329113006591797,21.656557083129883,12.093831062316895,-0.13433577120304108,-1.5588728189468384,13.51715087890625,19.27837371826172,0.6,0.9333333333333333,1.0571482181549072
592,VIDEO_7518400955877199127,16.95475959777832,19.17022705078125,14.79923152923584,-0.06305579841136932,-1.020695447921753,17.874608993530273,15.481518745422363,0.5384615384615384,1.0,0.9539581537246704
593,VIDEO_7517305745210232086,16.207489013671875,17.97739028930664,15.057432174682617,0.44895845651626587,-1.064867615699768,17.74201774597168,15.967375755310059,0.041666666666666664,1.0,0.5467134714126587
594,VIDEO_7516934430083091734,17.684677124023438,20.57784652709961,13.505986213684082,-0.48631080985069275,-0.617525577545166,16.5971736907959,19.555652618408203,0.21739130434782608,1.0,0.9823997616767883
595,VIDEO_7515834191922072854,16.872005462646484,18.54959487915039,14.639995574951172,-0.5568394064903259,1.348379135131836,17.56925392150879,17.178298950195312,0.10526315789473684,1.0,0.8281271457672119
596,VIDEO_7514700901009886486,17.993371963500977,22.001220703125,16.036354064941406,1.4254779815673828,1.0416741371154785,20.177574157714844,17.502058029174805,0.15384615384615385,1.0,1.193376898765564
597,VIDEO_7512478582627732758,18.510717391967773,19.73232078552246,17.408565521240234,-0.08564433455467224,-0.07477426528930664,18.491188049316406,18.228670120239258,0.47368421052631576,1.0,0.4796769917011261
598,VIDEO_7508723396641852694,16.970542907714844,19.938465118408203,14.550537109375,0.20134301483631134,-0.3628425598144531,17.935434341430664,15.481593132019043,0.23809523809523808,1.0,1.0629583597183228
599,VIDEO_7506824474902433026,16.486909866333008,18.971956253051758,15.03580379486084,0.746091902256012,0.6661081314086914,16.764436721801758,15.797698974609375,0.625,1.0,0.8909558057785034
600,VIDEO_7500939642972212502,17.79397964477539,19.593582153320312,14.838912963867188,-0.6873993873596191,-0.5133717060089111,15.414546012878418,17.336416244506836,0.25,1.0,0.7334269285202026
601,VIDEO_7491219464474856727,12.698258399963379,13.888825416564941,11.474722862243652,-0.17647245526313782,-0.9955925941467285,12.721450805664062,11.643168449401855,0.4,0.4,0.3599238991737366
602,VIDEO_7486043762590895382,19.028318405151367,21.640480041503906,14.535120010375977,-0.5258640050888062,-0.8184022903442383,15.290176391601562,17.36048698425293,0.48,1.0,0.5162045359611511
603,VIDEO_7483888039303843094,14.048174858093262,15.443136215209961,11.847211837768555,-0.8986408710479736,-0.7653093338012695,14.626171112060547,13.930947303771973,0.2857142857142857,0.75,0.8027262091636658
604,VIDEO_7483430893965626646,18.322322845458984,18.4124813079834,18.22173309326172,-0.006346407812088728,-1.8259702920913696,18.30177116394043,18.260541915893555,0.7,1.0,0.03025667369365692
605,VIDEO_7479068329584364823,18.13849449157715,21.142810821533203,15.37277889251709,-0.0026530344039201736,-1.3750357627868652,19.193613052368164,16.023942947387695,0.16666666666666666,1.0,0.710871160030365
606,VIDEO_7477287305078934786,19.1213436126709,23.428089141845703,16.7237548828125,0.6900025606155396,-0.7674417495727539,17.64955711364746,20.465402603149414,0.7333333333333333,1.0,1.0803126096725464
607,VIDEO_7475273206497086742,18.289518356323242,20.682870864868164,14.294595718383789,-0.718609631061554,0.19645404815673828,19.304275512695312,19.286630630493164,0.9310344827586207,1.0,1.5200284719467163
608,VIDEO_7474850979473640726,17.434934616088867,21.3774356842041,13.883143424987793,0.00197022408246994,-1.4139939546585083,19.317102432250977,19.26850128173828,0.8823529411764706,1.0,1.589161992073059
609,VIDEO_7473874393719000342,18.802366256713867,19.54400062561035,17.818878173828125,-0.19229787588119507,-1.2250608205795288,18.93659210205078,18.376144409179688,0.3333333333333333,1.0,0.2581287920475006
610,VIDEO_7467999174936644886,18.158449172973633,18.955698013305664,16.982118606567383,-0.6884867548942566,-0.32511115074157715,18.777429580688477,18.527496337890625,0.0,1.0,0.2588069438934326
611,VIDEO_7467185543240109345,17.29819107055664,18.081743240356445,16.681795120239258,0.3546505570411682,-0.47533226013183594,17.379179000854492,17.254411697387695,0.3181818181818182,1.0,0.42936214804649353
612,VIDEO_7466084820825787680,16.283226013183594,20.05027961730957,12.508349418640137,0.29190775752067566,1.3675198554992676,15.76791000366211,14.529547691345215,0.41379310344827586,0.9655172413793104,0.8830851316452026
613,VIDEO_7465291116045208865,17.06774139404297,21.826719284057617,13.846625328063965,1.0359984636306763,1.5162315368652344,16.89422607421875,15.617191314697266,0.26666666666666666,1.0,1.4665064811706543
614,VIDEO_7464875419959921952,19.08307647705078,22.132347106933594,16.9007568359375,0.45218294858932495,-1.310349702835083,21.33329963684082,18.00860023498535,0.16666666666666666,1.0,0.6047675013542175
615,VIDEO_7459384907962305825,15.960659980773926,16.515213012695312,15.1686429977417,-0.17604735493659973,-0.427509069442749,15.89490032196045,16.37135124206543,0.8421052631578947,1.0,0.381253719329834
616,VIDEO_7447515391426825504,18.84577178955078,22.78524398803711,15.65099048614502,0.24479517340660095,-1.2502660751342773,16.74578857421875,21.492841720581055,0.9230769230769231,1.0,1.4600396156311035
617,VIDEO_7444957131670949142,18.667335510253906,20.165569305419922,16.57781982421875,-0.7105147838592529,-0.03864598274230957,19.8237361907959,17.81439971923828,0.0,1.0,0.7439310550689697
618,VIDEO_7444192177149742358,17.824913024902344,18.332704544067383,17.347972869873047,0.18913815915584564,-0.8146162033081055,17.57417869567871,18.199045181274414,0.9047619047619048,1.0,0.20885953307151794
619,VIDEO_7439254923365059873,19.131380081176758,23.341995239257812,15.927214622497559,0.11749766767024994,-1.3284542560577393,19.700420379638672,21.066938400268555,0.4,1.0,0.9700445532798767
620,VIDEO_7437476740533865761,15.847355842590332,19.27471351623535,13.447456359863281,0.34736424684524536,0.1068582534790039,14.026405334472656,15.324311256408691,0.5833333333333334,1.0,0.8916392922401428
621,VIDEO_7431201197672975648,22.652585983276367,24.40878677368164,20.79289436340332,-0.15767084062099457,-0.690706729888916,22.634140014648438,22.93193244934082,0.2857142857142857,1.0,0.5476624369621277
622,VIDEO_7429721456851864864,16.44666862487793,18.684131622314453,14.742353439331055,0.3616385757923126,-1.0777662992477417,17.513883590698242,16.178319931030273,0.6842105263157895,1.0,1.3274487257003784
623,VIDEO_7426709076924484897,16.058452606201172,18.69012451171875,13.320633888244629,0.08355378359556198,-0.2283923625946045,18.083023071289062,14.685162544250488,0.043478260869565216,1.0,1.0098471641540527
624,VIDEO_7425904564697632032,16.82058334350586,21.235763549804688,11.141359329223633,-0.2902058959007263,-0.6076433658599854,18.411943435668945,20.18180274963379,0.0,0.90625,2.032623052597046
625,VIDEO_7415546238927523104,17.559093475341797,18.88676643371582,16.17888069152832,0.30439919233322144,-0.5327999591827393,17.104352951049805,17.61353874206543,0.3333333333333333,1.0,0.43319833278656006
626,VIDEO_7402923905754746145,18.083017349243164,20.241506576538086,15.759529113769531,-0.1233273446559906,-1.4332096576690674,17.974273681640625,19.511747360229492,0.7222222222222222,1.0,0.5374258756637573
627,VIDEO_7401059521860209952,17.27915382385254,19.60655403137207,15.290397644042969,0.3702876567840576,-0.01304316520690918,16.967880249023438,17.761268615722656,0.21428571428571427,1.0,0.8863933682441711
628,VIDEO_7400010201476123937,18.313127517700195,21.01621437072754,15.951563835144043,0.326602578163147,-0.850609540939331,20.678064346313477,16.320945739746094,0.05,1.0,0.7596377730369568
629,VIDEO_7396981634572078369,17.3438663482666,19.549135208129883,13.028810501098633,-0.804530143737793,0.4885411262512207,16.98101806640625,19.285581588745117,0.8235294117647058,1.0,1.010671854019165
630,VIDEO_7396708038398266656,18.487730026245117,20.135549545288086,16.231121063232422,-0.5590932965278625,-0.20560741424560547,18.901081085205078,18.873319625854492,0.9666666666666667,1.0,0.8586483597755432
631,VIDEO_7394757283214806305,16.779430389404297,19.7675838470459,13.285713195800781,-0.12335825711488724,-1.2753219604492188,17.6938419342041,14.778446197509766,0.42857142857142855,1.0,1.1692687273025513
632,VIDEO_7393953054967581985,13.902887344360352,16.009143829345703,12.17752742767334,0.4409528076648712,-0.36598992347717285,13.951762199401855,15.35510540008545,0.9230769230769231,0.8461538461538461,0.5851922035217285
633,VIDEO_7393260705048268065,15.419022560119629,15.5289888381958,15.086041450500488,-1.4015141725540161,0.0019059181213378906,15.1067476272583,15.502192497253418,0.2857142857142857,1.0,0.04220903664827347
634,VIDEO_7392879054988397856,15.724328994750977,18.845510482788086,12.476215362548828,0.11654384434223175,-1.197097897529602,13.82436466217041,18.135177612304688,0.96,0.96,0.9427273869514465
635,VIDEO_7388136382436281633,17.549243927001953,21.139631271362305,13.042441368103027,-0.442030668258667,-0.8663687705993652,18.3458309173584,16.25257110595703,0.30434782608695654,1.0,1.4258880615234375
636,VIDEO_7385258008760028448,15.340631484985352,17.040321350097656,13.924243927001953,0.2221028357744217,-0.5802569389343262,16.041685104370117,15.704681396484375,0.7619047619047619,1.0,0.8176566958427429
637,VIDEO_7382840415893998880,13.914225578308105,17.2758731842041,10.667398452758789,0.06379510462284088,-1.41036057472229,16.58831214904785,12.55797290802002,0.0,0.5555555555555556,0.7715415358543396
638,VIDEO_7381446389819018529,18.12946891784668,18.90336036682129,17.571043014526367,0.5334857702255249,-0.843472957611084,17.92305564880371,18.75743293762207,0.8421052631578947,1.0,0.3255826234817505
639,VIDEO_7369943098031443233,15.814839363098145,16.600387573242188,14.896878242492676,-0.40773993730545044,-0.4537029266357422,15.949267387390137,15.195055961608887,0.5652173913043478,1.0,0.18184080719947815
640,VIDEO_7357327030335114528,20.40406036376953,21.43320083618164,18.555614471435547,-1.1001930236816406,0.4995875358581543,19.50993537902832,20.62327766418457,0.25,1.0,0.5441002249717712
641,VIDEO_7355500880721939744,16.996063232421875,20.20711326599121,13.292511940002441,-0.05689915269613266,-1.3486618995666504,17.6805477142334,15.186901092529297,0.18181818181818182,1.0,0.8544491529464722
642,VIDEO_7354375095868984608,20.758604049682617,23.57660675048828,16.803897857666016,-0.4161306321620941,-1.3343486785888672,22.506662368774414,19.982751846313477,0.3333333333333333,1.0,0.9907910227775574
643,VIDEO_7350265065762819360,18.26656723022461,21.48345947265625,15.710437774658203,0.2190784066915512,-1.3902441263198853,15.832450866699219,20.960086822509766,0.85,1.0,0.4792429208755493
644,VIDEO_7348433044216253729,15.20945930480957,17.868562698364258,13.166115760803223,0.31154748797416687,-1.1215885877609253,14.283084869384766,15.315750122070312,0.84,1.0,0.7930450439453125
645,VIDEO_7345082142235413793,15.070891380310059,16.623491287231445,13.8272705078125,0.40032678842544556,-0.6085820198059082,15.551411628723145,15.700523376464844,0.8518518518518519,1.0,0.47462382912635803
646,VIDEO_7344271684406349088,17.237552642822266,22.32309341430664,14.732239723205566,0.9220523238182068,1.4700312614440918,17.85076332092285,16.196393966674805,0.2857142857142857,1.0,0.917102038860321
647,VIDEO_7342531903209114913,16.31143569946289,18.515897750854492,14.7954683303833,0.4900020658969879,-0.7846460342407227,17.724679946899414,16.33228302001953,0.0,1.0,0.42527368664741516
648,VIDEO_7342403362714914080,16.101898193359375,20.940723419189453,11.321633338928223,0.5007322430610657,0.5509181022644043,16.158090591430664,19.1980037689209,0.96,0.96,1.5573803186416626
649,VIDEO_7340682108735671584,17.93113899230957,20.219676971435547,16.28645896911621,0.3915235996246338,-1.011635184288025,16.5512752532959,17.903528213500977,0.3333333333333333,1.0,0.6571555137634277
650,VIDEO_7338384626773216545,16.844572067260742,20.847301483154297,13.187193870544434,0.11021392792463303,-1.251753807067871,14.84179401397705,18.550111770629883,0.7391304347826086,1.0,1.4832534790039062
651,VIDEO_7337687297132973344,15.13746166229248,18.461654663085938,12.610594749450684,0.2562400698661804,-0.9605953693389893,17.222293853759766,13.03709888458252,0.16666666666666666,0.9166666666666666,0.929495096206665
652,VIDEO_7337328365147295009,19.43174171447754,21.29964828491211,16.63227653503418,-0.5686475038528442,-0.5941145420074463,19.321224212646484,20.98112678527832,0.9047619047619048,1.0,0.7390958666801453
653,VIDEO_7336662438282120481,17.80413055419922,20.375465393066406,16.116601943969727,0.6837432384490967,-0.40478038787841797,19.80073356628418,16.795005798339844,0.0,1.0,0.45883631706237793
654,VIDEO_7336480513269583136,18.463468551635742,22.56399154663086,15.088531494140625,0.5047417879104614,-0.8757274150848389,14.874337196350098,18.248727798461914,0.07142857142857142,0.9285714285714286,3.072737216949463
655,VIDEO_7336193209883839776,18.96796989440918,21.288782119750977,16.531064987182617,0.3333846926689148,0.3302760124206543,18.595069885253906,18.917226791381836,0.7368421052631579,1.0,0.8349660038948059
656,VIDEO_7335348681832418593,13.659628868103027,16.724443435668945,11.870918273925781,0.6175050139427185,-0.8759362697601318,13.69158935546875,16.406126022338867,0.9545454545454546,0.5909090909090909,0.45451149344444275
657,VIDEO_7335020484637068576,18.072277069091797,23.752822875976562,14.913959503173828,0.5440161228179932,-0.9073841571807861,15.359969139099121,18.5969295501709,0.5666666666666667,1.0,0.8177179098129272
658,VIDEO_7333604507793853728,13.711675643920898,15.43563175201416,11.68635082244873,-0.1254497468471527,-0.5548911094665527,14.498040199279785,13.477730751037598,0.52,0.84,0.8685337901115417
659,VIDEO_7332775399883033888,14.940119743347168,15.62347412109375,14.163923263549805,-0.2103966474533081,0.8438117504119873,14.941851615905762,14.996188163757324,0.36,1.0,0.2933686673641205
660,VIDEO_7332156358902500640,19.246105194091797,20.712230682373047,17.67119026184082,-0.12231314927339554,0.4222745895385742,18.557985305786133,19.37734603881836,0.6,1.0,0.6037272214889526
661,VIDEO_7331017914612567329,13.612967491149902,16.36272621154785,8.744829177856445,-0.4259655773639679,-1.2356135845184326,14.616368293762207,11.306572914123535,0.38095238095238093,0.5714285714285714,0.7044302225112915
662,VIDEO_7329087770905840928,16.552854537963867,18.178089141845703,13.634215354919434,-0.5669395923614502,-0.8098611831665039,17.822641372680664,15.37384033203125,0.0,1.0,0.45440956950187683
663,VIDEO_7327632037437820193,8.171640396118164,10.995674133300781,5.857327461242676,0.12353794276714325,-1.3241298198699951,6.198415279388428,9.177020072937012,0.12,0.0,0.9316112399101257
664,VIDEO_7326887540705873185,15.621504783630371,19.783851623535156,13.278238296508789,0.7459534406661987,-0.6293771266937256,13.410144805908203,15.581870079040527,0.32142857142857145,1.0,1.741409420967102
665,VIDEO_7324339550283664672,18.92880630493164,23.840805053710938,16.615036010742188,1.0519671440124512,2.188349723815918,21.688194274902344,17.305877685546875,0.0,1.0,1.2366852760314941
666,VIDEO_7323194315415588129,18.138742446899414,20.008567810058594,15.360650062561035,-0.17456316947937012,-1.352263331413269,18.23826026916504,19.77570152282715,0.7142857142857143,1.0,0.7397162318229675
667,VIDEO_7322866542985710881,16.667190551757812,18.3572998046875,15.590513229370117,0.5248782634735107,-0.08711600303649902,16.923582077026367,17.774938583374023,0.8947368421052632,1.0,0.3770008087158203
668,VIDEO_7321969929564065057,15.741143226623535,16.971887588500977,14.36655330657959,0.25671836733818054,-0.6347084045410156,16.32990074157715,15.421175956726074,0.36666666666666664,1.0,0.603816568851471
669,VIDEO_7318769443222359329,14.178017616271973,16.147216796875,12.123316764831543,0.1676003485918045,-0.9654483795166016,14.060249328613281,13.448471069335938,0.26666666666666666,0.8,1.045239806175232
670,VIDEO_7318026666939256096,19.463733673095703,22.023334503173828,17.421045303344727,0.28705039620399475,-0.9364750385284424,18.28119659423828,20.160322189331055,0.8,1.0,0.7691750526428223
671,VIDEO_7317653042533305633,16.35032844543457,23.49959373474121,8.133209228515625,-0.5057509541511536,-0.6575446128845215,17.233415603637695,12.9597749710083,0.5454545454545454,0.8181818181818182,3.0941126346588135
672,VIDEO_7317290713673190688,14.594797134399414,18.26836585998535,10.53978157043457,-0.15832701325416565,-0.7603895664215088,14.755366325378418,11.72742748260498,0.5909090909090909,0.7272727272727273,1.1970384120941162
673,VIDEO_7316431760194096416,19.257326126098633,22.292587280273438,16.667869567871094,0.056483298540115356,-0.9444892406463623,18.655038833618164,18.87166404724121,0.28,1.0,1.8808566331863403
674,VIDEO_7314335987033738528,17.203022003173828,19.660612106323242,13.343880653381348,-0.4839385449886322,-1.486084222793579,19.277311325073242,13.505331993103027,0.1875,1.0,0.47898465394973755
675,VIDEO_7314256868556213537,18.4915828704834,21.664018630981445,15.802136421203613,0.3259957730770111,-0.3915131092071533,17.441076278686523,19.80413246154785,0.6,1.0,1.0681511163711548
676,VIDEO_7310606511775026464,13.7285795211792,15.876441955566406,12.490767478942871,0.8150964975357056,-0.27471280097961426,15.088330268859863,14.372735023498535,0.0,0.7083333333333334,0.6845795512199402
677,VIDEO_7308389510113512737,18.473312377929688,20.976947784423828,16.3314266204834,0.17733274400234222,0.01433706283569336,18.42234992980957,17.605789184570312,0.5909090909090909,1.0,1.447266697883606
678,VIDEO_7306457226254781729,17.139986038208008,18.1412353515625,15.83248233795166,-0.4087899327278137,-1.0151647329330444,17.549558639526367,17.67205238342285,0.125,1.0,0.4131459593772888
679,VIDEO_7304693853758491936,18.559595108032227,21.404991149902344,15.295465469360352,-0.013628956861793995,-1.6377416849136353,19.547452926635742,16.760452270507812,0.2962962962962963,1.0,0.5329472422599792
680,VIDEO_7302352085796916513,15.76506233215332,17.779115676879883,14.621970176696777,0.6017574071884155,1.8257923126220703,15.81585693359375,16.599838256835938,0.9130434782608695,1.0,0.6805185675621033
681,VIDEO_7297157611294706976,19.69904899597168,20.974958419799805,17.698734283447266,-0.5898237228393555,-1.0805057287216187,20.388994216918945,18.646528244018555,0.4666666666666667,1.0,0.4340650141239166
682,VIDEO_7296501143700606241,18.778959274291992,20.346433639526367,16.557376861572266,-0.5654574036598206,-0.8379261493682861,19.657808303833008,16.864225387573242,0.32,1.0,0.3286372721195221
683,VIDEO_7277906809787059489,17.291746139526367,18.852384567260742,16.526403427124023,0.8613667488098145,-0.4682021141052246,17.835481643676758,16.792936325073242,0.38095238095238093,1.0,0.6929665803909302
684,VIDEO_7261564389075995930,17.37008285522461,22.825138092041016,15.317251205444336,1.4878605604171753,1.1393108367919922,16.396657943725586,21.02077293395996,0.76,1.0,1.0091928243637085
685,VIDEO_7261562285791956251,19.78493881225586,22.313556671142578,17.545379638671875,0.048904381692409515,-1.0358284711837769,19.8695125579834,20.470773696899414,0.6551724137931034,1.0,0.8697840571403503
686,VIDEO_7261499359819336986,17.199331283569336,20.15773582458496,14.291925430297852,0.04442762956023216,-0.3752727508544922,17.56378936767578,16.133222579956055,0.6428571428571429,1.0,1.1774766445159912
687,VIDEO_7215238321247751430,18.679948806762695,21.674158096313477,15.172715187072754,-0.14907574653625488,-0.6769752502441406,18.264436721801758,19.31555938720703,0.59375,1.0,1.3293513059616089
688,VIDEO_7211565992852475141,16.784740447998047,20.354724884033203,13.844103813171387,-0.09881830960512161,-1.3746874332427979,14.060219764709473,16.811376571655273,0.4375,1.0,1.1982307434082031
689,VIDEO_7202617948983315717,18.02467155456543,21.74862289428711,12.195039749145508,-0.43804121017456055,-0.6400923728942871,15.207377433776855,20.897363662719727,0.43333333333333335,0.9666666666666667,1.6303032636642456
690,VIDEO_7199586123952311557,18.29295539855957,19.21480941772461,17.088930130004883,-0.16172336041927338,-1.138514757156372,18.157079696655273,18.712644577026367,0.6923076923076923,1.0,0.5690217018127441
691,VIDEO_7195225752541875462,17.197084426879883,20.55240249633789,14.201238632202148,0.17379707098007202,-1.4390236139297485,14.932011604309082,15.15529727935791,0.72,1.0,0.6675555109977722
692,VIDEO_7193338808870456582,12.262136459350586,16.723573684692383,8.927325248718262,0.5374676585197449,-1.2604427337646484,16.053770065307617,10.954283714294434,0.04,0.36,1.1462812423706055
693,VIDEO_7192237337412177157,15.605083465576172,18.154071807861328,13.72981071472168,0.7944451570510864,-0.40682387351989746,17.672025680541992,15.617802619934082,0.04,1.0,0.5867959856987
694,VIDEO_7182218891702127877,18.322580337524414,22.870241165161133,14.373570442199707,0.08413980901241302,-1.4929813146591187,18.633970260620117,14.962176322937012,0.5,1.0,1.2148948907852173
695,VIDEO_7179637090932509958,17.18845558166504,21.847455978393555,13.631521224975586,0.6978183388710022,-0.07986879348754883,15.251075744628906,16.83441734313965,0.6666666666666666,1.0,1.0580240488052368
696,VIDEO_7173707401302920453,18.28230094909668,22.275222778320312,15.837651252746582,0.5542253255844116,-0.7051224708557129,18.597257614135742,17.19801902770996,0.6956521739130435,1.0,1.513309359550476
697,VIDEO_7169948893805825285,16.54963493347168,18.612594604492188,13.775688171386719,-0.3537304401397705,-1.0097341537475586,16.97966766357422,17.4976749420166,0.7096774193548387,1.0,0.527540385723114
698,VIDEO_7164769032430767365,16.386945724487305,20.296804428100586,12.90127182006836,-0.012714985758066177,-0.8863389492034912,17.33387565612793,9.76309871673584,0.4,0.9333333333333333,1.562514066696167
699,VIDEO_7163552631053503749,14.972862243652344,18.44792938232422,11.120386123657227,-0.12320726364850998,-0.5499114990234375,17.93278694152832,12.282241821289062,0.0,0.7916666666666666,0.6032681465148926
700,VIDEO_7162174902865251589,16.935815811157227,20.415328979492188,13.120182991027832,-0.08854740113019943,-1.3551921844482422,19.444231033325195,14.463353157043457,0.06896551724137931,1.0,0.8430710434913635
701,VIDEO_7155814731897376006,18.3741455078125,20.566211700439453,16.6247615814209,0.3339798152446747,-1.124943494796753,18.2620792388916,18.638242721557617,0.1724137931034483,1.0,0.6814767718315125
702,VIDEO_7146479472022277381,17.85291862487793,19.005022048950195,14.626678466796875,-2.160814046859741,4.628537178039551,17.801801681518555,17.95771026611328,0.7741935483870968,1.0,0.5164748430252075
703,VIDEO_7145813168818900229,16.20571517944336,18.175113677978516,13.666213989257812,-0.39901718497276306,-0.3979830741882324,14.893978118896484,17.333417892456055,0.6153846153846154,1.0,0.7040960192680359
704,VIDEO_7130620750842678533,16.184568405151367,18.795307159423828,15.166775703430176,1.2960724830627441,0.928147554397583,15.71419906616211,18.33665657043457,0.896551724137931,1.0,0.2531169056892395
705,VIDEO_7088705916027063557,17.3474063873291,21.93635368347168,14.448690414428711,0.646161675453186,-1.001227617263794,15.457778930664062,18.8818416595459,0.7142857142857143,1.0,1.0432411432266235
706,VIDEO_7087822626005060870,18.342575073242188,20.825056076049805,14.815984725952148,-0.2530468702316284,-0.0069658756256103516,17.4577693939209,19.76218605041504,0.6785714285714286,1.0,1.0960757732391357
707,VIDEO_7084890005491010821,11.369760513305664,14.806265830993652,9.75267219543457,0.9959725737571716,0.47363805770874023,13.630465507507324,9.887433052062988,0.0,0.1875,0.4042714536190033
708,VIDEO_7081140277083213062,16.73234748840332,19.39336585998535,14.99208927154541,0.8692720532417297,0.36627745628356934,15.799430847167969,17.35199546813965,0.7368421052631579,1.0,1.4216383695602417
709,VIDEO_7079069070078889221,17.47365951538086,21.182912826538086,15.228324890136719,0.4819677770137787,-0.44174814224243164,16.174209594726562,17.576269149780273,0.4117647058823529,1.0,1.8987540006637573
710,VIDEO_7077597820538146053,16.32868194580078,20.410539627075195,14.007203102111816,0.9724559187889099,0.12378358840942383,14.59285831451416,15.129408836364746,0.8461538461538461,1.0,0.9405271410942078
711,VIDEO_7076423248698690822,16.630386352539062,21.104835510253906,11.1201810836792,-0.43174996972084045,-0.8366045951843262,18.893320083618164,13.304242134094238,0.25,0.8333333333333334,1.9094370603561401
712,VIDEO_7075788593930816773,13.113688468933105,14.17063045501709,11.89388370513916,-0.29694628715515137,-1.2898532152175903,13.483184814453125,12.238247871398926,0.05263157894736842,0.631578947368421,0.4632524847984314
713,VIDEO_7073510812542913798,16.650293350219727,18.181699752807617,15.656423568725586,0.7043845653533936,-0.36899709701538086,16.63569450378418,16.046358108520508,0.64,1.0,0.3903628885746002
714,VIDEO_7073157554024566021,12.389809608459473,13.541190147399902,10.373700141906738,-1.000853419303894,0.6664822101593018,13.192042350769043,13.032508850097656,0.0,0.2,0.5538597106933594
715,VIDEO_7071521897082621189,17.366281509399414,22.409687042236328,12.297764778137207,-0.03506702184677124,-0.7896163463592529,22.341344833374023,15.306644439697266,0.041666666666666664,0.875,1.594948172569275
716,VIDEO_7070550742880292101,16.23228645324707,19.930835723876953,13.571870803833008,0.5442336201667786,-0.4548623561859131,15.213763236999512,16.929336547851562,0.9642857142857143,1.0,1.3918660879135132
717,VIDEO_7067217215925275910,15.172384262084961,18.7824764251709,13.226391792297363,0.7439646124839783,-0.7209370136260986,17.045852661132812,14.283272743225098,0.13793103448275862,1.0,0.5061221718788147
718,VIDEO_7064489288125189382,16.801965713500977,18.723880767822266,13.465473175048828,-1.283722162246704,0.5983901023864746,13.907493591308594,16.76848602294922,0.3888888888888889,1.0,0.6804097890853882
719,VIDEO_7063459529668742406,17.993417739868164,21.60643196105957,14.381298065185547,0.11474950611591339,-0.8112390041351318,16.924318313598633,19.554473876953125,0.9,1.0,1.3675183057785034
720,VIDEO_7062023531764256006,15.783914566040039,20.947704315185547,12.68608283996582,0.5398830771446228,-0.5836100578308105,15.269278526306152,12.91405200958252,0.19230769230769232,0.8846153846153846,0.6991069316864014
721,VIDEO_7061519229182315781,16.959367752075195,20.796363830566406,14.936563491821289,0.923474133014679,0.5266270637512207,16.926725387573242,16.6163330078125,0.19047619047619047,1.0,1.0925495624542236
722,VIDEO_7060887870688529670,17.296232223510742,22.284088134765625,13.724310874938965,0.21536433696746826,-1.5845798254013062,14.308171272277832,21.426725387573242,0.9545454545454546,1.0,0.6220517754554749
723,VIDEO_7059414649581604102,15.349029541015625,19.16486167907715,11.374363899230957,-0.21917349100112915,-0.8642532825469971,11.925430297851562,18.35919761657715,0.85,0.85,1.394452691078186
724,VIDEO_7057560274424958214,20.164583206176758,22.740041732788086,18.09140968322754,0.21861369907855988,-1.2658780813217163,18.637670516967773,18.580604553222656,0.47619047619047616,1.0,0.506805419921875
725,VIDEO_7055714634526969093,17.648637771606445,20.92218780517578,14.16301441192627,-0.2376086562871933,-0.5683400630950928,16.1845760345459,15.089314460754395,0.7368421052631579,1.0,0.9243602752685547
726,VIDEO_7055321327174946054,20.67192268371582,23.069259643554688,17.474260330200195,-0.43375521898269653,-0.7184436321258545,21.607343673706055,18.394859313964844,0.15384615384615385,1.0,1.0544798374176025
727,VIDEO_7054948838716493061,18.56992530822754,22.740482330322266,15.757756233215332,0.16879557073116302,1.0358076095581055,18.506635665893555,18.4825439453125,0.7333333333333333,1.0,1.3059667348861694
728,VIDEO_7053545705868152069,19.016624450683594,20.220813751220703,17.336929321289062,-0.4567333459854126,-1.0088212490081787,18.1976261138916,18.93391227722168,0.6470588235294118,1.0,0.9232553243637085
729,VIDEO_7052727837165505797,15.274827003479004,20.731792449951172,11.342384338378906,0.35080692172050476,-0.8738536834716797,17.503835678100586,16.687646865844727,0.8076923076923077,0.8076923076923077,1.218537449836731
730,VIDEO_7045558641969073414,18.330320358276367,21.096895217895508,16.205184936523438,0.40502411127090454,-1.0194817781448364,18.287975311279297,20.332115173339844,0.32142857142857145,1.0,0.7306039333343506
731,VIDEO_7039259712038112518,16.425762176513672,22.460201263427734,12.02989387512207,0.025846725329756737,0.4543724060058594,18.239103317260742,14.462752342224121,0.7,0.9,1.6825029850006104
732,VIDEO_7038189746484563205,16.791292190551758,18.562931060791016,15.775736808776855,1.111305832862854,1.022911548614502,18.314537048339844,16.74330711364746,0.0,1.0,0.3137699067592621
733,VIDEO_7019307301299424518,15.452526092529297,21.67302894592285,11.57456111907959,0.7430249452590942,0.2413945198059082,19.851179122924805,14.18462085723877,0.0,0.9259259259259259,1.1999508142471313
734,VIDEO_7014030961486630149,17.86517906188965,22.522384643554688,14.918938636779785,0.7181011438369751,-0.3470473289489746,17.648733139038086,20.054079055786133,0.72,1.0,1.3176389932632446
735,VIDEO_7001083090462346501,17.569843292236328,21.916685104370117,13.776437759399414,-0.06316322088241577,-1.5588674545288086,21.297658920288086,14.616748809814453,0.0,1.0,1.1597422361373901
736,VIDEO_6994481888182144262,18.09296989440918,20.661964416503906,16.356298446655273,0.0069459606893360615,-0.8616013526916504,17.302433013916016,19.077232360839844,0.6129032258064516,1.0,0.541846513748169
737,VIDEO_6982843678305897734,17.932024002075195,20.495508193969727,15.453653335571289,-0.12397123128175735,0.015385150909423828,18.405521392822266,17.03059196472168,0.10714285714285714,1.0,1.1274174451828003
738,VIDEO_6972416280762649861,17.03346061706543,21.134992599487305,14.195396423339844,0.2986253798007965,-0.5465042591094971,16.991729736328125,18.884565353393555,0.7037037037037037,1.0,1.9236785173416138
739,VIDEO_6963197595422346502,16.613737106323242,20.707740783691406,12.0951566696167,-0.3203236758708954,-0.5604584217071533,14.135050773620605,15.413291931152344,0.5,0.9583333333333334,2.155738592147827
740,VIDEO_6959192993014287622,17.068206787109375,20.64439582824707,10.79196548461914,-0.8702363967895508,0.7266051769256592,12.487075805664062,19.01967430114746,0.9333333333333333,0.9666666666666667,1.7204744815826416
741,VIDEO_6952049416425590022,19.45032501220703,20.820341110229492,17.621782302856445,-0.46685588359832764,-1.2669373750686646,20.647123336791992,17.78717613220215,0.0,1.0,0.20933742821216583
742,VIDEO_6921227616347327749,16.107044219970703,18.471721649169922,13.391925811767578,-0.4867214262485504,-0.9847767353057861,16.222875595092773,15.166999816894531,0.1,1.0,0.9789838194847107
743,VIDEO_6919824999914245381,17.886938095092773,20.802026748657227,16.138471603393555,0.5342317223548889,-0.005692958831787109,17.030168533325195,11.737677574157715,0.5833333333333334,0.9583333333333334,2.1547579765319824
744,VIDEO_7597116010528902422,19.80428695678711,21.782865524291992,18.478759765625,0.7365735769271851,0.09785246849060059,20.124807357788086,20.224332809448242,0.5,1.0,0.44838178157806396
745,VIDEO_7548437152137350422,16.747074127197266,18.112215042114258,15.587200164794922,0.3075597286224365,-0.26566648483276367,16.358625411987305,16.530879974365234,0.23809523809523808,1.0,0.66722571849823
746,VIDEO_7545851939586723094,17.59653091430664,18.257471084594727,17.21139907836914,0.5620563626289368,-0.8853597640991211,17.560623168945312,17.76198387145996,0.3333333333333333,1.0,0.3540407121181488
747,VIDEO_7537717748512705814,16.184246063232422,17.497631072998047,14.53216552734375,-0.259267121553421,-0.27001476287841797,15.516899108886719,16.59838104248047,0.8076923076923077,1.0,0.5266361832618713
748,VIDEO_7530943991257386262,17.658588409423828,19.761558532714844,16.572673797607422,0.6865535974502563,-1.1759856939315796,16.693920135498047,19.34691047668457,0.9333333333333333,1.0,0.36010509729385376
749,VIDEO_7528439846218550550,18.966041564941406,19.043621063232422,18.8878231048584,0.34362563490867615,-0.9569962024688721,18.963930130004883,18.981842041015625,0.84375,1.0,0.024946827441453934
750,VIDEO_7524285666692271382,17.540536880493164,22.844087600708008,13.63354778289795,0.7800830006599426,3.989870548248291,17.747194290161133,16.255029678344727,0.68,1.0,1.4047261476516724
751,VIDEO_7519058140860583190,19.906187057495117,20.748157501220703,18.3646297454834,-0.5720164179801941,-0.39446115493774414,20.006898880004883,18.967609405517578,0.5294117647058824,1.0,0.3882180452346802
752,VIDEO_7515407893357759766,20.779682159423828,22.519311904907227,18.821043014526367,-0.5805565118789673,-0.6551878452301025,21.29218101501465,19.179990768432617,0.20833333333333334,1.0,0.3925616145133972
753,VIDEO_7511669950990290198,23.24341583251953,25.94064712524414,19.34880256652832,-0.6360304355621338,-1.1054447889328003,23.763235092163086,23.92720603942871,0.3333333333333333,1.0,0.9966039061546326
754,VIDEO_7496845046814166294,17.2022762298584,22.230030059814453,12.806934356689453,0.05550222843885422,-0.46228551864624023,14.220097541809082,18.403385162353516,0.6,0.96,2.1725666522979736
755,VIDEO_7475687308797299990,15.367562294006348,18.020435333251953,12.676758766174316,-0.07501722872257233,-1.2189767360687256,13.636454582214355,17.32921028137207,0.8148148148148148,0.9259259259259259,0.6512957215309143
756,VIDEO_7470159373935856918,18.450613021850586,19.039688110351562,17.400503158569336,-0.7181121706962585,-1.0917015075683594,18.346845626831055,18.958879470825195,0.8947368421052632,1.0,0.2192283272743225
757,VIDEO_7459403430122097942,17.837360382080078,20.695117950439453,16.831933975219727,1.8616602420806885,3.1314444541931152,17.73248863220215,17.89029884338379,0.75,1.0,0.7637251615524292
758,VIDEO_7458331354212666646,19.263731002807617,22.579130172729492,9.309600830078125,-2.927661895751953,9.853828430175781,21.17310333251953,15.426898002624512,0.09523809523809523,0.9523809523809523,1.1815470457077026
759,VIDEO_7455305851092389142,16.901260375976562,20.308874130249023,15.015074729919434,0.6182839274406433,-1.2791470289230347,17.754480361938477,15.567126274108887,0.22727272727272727,1.0,0.9051470756530762
760,VIDEO_7451629003380755734,18.40608787536621,24.370826721191406,14.779694557189941,0.9039221405982971,-0.005492210388183594,16.95643424987793,22.267501831054688,0.9333333333333333,1.0,2.67714524269104
761,VIDEO_7450432979526012182,16.735614776611328,17.784395217895508,15.322894096374512,-0.689712643623352,0.1254260540008545,15.47276782989502,16.917848587036133,0.7142857142857143,1.0,0.4916626513004303
762,VIDEO_7439731424854379809,16.34796142578125,19.385623931884766,8.292043685913086,-1.149704933166504,-0.449063777923584,11.687019348144531,19.228849411010742,0.7222222222222222,0.7777777777777778,1.372383952140808
763,VIDEO_7438288130567949601,18.43065643310547,19.665088653564453,16.689228057861328,-0.419131875038147,-0.5531468391418457,18.27075958251953,18.756620407104492,0.4666666666666667,1.0,0.8546639680862427
764,VIDEO_7434514141697625377,16.624595642089844,18.74055290222168,13.92833423614502,-0.30751660466194153,-0.48630452156066895,17.383596420288086,17.825965881347656,0.034482758620689655,1.0,1.2439535856246948
765,VIDEO_7433411068988280097,17.40091896057129,21.48697853088379,14.524907112121582,0.5152239799499512,0.4846186637878418,16.753019332885742,16.856491088867188,0.4642857142857143,1.0,1.1638785600662231
766,VIDEO_7414109220523511073,17.756624221801758,22.785303115844727,12.732876777648926,-0.44848665595054626,-0.6977109909057617,18.281129837036133,20.827383041381836,0.9615384615384616,0.9615384615384616,1.8920891284942627
767,VIDEO_7410754655682153761,17.76515007019043,18.36835289001465,16.42141342163086,-1.1642481088638306,1.4402623176574707,17.4937744140625,17.979360580444336,0.7647058823529411,1.0,0.3859682083129883
768,VIDEO_7407843953539583265,21.405677795410156,23.28455352783203,19.59793472290039,0.49200308322906494,-0.8964617252349854,23.282882690429688,20.705202102661133,0.05555555555555555,0.9444444444444444,3.0281999111175537
769,VIDEO_7400379104962284832,20.195430755615234,21.29412078857422,18.80169105529785,-0.2842215895652771,-0.6932876110076904,19.1855411529541,20.038766860961914,0.2,1.0,0.5711714029312134
770,VIDEO_7395950056001572128,15.887568473815918,16.578845977783203,15.282026290893555,0.0756102129817009,-0.8919241428375244,16.017446517944336,15.713793754577637,0.20833333333333334,1.0,0.2647284269332886
771,VIDEO_7393316600922885409,19.01504135131836,24.5920467376709,16.908784866333008,1.0014725923538208,0.5220000743865967,19.97148323059082,17.110523223876953,0.42105263157894735,1.0,1.2629902362823486
772,VIDEO_7372168611449900321,19.119314193725586,20.329614639282227,17.819393157958984,0.0011899765813723207,-1.2259153127670288,19.67169952392578,19.786664962768555,0.13333333333333333,1.0,0.7419837713241577
773,VIDEO_7358820174952172832,18.175825119018555,19.983779907226562,16.434110641479492,0.3781237304210663,-0.27188634872436523,19.255434036254883,17.401273727416992,0.16666666666666666,1.0,0.951443612575531
774,VIDEO_7356608348030012704,20.295042037963867,21.603403091430664,19.371931076049805,0.7313436269760132,0.16071200370788574,20.4377498626709,20.145889282226562,0.4090909090909091,1.0,0.4016948938369751
775,VIDEO_7354350552693656864,21.559066772460938,23.846267700195312,18.600543975830078,-0.29699283838272095,0.21210527420043945,21.15200424194336,21.837629318237305,0.375,1.0,1.4735636711120605
776,VIDEO_7350310562586283297,18.588665008544922,20.22374725341797,16.555347442626953,-0.7960553169250488,1.6295161247253418,17.33888053894043,19.556108474731445,0.95,1.0,0.49359121918678284
777,VIDEO_7343666836812123424,15.717679977416992,20.560749053955078,14.212974548339844,1.5073210000991821,2.1030383110046387,18.42817497253418,16.433897018432617,0.0,1.0,0.577228307723999
778,VIDEO_7332509276432289057,17.841472625732422,19.305866241455078,12.558563232421875,-2.038606643676758,3.2419352531433105,15.69991397857666,18.10440444946289,0.14285714285714285,0.9285714285714286,0.9481251239776611
779,VIDEO_7325862287540096289,20.001420974731445,22.6287841796875,16.93988609313965,0.19264449179172516,-0.9235818386077881,19.985017776489258,18.91900062561035,0.3181818181818182,1.0,1.254919409751892
780,VIDEO_7324725007391804705,21.80095100402832,25.02802276611328,16.723379135131836,-0.8015335202217102,-0.16658806800842285,24.532960891723633,21.3486270904541,0.07407407407407407,1.0,0.9588358402252197
781,VIDEO_7309107806202842400,19.69525146484375,20.921464920043945,17.431446075439453,-1.1021136045455933,1.7879371643066406,19.020750045776367,19.54539680480957,0.1875,1.0,0.4773302972316742
782,VIDEO_7306559173217488160,17.60384178161621,20.50533103942871,11.609176635742188,-1.201058030128479,1.5504164695739746,18.93395233154297,16.70075035095215,0.5,0.9666666666666667,1.7620012760162354
783,VIDEO_7261996739446590753,18.345565795898438,22.493125915527344,13.84135913848877,-0.15106070041656494,1.122781753540039,16.906187057495117,18.605405807495117,0.7619047619047619,1.0,1.6481428146362305
784,VIDEO_7260814503728696602,16.360233306884766,17.896106719970703,14.104944229125977,-0.3251796066761017,-1.2101452350616455,16.10883331298828,17.015138626098633,0.23809523809523808,1.0,0.8603730201721191
785,VIDEO_7254588789559938330,16.90646743774414,21.026050567626953,12.03442668914795,-0.37488168478012085,-1.0100440979003906,19.81070899963379,18.14664649963379,0.7272727272727273,0.8181818181818182,2.3471577167510986
786,VIDEO_7606001119243881750,20.01939582824707,23.44090461730957,15.438008308410645,-0.2751191556453705,-0.7331974506378174,23.179931640625,19.971837997436523,0.05263157894736842,1.0,1.3982691764831543
787,VIDEO_7604886753471761686,19.525775909423828,20.447986602783203,18.98541831970215,0.8808028697967529,-0.2754039764404297,20.296480178833008,19.200040817260742,0.13333333333333333,1.0,0.26084068417549133
788,VIDEO_7601164093910715670,13.715797424316406,18.77078628540039,10.083703994750977,0.11117574572563171,-0.82430100440979,17.058137893676758,14.9025239944458,0.0,0.5789473684210527,0.8818257451057434
789,VIDEO_7587442936376233238,11.240614891052246,15.702080726623535,6.9541096687316895,0.22572922706604004,-1.6464365720748901,13.901019096374512,9.046797752380371,0.25,0.4,0.8549764752388
790,VIDEO_7578256886286322966,18.230045318603516,20.827579498291016,16.13493537902832,0.428265780210495,-1.0292611122131348,16.605249404907227,17.90870475769043,0.7666666666666667,1.0,0.9533767104148865
791,VIDEO_7566676756199951638,20.29940414428711,21.474985122680664,18.881820678710938,-0.241942897439003,-0.8560488224029541,19.96021842956543,19.85081672668457,0.9285714285714286,1.0,0.5207717418670654
792,VIDEO_7560707094018542870,13.419694900512695,14.878826141357422,12.176772117614746,0.29174166917800903,-1.288935661315918,12.942416191101074,12.29881763458252,0.7241379310344828,0.5517241379310345,0.3675476014614105
793,VIDEO_7545046455229205782,17.06817054748535,19.572887420654297,14.827940940856934,-0.015353825874626637,-0.7068877220153809,15.222046852111816,18.28972816467285,0.84,1.0,0.4475710093975067
794,VIDEO_7529427220335496450,16.008474349975586,21.015911102294922,11.733107566833496,0.25450399518013,-1.2640366554260254,12.65468692779541,19.431520462036133,0.7058823529411765,0.8235294117647058,1.1042752265930176
795,VIDEO_7516624091097337110,18.687528610229492,22.872817993164062,14.392786979675293,-0.0366317443549633,-0.9669551849365234,19.815343856811523,19.330245971679688,0.0,1.0,3.1393208503723145
796,VIDEO_7504627479449963798,15.750968933105469,18.360809326171875,9.409088134765625,-1.0731412172317505,0.9857635498046875,13.463961601257324,17.473344802856445,0.5,0.9166666666666666,1.853121042251587
797,VIDEO_7494230009050139926,21.632835388183594,23.209117889404297,18.611236572265625,-0.996592104434967,0.3439469337463379,22.90891456604004,19.776735305786133,0.125,1.0,0.7075226902961731
798,VIDEO_7491322585624349974,16.678518295288086,19.304323196411133,12.22865104675293,-0.6230201125144958,0.2888481616973877,18.476118087768555,17.130647659301758,0.043478260869565216,0.9565217391304348,1.8221958875656128
799,VIDEO_7486129539827928342,17.772397994995117,23.74834632873535,13.481587409973145,0.5723187923431396,-0.5191314220428467,22.70855140686035,18.54244041442871,0.1111111111111111,1.0,1.304656982421875
800,VIDEO_7485773090555956503,17.198497772216797,21.4625186920166,10.299288749694824,-0.6791881918907166,0.5433821678161621,19.884414672851562,15.290902137756348,0.4,0.9333333333333333,2.0282468795776367
801,VIDEO_7484928854029634838,13.705669403076172,13.991440773010254,13.502043724060059,0.6540032029151917,0.25265932083129883,13.667060852050781,13.810364723205566,0.7692307692307693,1.0,0.12819504737854004
802,VIDEO_7481596789448117526,19.03610610961914,20.890275955200195,17.224218368530273,-0.042466048151254654,-0.8037238121032715,19.65229034423828,18.42716407775879,0.2857142857142857,1.0,1.109565258026123
803,VIDEO_7478735064881237270,18.832759857177734,22.258628845214844,15.056313514709473,-0.6534919142723083,-0.6668543815612793,19.80432891845703,20.670095443725586,0.27586206896551724,1.0,1.7917684316635132
804,VIDEO_7348766265927814432,18.344026565551758,21.361417770385742,16.29775619506836,0.5986310243606567,-0.844092607498169,16.597654342651367,20.114980697631836,0.3333333333333333,1.0,0.823447048664093
805,VIDEO_7346541062267079968,18.748891830444336,21.733196258544922,15.46345043182373,-0.26438942551612854,-0.7436861991882324,19.393156051635742,17.2997989654541,0.23809523809523808,1.0,1.0458842515945435
806,VIDEO_7343923844316548384,17.35183334350586,23.45449447631836,14.405875205993652,1.0628315210342407,0.9588108062744141,19.0920467376709,17.696889877319336,0.76,1.0,1.3330453634262085
807,VIDEO_7303884823578397984,20.41883087158203,21.988157272338867,18.153366088867188,-0.21923042833805084,-0.8907592296600342,21.035436630249023,20.434425354003906,0.07692307692307693,1.0,1.5231493711471558
808,VIDEO_7291237498506743072,20.236207962036133,20.475860595703125,20.02329444885254,-0.03230118751525879,-0.35274672508239746,20.25580596923828,20.129819869995117,0.7857142857142857,1.0,0.11592116206884384
809,VIDEO_7263733416292617505,16.523439407348633,20.68886947631836,13.596437454223633,0.25242355465888977,-1.2858128547668457,14.348889350891113,17.638656616210938,0.6923076923076923,1.0,0.7513903975486755
810,VIDEO_7256464845132827931,19.580196380615234,22.409442901611328,16.732629776000977,0.005494741722941399,-1.184882640838623,20.812280654907227,21.075002670288086,0.3333333333333333,1.0,1.761808156967163
811,VIDEO_7219294434465238298,17.7529239654541,20.508813858032227,14.502416610717773,-0.2855631411075592,-1.0561052560806274,18.761886596679688,18.496198654174805,0.3333333333333333,1.0,1.663758397102356
812,VIDEO_7217888414631283995,18.791851043701172,20.939449310302734,14.883597373962402,-0.7416796684265137,-0.25843262672424316,20.219430923461914,19.297521591186523,0.18181818181818182,1.0,1.3508573770523071
813,VIDEO_7215515219164990746,15.607784271240234,19.33394432067871,12.741975784301758,0.5038974285125732,-0.5036535263061523,13.420672416687012,14.884907722473145,0.5333333333333333,0.9333333333333333,0.7178114652633667
814,VIDEO_7212344637523283205,16.04979133605957,20.424917221069336,11.25226879119873,0.3310951888561249,0.14110851287841797,18.969985961914062,15.461692810058594,0.25925925925925924,0.9259259259259259,1.7017003297805786
815,VIDEO_7211165738957163782,17.559642791748047,24.499971389770508,13.213272094726562,0.6276541948318481,-0.179121732711792,13.361175537109375,19.3936824798584,0.45454545454545453,1.0,1.5299925804138184
816,VIDEO_7207862806899592453,18.99766731262207,22.22243309020996,13.2130708694458,-0.8912703394889832,1.0337467193603516,17.5660457611084,17.963970184326172,0.7692307692307693,1.0,1.390836477279663
817,VIDEO_7206682386531110149,18.199695587158203,21.762954711914062,15.075521469116211,-0.012738127261400223,-1.1258059740066528,16.94386100769043,19.551267623901367,0.76,1.0,1.7167996168136597
818,VIDEO_7206680972555750661,18.378387451171875,20.650495529174805,16.88985824584961,0.37984877824783325,-0.2987706661224365,17.54696273803711,18.40205955505371,0.25925925925925924,1.0,0.6731745600700378
819,VIDEO_7040810874281479430,17.053464889526367,19.176727294921875,13.67371654510498,-0.9617107510566711,-0.28490519523620605,17.954622268676758,16.51966094970703,0.56,1.0,1.0530248880386353
820,VIDEO_7039252769894616326,17.678497314453125,21.011520385742188,11.179143905639648,-1.1215808391571045,1.023818016052246,17.778915405273438,17.927888870239258,0.5909090909090909,0.9545454545454546,2.1980361938476562
821,VIDEO_7039005707844308229,16.959177017211914,20.54493522644043,15.042750358581543,1.0215637683868408,-0.5233798027038574,19.98615264892578,15.643441200256348,0.15,1.0,0.6611244082450867
822,VIDEO_7038707297396198661,19.153640747070312,22.29817008972168,16.689123153686523,0.2973227798938751,-0.8665633201599121,19.492542266845703,18.405014038085938,0.5357142857142857,1.0,0.866125226020813
823,VIDEO_7036326405155638533,18.18781280517578,19.843111038208008,15.639087677001953,-0.6800944209098816,0.3887441158294678,17.06101417541504,18.69441795349121,0.25925925925925924,1.0,0.8187597990036011
824,VIDEO_7033466696245497093,19.77504539489746,21.44548225402832,18.368894577026367,0.5015340447425842,0.6753203868865967,20.022676467895508,19.487287521362305,0.5625,1.0,0.5788809657096863
825,VIDEO_7026774067223055621,18.801305770874023,20.312950134277344,17.047714233398438,-0.11932273209095001,-1.0709573030471802,19.269590377807617,19.04661750793457,0.35714285714285715,1.0,0.5678754448890686
826,VIDEO_7022596866374192390,14.424440383911133,17.257719039916992,12.450950622558594,0.2586333751678467,-0.736454963684082,15.427050590515137,15.960090637207031,0.9473684210526315,0.8421052631578947,0.7990424036979675
827,VIDEO_7007863408129215749,18.190624237060547,21.74140739440918,15.506620407104492,0.3015558123588562,-0.7648837566375732,17.868127822875977,20.306486129760742,0.9,1.0,2.0201268196105957
828,VIDEO_7004414493086240006,14.959484100341797,18.145292282104492,12.3782377243042,0.6431333422660828,-0.5120973587036133,13.857799530029297,17.066116333007812,0.9090909090909091,0.9090909090909091,1.0793397426605225
829,VIDEO_6821547365887905030,17.014694213867188,19.355619430541992,14.970922470092773,0.34708869457244873,-0.11697268486022949,18.42186737060547,16.925647735595703,0.25925925925925924,1.0,0.9305838346481323
830,VIDEO_6814175723704683782,16.133834838867188,18.853391647338867,11.833545684814453,-0.6467186212539673,-0.4112980365753174,10.562779426574707,13.90106201171875,0.6296296296296297,0.8518518518518519,1.8725008964538574
831,VIDEO_7584519298459176214,18.07374382019043,20.004234313964844,14.539429664611816,-0.7408469319343567,-0.03440284729003906,17.79207992553711,18.564729690551758,0.48148148148148145,1.0,1.009627103805542
832,VIDEO_7579293926796922134,17.996118545532227,22.316560745239258,13.924800872802734,-0.35570791363716125,-0.7895710468292236,15.11546802520752,19.780851364135742,0.6296296296296297,1.0,0.8403100371360779
833,VIDEO_7540185950714875158,18.802133560180664,22.722097396850586,15.450064659118652,0.012116704136133194,-0.2169647216796875,21.377382278442383,15.929125785827637,0.0,1.0,0.8567163348197937
834,VIDEO_7533680078866238742,17.096582412719727,20.27534294128418,14.228667259216309,-0.11672290414571762,-0.47338223457336426,15.87651538848877,19.184967041015625,0.9,1.0,1.162293553352356
835,VIDEO_7529820615637847318,17.935571670532227,20.25818634033203,15.03598690032959,-0.21271584928035736,-0.1622781753540039,18.78515625,17.872892379760742,0.84,1.0,1.3942488431930542
836,VIDEO_7517676181366295830,17.448049545288086,18.325550079345703,15.636067390441895,-1.0819741487503052,0.6344442367553711,17.16842269897461,17.6700382232666,0.4090909090909091,1.0,0.6867320537567139
837,VIDEO_7490984274049469718,17.666288375854492,21.44769287109375,14.483258247375488,0.2686691880226135,-0.9275987148284912,15.718178749084473,18.80483055114746,0.7222222222222222,1.0,1.0106029510498047
838,VIDEO_7490119511731965206,16.412731170654297,19.966197967529297,12.002680778503418,-0.4895250201225281,0.09466099739074707,17.727760314941406,17.54131507873535,0.19230769230769232,0.9230769230769231,1.3015272617340088
839,VIDEO_7481977420220779798,17.47995376586914,21.66335678100586,13.399344444274902,0.12191008776426315,-0.7667462825775146,14.013327598571777,16.617849349975586,0.4,1.0,1.422613501548767
840,VIDEO_7479081271746989334,19.456581115722656,23.138290405273438,16.40155029296875,0.16344806551933289,-0.4899768829345703,18.199220657348633,17.73346710205078,0.34782608695652173,1.0,1.3971548080444336
841,VIDEO_7478417820376812822,17.058475494384766,20.674657821655273,13.364108085632324,0.2054315209388733,-0.7229833602905273,14.399500846862793,16.708757400512695,0.3333333333333333,1.0,1.6722379922866821
842,VIDEO_7475816575975623958,20.006807327270508,22.609468460083008,13.206783294677734,-1.4497745037078857,2.3922252655029297,20.545133590698242,18.46637535095215,0.52,1.0,1.111134648323059
843,VIDEO_7471349532496842006,18.656221389770508,20.56871223449707,15.712821960449219,-0.5836057662963867,1.0363578796386719,18.827363967895508,19.816926956176758,0.2777777777777778,1.0,1.1260833740234375
844,VIDEO_7471348371962334486,17.78560447692871,21.61762046813965,15.09129810333252,0.6449739933013916,0.14862489700317383,18.20142364501953,17.510709762573242,0.6666666666666666,1.0,1.828073501586914
845,VIDEO_7470212560399109398,15.665519714355469,20.332040786743164,9.169692993164062,-0.785637378692627,2.268217086791992,17.20747184753418,10.32366943359375,0.041666666666666664,0.875,3.0000710487365723
846,VIDEO_7468313844230704406,19.960193634033203,21.741355895996094,17.663253784179688,-0.3787297010421753,-1.0151402950286865,19.82792091369629,18.855222702026367,0.4117647058823529,1.0,0.8626816272735596
847,VIDEO_7438966885879696662,18.541397094726562,21.772258758544922,15.179912567138672,0.06726351380348206,-0.48397040367126465,20.270959854125977,16.361970901489258,0.17647058823529413,1.0,0.7735552787780762
848,VIDEO_7418133778406657313,17.404983520507812,18.342363357543945,16.27889060974121,-0.26077982783317566,-0.7049086093902588,17.21910858154297,17.122983932495117,0.7619047619047619,1.0,0.4001505970954895
849,VIDEO_7415589341981986080,18.435380935668945,20.310523986816406,16.823139190673828,0.4525405764579773,-0.38179755210876465,18.473031997680664,18.90557861328125,0.35714285714285715,1.0,0.7790015935897827
850,VIDEO_7415541670361500961,18.238672256469727,19.405719757080078,17.19717788696289,0.2826758325099945,-0.4509761333465576,17.51396369934082,18.129972457885742,0.35714285714285715,1.0,0.4787839651107788
851,VIDEO_7414059508630031648,18.75946807861328,21.851999282836914,16.814010620117188,0.7651812434196472,0.15768098831176758,20.05652618408203,17.547447204589844,0.6296296296296297,1.0,0.9647634029388428
852,VIDEO_7413699830469397793,15.655669212341309,17.66767692565918,14.329795837402344,0.44201919436454773,-0.7918612957000732,16.03649139404297,14.607159614562988,0.4666666666666667,1.0,0.8710318207740784
853,VIDEO_7413269884840267040,16.23927116394043,20.604541778564453,11.734992980957031,-0.21204900741577148,-1.414698600769043,13.615306854248047,18.68827247619629,0.56,0.84,0.8250561356544495
854,VIDEO_7412939421089090849,17.15909767150879,21.085159301757812,12.936237335205078,-0.1582605391740799,-1.6384276151657104,13.627020835876465,20.638872146606445,0.9375,0.9375,1.0637753009796143
855,VIDEO_7410359060681297184,17.80131721496582,20.03973960876465,15.076520919799805,-0.30584996938705444,-1.3685508966445923,15.875584602355957,19.42066192626953,0.9615384615384616,1.0,0.7511548399925232
856,VIDEO_7400784701633416481,19.455398559570312,23.8049373626709,13.822805404663086,-0.23670415580272675,-0.6908860206604004,15.4415864944458,23.350234985351562,0.9523809523809523,1.0,0.9883184432983398
857,VIDEO_7379167807679761697,14.441868782043457,15.813140869140625,12.688563346862793,-0.4156428575515747,-0.4411187171936035,15.07421588897705,13.0950927734375,0.28,0.96,0.557310938835144
858,VIDEO_7353226118662589728,16.329030990600586,20.678922653198242,12.321985244750977,0.09302273392677307,-1.2816152572631836,20.06427574157715,15.923138618469238,0.0,0.9375,0.9844989776611328
859,VIDEO_7344802060019256609,20.00383758544922,22.832826614379883,16.795673370361328,-0.0037625781260430813,-1.5296168327331543,18.33816909790039,20.22677230834961,0.6451612903225806,1.0,1.0541224479675293
860,VIDEO_7326857703958105376,14.935770034790039,15.35539436340332,14.412672996520996,-0.3350013196468353,-0.5763154029846191,14.866592407226562,14.464207649230957,0.41379310344827586,1.0,0.16154156625270844
861,VIDEO_7324421973612825889,17.296680450439453,23.856279373168945,13.313007354736328,1.028229832649231,0.08851122856140137,22.926651000976562,17.485708236694336,0.04,1.0,1.1403559446334839
862,VIDEO_7315824288173493536,20.359094619750977,22.64269256591797,17.722187042236328,-0.3879769444465637,-0.9737458229064941,20.449281692504883,19.298419952392578,0.3684210526315789,1.0,0.8444021940231323
863,VIDEO_7296417264591441185,16.442447662353516,16.58914566040039,16.131595611572266,-1.2890138626098633,3.3887062072753906,16.46774673461914,16.462730407714844,0.0,1.0,0.08032839000225067
864,VIDEO_7296124478130572577,17.82398223876953,20.099300384521484,14.727062225341797,-0.06596937775611877,-0.9545011520385742,17.977331161499023,19.760202407836914,0.9047619047619048,1.0,0.990615725517273
865,VIDEO_7296075013734616353,16.55654525756836,19.040048599243164,14.151975631713867,0.2797383964061737,-0.7617242336273193,17.699979782104492,15.0589017868042,0.3,1.0,1.5466934442520142
866,VIDEO_7295785443528920352,16.863975524902344,19.425817489624023,14.276862144470215,0.1572050005197525,-0.6641116142272949,15.855430603027344,16.28959846496582,0.6666666666666666,1.0,1.2543489933013916
867,VIDEO_7294200756586958113,20.879301071166992,25.556167602539062,16.040122985839844,-0.13982948660850525,-0.4944138526916504,21.721834182739258,18.972532272338867,0.7083333333333334,1.0,2.1354820728302
868,VIDEO_7288261263757446433,19.516027450561523,22.656652450561523,16.36345672607422,-0.20993390679359436,-0.7924044132232666,20.431900024414062,21.436220169067383,0.967741935483871,1.0,1.5281957387924194
869,VIDEO_7278716528839626016,18.934038162231445,21.932415008544922,14.641759872436523,-0.44229361414909363,-0.12418341636657715,19.261857986450195,19.12535285949707,0.5263157894736842,1.0,2.1639366149902344
870,VIDEO_7255981234374069530,18.45774269104004,22.13715171813965,13.989639282226562,-0.41802433133125305,-0.6667795181274414,15.088676452636719,18.485549926757812,0.5,1.0,1.5691742897033691
871,VIDEO_7246825881904139546,17.738014221191406,20.97408676147461,14.418092727661133,-0.03456134721636772,-0.5404539108276367,16.076576232910156,18.912826538085938,0.8,1.0,1.1122397184371948
872,VIDEO_7238904736253054234,16.494646072387695,22.789270401000977,11.797897338867188,0.3992646634578705,1.7869653701782227,16.402610778808594,15.55170726776123,0.7619047619047619,0.9047619047619048,2.0293350219726562
873,VIDEO_7219646733901450502,17.46030044555664,22.07329750061035,12.227840423583984,0.20181603729724884,-0.4839615821838379,16.329423904418945,17.443435668945312,0.6,0.95,2.11840558052063
874,VIDEO_7214862934139260166,19.404870986938477,25.40409278869629,14.751320838928223,0.3402371406555176,-0.607799768447876,24.12200927734375,16.85057258605957,0.06666666666666667,1.0,1.848084568977356
875,VIDEO_7214113271018753285,18.729276657104492,21.215051651000977,14.882637977600098,-0.5750522613525391,-0.7432601451873779,18.778316497802734,16.378103256225586,0.3888888888888889,1.0,1.4539235830307007
876,VIDEO_7213795540574735621,17.917997360229492,20.64595603942871,12.484973907470703,-1.2620716094970703,1.5043859481811523,19.26513671875,18.630661010742188,0.0,0.9523809523809523,1.9880456924438477
877,VIDEO_7210834532591963398,17.727954864501953,20.056974411010742,14.74026870727539,-0.6880670785903931,0.6066555976867676,17.42631721496582,18.955617904663086,0.9047619047619048,1.0,1.1888659000396729
878,VIDEO_7208933349933452550,19.04325294494629,21.90491485595703,15.049336433410645,-0.5718414783477783,-1.0205270051956177,21.52430534362793,18.138822555541992,0.09090909090909091,1.0,0.9978854060173035
879,VIDEO_7208551637869268230,17.743757247924805,24.449420928955078,14.316034317016602,0.8958488702774048,1.2443885803222656,18.408662796020508,16.126012802124023,0.16666666666666666,1.0,1.572425365447998
880,VIDEO_7203684040606633222,18.273744583129883,20.78516387939453,15.907546997070312,-0.19424831867218018,-0.5698544979095459,18.955644607543945,18.0888729095459,0.25,1.0,1.042092204093933
881,VIDEO_7183332234605268250,15.207601547241211,17.923343658447266,12.110071182250977,-0.28958043456077576,1.004349708557129,15.276705741882324,16.41448402404785,0.9230769230769231,0.9230769230769231,0.877629816532135
882,VIDEO_7175881254233967878,19.652862548828125,21.33001136779785,18.573163986206055,0.4807509481906891,-1.7332568168640137,21.295015335083008,18.71826934814453,0.05555555555555555,1.0,0.17314866185188293
883,VIDEO_7171408287785782533,17.345727920532227,21.08669662475586,11.942693710327148,-0.5214933753013611,0.03083062171936035,16.9788818359375,19.307735443115234,0.9473684210526315,0.9473684210526315,1.4748616218566895
884,VIDEO_7168426884852747526,18.821414947509766,20.42964744567871,17.281368255615234,-0.06112596020102501,-0.5955731868743896,19.046661376953125,17.686845779418945,0.24,1.0,0.40403151512145996
885,VIDEO_7158057918431120645,18.062150955200195,20.90222930908203,16.18794822692871,0.6126750111579895,-1.1285659074783325,20.52336311340332,12.443599700927734,0.1111111111111111,0.9444444444444444,1.8506417274475098
886,VIDEO_7146624079615790341,16.681753158569336,20.838651657104492,13.528100967407227,-0.0355776771903038,0.18711471557617188,16.773372650146484,18.426069259643555,0.9473684210526315,1.0,1.5160553455352783
887,VIDEO_7123931386964184326,18.32786750793457,21.364011764526367,16.037261962890625,0.21156717836856842,0.0034139156341552734,18.566614151000977,17.89566993713379,0.6785714285714286,1.0,1.1249992847442627
888,VIDEO_7120944943270530309,17.641721725463867,20.65614128112793,16.07087516784668,0.9253764152526855,-0.015449762344360352,16.38949203491211,17.144895553588867,0.6428571428571429,1.0,1.0506123304367065
889,VIDEO_7116158724288400645,19.02808380126953,20.19986343383789,17.3751163482666,-0.47592440247535706,-0.40163469314575195,18.910858154296875,19.616662979125977,0.9333333333333333,1.0,0.8646654486656189
890,VIDEO_7081711774084484358,17.249345779418945,22.17786979675293,14.83008861541748,1.1832431554794312,1.306596279144287,15.429266929626465,17.402164459228516,0.2727272727272727,1.0,1.346360445022583
891,VIDEO_7079095510904229126,18.811378479003906,22.368059158325195,16.603761672973633,0.4076904058456421,-0.2769341468811035,17.407054901123047,17.9012393951416,0.16666666666666666,1.0,0.8117168545722961
892,VIDEO_7073916316566031622,15.705545425415039,18.473581314086914,9.964860916137695,-1.0009658336639404,-0.37677860260009766,15.100273132324219,13.328145027160645,0.7931034482758621,0.7931034482758621,1.2792590856552124
893,VIDEO_7065372841423801605,18.254657745361328,20.303998947143555,15.54061508178711,-0.5998232960700989,0.020522594451904297,18.928403854370117,18.536096572875977,0.9473684210526315,1.0,1.3227849006652832
894,VIDEO_7064507087086161157,16.63300323486328,21.260095596313477,13.637876510620117,0.38550788164138794,-1.1729395389556885,18.80888557434082,18.9307804107666,0.9655172413793104,1.0,1.102339267730713
895,VIDEO_7060539961459641605,20.22185707092285,22.138914108276367,16.893068313598633,-0.6180930733680725,-0.31745147705078125,20.033811569213867,17.739206314086914,0.3157894736842105,1.0,1.0316236019134521
896,VIDEO_7050043192732912901,14.329415321350098,17.6934871673584,10.148188591003418,-0.8188154101371765,6.791919708251953,13.84697437286377,13.812286376953125,0.9655172413793104,0.9655172413793104,0.585110604763031
897,VIDEO_7042694987141745926,19.246912002563477,23.300561904907227,14.131744384765625,-0.46528857946395874,-1.1735916137695312,20.76456642150879,16.735994338989258,0.30434782608695654,1.0,1.0359152555465698
898,VIDEO_7012661937477537030,17.447290420532227,21.599998474121094,13.640048027038574,-0.15286655724048615,-0.9511294364929199,21.330657958984375,16.90288734436035,0.06666666666666667,1.0,0.5536633133888245
899,VIDEO_6994839726846971142,17.62887191772461,20.997406005859375,12.274818420410156,-1.0718860626220703,1.443356990814209,16.9002628326416,11.694209098815918,0.5,0.8928571428571429,2.0032684803009033
900,VIDEO_6979673025503366405,17.744508743286133,22.114490509033203,13.809955596923828,-0.08656351268291473,-1.4194642305374146,14.496421813964844,20.634733200073242,0.9629629629629629,1.0,1.1002339124679565
901,VIDEO_6963263758630194437,17.25630760192871,22.032146453857422,13.036606788635254,0.07310009002685547,-0.6041994094848633,13.874412536621094,20.796823501586914,0.88,1.0,2.1012461185455322
902,VIDEO_6958424996964355334,20.6387882232666,22.279857635498047,19.04810905456543,-0.20731121301651,-1.367720127105713,20.09254264831543,20.078351974487305,0.32,1.0,0.6489129066467285
903,VIDEO_6922868220890254597,15.922039031982422,19.332605361938477,11.830642700195312,-0.39262518286705017,-1.2692095041275024,16.3662052154541,17.961044311523438,0.36666666666666664,0.8333333333333334,1.4272449016571045
904,VIDEO_6899015791086210306,16.865842819213867,22.41761016845703,13.33434009552002,0.7324929237365723,-0.7035841941833496,13.903800964355469,16.60175895690918,0.391304347826087,1.0,1.0214747190475464
905,VIDEO_6896055761982639362,17.98356819152832,19.765701293945312,15.652307510375977,-0.15672564506530762,0.6024653911590576,18.81110382080078,17.403940200805664,0.15384615384615385,1.0,0.8061917424201965
906,VIDEO_6895747396404284674,19.1094913482666,22.40797233581543,17.35359764099121,1.6331034898757935,2.7776265144348145,18.779470443725586,20.210594177246094,0.875,1.0,0.9006794095039368
907,VIDEO_6895292772857826562,18.12639808654785,19.668411254882812,15.08322525024414,-1.1276464462280273,1.7320709228515625,17.476789474487305,16.768083572387695,0.3333333333333333,1.0,0.7700463533401489
908,VIDEO_6887883845954178305,18.386672973632812,23.932310104370117,14.23825454711914,0.5064746737480164,-0.3722803592681885,21.148836135864258,17.19878387451172,0.3,1.0,2.0978434085845947
909,VIDEO_6883876793380572417,19.92593002319336,21.35185432434082,18.769271850585938,0.21899037063121796,-1.0991034507751465,20.269670486450195,20.5168514251709,0.782608695652174,1.0,0.6955128312110901
910,VIDEO_6883389583271185666,15.725655555725098,17.4752140045166,13.069799423217773,-0.9544883966445923,-0.2031388282775879,13.225825309753418,16.970109939575195,0.9047619047619048,1.0,0.37108317017555237
911,VIDEO_6876369843591941377,23.790428161621094,24.627595901489258,13.869327545166016,-3.4315688610076904,10.910374641418457,18.418123245239258,24.572675704956055,0.96,1.0,0.47310471534729004
912,VIDEO_6869621825035357441,14.604098320007324,21.147113800048828,11.44924545288086,1.5688494443893433,1.987316608428955,13.889110565185547,20.124279022216797,0.9565217391304348,0.8695652173913043,0.6880534291267395
913,VIDEO_6864806467329903878,16.173324584960938,17.5423526763916,13.980409622192383,-0.32446587085723877,-1.1993590593338013,16.059579849243164,16.314149856567383,0.5833333333333334,1.0,2.194451332092285
914,VIDEO_6834056379355991301,18.37963104248047,23.442089080810547,14.825399398803711,0.6900209188461304,-0.5498013496398926,20.85972785949707,17.56639289855957,0.2,1.0,1.1193732023239136
915,VIDEO_6798648871401819398,19.78764533996582,22.299060821533203,17.21454429626465,0.09875427931547165,-1.1501437425613403,22.00624656677246,21.5480899810791,0.9259259259259259,1.0,1.095134973526001
916,VIDEO_6798641094109269253,16.305334091186523,19.397727966308594,13.767359733581543,0.19207575917243958,-0.7500295639038086,14.199456214904785,15.140828132629395,0.3793103448275862,1.0,1.051018476486206
917,VIDEO_7551820830615899414,18.09469985961914,19.31354331970215,15.300176620483398,-1.5433253049850464,1.2483205795288086,15.396862983703613,18.122297286987305,0.13793103448275862,1.0,0.43017810583114624
918,VIDEO_7330293520395275553,15.637582778930664,19.95174789428711,9.308801651000977,-0.5235195755958557,-0.7281074523925781,17.74515724182129,19.29546546936035,0.92,0.76,1.6713355779647827
919,VIDEO_7323224822169750816,18.680742263793945,21.57362937927246,15.726982116699219,0.12003107368946075,-0.8097050189971924,16.653196334838867,20.71942710876465,0.7857142857142857,1.0,0.8712692260742188
920,VIDEO_7309113734360780064,14.3588285446167,17.17559242248535,10.934783935546875,-0.43386197090148926,-0.8082292079925537,15.504624366760254,11.681681632995605,0.3333333333333333,0.7083333333333334,0.5344792008399963
921,VIDEO_7307663369090207009,14.506460189819336,14.670944213867188,14.346551895141602,0.24346663057804108,-0.9364278316497803,14.530579566955566,14.45681381225586,0.08695652173913043,1.0,0.08592145889997482
922,VIDEO_7306870694137187616,19.83245277404785,22.303741455078125,16.894468307495117,-0.47916191816329956,-0.8510391712188721,20.784265518188477,18.749162673950195,0.2,1.0,0.9713616371154785
923,VIDEO_7306460792310877472,18.249759674072266,23.138790130615234,16.182395935058594,0.839286744594574,-0.7300124168395996,20.303903579711914,16.79155158996582,0.13333333333333333,1.0,1.1982123851776123
924,VIDEO_7305781724238105889,19.76047134399414,23.308259963989258,16.302413940429688,0.05237569659948349,-0.8379166126251221,19.67601203918457,21.3912410736084,0.7272727272727273,1.0,1.3726520538330078
925,VIDEO_7299777182828645664,11.400516510009766,12.121170997619629,10.940206527709961,0.5775333642959595,-0.3202786445617676,11.425148010253906,11.902362823486328,0.9333333333333333,0.0,0.16701732575893402
926,VIDEO_7297256040544931105,15.030081748962402,18.381135940551758,12.222492218017578,0.4792352616786957,-0.38861775398254395,14.028053283691406,14.396316528320312,0.3333333333333333,0.9166666666666666,1.7703920602798462
927,VIDEO_7279078872455384352,18.10177993774414,21.45936393737793,15.90738296508789,0.5181615948677063,-0.9330518245697021,19.10103416442871,17.101600646972656,0.21052631578947367,1.0,1.5150524377822876
928,VIDEO_7272402191233584417,16.043020248413086,17.56610870361328,14.82121467590332,0.37382325530052185,-0.3800816535949707,16.84771156311035,16.525182723999023,0.0,1.0,0.5013876557350159
929,VIDEO_7265677943228075296,14.157148361206055,18.07520866394043,11.364256858825684,0.3877246677875519,-1.1493871212005615,12.207755088806152,17.34734344482422,0.9285714285714286,0.6428571428571429,0.9701265692710876
930,VIDEO_7265242959048723745,20.618967056274414,22.175901412963867,18.461708068847656,-0.13854071497917175,-0.6596429347991943,20.816150665283203,21.527128219604492,0.3,1.0,0.9261000156402588
931,VIDEO_7264519435086466336,18.61053466796875,21.109018325805664,17.05852508544922,0.45689430832862854,-0.8764879703521729,17.776744842529297,17.30635643005371,0.5714285714285714,1.0,0.8019985556602478
932,VIDEO_7262363967157226785,16.301843643188477,17.571060180664062,15.608711242675781,1.014523983001709,0.4210503101348877,16.343345642089844,15.970492362976074,0.0,1.0,0.29485198855400085
933,VIDEO_7261965250864467232,20.70768928527832,21.438634872436523,19.45303726196289,-0.5681300163269043,-0.4081766605377197,20.8781795501709,20.0203914642334,0.2,1.0,0.4184320271015167
934,VIDEO_7260420548553887002,16.96086311340332,20.827177047729492,11.328883171081543,-0.6649816632270813,1.425581932067871,18.706642150878906,14.892495155334473,0.14285714285714285,0.9523809523809523,1.4311587810516357
935,VIDEO_7225641498249891099,15.484920501708984,16.61090087890625,14.785893440246582,0.8092316389083862,-0.2891206741333008,15.185508728027344,15.245163917541504,0.7333333333333333,1.0,0.30291488766670227
936,VIDEO_7225245362678762779,18.26755714416504,21.20284652709961,15.428911209106445,0.23990623652935028,0.8112220764160156,18.237146377563477,19.90779685974121,0.9047619047619048,1.0,1.0879313945770264
937,VIDEO_7224177146263063835,20.118833541870117,21.607177734375,17.959877014160156,-0.6364669799804688,-0.4730355739593506,18.782093048095703,18.757505416870117,0.45161290322580644,1.0,0.622702419757843
938,VIDEO_7221550036172213509,19.01150894165039,32.28390121459961,16.79216766357422,3.562605142593384,13.995311737060547,20.780000686645508,17.3044490814209,0.7931034482758621,1.0,1.5980618000030518
939,VIDEO_7214886818368490758,18.616317749023438,20.034061431884766,17.35780143737793,-0.07191286981105804,-0.5649454593658447,18.350290298461914,18.760526657104492,0.75,1.0,0.7516065239906311
940,VIDEO_7213794863630912773,16.204631805419922,19.88123321533203,14.264483451843262,1.230252981185913,0.7355403900146484,16.67997932434082,15.484795570373535,0.38461538461538464,1.0,1.849181056022644
941,VIDEO_7210067304095173893,18.140146255493164,22.218523025512695,15.423718452453613,0.6923205852508545,-0.8311922550201416,21.701745986938477,17.381887435913086,0.043478260869565216,1.0,0.9397436380386353
942,VIDEO_7209259784263060742,17.76456642150879,22.668169021606445,13.518171310424805,0.34805238246917725,-0.6605885028839111,20.159006118774414,17.489017486572266,0.23809523809523808,1.0,1.55674147605896
943,VIDEO_7208590550348434694,16.71976661682129,18.796586990356445,13.199335098266602,-0.7940621972084045,-0.9070184230804443,18.59991455078125,13.58849811553955,0.07692307692307693,1.0,0.7584359049797058
944,VIDEO_7204870147855748357,18.925045013427734,22.457162857055664,15.642542839050293,0.0631307065486908,-0.5230557918548584,20.586400985717773,20.2087459564209,0.0,1.0,1.17233145236969
945,VIDEO_7200418269629582597,21.16921043395996,21.806148529052734,20.672637939453125,0.47563326358795166,-0.2420804500579834,21.06248664855957,21.114652633666992,0.7083333333333334,1.0,0.1959928423166275
946,VIDEO_7197448084119506182,17.870729446411133,24.272722244262695,14.235198974609375,0.3744572103023529,-0.6072802543640137,14.455122947692871,19.3554630279541,0.5416666666666666,1.0,1.6511845588684082
947,VIDEO_7197086542479854854,17.766464233398438,19.47754669189453,16.494606018066406,0.49988415837287903,-0.639920711517334,18.01024055480957,18.896757125854492,0.64,1.0,0.5979191660881042
948,VIDEO_7195607365813636357,20.939517974853516,24.232601165771484,18.000347137451172,0.07498476654291153,-0.6495094299316406,19.297340393066406,21.750959396362305,0.8571428571428571,1.0,1.419744610786438
949,VIDEO_7193751547749223685,17.39214515686035,22.406024932861328,15.091851234436035,0.7646014094352722,-0.8091871738433838,19.48564338684082,18.68505859375,0.0,1.0,1.3626630306243896
950,VIDEO_7192254185969044742,15.325393676757812,18.947446823120117,13.418388366699219,0.7156006097793579,-1.0032628774642944,13.585299491882324,15.156795501708984,0.6,1.0,0.633819043636322
951,VIDEO_7191515883330669830,17.068002700805664,21.487844467163086,14.535738945007324,0.696556031703949,0.6671271324157715,16.84065818786621,15.109123229980469,0.18518518518518517,1.0,1.1511493921279907
952,VIDEO_7189927984172666118,19.553560256958008,23.534488677978516,16.21232032775879,0.25216957926750183,-0.6590745449066162,19.04359245300293,18.574892044067383,0.6875,1.0,2.44850492477417
953,VIDEO_7185200340310969605,17.690555572509766,18.834827423095703,16.801855087280273,0.37920042872428894,-0.7355728149414062,17.422639846801758,18.116117477416992,0.6923076923076923,1.0,0.3563666343688965
954,VIDEO_7184831364422814981,20.119131088256836,21.544010162353516,15.371929168701172,-1.7100814580917358,1.342628002166748,20.883516311645508,16.24422264099121,0.3333333333333333,1.0,0.6255855560302734
955,VIDEO_7184457014217657606,14.883992195129395,20.795021057128906,9.027135848999023,0.42042434215545654,-0.6613407135009766,20.191041946411133,13.888134956359863,0.09523809523809523,0.7142857142857143,1.3733240365982056
956,VIDEO_7174022295978003717,15.475946426391602,19.245882034301758,9.589431762695312,-0.5116083025932312,0.03949713706970215,17.643402099609375,10.995837211608887,0.3548387096774194,0.8709677419354839,1.091693639755249
957,VIDEO_7161523791154236677,17.677310943603516,24.98663902282715,12.945974349975586,1.1342045068740845,1.4182071685791016,17.81623077392578,16.45977020263672,0.6363636363636364,0.9545454545454546,2.1343488693237305
958,VIDEO_7130169267454070021,17.75631332397461,20.55799674987793,16.307170867919922,0.8539897799491882,1.820742130279541,18.01324462890625,17.622642517089844,0.23333333333333334,1.0,0.8781862854957581
959,VIDEO_7125392158063955205,16.026168823242188,17.904630661010742,13.065788269042969,-0.5204623937606812,-0.7917182445526123,15.861340522766113,16.518678665161133,0.8,1.0,1.3474183082580566
960,VIDEO_7113472331917298949,15.676188468933105,17.849206924438477,14.507905006408691,1.030473232269287,0.33214640617370605,15.387774467468262,16.62266731262207,0.85,1.0,0.8665494322776794
961,VIDEO_7078216427131473157,23.298324584960938,24.636709213256836,22.136016845703125,0.6156496405601501,0.5116090774536133,22.449636459350586,23.33479881286621,0.631578947368421,1.0,0.5127049684524536
962,VIDEO_7070486062182731013,24.63272476196289,25.16748809814453,23.306089401245117,-1.6088088750839233,2.583360195159912,24.63371467590332,24.853952407836914,0.3793103448275862,1.0,0.37560537457466125
963,VIDEO_7050156581652106502,16.678043365478516,20.47574234008789,14.341989517211914,0.5038365125656128,-1.1700305938720703,16.730886459350586,19.546592712402344,0.896551724137931,1.0,1.2940186262130737
964,VIDEO_6927547229486058757,16.762279510498047,18.239032745361328,15.681925773620605,0.44286543130874634,-0.7277801036834717,17.290952682495117,15.908706665039062,0.06451612903225806,1.0,0.34992867708206177
965,VIDEO_6913929490305420545,16.020692825317383,19.519161224365234,11.934531211853027,0.0396026186645031,0.8637337684631348,15.431925773620605,15.739349365234375,0.3870967741935484,0.967741935483871,0.9714587926864624
966,VIDEO_6896455617523813633,16.50014305114746,17.28579330444336,15.488592147827148,-0.42151400446891785,-1.1118632555007935,16.902206420898438,15.743494987487793,0.42857142857142855,1.0,0.36421042680740356
967,VIDEO_6894530886105042178,18.21652603149414,20.17705535888672,16.722110748291016,0.059052128344774246,-0.7696146965026855,18.580934524536133,19.744626998901367,0.9523809523809523,1.0,0.33645352721214294
968,VIDEO_6886076315288554754,17.79339027404785,18.15138816833496,17.412033081054688,0.0019789442885667086,-0.6802215576171875,17.6505069732666,18.023954391479492,0.8888888888888888,1.0,0.14733067154884338
969,VIDEO_6885984385670122753,19.68227767944336,22.12103843688965,17.37434196472168,0.5443402528762817,-0.9346275329589844,21.765714645385742,19.533357620239258,0.06451612903225806,1.0,0.9474713802337646
970,VIDEO_6885735124013550850,15.863978385925293,16.63410186767578,15.279182434082031,0.303263396024704,-1.0145835876464844,15.839512825012207,15.789360046386719,0.2777777777777778,1.0,0.3994295597076416
971,VIDEO_6880792115329142018,19.50760269165039,21.707469940185547,17.69809913635254,0.5339314937591553,-0.6144568920135498,19.491708755493164,19.03900718688965,0.2857142857142857,1.0,1.4235656261444092
972,VIDEO_6880117942432959746,13.623611450195312,16.95087432861328,9.91396713256836,0.08096678555011749,-0.6532909870147705,13.888442993164062,13.096190452575684,0.5833333333333334,0.5833333333333334,1.1757513284683228
973,VIDEO_6875699019520298242,14.785861015319824,18.95286750793457,10.948715209960938,0.1269039660692215,-0.6726071834564209,14.393355369567871,16.21303367614746,0.16666666666666666,0.7666666666666667,2.088473081588745
974,VIDEO_6875610422578351362,17.736539840698242,18.88783836364746,15.462869644165039,-0.7730500102043152,-0.9611406326293945,15.643010139465332,18.005449295043945,0.38461538461538464,1.0,0.37874168157577515
975,VIDEO_6860766213992090886,15.960875511169434,17.235240936279297,14.556804656982422,-0.2947710454463959,1.0015487670898438,16.48925018310547,16.53520393371582,0.9629629629629629,1.0,0.43412595987319946
976,VIDEO_6834420537545084166,17.18095588684082,21.59224510192871,13.7465181350708,0.32539308071136475,-0.5118169784545898,19.0804443359375,16.787796020507812,0.03333333333333333,1.0,1.9662140607833862
977,VIDEO_6825975879940820230,16.88259506225586,17.132648468017578,16.420026779174805,-1.2449932098388672,1.2302465438842773,16.657560348510742,16.788789749145508,0.25,1.0,0.12108240276575089
978,VIDEO_6750983141873224966,17.00819206237793,21.97369956970215,12.307788848876953,0.15657643973827362,-0.054741621017456055,13.983650207519531,18.62737274169922,0.5454545454545454,0.9545454545454546,1.4964386224746704
979,VIDEO_6739804771013774597,18.507617950439453,22.806737899780273,10.112531661987305,-1.2058979272842407,2.290891170501709,19.101083755493164,17.13433074951172,0.5769230769230769,0.9615384615384616,1.6282497644424438
980,VIDEO_7606360801234013462,18.35675621032715,20.64295768737793,10.055720329284668,-2.173391103744507,4.763421535491943,16.79767417907715,19.679101943969727,0.55,0.95,1.3293803930282593
981,VIDEO_7603412461068291350,16.346559524536133,23.445589065551758,13.97590160369873,1.8979471921920776,4.790821552276611,15.858551979064941,18.284440994262695,0.875,1.0,1.3398916721343994
982,VIDEO_7602968538319539478,16.937053680419922,20.57571792602539,13.800591468811035,0.06252870708703995,-0.18896174430847168,18.07218360900879,15.29468059539795,0.45,1.0,1.5887136459350586
983,VIDEO_7594911702613773590,16.768829345703125,19.149005889892578,15.399930000305176,0.5305664539337158,-0.6134033203125,16.295236587524414,16.278160095214844,0.125,1.0,1.1531474590301514
984,VIDEO_7593727684606168342,15.465261459350586,16.49209976196289,13.851872444152832,-0.4100320637226105,-1.2696428298950195,15.945303916931152,14.19432544708252,0.35,1.0,0.3310047388076782
985,VIDEO_7593661214027156758,13.091617584228516,17.09653091430664,1.5613305568695068,-3.152219295501709,10.482959747314453,15.122817039489746,12.885283470153809,0.1,0.7,1.8129680156707764
986,VIDEO_7593403675297467651,17.543493270874023,18.78260040283203,16.46257972717285,0.3444899022579193,-1.4190503358840942,17.161069869995117,18.076068878173828,0.8125,1.0,0.5866925716400146
987,VIDEO_7592281951206133014,17.3882999420166,20.20162582397461,13.502849578857422,-0.4708411991596222,-1.572039246559143,13.852516174316406,18.02605628967285,0.75,1.0,0.7106958627700806
988,VIDEO_7592263862284586263,15.822961807250977,17.157485961914062,14.882919311523438,0.4658164083957672,-0.4005088806152344,15.617280006408691,16.12264060974121,0.4482758620689655,1.0,0.37688329815864563
989,VIDEO_7590184087122660630,15.293126106262207,17.19175148010254,9.973201751708984,-1.8440660238265991,4.848741054534912,14.831596374511719,15.206619262695312,0.36,0.96,1.031716227531433
990,VIDEO_7587134900852100374,15.923372268676758,22.019895553588867,10.484689712524414,0.22844111919403076,-1.0466898679733276,13.812373161315918,12.266402244567871,0.4482758620689655,0.7931034482758621,1.2227736711502075
991,VIDEO_7587070120556580118,18.756406784057617,20.447860717773438,17.1061954498291,0.051611002534627914,-0.6735036373138428,19.378416061401367,18.538877487182617,0.8181818181818182,1.0,0.7824641466140747
992,VIDEO_7584105481719844118,20.438961029052734,21.741416931152344,19.341815948486328,0.4960889220237732,-0.5312840938568115,20.370817184448242,20.58524513244629,0.9285714285714286,1.0,0.6860910058021545
993,VIDEO_7583420207629225238,17.967044830322266,19.799766540527344,16.195453643798828,0.20626671612262726,-0.7035567760467529,19.388647079467773,16.74728775024414,0.0,1.0,0.5208096504211426
994,VIDEO_7581507576219618582,17.164766311645508,19.066301345825195,7.884073257446289,-2.9742648601531982,9.421231269836426,18.801111221313477,18.4920597076416,0.047619047619047616,0.9523809523809523,1.379158616065979
995,VIDEO_7580065942730738966,17.89377784729004,19.899288177490234,15.793444633483887,-0.23978057503700256,-0.16279935836791992,17.97791290283203,18.13372802734375,0.7391304347826086,1.0,1.0017918348312378
996,VIDEO_7579287270092459286,22.347877502441406,23.421743392944336,21.174026489257812,0.136820986866951,-0.9465937614440918,22.817296981811523,21.71840476989746,0.5,1.0,0.40181463956832886
997,VIDEO_7577374333048196374,13.517529487609863,14.44906997680664,12.713376998901367,0.5229847431182861,-0.045320987701416016,13.409167289733887,14.361723899841309,0.9354838709677419,0.9354838709677419,0.2500571012496948
998,VIDEO_7577096797580053782,18.257118225097656,25.269832611083984,13.598654747009277,0.16701765358448029,0.06441855430603027,14.902968406677246,15.646029472351074,0.2608695652173913,1.0,1.4727925062179565
999,VIDEO_7577088828171734294,17.90709686279297,21.770109176635742,15.179427146911621,0.28637823462486267,-0.11249589920043945,16.523923873901367,19.9947509765625,0.9444444444444444,1.0,1.3989903926849365
1000,VIDEO_7575170897451945238,18.8768367767334,22.653432846069336,15.000410079956055,-0.05714044347405434,-0.8367352485656738,17.387380599975586,21.44349479675293,0.8947368421052632,1.0,1.3073779344558716
1001,VIDEO_7575105754374458646,18.165407180786133,22.591840744018555,13.675622940063477,-0.2639581859111786,-0.7352516651153564,20.557453155517578,14.878857612609863,0.12,1.0,1.1280566453933716
1002,VIDEO_7574759080368114966,16.654239654541016,20.170164108276367,14.188854217529297,0.5852814316749573,-0.25171351432800293,14.388781547546387,17.1916561126709,0.4444444444444444,1.0,0.8689225912094116
1003,VIDEO_7572605667299708182,16.41705322265625,18.83695411682129,14.418113708496094,0.30650654435157776,-0.6615438461303711,18.205846786499023,14.76684284210205,0.0,1.0,0.5704725384712219
1004,VIDEO_7571893908754451734,16.201025009155273,19.355915069580078,11.434856414794922,-0.6309939622879028,-0.0044879913330078125,16.42046546936035,14.07043743133545,0.7666666666666667,0.9,1.295182228088379
1005,VIDEO_7571134268403895574,16.752735137939453,19.468154907226562,12.279077529907227,-0.7350096106529236,-0.6754453182220459,13.648585319519043,17.752614974975586,0.45,0.85,1.4399926662445068
1006,VIDEO_7566941841996647702,18.517166137695312,25.924306869506836,11.184131622314453,-0.07791618257761002,1.6678905487060547,19.19488525390625,19.39031982421875,0.5,0.9583333333333334,1.913702368736267
1007,VIDEO_7566313596351778070,18.08656883239746,20.887556076049805,15.874101638793945,0.3466070890426636,-1.0479110479354858,18.127485275268555,16.249086380004883,0.4666666666666667,1.0,1.0265051126480103
1008,VIDEO_7565953021411216662,19.782522201538086,20.311508178710938,19.127416610717773,-0.7450865507125854,0.700141191482544,19.979589462280273,19.764066696166992,0.0,1.0,0.19254866242408752
1009,VIDEO_7564069366606679318,21.62812042236328,24.280929565429688,19.677427291870117,0.44586890935897827,-1.4710209369659424,20.24991226196289,23.610158920288086,0.7222222222222222,1.0,0.6774373054504395
1010,VIDEO_7494193739187916054,22.347021102905273,22.934864044189453,21.449386596679688,-0.6782777309417725,-0.38397693634033203,21.648193359375,22.492979049682617,0.3333333333333333,1.0,0.205650195479393
1011,VIDEO_7493955664008498454,18.871736526489258,20.569089889526367,14.659416198730469,-1.300018548965454,0.7501606941223145,18.801673889160156,19.196622848510742,0.21739130434782608,1.0,0.9947887063026428
1012,VIDEO_7493248933460741378,16.383501052856445,20.7160701751709,12.45682430267334,0.10858412086963654,-1.3272475004196167,13.999553680419922,17.764053344726562,0.7407407407407407,0.9259259259259259,1.045417308807373
1013,VIDEO_7485818484723567894,18.494997024536133,21.355100631713867,15.379260063171387,-0.16237105429172516,-1.1442595720291138,20.35013771057129,20.18387794494629,0.08695652173913043,1.0,1.2810267210006714
1014,VIDEO_7484305196332436758,20.18082618713379,21.35540771484375,18.83462142944336,-0.077179916203022,-1.5571805238723755,21.196630477905273,19.04343605041504,0.07142857142857142,1.0,0.35648301243782043
1015,VIDEO_7483220883759303959,18.916908264160156,21.522939682006836,14.613777160644531,-0.42934373021125793,-0.8232207298278809,21.014347076416016,18.993539810180664,0.0,1.0,1.6719833612442017
1016,VIDEO_7482898265906646294,18.60675621032715,23.27616310119629,13.414244651794434,-0.27544254064559937,-0.3307926654815674,21.462533950805664,18.809022903442383,0.041666666666666664,1.0,2.337956666946411
1017,VIDEO_7480938335133863190,15.15115737915039,18.457542419433594,13.48104190826416,0.8791021704673767,-0.08697366714477539,14.854039192199707,13.946491241455078,0.25,1.0,1.5721697807312012
1018,VIDEO_7480244111207976214,20.711101531982422,22.002685546875,18.147573471069336,-1.1855946779251099,0.4190211296081543,18.940065383911133,21.127927780151367,0.38461538461538464,1.0,0.46195411682128906
1019,VIDEO_7476157177149803798,17.64141082763672,19.18824005126953,16.166526794433594,-0.06174493953585625,-1.20693838596344,17.181129455566406,17.004636764526367,0.7894736842105263,1.0,0.9172604084014893
1020,VIDEO_7463500754318347542,17.568042755126953,19.921743392944336,13.658350944519043,-0.3898809254169464,-0.6423869132995605,16.56935691833496,19.668968200683594,0.6428571428571429,1.0,0.9101195931434631
1021,VIDEO_7459503727737687318,18.419015884399414,23.387067794799805,13.9590482711792,0.2517498731613159,-0.5420637130737305,20.75026512145996,17.600709915161133,0.2631578947368421,1.0,1.1117262840270996
1022,VIDEO_7458336545490193686,18.995189666748047,23.155420303344727,15.232812881469727,-0.19099777936935425,-0.30074524879455566,18.671945571899414,19.89018440246582,0.7931034482758621,1.0,1.4520727396011353
1023,VIDEO_7451599218545970454,18.319551467895508,19.56708526611328,17.041404724121094,-0.12358847260475159,-1.2272157669067383,17.80236053466797,19.39228630065918,0.9259259259259259,1.0,0.4152294993400574
1024,VIDEO_7429021024517229857,19.424842834472656,21.588747024536133,16.82382583618164,-0.46686995029449463,-0.718264102935791,21.157968521118164,18.32806968688965,0.038461538461538464,1.0,1.236293911933899
1025,VIDEO_7421927684965502240,19.285093307495117,20.62083625793457,17.64915657043457,-0.20930403470993042,-0.8843235969543457,19.410154342651367,18.659425735473633,0.3076923076923077,1.0,0.9669807553291321
1026,VIDEO_7421838132624002336,18.066545486450195,19.581884384155273,16.626379013061523,-0.07300397753715515,-1.423693060874939,19.036483764648438,16.7933349609375,0.2777777777777778,1.0,0.6226500272750854
1027,VIDEO_7418230327207939360,18.290979385375977,19.299009323120117,17.170724868774414,-0.05240660533308983,-0.7865104675292969,17.713869094848633,17.860652923583984,0.6666666666666666,1.0,0.6107466816902161
1028,VIDEO_7348413567797841185,14.342418670654297,17.658470153808594,11.696844100952148,0.4372885823249817,-1.3462162017822266,12.309052467346191,13.335765838623047,0.47058823529411764,0.6470588235294118,0.8635422587394714
1029,VIDEO_7345515480288922912,17.637027740478516,22.373876571655273,13.951483726501465,0.5927104949951172,-0.6988487243652344,16.913576126098633,16.688966751098633,0.38095238095238093,1.0,1.8369232416152954
1030,VIDEO_7345144791094660384,10.688329696655273,14.746448516845703,8.784513473510742,1.1979845762252808,1.029813289642334,11.783154487609863,13.359126091003418,0.9565217391304348,0.08695652173913043,0.7380802035331726
1031,VIDEO_7342536344561896737,17.6084041595459,20.65641212463379,15.334905624389648,0.4923183023929596,-0.8711802959442139,18.23399543762207,17.483306884765625,0.0,1.0,1.2733030319213867
1032,VIDEO_7340684346040290593,21.918216705322266,22.593067169189453,21.326900482177734,0.17140889167785645,-0.09784626960754395,21.78536033630371,21.773176193237305,0.47368421052631576,1.0,0.22947746515274048
1033,VIDEO_7338070752501026081,21.753734588623047,22.895856857299805,20.345252990722656,-0.46833449602127075,-0.3415651321411133,21.864397048950195,21.99835777282715,0.64,1.0,0.43683767318725586
1034,VIDEO_7329560864518901024,16.8272647857666,22.659719467163086,7.86155366897583,-0.7411754727363586,-0.8169412612915039,9.684184074401855,18.124839782714844,0.6538461538461539,0.7692307692307693,1.717146635055542
1035,VIDEO_7327333280297127201,15.251212120056152,17.866113662719727,13.811497688293457,1.1509013175964355,0.6692333221435547,17.026662826538086,14.860861778259277,0.14285714285714285,1.0,0.6245663166046143
1036,VIDEO_7324741085438397729,19.337461471557617,24.017629623413086,17.6729679107666,1.904541254043579,4.083664417266846,18.670331954956055,22.016342163085938,0.9259259259259259,1.0,0.619634747505188
1037,VIDEO_7319902152686718241,14.748051643371582,19.159900665283203,11.608854293823242,0.5222188830375671,-0.8934073448181152,18.381311416625977,12.155558586120605,0.16666666666666666,0.625,1.1884682178497314
1038,VIDEO_7312851563037330721,19.06682777404785,20.916961669921875,17.185813903808594,-0.31840354204177856,-1.3759104013442993,17.393829345703125,19.232576370239258,0.3888888888888889,1.0,0.6076169013977051
1039,VIDEO_7302473271067397409,17.23610496520996,19.381818771362305,13.158315658569336,-0.999358594417572,0.07243061065673828,14.336982727050781,18.415184020996094,0.47368421052631576,1.0,1.245482087135315
1040,VIDEO_7301350531325365537,17.299802780151367,21.129911422729492,14.903680801391602,0.9131459593772888,0.2559216022491455,18.380922317504883,16.132680892944336,0.21739130434782608,1.0,1.2762207984924316
1041,VIDEO_7298393830204640545,18.896759033203125,21.56206512451172,16.88863754272461,0.19980891048908234,0.00426030158996582,18.580018997192383,18.038692474365234,0.13043478260869565,1.0,0.994830846786499
1042,VIDEO_7296889866002910497,17.823936462402344,19.620206832885742,15.391746520996094,-0.4843072295188904,-1.1405597925186157,19.182327270507812,15.971455574035645,0.125,1.0,0.755364716053009
1043,VIDEO_7296154996683410720,17.694440841674805,21.980297088623047,12.16452693939209,-0.1693587452173233,-0.6845319271087646,17.640939712524414,19.52034568786621,0.9032258064516129,0.967741935483871,3.164154529571533
1044,VIDEO_7294659855434911008,17.20972442626953,22.95160675048828,11.493169784545898,-0.3627151548862457,0.5734071731567383,19.074209213256836,14.5574951171875,0.5882352941176471,0.8823529411764706,2.24245023727417
1045,VIDEO_7294284376454532384,17.52939796447754,21.024084091186523,11.806564331054688,-1.0767931938171387,0.11001062393188477,17.822362899780273,20.023160934448242,0.7619047619047619,0.8571428571428571,1.588971734046936
1046,VIDEO_7293541624359996704,18.08263397216797,20.163990020751953,15.944957733154297,-0.1257110983133316,-1.0917683839797974,19.766895294189453,17.79619598388672,0.058823529411764705,1.0,0.7275310754776001
1047,VIDEO_7293173989143366945,18.347949981689453,21.155248641967773,16.641021728515625,0.6331388354301453,-0.858527660369873,16.729087829589844,19.376989364624023,0.8461538461538461,1.0,1.1423087120056152
1048,VIDEO_7291678102948810016,14.437333106994629,20.202938079833984,11.154372215270996,0.8872495889663696,-0.4976465702056885,14.2529878616333,15.069786071777344,0.5238095238095238,0.5714285714285714,1.3811448812484741
1049,VIDEO_7290947930108857633,13.99594497680664,18.641014099121094,9.770755767822266,0.05026865005493164,-1.1906590461730957,16.258317947387695,10.53089427947998,0.3125,0.6875,0.8993339538574219
1050,VIDEO_7287983702959869217,17.615528106689453,21.18156623840332,13.935844421386719,0.16845858097076416,-1.6172603368759155,17.040494918823242,14.86469554901123,0.4230769230769231,1.0,1.0154063701629639
1051,VIDEO_7286863155026808096,16.177095413208008,19.268442153930664,13.318343162536621,-0.22680652141571045,-1.172477126121521,16.741436004638672,18.169612884521484,0.5357142857142857,1.0,1.198033094406128
1052,VIDEO_7278768931857354016,15.588783264160156,19.18581771850586,12.526987075805664,-0.15932326018810272,-0.7078554630279541,15.203914642333984,17.031320571899414,0.125,0.8333333333333334,1.1609547138214111
1053,VIDEO_7264884699636469025,14.524916648864746,18.672534942626953,12.031730651855469,0.9156578779220581,2.6553173065185547,14.692848205566406,14.411026000976562,0.24,0.92,1.138866901397705
1054,VIDEO_7262465807949647136,17.79253578186035,20.40509033203125,16.38878059387207,1.2949705123901367,2.373915195465088,17.698890686035156,17.624248504638672,0.5625,1.0,0.7187871336936951
1055,VIDEO_7239729661788359962,19.723947525024414,22.88147735595703,16.564250946044922,0.13565580546855927,0.4973452091217041,18.802759170532227,18.667280197143555,0.4583333333333333,1.0,0.9073256850242615
1056,VIDEO_7228976565445512475,17.926044464111328,27.28388023376465,13.304715156555176,0.8149759769439697,0.46707820892333984,16.5487003326416,20.140565872192383,0.8823529411764706,1.0,4.033507347106934
1057,VIDEO_7221177538855423258,17.253440856933594,20.526371002197266,12.148092269897461,-0.5971555709838867,-0.17365431785583496,19.0784969329834,17.345489501953125,0.15384615384615385,0.9230769230769231,2.9915573596954346
1058,VIDEO_7216365794093976838,14.737403869628906,16.093994140625,13.122802734375,-0.2029651552438736,-1.1056257486343384,15.801468849182129,15.156929969787598,0.1,1.0,0.6660528182983398
1059,VIDEO_7215252214514715909,14.311715126037598,18.79541015625,10.316483497619629,0.3662528395652771,-1.2557942867279053,18.61399269104004,12.456256866455078,0.0,0.5555555555555556,1.5645897388458252
1060,VIDEO_7210817231368785158,15.412091255187988,18.804189682006836,12.037830352783203,-0.2758420705795288,-0.8080554008483887,17.753341674804688,16.20035743713379,0.041666666666666664,0.8333333333333334,1.6452643871307373
1061,VIDEO_7210074063765638406,18.405485153198242,18.781343460083008,18.11980438232422,0.06293279677629471,-1.032063603401184,18.38605499267578,18.58979034423828,0.9,1.0,0.1407933533191681
1062,VIDEO_7208952610336820485,19.008983612060547,20.25726318359375,16.55617904663086,-0.897516667842865,0.5026040077209473,17.954185485839844,18.573959350585938,0.5625,1.0,0.7096338868141174
1063,VIDEO_7207842110316268805,17.00971031188965,19.13674545288086,14.613923072814941,0.16902315616607666,-0.6813302040100098,16.166149139404297,18.82407569885254,0.8571428571428571,1.0,0.8382918834686279
1064,VIDEO_7204874673367125254,16.040687561035156,19.53365135192871,13.505586624145508,0.31356149911880493,0.6560423374176025,17.594175338745117,15.59826946258545,0.3448275862068966,1.0,1.4447532892227173
1065,VIDEO_7204395621468392709,17.80392074584961,19.565336227416992,15.842272758483887,-0.17250388860702515,-0.9997167587280273,16.172523498535156,17.430673599243164,0.84,1.0,0.7481502890586853
1066,VIDEO_7203763760538897669,16.594079971313477,20.99802589416504,10.98790454864502,-0.5408860445022583,0.26590704917907715,17.1192569732666,17.53814125061035,0.2692307692307692,0.9230769230769231,1.6064889430999756
1067,VIDEO_7203019203857665286,16.361299514770508,17.064119338989258,16.15953826904297,1.9954458475112915,2.418656349182129,16.210420608520508,16.77388572692871,0.9285714285714286,1.0,0.07395891100168228
1068,VIDEO_7202277032938540294,17.038423538208008,19.69392967224121,13.53635311126709,-0.2070639580488205,-0.45311427116394043,16.439233779907227,16.024667739868164,0.4444444444444444,1.0,1.1336125135421753
1069,VIDEO_7199677935949778181,17.56903076171875,21.44232940673828,14.33847713470459,-0.0929323211312294,-1.231582760810852,18.91771697998047,19.071306228637695,0.5909090909090909,1.0,1.7863733768463135
1070,VIDEO_7198558888940113158,17.616939544677734,21.315128326416016,14.587165832519531,0.27544060349464417,-0.3112220764160156,18.030405044555664,17.75154685974121,0.42424242424242425,1.0,0.9896019697189331
1071,VIDEO_7198194674354457861,18.153669357299805,20.23936653137207,13.934625625610352,-0.9795745611190796,-0.2939150333404541,19.23927879333496,18.128572463989258,0.38095238095238093,1.0,0.8406808972358704
1072,VIDEO_7197080264625966341,17.198135375976562,23.141958236694336,13.750977516174316,0.8381664156913757,-0.5761497020721436,20.844680786132812,14.644458770751953,0.1875,1.0,1.1016502380371094
1073,VIDEO_7194859372227480838,18.257678985595703,21.975692749023438,14.056292533874512,-0.13188664615154266,-0.6666109561920166,17.961904525756836,21.076078414916992,0.9285714285714286,1.0,1.5947085618972778
1074,VIDEO_7192617192850984198,18.674657821655273,20.377010345458984,17.76200294494629,0.6862400770187378,-0.07877922058105469,18.074281692504883,18.01502227783203,0.7142857142857143,1.0,0.5706584453582764
1075,VIDEO_7190456972418862342,15.33116626739502,17.463884353637695,12.649093627929688,-0.14171582460403442,-0.021666765213012695,14.951759338378906,16.203092575073242,0.7058823529411765,0.9411764705882353,1.021165132522583
1076,VIDEO_7188189006851575046,14.592899322509766,16.72749137878418,12.801888465881348,0.3586084544658661,-0.8999214172363281,16.090749740600586,14.738639831542969,0.9375,0.9375,0.5081126093864441
1077,VIDEO_7187436390131453190,20.10573959350586,22.921167373657227,17.462093353271484,0.11606084555387497,-1.4188921451568604,17.59343719482422,19.158905029296875,0.38461538461538464,1.0,1.2444899082183838
1078,VIDEO_7184459390143974662,16.74169158935547,18.795473098754883,14.477992057800293,0.06852736324071884,0.02871537208557129,15.752510070800781,17.78827476501465,0.8181818181818182,1.0,0.6758545637130737
1079,VIDEO_7183477138249485594,14.656224250793457,16.508167266845703,12.608766555786133,-0.18835237622261047,-1.4512580633163452,16.11467170715332,12.937663078308105,0.0,0.8095238095238095,0.8172101974487305
1080,VIDEO_7182978974253944069,20.042808532714844,21.16456413269043,18.195220947265625,-0.680480420589447,-0.6525652408599854,20.861083984375,20.333637237548828,0.0,1.0,0.4931914210319519
1081,VIDEO_7177417414542429445,12.67263126373291,17.810483932495117,9.391860961914062,0.49434760212898254,-1.331460952758789,16.408401489257812,9.679377555847168,0.21428571428571427,0.35714285714285715,0.8939563035964966
1082,VIDEO_7173695147639655686,17.52312469482422,20.865081787109375,14.604743003845215,0.05899348482489586,-0.9022731781005859,17.892656326293945,19.78106689453125,0.2413793103448276,1.0,1.20856773853302
1083,VIDEO_7172507378498260229,20.306180953979492,23.32497787475586,17.706130981445312,0.33370059728622437,-0.9628071784973145,22.286901473999023,20.351694107055664,0.0,1.0,0.9145969152450562
1084,VIDEO_7170730138965970181,16.383913040161133,20.15228843688965,13.708088874816895,0.4108254611492157,-0.9323434829711914,18.907949447631836,14.058306694030762,0.06451612903225806,1.0,1.2537041902542114
1085,VIDEO_7168935772777614597,17.754650115966797,19.86872673034668,14.43338680267334,-0.5640366077423096,-1.109968900680542,18.860803604125977,15.430039405822754,0.5,1.0,1.1572842597961426
1086,VIDEO_7165165100075093253,17.658035278320312,21.079696655273438,13.290975570678711,-0.0750843808054924,-0.6557512283325195,16.144838333129883,14.632530212402344,0.5769230769230769,1.0,0.8901988863945007
1087,VIDEO_7162123924233358598,18.332250595092773,20.600345611572266,16.061378479003906,-0.057716548442840576,-1.6268285512924194,20.168214797973633,20.17796516418457,0.8235294117647058,1.0,0.6195544004440308
1088,VIDEO_7150676745937587462,18.208589553833008,19.9695987701416,14.359220504760742,-1.2470492124557495,0.23549270629882812,19.61087989807129,17.904434204101562,0.0,1.0,0.580427885055542
1089,VIDEO_7145110811000835333,17.895978927612305,19.949392318725586,13.785902976989746,-0.5681043863296509,-0.6855874061584473,19.933992385864258,16.510099411010742,0.07142857142857142,1.0,1.6304032802581787
1090,VIDEO_7142874586755976454,16.39454460144043,18.36374855041504,6.593327045440674,-3.096950054168701,10.379948616027832,16.972253799438477,15.786635398864746,0.5833333333333334,0.9583333333333334,1.4660453796386719
1091,VIDEO_7141029212244233478,19.746335983276367,23.10572052001953,16.480234146118164,-0.049301840364933014,-1.339218258857727,18.332677841186523,17.3321475982666,0.45454545454545453,1.0,1.3310418128967285
1092,VIDEO_7125076892729756933,17.852771759033203,19.752056121826172,16.34134292602539,-0.024950101971626282,0.5741217136383057,18.047748565673828,18.026927947998047,0.7586206896551724,1.0,0.5981321930885315
1093,VIDEO_7122480993948159238,17.437084197998047,20.606365203857422,14.337380409240723,0.0940830186009407,-1.5431376695632935,19.61610221862793,15.95440673828125,0.3076923076923077,1.0,0.797603964805603
1094,VIDEO_7095777172513721605,18.177873611450195,19.60498046875,15.712906837463379,-0.9170698523521423,-0.5560312271118164,15.775894165039062,18.44664192199707,0.42857142857142855,1.0,0.4687788188457489
1095,VIDEO_7094187420819803398,20.318269729614258,22.334028244018555,18.92402458190918,0.42169809341430664,-0.7159304618835449,19.580307006835938,20.7587947845459,0.96,1.0,0.616961658000946
1096,VIDEO_7093581650163944709,15.761765480041504,17.01435661315918,14.223917007446289,-0.4352438151836395,-1.1847072839736938,15.948498725891113,16.36311149597168,0.8235294117647058,1.0,0.4639410376548767
1097,VIDEO_7090931568486763781,17.624069213867188,20.23334312438965,14.279502868652344,-0.3691815435886383,-0.9706716537475586,14.691271781921387,18.055316925048828,0.6428571428571429,1.0,1.6027165651321411
1098,VIDEO_7083155569812589829,15.217801094055176,19.342023849487305,12.350980758666992,0.44522997736930847,-1.2900819778442383,16.578384399414062,17.0544490814209,0.782608695652174,0.7391304347826086,1.3124171495437622
1099,VIDEO_7082286078417259782,18.954059600830078,20.13964080810547,17.6354923248291,-0.023824645206332207,-1.5253996849060059,19.909578323364258,17.796524047851562,0.0,1.0,0.27865806221961975
1100,VIDEO_7078325137698770181,18.478858947753906,23.834190368652344,14.906951904296875,0.8827536106109619,1.5292634963989258,18.284809112548828,19.46124267578125,0.7142857142857143,1.0,1.5371776819229126
1101,VIDEO_7076526059344104709,15.663204193115234,18.86532211303711,12.3124418258667,-0.13437268137931824,-0.7320723533630371,14.992920875549316,16.817787170410156,0.7692307692307693,0.9230769230769231,1.5691248178482056
1102,VIDEO_7075734573933530373,19.27257537841797,22.99102020263672,17.512815475463867,0.9300858378410339,-0.06288504600524902,18.696863174438477,17.869543075561523,0.25,1.0,1.1000556945800781
1103,VIDEO_7073511726888635653,17.00054359436035,20.27688980102539,13.308760643005371,0.08104939758777618,-0.639683723449707,15.617877006530762,16.1475887298584,0.7741935483870968,1.0,1.5398690700531006
1104,VIDEO_7073146702995279110,17.30235481262207,21.120086669921875,14.323247909545898,0.07795516401529312,-0.4736020565032959,15.073027610778809,18.854524612426758,0.96,1.0,1.0864315032958984
1105,VIDEO_7069799098576112901,17.56402015686035,17.78059959411621,17.422298431396484,0.5789417624473572,0.028658390045166016,17.55974769592285,17.49821662902832,0.6666666666666666,1.0,0.08559999614953995
1106,VIDEO_7068682786437139718,16.551618576049805,19.387903213500977,14.063567161560059,0.033724065870046616,-0.39635396003723145,16.67011260986328,15.292338371276855,0.3333333333333333,1.0,1.1868091821670532
1107,VIDEO_7068298283386506502,12.604312896728516,17.903043746948242,11.136002540588379,1.7968028783798218,2.499319076538086,11.516585350036621,15.474102973937988,0.8125,0.3125,1.1552796363830566
1108,VIDEO_7065713702833638662,19.049617767333984,22.81110191345215,15.433518409729004,-0.029805656522512436,-1.6802148818969727,15.90802001953125,21.841955184936523,0.8846153846153846,1.0,0.7754122018814087
1109,VIDEO_7063127157068844294,18.877077102661133,21.726242065429688,16.747770309448242,0.8279207944869995,-0.36047983169555664,18.34800910949707,18.366851806640625,0.5,1.0,0.6186558604240417
1110,VIDEO_7062740749992971526,18.475236892700195,20.87617301940918,16.719980239868164,0.3351331651210785,-1.0455900430679321,16.905920028686523,18.029218673706055,0.5454545454545454,1.0,0.7427415251731873
1111,VIDEO_7061974363939261701,18.426122665405273,21.84813690185547,15.138933181762695,0.036477699875831604,-0.6080303192138672,18.36202049255371,17.880834579467773,0.5806451612903226,1.0,1.8617051839828491
1112,VIDEO_7059302103713402117,13.700301170349121,20.295997619628906,10.580119132995605,0.8620038628578186,-0.17509675025939941,14.470791816711426,11.673271179199219,0.16666666666666666,0.5,0.8632814884185791
1113,VIDEO_7058313871718714629,17.71866226196289,20.837684631347656,15.570730209350586,0.649468719959259,-0.42422056198120117,17.720407485961914,18.23124122619629,0.8,1.0,1.730715274810791
1114,VIDEO_7057548200625917190,18.354463577270508,20.294109344482422,16.077571868896484,0.0008345468668267131,-0.9159624576568604,17.41905403137207,18.840017318725586,0.6086956521739131,1.0,1.0753144025802612
1115,VIDEO_7057200753470950661,20.42390251159668,20.69330406188965,19.979297637939453,-0.8766027092933655,1.8435349464416504,20.356576919555664,20.3702449798584,0.07142857142857142,1.0,0.17416132986545563
1116,VIDEO_7055610539749199109,17.023300170898438,19.057186126708984,12.578022003173828,-1.4970471858978271,2.180126667022705,17.14933967590332,17.886613845825195,0.42857142857142855,0.9523809523809523,1.3296574354171753
1117,VIDEO_7054582233989958917,19.33588981628418,21.485774993896484,17.27703857421875,0.08982516080141068,-1.4451884031295776,20.494165420532227,18.037736892700195,0.2916666666666667,1.0,0.7189240455627441
1118,VIDEO_7054222416247000325,18.48958969116211,20.096921920776367,17.21588706970215,0.158466637134552,-1.0519843101501465,17.485382080078125,18.003198623657227,0.5333333333333333,1.0,0.5985345840454102
1119,VIDEO_7051571825989422342,16.43855094909668,20.296342849731445,13.499138832092285,0.35791608691215515,-0.5712385177612305,18.211240768432617,18.809608459472656,0.8888888888888888,1.0,1.2198035717010498
1120,VIDEO_7046370407758286085,15.421073913574219,17.402761459350586,12.499951362609863,-0.47653767466545105,-0.6079628467559814,15.0621337890625,13.434467315673828,0.25,0.9,0.5337947607040405
1121,VIDEO_7043834307458141446,18.940074920654297,21.88797378540039,17.150493621826172,0.8175137042999268,-0.8518390655517578,18.577104568481445,21.820587158203125,0.9259259259259259,1.0,0.2811397314071655
1122,VIDEO_7043009038623329541,17.56678009033203,20.42179298400879,13.90336799621582,-0.546445369720459,-1.4603562355041504,19.52461814880371,14.0741548538208,0.23529411764705882,1.0,0.6244324445724487
1123,VIDEO_7042347189179403525,17.78281021118164,20.008319854736328,14.466136932373047,-0.5672100186347961,-0.9418439865112305,14.870216369628906,18.95425033569336,0.5454545454545454,1.0,0.8718823790550232
1124,VIDEO_7041969079246245126,17.992143630981445,20.36220932006836,15.742789268493652,-0.38367804884910583,-1.1024903059005737,18.716054916381836,15.86352252960205,0.14285714285714285,1.0,0.6950787305831909
1125,VIDEO_7041603482742230278,16.299522399902344,20.2939453125,13.45201301574707,0.6504548192024231,-0.404834508895874,19.4451847076416,15.934388160705566,0.12903225806451613,1.0,0.8799846768379211
1126,VIDEO_7040105390410960133,17.412132263183594,22.151752471923828,10.757223129272461,-0.4267725348472595,-0.2572758197784424,19.176122665405273,12.570770263671875,0.0,0.9090909090909091,2.3451974391937256
1127,VIDEO_7039780337739730181,13.683667182922363,16.230806350708008,10.905805587768555,-0.08701499551534653,0.7995955944061279,13.320836067199707,13.853858947753906,0.2631578947368421,0.7894736842105263,1.1627660989761353
1128,VIDEO_7038638363686997254,18.346012115478516,20.42329978942871,13.028685569763184,-1.9028809070587158,3.4671311378479004,18.396913528442383,15.09765911102295,0.68,1.0,0.849606990814209
1129,VIDEO_7037974894553894150,14.075672149658203,15.96352481842041,11.81204891204834,-0.174096941947937,-1.2122451066970825,15.183350563049316,12.977478981018066,0.0,0.7894736842105263,0.7124506235122681
1130,VIDEO_7037757089799818502,19.919475555419922,25.651247024536133,14.51590633392334,0.7453434467315674,0.5575647354125977,4.838635444641113,25.15721321105957,0.8695652173913043,0.9130434782608695,1.8418471813201904
1131,VIDEO_7037532518978964741,18.79787254333496,21.055660247802734,17.079280853271484,0.24503956735134125,-0.8084225654602051,18.763307571411133,18.775930404663086,0.4482758620689655,1.0,1.1344822645187378
1132,VIDEO_7036807584111709445,16.541963577270508,19.259315490722656,12.124398231506348,-0.5231116414070129,-0.32139134407043457,18.659027099609375,15.036285400390625,0.043478260869565216,0.9565217391304348,1.278565526008606
1133,VIDEO_7028978217117682949,18.70279312133789,21.196006774902344,16.09220314025879,0.07091201096773148,-0.6691939830780029,17.30074119567871,18.679340362548828,0.4,1.0,0.6694288849830627
1134,VIDEO_7026756047805205766,19.378019332885742,22.419401168823242,16.52436065673828,0.35556572675704956,-0.7891075611114502,19.580480575561523,17.990341186523438,0.7727272727272727,1.0,1.143797755241394
1135,VIDEO_7025927416061250821,18.136337280273438,20.027639389038086,14.821375846862793,-0.5017176270484924,-0.4827451705932617,15.91330623626709,18.708688735961914,0.6451612903225806,1.0,0.8353319764137268
1136,VIDEO_7020800251950927109,15.783608436584473,17.495901107788086,12.25687026977539,-1.1645609140396118,0.29471898078918457,16.1578311920166,13.11015796661377,0.4666666666666667,0.9333333333333333,0.7561923861503601
1137,VIDEO_7018826174767942918,15.248067855834961,19.079429626464844,12.75345230102539,0.5152433514595032,1.156644344329834,15.129914283752441,16.22105598449707,0.0,0.9,0.8709664344787598
1138,VIDEO_7018383080205356293,19.940765380859375,21.17378807067871,19.04855728149414,0.11566764116287231,-0.6458325386047363,19.794586181640625,20.751649856567383,0.9523809523809523,1.0,0.33268946409225464
1139,VIDEO_7001054542804667653,17.62380027770996,19.4354190826416,15.226761817932129,-0.32734113931655884,-0.06080198287963867,17.481882095336914,17.026565551757812,0.21739130434782608,1.0,1.0703030824661255
1140,VIDEO_6943540424141491461,19.30009651184082,22.038768768310547,15.213662147521973,-0.5243350863456726,0.0379335880279541,18.19244956970215,20.552942276000977,0.6363636363636364,1.0,0.9832236766815186
1141,VIDEO_6935817751898426629,18.19645118713379,21.0550479888916,14.928174018859863,-0.06782978028059006,-1.1723778247833252,18.753793716430664,17.870515823364258,0.16666666666666666,1.0,2.256378173828125
1142,VIDEO_6927665892457237765,15.991621017456055,19.96870994567871,10.758881568908691,-0.7396028637886047,0.40021681785583496,15.02806568145752,18.874359130859375,0.9642857142857143,0.8928571428571429,1.511876106262207
1143,VIDEO_6796364077095472389,18.67118263244629,21.737356185913086,16.6557674407959,0.37188079953193665,-0.09850239753723145,19.528703689575195,17.28562355041504,0.0,1.0,1.1478204727172852
1144,VIDEO_6796363351816555782,21.28807830810547,24.412521362304688,17.012210845947266,-0.1914827525615692,-1.5913779735565186,21.741830825805664,19.01215171813965,0.4583333333333333,1.0,0.7893375158309937
1145,VIDEO_6795606002222796037,14.348984718322754,15.979252815246582,11.451644897460938,-0.6911492347717285,-0.4268498420715332,15.245097160339355,13.928467750549316,0.7894736842105263,0.8947368421052632,1.4520238637924194
1146,VIDEO_6794470373212589317,18.50408935546875,21.742755889892578,16.171913146972656,0.9476667046546936,0.15645408630371094,19.42723846435547,18.267013549804688,0.17647058823529413,1.0,0.9595924615859985
1147,VIDEO_6793765694619143430,18.139585494995117,21.334943771362305,15.798351287841797,0.4302367866039276,-0.7952702045440674,19.004491806030273,18.754247665405273,0.21428571428571427,1.0,1.3529142141342163
1148,VIDEO_6793347939294072069,15.241564750671387,17.432912826538086,12.499902725219727,-0.7533280253410339,-0.17170047760009766,15.479694366455078,16.617624282836914,0.9130434782608695,0.8695652173913043,0.8532268404960632
1149,VIDEO_6792133610360065285,14.890490531921387,18.952852249145508,11.925113677978516,0.715639591217041,0.09549283981323242,17.44770622253418,15.09579086303711,0.8,0.92,1.3793935775756836
1150,VIDEO_6792131260543225094,16.19353485107422,20.542312622070312,13.786904335021973,0.8729926347732544,0.06645393371582031,17.38456153869629,15.784160614013672,0.19230769230769232,1.0,0.600384533405304
1151,VIDEO_7597437745258073400,18.47780990600586,22.74907112121582,15.361828804016113,0.5345999002456665,-0.8859095573425293,16.734336853027344,21.206756591796875,0.8928571428571429,1.0,1.15998113155365
1152,VIDEO_7595900789546044684,17.786348342895508,22.008594512939453,11.416259765625,-0.3831649422645569,-1.2917522192001343,13.568294525146484,20.93195152282715,0.8,0.9,1.2670083045959473
1153,VIDEO_7593820955810598156,16.06635856628418,22.8808650970459,10.722832679748535,0.40435144305229187,-0.9659154415130615,17.593420028686523,18.533363342285156,0.7241379310344828,0.7931034482758621,1.8536559343338013
1154,VIDEO_7593673061476420920,17.119043350219727,21.41625213623047,12.965231895446777,0.052809495478868484,-0.9722576141357422,19.993486404418945,15.255261421203613,0.16,0.96,1.262097954750061
1155,VIDEO_7586689516153343288,16.420793533325195,18.460294723510742,12.934775352478027,-0.6127654314041138,-1.1673918962478638,17.483274459838867,13.30594539642334,0.4230769230769231,0.9615384615384616,0.7812747359275818
1156,VIDEO_7584927758497697035,16.762998580932617,22.240692138671875,8.647324562072754,-0.3889084756374359,0.10353946685791016,14.210597038269043,20.29197883605957,0.9230769230769231,0.9230769230769231,1.6423544883728027
1157,VIDEO_7580037763580415244,18.267122268676758,19.37360382080078,16.284475326538086,-1.026409387588501,-0.07793331146240234,18.50389862060547,17.57537841796875,0.35714285714285715,1.0,0.8172398805618286
1158,VIDEO_7578641094464867595,17.87299346923828,20.8585262298584,14.452970504760742,-0.13012206554412842,-0.8639392852783203,18.669082641601562,15.892817497253418,0.11538461538461539,1.0,1.5588070154190063
1159,VIDEO_7577087400501857592,17.949176788330078,20.4305419921875,15.17789363861084,0.13336431980133057,-0.9171724319458008,18.664108276367188,18.637516021728516,0.11538461538461539,1.0,0.9383931756019592
1160,VIDEO_7575902535349816588,17.639118194580078,20.749248504638672,15.296249389648438,0.43520617485046387,-0.45803260803222656,17.967458724975586,16.695581436157227,0.09090909090909091,1.0,2.0910284519195557
1161,VIDEO_7570044496004533516,18.496971130371094,20.882753372192383,15.336421012878418,-0.25082939863204956,-0.9032437801361084,17.0638427734375,17.584320068359375,0.52,1.0,1.1959655284881592
1162,VIDEO_7569526874024512780,19.749731063842773,20.2305965423584,19.314910888671875,0.018734896555542946,-1.7396087646484375,19.41423225402832,20.127487182617188,0.7142857142857143,1.0,0.058751001954078674
1163,VIDEO_7565955844764863755,14.932188034057617,19.421772003173828,12.057994842529297,0.5948497653007507,-0.8550469875335693,13.944087028503418,12.811808586120605,0.37037037037037035,0.7777777777777778,0.6800798773765564
1164,VIDEO_7559134249731853579,14.065820693969727,16.738994598388672,12.973167419433594,1.3178287744522095,0.6185972690582275,16.12445831298828,13.253260612487793,0.0,0.875,0.44435232877731323
1165,VIDEO_7553173878785297720,17.77322769165039,19.788637161254883,16.241411209106445,0.6490610241889954,-1.092829942703247,16.99260139465332,19.54048728942871,0.7727272727272727,1.0,0.33422359824180603
1166,VIDEO_7545528304237841720,19.745758056640625,23.185504913330078,15.457296371459961,-0.38898593187332153,-0.9904732704162598,20.923025131225586,22.19466209411621,0.9642857142857143,1.0,1.1825881004333496
1167,VIDEO_7537787296209259782,15.341275215148926,16.91832733154297,13.951333045959473,0.17561553418636322,-1.1541799306869507,15.343785285949707,14.301238059997559,0.2631578947368421,1.0,0.6028216481208801
1168,VIDEO_7527665793501318456,14.108070373535156,15.433409690856934,12.273364067077637,-0.054262883961200714,-0.7132589817047119,15.393882751464844,13.85056209564209,0.05263157894736842,0.8947368421052632,0.5758833885192871
1169,VIDEO_7524995526518000901,17.060453414916992,19.215343475341797,12.023491859436035,-1.4785763025283813,1.325059413909912,18.081684112548828,17.911258697509766,0.25,0.9166666666666666,0.8675001263618469
1170,VIDEO_7520150754858896645,16.76683807373047,21.042865753173828,12.963642120361328,0.09750185906887054,-0.7390646934509277,15.095593452453613,18.34710121154785,0.8,0.95,1.1032936573028564
1171,VIDEO_7517644986310020408,16.376012802124023,18.83664894104004,14.555944442749023,0.4234696924686432,-1.1050031185150146,15.285162925720215,18.124780654907227,0.5384615384615384,1.0,0.8887276649475098
1172,VIDEO_7488241037907905797,17.03363609313965,18.134769439697266,15.73826789855957,-0.11781596392393112,-0.24271225929260254,18.024564743041992,16.79145622253418,0.0,1.0,0.32433292269706726
1173,VIDEO_7479794065983147269,18.349082946777344,20.54749298095703,16.684268951416016,0.01625814102590084,-1.4657771587371826,19.60517692565918,16.888559341430664,0.5909090909090909,1.0,0.6609216332435608
1174,VIDEO_7470863926922579205,16.601654052734375,20.311227798461914,14.280559539794922,0.7607073783874512,-0.6409175395965576,14.992058753967285,15.701014518737793,0.6,1.0,0.8486364483833313
1175,VIDEO_7463089844516965637,19.760473251342773,22.03803253173828,17.776962280273438,-0.005395438056439161,-1.1430293321609497,18.87200927734375,20.386587142944336,0.6666666666666666,1.0,0.5173760652542114
1176,VIDEO_7461940902890605829,18.286861419677734,20.986064910888672,13.097651481628418,-1.505654215812683,2.1907577514648438,18.22210121154785,20.329208374023438,0.8947368421052632,1.0,0.9523198008537292
1177,VIDEO_7426721230721453318,11.096137046813965,14.341280937194824,8.42593002319336,0.5309064984321594,-0.9102563858032227,11.675514221191406,10.186267852783203,0.5714285714285714,0.21428571428571427,1.8694572448730469
1178,VIDEO_7415576931577433349,18.602676391601562,21.11893653869629,15.520853042602539,-0.37943384051322937,-0.526928186416626,19.212953567504883,18.90909194946289,0.72,1.0,1.4154871702194214
1179,VIDEO_7349173304613162246,16.706960678100586,21.023603439331055,12.723931312561035,0.15347571671009064,-0.12593388557434082,16.934356689453125,15.583422660827637,0.14285714285714285,0.9642857142857143,1.8735295534133911
1180,VIDEO_7348384350297165061,19.09653663635254,21.502473831176758,16.066051483154297,-0.33362093567848206,-1.4773057699203491,17.07830810546875,20.98407745361328,0.42105263157894735,1.0,1.4381250143051147
1181,VIDEO_7346623546229099781,16.628355026245117,21.05721664428711,13.697009086608887,0.41458237171173096,-0.8667235374450684,19.31935691833496,15.475250244140625,0.05263157894736842,1.0,1.0709549188613892
1182,VIDEO_7345477638619778309,18.209354400634766,22.947162628173828,14.665116310119629,0.4003213346004486,-0.22567272186279297,16.35433006286621,18.835187911987305,0.8709677419354839,1.0,2.385668992996216
1183,VIDEO_7341020687345192197,17.968631744384766,19.996843338012695,15.545979499816895,-0.03754575178027153,-0.3681955337524414,17.98882484436035,18.697904586791992,0.17857142857142858,1.0,0.7172006964683533
1184,VIDEO_7333701921573850374,17.555282592773438,24.18438720703125,13.503005981445312,0.7482236623764038,1.3560194969177246,18.682815551757812,18.116586685180664,0.21212121212121213,1.0,2.4772896766662598
1185,VIDEO_7332928025517903109,17.985410690307617,20.02340316772461,15.611672401428223,-0.3812621533870697,-1.1330653429031372,16.629972457885742,16.236072540283203,0.8333333333333334,1.0,0.8114007115364075
1186,VIDEO_7329985883539541253,16.616695404052734,19.274494171142578,14.3382568359375,0.47897496819496155,-0.26790666580200195,11.935147285461426,15.24903392791748,0.16666666666666666,0.9666666666666667,1.4708495140075684
1187,VIDEO_7329596850804100358,16.51895523071289,20.56661033630371,12.9118070602417,0.13759328424930573,-0.3500666618347168,16.612634658813477,16.043676376342773,0.10344827586206896,0.9655172413793104,1.6413533687591553
1188,VIDEO_7328066217929985286,21.439861297607422,25.470542907714844,18.365591049194336,0.06241505965590477,-0.6497318744659424,20.942354202270508,18.444175720214844,0.6,1.0,0.551027774810791
1189,VIDEO_7325861199604665606,16.82962417602539,24.64537239074707,15.050214767456055,2.2420852184295654,3.465597629547119,21.93902015686035,15.177909851074219,0.05555555555555555,1.0,0.6832591891288757
1190,VIDEO_7323237610665544966,20.049190521240234,22.076679229736328,16.154129028320312,-1.0538948774337769,1.2525911331176758,20.259050369262695,19.485685348510742,0.5555555555555556,1.0,1.033433198928833
1191,VIDEO_7320606856995523846,15.885713577270508,19.62142562866211,11.860743522644043,-0.24828332662582397,-0.8242969512939453,18.581872940063477,12.825871467590332,0.0,0.7647058823529411,1.5508699417114258
1192,VIDEO_7319511492888366342,16.49152183532715,20.27265167236328,12.993896484375,0.06895346939563751,-0.44590139389038086,16.67073631286621,15.561668395996094,0.10344827586206896,0.9655172413793104,1.6493743658065796
1193,VIDEO_7267229404584037638,18.042274475097656,19.486854553222656,16.383764266967773,-0.02480580285191536,-1.1730608940124512,16.709182739257812,17.294170379638672,0.4444444444444444,1.0,0.3391990661621094
1194,VIDEO_7221953102184779013,16.937959671020508,22.66752815246582,13.351119995117188,0.4908502697944641,-0.7223348617553711,19.023710250854492,17.33124351501465,0.05,1.0,2.612943649291992
1195,VIDEO_7217463144069844230,18.154380798339844,21.463043212890625,13.544668197631836,-0.3531337082386017,-0.3776853084564209,16.153291702270508,17.400632858276367,0.36363636363636365,1.0,2.107452392578125
1196,VIDEO_7214396955810680069,17.722562789916992,20.701662063598633,15.073968887329102,0.2454937994480133,-1.701136589050293,16.31773567199707,20.120153427124023,0.6923076923076923,1.0,0.6604962348937988
1197,VIDEO_7207818125402852613,21.653324127197266,24.44355010986328,20.040719985961914,0.6795059442520142,-0.02875065803527832,20.17841339111328,22.830263137817383,0.4666666666666667,1.0,0.764487624168396
1198,VIDEO_7201892299112992005,14.632702827453613,20.108131408691406,11.093185424804688,0.4847521185874939,-1.1301491260528564,11.22408390045166,19.269134521484375,0.9333333333333333,0.6,0.6439247131347656
1199,VIDEO_7199338065867934982,16.523242950439453,25.45248031616211,2.4349148273468018,-0.7909366488456726,1.1026434898376465,8.893310546875,11.40368938446045,0.5,0.7692307692307693,4.637386322021484
1200,VIDEO_7198947136300403974,18.078632354736328,20.818073272705078,14.089618682861328,-0.7201545834541321,0.22136974334716797,20.20367431640625,18.95383644104004,0.04,1.0,1.1992753744125366
1201,VIDEO_7197470706416815365,19.889604568481445,22.1489200592041,18.357284545898438,0.45271536707878113,-0.7462446689605713,20.021724700927734,21.107301712036133,0.7857142857142857,1.0,1.3759187459945679
1202,VIDEO_7189955800851320070,17.77475929260254,19.484830856323242,13.950127601623535,-1.4564108848571777,0.9058573246002197,18.141714096069336,14.547728538513184,0.6666666666666666,1.0,0.5106443166732788
1203,VIDEO_7189175939098561798,18.359670639038086,19.22402000427246,17.658018112182617,0.19183026254177094,-0.5761837959289551,18.349882125854492,18.019384384155273,0.42857142857142855,1.0,0.3678254187107086
1204,VIDEO_7187448552354794758,15.476720809936523,18.49425506591797,13.282825469970703,0.1837470382452011,-1.183854579925537,17.04831886291504,14.021328926086426,0.14285714285714285,1.0,0.5151939392089844
1205,VIDEO_7185872343988702470,18.561609268188477,21.12447738647461,9.513006210327148,-2.183135509490967,4.940147876739502,12.436091423034668,13.61895751953125,0.4166666666666667,0.9166666666666666,2.1264126300811768
1206,VIDEO_7184475894335950085,20.160045623779297,21.890939712524414,16.027524948120117,-1.0949159860610962,0.022387981414794922,19.871389389038086,21.251874923706055,0.9615384615384616,1.0,0.6100027561187744
1207,VIDEO_7182983364293430533,18.766185760498047,21.739479064941406,14.671741485595703,-0.6649009585380554,-0.2793238162994385,17.23704719543457,18.412805557250977,0.7,1.0,1.8650014400482178
1208,VIDEO_7179319229924084997,19.220577239990234,24.81974983215332,13.573554039001465,0.38883519172668457,-0.8858940601348877,19.041015625,19.105798721313477,0.5,1.0,0.9519852995872498
1209,VIDEO_7176635190469512453,17.662458419799805,22.33513069152832,14.262022018432617,0.3468843996524811,-0.7952554225921631,18.729267120361328,15.5880765914917,0.3076923076923077,1.0,0.8944209218025208
1210,VIDEO_7175864609029491974,18.815433502197266,21.47437286376953,16.43000602722168,0.07309267669916153,-0.9005863666534424,19.882898330688477,19.65415382385254,0.5,1.0,1.2144019603729248
1211,VIDEO_7174823379453644037,18.140836715698242,20.20098114013672,15.580503463745117,-0.047771211713552475,-1.3461116552352905,12.03076171875,12.941093444824219,0.625,0.9375,1.8136649131774902
1212,VIDEO_7087984641864502534,19.446760177612305,24.763145446777344,15.101194381713867,0.34751221537590027,-1.155788779258728,16.522550582885742,20.439420700073242,0.43478260869565216,1.0,3.3577210903167725
1213,VIDEO_7087653844863208709,17.84874725341797,20.49927520751953,15.268917083740234,0.25973471999168396,-0.8756682872772217,16.978960037231445,19.63213539123535,0.8823529411764706,1.0,1.6306394338607788
1214,VIDEO_7087592356664315141,18.371234893798828,21.099653244018555,14.488249778747559,-0.5085292458534241,-0.27253127098083496,16.161466598510742,19.85497283935547,0.9642857142857143,1.0,1.5052640438079834
1215,VIDEO_7086527236471311622,17.65580940246582,21.962278366088867,11.210015296936035,-0.782599925994873,-0.039107561111450195,19.5139217376709,11.53592586517334,0.625,0.875,1.3756170272827148
1216,VIDEO_7086144769222511877,18.2458553314209,22.9793701171875,14.973004341125488,0.5038317441940308,-1.2782000303268433,17.345033645629883,15.321048736572266,0.5714285714285714,1.0,1.5798282623291016
1217,VIDEO_7086111451965869317,17.613628387451172,19.76251792907715,14.554315567016602,-0.5825478434562683,-0.8714046478271484,19.689512252807617,17.748842239379883,0.0,1.0,0.7370851635932922
1218,VIDEO_7085748815449312517,18.64550018310547,21.974407196044922,14.923628807067871,-0.2175784409046173,-1.3318886756896973,15.134896278381348,21.070085525512695,0.9090909090909091,1.0,1.0703519582748413
1219,VIDEO_7085404371671846150,17.57737922668457,22.207395553588867,10.706402778625488,-0.38150009512901306,-0.8777527809143066,16.46592140197754,19.41997528076172,0.7083333333333334,0.9166666666666666,2.012587070465088
1220,VIDEO_7085367737178000646,18.362701416015625,20.83672523498535,15.170160293579102,-0.22970357537269592,0.26157164573669434,18.9912109375,16.82588005065918,0.7407407407407407,1.0,1.0422743558883667
1221,VIDEO_7084552539126926597,17.85527801513672,20.566072463989258,14.396363258361816,-0.5459636449813843,-0.7593631744384766,17.411043167114258,18.035449981689453,0.25,1.0,2.0847904682159424
1222,VIDEO_7083526112558517510,17.540372848510742,20.838308334350586,12.345467567443848,-1.1425648927688599,0.07386088371276855,17.38094139099121,17.678485870361328,0.043478260869565216,0.8260869565217391,1.2802654504776
1223,VIDEO_7083159832185933061,17.499521255493164,23.587709426879883,14.141890525817871,1.475178599357605,1.5179390907287598,16.689184188842773,17.176549911499023,0.7777777777777778,1.0,1.6110230684280396
1224,VIDEO_7082386924677205253,14.748723030090332,17.52142333984375,12.756797790527344,0.3303571045398712,-0.48742032051086426,13.665600776672363,14.032336235046387,0.3333333333333333,0.9333333333333333,1.3562681674957275
1225,VIDEO_7082037036730813701,19.054899215698242,22.448768615722656,14.729433059692383,-0.2678622305393219,-0.5905559062957764,16.4892578125,20.974166870117188,0.7333333333333333,1.0,1.9313596487045288
1226,VIDEO_7081701013891157253,18.746253967285156,21.424680709838867,17.448772430419922,1.0068888664245605,0.23727679252624512,19.016746520996094,18.294694900512695,0.5,1.0,0.81709223985672
1227,VIDEO_7081323710442917125,17.53205680847168,21.744495391845703,14.628074645996094,0.7017551064491272,0.06796479225158691,17.17839813232422,17.29924964904785,0.4583333333333333,1.0,1.741045594215393
1228,VIDEO_7081276473687985413,14.945647239685059,17.370697021484375,12.377056121826172,-0.5358181595802307,-1.2522783279418945,12.678096771240234,15.881701469421387,0.5454545454545454,0.7272727272727273,0.5840527415275574
1229,VIDEO_7080583186522098949,11.67953872680664,12.525899887084961,9.856563568115234,-1.629122018814087,3.076345443725586,11.653037071228027,11.09055233001709,0.5384615384615384,0.0,0.5495703220367432
1230,VIDEO_7080535307816291589,18.778600692749023,20.513607025146484,15.193324089050293,-0.9734665751457214,-0.2590169906616211,20.02266502380371,19.784774780273438,0.5882352941176471,1.0,1.0863183736801147
1231,VIDEO_7079836018203020549,21.939105987548828,23.322782516479492,20.782495498657227,0.5805981159210205,1.2271337509155273,21.402624130249023,21.83984375,0.56,1.0,0.47639235854148865
1232,VIDEO_7079418950315969798,19.38390350341797,22.246789932250977,14.879173278808594,-0.8514808416366577,1.2768793106079102,19.943063735961914,19.56207847595215,0.3684210526315789,1.0,1.3104760646820068
1233,VIDEO_7079071645771500806,17.88710594177246,21.22023582458496,16.09890365600586,0.7827010154724121,-0.6027669906616211,18.468435287475586,16.864133834838867,0.26666666666666666,1.0,0.682490348815918
1234,VIDEO_7078352231413697797,18.3775691986084,20.833112716674805,16.026947021484375,-0.04298628121614456,-0.8492991924285889,18.864553451538086,19.931852340698242,0.9375,1.0,0.9406794309616089
1235,VIDEO_7077597321667546373,17.50920295715332,22.442543029785156,12.102703094482422,0.07599250972270966,-1.1136817932128906,21.04634666442871,16.009532928466797,0.7142857142857143,0.9642857142857143,1.5992287397384644
1236,VIDEO_7076502785742720261,17.94268226623535,20.93922996520996,14.58620548248291,-0.15534056723117828,-1.2640018463134766,14.59809398651123,20.704404830932617,0.48,1.0,1.1392301321029663
1237,VIDEO_7076131060420988165,17.95691680908203,21.829105377197266,14.678997993469238,0.10892394185066223,-0.8367025852203369,20.043790817260742,20.73152732849121,0.2413793103448276,1.0,1.5222803354263306
1238,VIDEO_7074644027190103302,17.77054214477539,19.380666732788086,16.152610778808594,-0.17639128863811493,-0.47623634338378906,18.054428100585938,17.432825088500977,0.2,1.0,0.5153372883796692
1239,VIDEO_7073906588079246598,17.686534881591797,20.746198654174805,14.315159797668457,-0.017785878852009773,-1.2102407217025757,17.4212703704834,17.631797790527344,0.3333333333333333,1.0,1.309867024421692
1240,VIDEO_7073547434244328709,19.048803329467773,22.380069732666016,12.1386137008667,-1.1880139112472534,0.7248079776763916,18.928592681884766,21.458227157592773,0.9411764705882353,0.9411764705882353,1.6646764278411865
1241,VIDEO_7073513732395044102,16.622217178344727,20.180940628051758,12.137160301208496,-0.45246973633766174,-0.6800699234008789,17.93123435974121,15.006268501281738,0.47368421052631576,0.8947368421052632,1.5708552598953247
1242,VIDEO_7072780188018380038,18.426645278930664,23.41994857788086,14.847556114196777,0.5420641899108887,0.21637606620788574,19.80426788330078,17.66765022277832,0.125,1.0,1.4902353286743164
1243,VIDEO_7072060893818899717,16.065372467041016,22.80768394470215,5.360841751098633,-1.1986093521118164,0.06948685646057129,17.999414443969727,17.080738067626953,0.6666666666666666,0.8095238095238095,3.349717617034912
1244,VIDEO_7071272326746230021,17.384479522705078,22.975961685180664,12.450130462646484,0.04970148950815201,1.2831268310546875,17.732040405273438,19.103666305541992,0.9090909090909091,0.9545454545454546,2.5127902030944824
1245,VIDEO_7070907935722917126,17.743648529052734,21.719676971435547,13.900849342346191,-0.160213440656662,0.6934895515441895,17.417972564697266,17.872838973999023,0.43478260869565216,1.0,1.5897997617721558
1246,VIDEO_7070569241413422342,19.2833194732666,21.563533782958984,16.887582778930664,-0.21774260699748993,-0.8211922645568848,19.194917678833008,17.707717895507812,0.5833333333333334,1.0,1.2713614702224731
1247,VIDEO_7070218376328563973,21.77506446838379,24.634174346923828,16.93496322631836,-1.0490845441818237,-0.020611047744750977,22.9837703704834,22.91260528564453,0.7333333333333333,1.0,1.2677873373031616
1248,VIDEO_7069844079122599173,18.797616958618164,23.076677322387695,14.912433624267578,0.6485168933868408,-0.8278326988220215,17.585840225219727,17.81574058532715,0.5333333333333333,1.0,1.5906089544296265
1249,VIDEO_7068731699701484806,17.56487464904785,20.699195861816406,14.159557342529297,-0.0041723912581801414,-1.169057011604309,16.097835540771484,20.084314346313477,0.85,1.0,1.8404810428619385
1250,VIDEO_7067985901011373317,16.26723861694336,19.326990127563477,11.509233474731445,-0.3741563856601715,-0.7788193225860596,18.03563690185547,14.167530059814453,0.15789473684210525,0.9473684210526315,2.0164437294006348
1251,VIDEO_7067623396279930117,17.9619140625,18.84526824951172,14.435456275939941,-1.9912784099578857,3.334071636199951,18.316484451293945,18.572168350219727,0.4,1.0,0.8273524045944214
1252,VIDEO_7066474035613388037,19.111474990844727,29.68662452697754,14.522679328918457,1.1693757772445679,0.389406681060791,27.59149169921875,14.844721794128418,0.1111111111111111,1.0,1.6412512063980103
1253,VIDEO_7065769954695564550,23.4892578125,24.183876037597656,22.913957595825195,0.15886622667312622,-0.5915284156799316,23.20387840270996,23.608423233032227,0.5,1.0,0.4228326678276062
1254,VIDEO_7064650116321250566,11.07986068725586,20.920236587524414,7.447154998779297,1.076047658920288,-0.24132990837097168,17.917774200439453,8.762856483459473,0.05555555555555555,0.3333333333333333,1.7654978036880493
1255,VIDEO_7064585014561754373,17.803255081176758,20.330610275268555,12.908105850219727,-0.9481757879257202,-0.341965913772583,17.740570068359375,18.98118782043457,0.4444444444444444,0.9444444444444444,1.4552569389343262
1256,VIDEO_7064244808700726533,19.938858032226562,22.373271942138672,15.848274230957031,-0.8231558203697205,1.0885367393493652,20.65297508239746,18.716379165649414,0.3157894736842105,1.0,0.9507507681846619
1257,VIDEO_7063505399307144454,18.983095169067383,21.458816528320312,16.764083862304688,0.05032598599791527,-1.2031394243240356,20.661062240600586,20.45311164855957,0.0,1.0,0.9784735441207886
1258,VIDEO_7062046390570061061,18.87505340576172,21.427494049072266,16.32677459716797,-0.20112891495227814,-0.027232885360717773,19.44392967224121,18.482927322387695,0.46153846153846156,1.0,0.8257585167884827
1259,VIDEO_7061663961090936070,14.192400932312012,19.62407112121582,10.790724754333496,0.6899285912513733,-0.7822859287261963,13.00295352935791,13.039588928222656,0.7391304347826086,0.5652173913043478,1.4541914463043213
1260,VIDEO_7061273234259610885,18.382957458496094,22.108489990234375,16.131298065185547,0.8767935633659363,1.018531322479248,18.32868766784668,18.722463607788086,0.6,1.0,1.3046847581863403
1261,VIDEO_7060513660975844614,18.390840530395508,20.176509857177734,15.111414909362793,-0.8276902437210083,0.2821168899536133,19.208393096923828,17.159507751464844,0.5333333333333333,1.0,0.820219874382019
1262,VIDEO_7060191695681375493,18.652143478393555,22.381685256958008,11.271368980407715,-0.7508540749549866,0.13189411163330078,19.949886322021484,17.3795166015625,0.2962962962962963,0.9629629629629629,2.4684648513793945
1263,VIDEO_7059832468412583173,19.19087791442871,21.879308700561523,16.687450408935547,0.005731274839490652,-0.6200847625732422,19.313264846801758,17.351852416992188,0.08333333333333333,1.0,1.174869179725647
1264,VIDEO_7059747853035441414,21.40456199645996,23.808340072631836,17.727176666259766,-0.5658186674118042,0.17449569702148438,20.080554962158203,20.884321212768555,0.23809523809523808,1.0,1.366202712059021
1265,VIDEO_7059442492080491781,18.696144104003906,24.692062377929688,15.955135345458984,1.359223484992981,1.7630529403686523,17.799663543701172,22.395492553710938,0.92,1.0,1.3331208229064941
1266,VIDEO_7059081815985818886,18.914627075195312,24.95647430419922,15.575160026550293,1.4381312131881714,2.0400285720825195,20.905048370361328,19.019325256347656,0.07142857142857142,1.0,1.734148621559143
1267,VIDEO_7058348964306783493,17.489168167114258,18.485515594482422,16.530960083007812,0.05790984630584717,-1.3108289241790771,17.510698318481445,17.466962814331055,0.7222222222222222,1.0,0.512276828289032
1268,VIDEO_7057221943623306501,20.990432739257812,24.177165985107422,18.237123489379883,0.07044229656457901,-0.7020468711853027,23.144906997680664,19.816381454467773,0.08695652173913043,1.0,1.0370961427688599
1269,VIDEO_7056858947935915270,14.732038497924805,17.471132278442383,13.518555641174316,1.3273206949234009,0.2772388458251953,16.2508487701416,14.22419261932373,0.0,1.0,0.6419346928596497
1270,VIDEO_7056423267564899590,20.639570236206055,23.68399429321289,17.766376495361328,-0.09186825156211853,-1.3630427122116089,22.60433006286621,18.029356002807617,0.0,1.0,1.1355611085891724
1271,VIDEO_7054964457310539013,18.430908203125,19.70275115966797,16.353954315185547,-0.6297402381896973,1.2328648567199707,17.174510955810547,19.40372657775879,0.9583333333333334,1.0,0.2712199091911316
1272,VIDEO_7054255399968476422,18.721527099609375,21.29073715209961,16.878128051757812,0.29850220680236816,0.06985831260681152,17.46240234375,19.763227462768555,0.8888888888888888,1.0,1.0769283771514893
1273,VIDEO_7053886455805955333,18.18189239501953,23.4637451171875,9.579477310180664,-0.7815403342247009,2.345669746398926,22.349225997924805,16.147432327270508,0.041666666666666664,0.9583333333333334,2.020813226699829
1274,VIDEO_7053136217717607686,17.732881546020508,20.98435401916504,15.362204551696777,0.6172271966934204,-1.159074306488037,16.687171936035156,18.231895446777344,0.4782608695652174,1.0,1.281482458114624
1275,VIDEO_7041160388334980357,17.349395751953125,21.356033325195312,14.582361221313477,0.2570211887359619,-0.6820740699768066,16.87213134765625,15.836520195007324,0.25,1.0,1.730799913406372
1276,VIDEO_7038692809985051909,17.957714080810547,20.918317794799805,14.189621925354004,-0.460669606924057,-0.6680929660797119,19.317014694213867,19.024890899658203,0.0625,1.0,1.4766188859939575
1277,VIDEO_6980696986135710981,15.445768356323242,18.928125381469727,14.687731742858887,2.2453396320343018,3.6240663528442383,12.404574394226074,15.502903938293457,0.05263157894736842,0.9473684210526315,2.0902695655822754
1278,VIDEO_6946128715000663301,16.38980484008789,19.99489402770996,13.676831245422363,0.38808050751686096,-0.3603646755218506,16.418598175048828,14.926334381103516,0.41379310344827586,1.0,1.673595666885376
1279,VIDEO_6945377653587266822,17.792165756225586,21.40256690979004,13.116765022277832,-0.510117769241333,-0.16395831108093262,19.374197006225586,17.728050231933594,0.2,1.0,2.086017608642578
1280,VIDEO_6934012329067597061,19.36442756652832,22.58148193359375,16.5618839263916,0.21446236968040466,-1.8486247062683105,16.774946212768555,22.04254150390625,0.6666666666666666,1.0,0.5074366331100464
1281,VIDEO_6926459852134845701,16.864246368408203,18.81048583984375,14.60275650024414,-0.07374925911426544,-1.3977128267288208,15.958758354187012,18.432941436767578,0.8,1.0,0.6416553854942322
1282,VIDEO_6921676134212029701,18.202348709106445,19.900217056274414,14.350263595581055,-1.4775439500808716,1.7567710876464844,15.480320930480957,19.19576072692871,0.8571428571428571,1.0,1.1843136548995972
1283,VIDEO_6918691694791691525,18.951190948486328,21.641353607177734,16.591135025024414,0.11995027214288712,-0.9869821071624756,17.797311782836914,18.851797103881836,0.5625,1.0,1.3100485801696777
1284,VIDEO_6897900291631402242,18.919071197509766,22.864046096801758,15.456849098205566,0.5207408666610718,-1.0291683673858643,22.82501792907715,16.35494041442871,0.037037037037037035,1.0,0.8795192241668701
1285,VIDEO_6895288761354112258,18.812211990356445,20.42302703857422,15.980974197387695,-0.818223774433136,-0.2365732192993164,18.716379165649414,18.346792221069336,0.18518518518518517,1.0,0.6523077487945557
1286,VIDEO_6876847536938749185,20.58092498779297,22.625585556030273,18.94830322265625,0.417255163192749,-0.029620647430419922,21.26848602294922,19.981733322143555,0.782608695652174,1.0,0.672201931476593
1287,VIDEO_7598953535165959426,19.397294998168945,22.59607696533203,16.60302734375,0.4686906933784485,-0.8250992298126221,22.297948837280273,20.03670310974121,0.05555555555555555,1.0,1.7397704124450684
1288,VIDEO_7598574537407548694,20.360275268554688,23.780485153198242,15.784615516662598,-0.4711771011352539,0.4626951217651367,20.485830307006836,20.509326934814453,0.84,1.0,1.784009337425232
1289,VIDEO_7597422827196763414,18.75514793395996,21.698822021484375,16.35539436340332,0.31251439452171326,-0.7121615409851074,17.053770065307617,19.120426177978516,0.3,1.0,0.967376708984375
1290,VIDEO_7596412614402460950,17.663415908813477,20.30287742614746,14.869236946105957,-0.3237960934638977,0.8976466655731201,16.641172409057617,17.904170989990234,0.8947368421052632,1.0,1.2825102806091309
1291,VIDEO_7594160012247797014,17.208608627319336,20.537214279174805,13.114851951599121,-0.5757421851158142,0.22609758377075195,15.196850776672363,17.691314697265625,0.48148148148148145,1.0,1.3985472917556763
1292,VIDEO_7593664206210157827,18.099971771240234,18.94720458984375,17.657304763793945,0.8878109455108643,-0.442624568939209,18.446874618530273,17.967750549316406,0.0,1.0,0.35494375228881836
1293,VIDEO_7591891163175554326,14.590171813964844,17.868446350097656,12.044876098632812,0.38041067123413086,-0.4565918445587158,14.062777519226074,15.29212474822998,0.47368421052631576,0.8421052631578947,1.3725517988204956
1294,VIDEO_7587478416618736918,17.345827102661133,21.210298538208008,12.70007038116455,-0.28576797246932983,-1.358912706375122,13.36486530303955,19.253293991088867,0.4444444444444444,0.9629629629629629,1.4262536764144897
1295,VIDEO_7586630099286510870,18.533702850341797,19.934980392456055,15.2196626663208,-0.9128732085227966,-0.09778046607971191,16.138978958129883,19.552833557128906,0.5,1.0,0.4314393103122711
1296,VIDEO_7580000663845850390,18.6955509185791,21.828357696533203,13.966094970703125,-0.3203113377094269,-0.6550958156585693,15.909346580505371,17.46917724609375,0.3076923076923077,1.0,1.0264972448349
1297,VIDEO_7578151818585328918,16.16264533996582,23.489648818969727,9.65916919708252,0.14007814228534698,-1.2605488300323486,18.6273136138916,20.03852653503418,0.5384615384615384,0.7692307692307693,2.096818447113037
1298,VIDEO_7576319921030827286,17.085233688354492,19.66554069519043,14.193625450134277,0.07773841172456741,-1.481252670288086,15.740699768066406,14.759769439697266,0.65,1.0,0.6499184370040894
1299,VIDEO_7575110522522144022,15.7186279296875,18.66058349609375,7.009479999542236,-1.5712318420410156,1.9623231887817383,16.947858810424805,16.353628158569336,0.3,0.9,1.633872628211975
1300,VIDEO_7570012092829748502,16.181026458740234,21.367263793945312,7.3770246505737305,-0.9918021559715271,-0.19504547119140625,13.00649642944336,20.362342834472656,0.9090909090909091,0.7727272727272727,2.1381008625030518
1301,VIDEO_7566632651352853782,19.76987075805664,21.202129364013672,17.43098258972168,-0.4628351032733917,-0.17433691024780273,18.386611938476562,19.60932731628418,0.21739130434782608,1.0,0.6512792706489563
1302,VIDEO_7553223847730777346,19.75914764404297,23.450300216674805,16.449331283569336,0.1602742075920105,-1.6080727577209473,20.401941299438477,17.050344467163086,0.15384615384615385,1.0,1.34074068069458
1303,VIDEO_7523154104273915158,18.3022403717041,20.752300262451172,14.532913208007812,-0.7341129779815674,0.3383328914642334,12.229358673095703,17.595443725585938,0.40625,0.96875,1.4375489950180054
1304,VIDEO_7520582757412556054,19.503646850585938,20.7619571685791,18.022855758666992,-0.6067594885826111,0.17948698997497559,20.04875946044922,18.51925277709961,0.10526315789473684,1.0,0.6746533513069153
1305,VIDEO_7495368561821535510,17.239171981811523,20.594314575195312,11.328947067260742,-0.6347329020500183,-1.043882131576538,18.401817321777344,18.91426658630371,0.38095238095238093,0.8095238095238095,2.384978771209717
1306,VIDEO_7493891893026180374,18.312665939331055,21.504356384277344,15.258622169494629,-0.04223816841840744,-0.6977851390838623,17.208932876586914,19.80204200744629,0.5172413793103449,1.0,0.9081322550773621
1307,VIDEO_7491632736105450774,18.123472213745117,21.318344116210938,15.612152099609375,0.20887134969234467,-0.2736036777496338,19.03374671936035,17.1247615814209,0.16,1.0,1.3550416231155396
1308,VIDEO_7486822725684792599,16.0881404876709,19.84898567199707,7.547817230224609,-0.8783471584320068,0.061354875564575195,19.422264099121094,14.776898384094238,0.9545454545454546,0.7727272727272727,1.9250401258468628
1309,VIDEO_7483098002547100950,15.558059692382812,18.292312622070312,9.79921817779541,-1.141920566558838,0.42150068283081055,15.2846040725708,16.838903427124023,0.35714285714285715,0.8571428571428571,2.5906054973602295
1310,VIDEO_7481624954484690198,18.230451583862305,20.910791397094727,13.132421493530273,-0.9793429970741272,0.7354679107666016,17.91136932373047,15.01374340057373,0.2222222222222222,1.0,1.1148383617401123
1311,VIDEO_7477935287646063894,18.642244338989258,21.692371368408203,14.277799606323242,-0.46771109104156494,-1.0521708726882935,19.128067016601562,17.44719886779785,0.1875,1.0,1.3509395122528076
1312,VIDEO_7473224176086584598,17.897356033325195,19.540544509887695,15.50271224975586,-0.9635781049728394,0.5022261142730713,15.973941802978516,18.149124145507812,0.2692307692307692,1.0,0.46215176582336426
1313,VIDEO_7471566242168491286,17.309833526611328,20.251861572265625,14.518433570861816,-0.13648372888565063,-1.4847079515457153,19.44227409362793,17.862451553344727,0.0,1.0,0.811151385307312
1314,VIDEO_7471289820795374870,19.175090789794922,21.633451461791992,17.466136932373047,0.9031834602355957,-0.0976715087890625,18.26704978942871,18.526220321655273,0.25,1.0,0.8011394739151001
1315,VIDEO_7470495287212084503,16.603702545166016,21.171695709228516,12.242647171020508,0.2720502018928528,-1.2179771661758423,20.375003814697266,13.2715425491333,0.3103448275862069,0.9310344827586207,1.2236852645874023
1316,VIDEO_7469067273794456854,16.916133880615234,22.1431884765625,12.531861305236816,-0.0810476690530777,-0.7349991798400879,17.574676513671875,17.110137939453125,0.5714285714285714,0.9047619047619048,2.058476686477661
1317,VIDEO_7466514918137728278,16.565393447875977,18.6146297454834,13.85214900970459,-0.41379842162132263,-0.7544727325439453,16.29559898376465,16.074556350708008,0.38095238095238093,1.0,0.8856382369995117
1318,VIDEO_7466106459403701526,17.963319778442383,19.165138244628906,13.023677825927734,-2.7411928176879883,7.547008514404297,16.870576858520508,18.5086612701416,0.058823529411764705,1.0,1.0896172523498535
1319,VIDEO_7465714414814137623,16.220090866088867,18.932342529296875,11.976872444152832,-0.8892228007316589,0.34043431282043457,13.48159122467041,17.477054595947266,0.25925925925925924,0.8888888888888888,1.178446650505066
1320,VIDEO_7453069595327384865,13.236257553100586,14.879425048828125,11.130434036254883,-0.5565192699432373,-0.7806458473205566,14.5731840133667,14.201266288757324,0.08,0.72,0.6225022673606873
1321,VIDEO_7447538385993895201,18.94101333618164,21.27300262451172,16.400070190429688,-0.13008703291416168,-0.5408477783203125,21.186494827270508,19.064128875732422,0.08333333333333333,1.0,0.7211897373199463
1322,VIDEO_7447184186034654496,18.884737014770508,21.217605590820312,16.264419555664062,0.06823877990245819,0.28072476387023926,17.3834171295166,19.52926254272461,0.6666666666666666,1.0,0.9406333565711975
1323,VIDEO_7446341554735828256,16.84276008605957,20.125459671020508,14.007072448730469,0.3284563720226288,-1.4367040395736694,18.53481101989746,19.63853645324707,0.047619047619047616,1.0,1.1855448484420776
1324,VIDEO_7399975638112783649,17.467050552368164,19.195655822753906,14.070563316345215,-1.1191028356552124,-0.09223556518554688,18.14698028564453,17.88419532775879,0.3684210526315789,1.0,0.6710878014564514
1325,VIDEO_7390334004001639713,16.430131912231445,18.210649490356445,14.633027076721191,-0.023117657750844955,-1.3193435668945312,17.727312088012695,15.076507568359375,0.041666666666666664,1.0,0.5992020964622498
1326,VIDEO_7372132003078032672,18.902503967285156,20.889616012573242,16.05965232849121,-0.5057661533355713,-0.7462270259857178,18.130126953125,20.464345932006836,0.9655172413793104,1.0,0.6642052531242371
1327,VIDEO_7351073088601148704,17.947887420654297,20.859359741210938,16.293649673461914,0.7986098527908325,-1.3023850917816162,20.5263671875,16.83098793029785,0.25,1.0,0.4112613797187805
1328,VIDEO_7343970143497653537,17.377561569213867,19.191608428955078,15.881519317626953,0.028051532804965973,-1.127253532409668,16.247291564941406,17.73575782775879,0.8214285714285714,1.0,0.7030619382858276
1329,VIDEO_7341738165746634017,16.86750602722168,20.862396240234375,14.88461685180664,1.0658584833145142,2.011073589324951,16.318811416625977,17.0069637298584,0.8387096774193549,1.0,1.2190673351287842
1330,VIDEO_7340356860299496736,15.641797065734863,19.29528045654297,11.622014999389648,0.26981231570243835,-0.4993293285369873,15.07919979095459,18.042970657348633,0.125,0.9166666666666666,1.6661287546157837
1331,VIDEO_7333562774750088480,18.214265823364258,20.3207950592041,14.994214057922363,-0.9051001071929932,0.3104677200317383,18.426742553710938,18.792062759399414,0.7916666666666666,1.0,1.328222393989563
1332,VIDEO_7327710709201014049,18.5274600982666,22.0685977935791,15.560234069824219,-0.049934159964323044,-1.529874324798584,21.08269691467285,18.810752868652344,0.0,1.0,0.9666959643363953
1333,VIDEO_7323667240933444896,14.1014404296875,15.230329513549805,12.93685245513916,-0.24788644909858704,-1.38494074344635,14.669447898864746,13.13202953338623,0.13043478260869565,0.9565217391304348,0.22371739149093628
1334,VIDEO_7321012358594235681,18.10144805908203,21.285789489746094,10.991255760192871,-0.993347704410553,-0.15444087982177734,20.424320220947266,20.66780662536621,0.875,0.9375,1.5191000699996948
1335,VIDEO_7319919643378912544,13.930808067321777,16.188486099243164,12.347887992858887,0.26602768898010254,-1.2612426280975342,15.542808532714844,13.961318969726562,0.6428571428571429,0.6428571428571429,0.8350792527198792
1336,VIDEO_7318832237842156832,18.276853561401367,22.644481658935547,15.988924026489258,1.4169528484344482,2.0094027519226074,17.97165870666504,19.544893264770508,0.7333333333333333,1.0,1.0894054174423218
1337,VIDEO_7315822267781467424,15.202247619628906,17.074960708618164,13.965627670288086,0.91557377576828,0.17187929153442383,14.520160675048828,15.793181419372559,0.5789473684210527,1.0,0.44168519973754883
1338,VIDEO_7309133635578236192,17.97743034362793,21.62411880493164,16.385149002075195,1.3915783166885376,0.8352839946746826,20.987625122070312,17.538169860839844,0.0,1.0,0.44583702087402344
1339,VIDEO_7307971449870994720,16.178958892822266,22.12662696838379,9.456388473510742,-0.020399579778313637,-1.5005353689193726,21.881027221679688,10.709579467773438,0.1875,0.625,1.5193265676498413
1340,VIDEO_7303968237966904609,17.252744674682617,19.237995147705078,14.370346069335938,-0.48589175939559937,-0.6340756416320801,17.627958297729492,14.876215934753418,0.5625,1.0,0.7140750885009766
1341,VIDEO_7297205575501270304,19.002233505249023,22.101226806640625,14.129408836364746,-0.7124629616737366,-1.1850745677947998,21.382965087890625,19.37523651123047,0.2222222222222222,1.0,1.145127296447754
1342,VIDEO_7291228337123511585,19.61471939086914,22.530000686645508,14.026994705200195,-1.859444260597229,5.1032514572143555,13.433296203613281,19.416128158569336,0.1724137931034483,0.9655172413793104,2.0439600944519043
1343,VIDEO_7286830586478578976,18.34609603881836,23.69611930847168,16.06760025024414,1.2362117767333984,1.3681120872497559,18.066856384277344,20.441617965698242,0.8235294117647058,1.0,2.209050178527832
1344,VIDEO_7283105183352016160,17.529613494873047,20.44789695739746,14.473387718200684,-0.14444218575954437,-1.384272813796997,18.140172958374023,19.82413673400879,0.5555555555555556,1.0,1.8212891817092896
1345,VIDEO_7274897399045246241,17.023900985717773,20.317216873168945,13.588237762451172,-0.2933077812194824,-0.911445140838623,17.194433212280273,17.271644592285156,0.17647058823529413,1.0,2.425053119659424
1346,VIDEO_7267879991004761376,16.67232894897461,18.468578338623047,15.080672264099121,0.07051415741443634,-1.4215993881225586,16.35983657836914,16.945964813232422,0.9,1.0,1.9296244382858276
1347,VIDEO_7261958198775532832,17.197933197021484,18.315196990966797,14.680642127990723,-1.212594747543335,0.47101926803588867,16.453344345092773,17.577043533325195,0.6111111111111112,1.0,0.8218460083007812
