video_id,num_cuts,avg_motion,camera_shake
VIDEO_7490984274049469718,0,1.493499994277954,1.3963290452957153
VIDEO_7229679892399426842,5,7.5055999755859375,25.582012176513672
VIDEO_7414059508630031648,6,0.15710000693798065,0.03688599914312363
VIDEO_7086144769222511877,5,0.05570000037550926,0.0012939999578520656
VIDEO_7065769954695564550,2,0.3831999897956848,0.048941001296043396
VIDEO_7533680078866238742,7,4.599100112915039,21.46112060546875
VIDEO_7249677053153283354,5,0.05959999933838844,0.0023719999007880688
VIDEO_7204395621468392709,3,0.5045999884605408,0.5578740239143372
VIDEO_7044982077288189190,0,0.21950000524520874,0.26628899574279785
VIDEO_7335847049495203104,12,0.09969999641180038,0.013023000210523605
VIDEO_7324696131143847201,2,0.2630000114440918,0.0376800000667572
VIDEO_7429021024517229857,2,4.608699798583984,46.0041389465332
VIDEO_7270891504346942753,0,0.15309999883174896,0.022910000756382942
VIDEO_7241956873698577691,5,0.0012000000569969416,9.999999974752427e-07
VIDEO_7137955446320565510,7,0.43529999256134033,0.10256499797105789
VIDEO_7072437259127098630,4,0.826200008392334,0.22333699464797974
VIDEO_7587402623129636118,2,0.27630001306533813,0.12023700028657913
VIDEO_7163552631053503749,0,0.28519999980926514,0.11883799731731415
VIDEO_6875699019520298242,9,3.160799980163574,5.141020774841309
VIDEO_7040105390410960133,5,3.593400001525879,9.63675308227539
VIDEO_7055610539749199109,14,0.13660000264644623,0.005365000106394291
VIDEO_7327632037437820193,0,1.9888999462127686,2.5356318950653076
VIDEO_7480918194438278422,3,0.19910000264644623,0.015292000025510788
VIDEO_7436892906801073441,2,1.3310999870300293,0.7308459877967834
VIDEO_7509512878026788118,7,0.4438000023365021,0.15403999388217926
VIDEO_7263733416292617505,0,0.9369000196456909,0.6618710160255432
VIDEO_7226711933150432538,2,0.0,0.0
VIDEO_7575167976853228822,4,0.025200000032782555,0.0002699999895412475
VIDEO_7582254546236230934,3,0.04019999876618385,0.007025999948382378
VIDEO_7493955664008498454,2,0.1080000028014183,0.003986999858170748
VIDEO_7187436390131453190,5,0.22390000522136688,0.030327999964356422
VIDEO_7291678102948810016,5,0.1290999948978424,0.010855999775230885
VIDEO_7036807584111709445,6,1.514299988746643,0.9289630055427551
VIDEO_7557004748973559043,4,0.11760000139474869,0.00885200034826994
VIDEO_7200112331873897733,3,0.09740000218153,0.0039090001955628395
VIDEO_7547744113433627926,0,0.22939999401569366,0.03275199979543686
VIDEO_7415589341981986080,3,0.44429999589920044,0.4583260118961334
VIDEO_7183681305203330309,7,0.08789999783039093,0.02065799944102764
VIDEO_7423318018853178657,0,0.09470000118017197,0.004964999854564667
VIDEO_7581822570454879510,0,0.09929999709129333,0.004542999900877476
VIDEO_7377004580510436641,5,0.2854999899864197,0.048902999609708786
VIDEO_7334752917439712545,0,0.3928999900817871,0.043588001281023026
VIDEO_7363657122795490593,7,0.02979999966919422,0.0024139999877661467
VIDEO_6937251547290045701,2,0.4903999865055084,0.11745599657297134
VIDEO_7338052242651598112,6,7.580399990081787,51.2292366027832
VIDEO_7345477638619778309,5,1.5728000402450562,1.2920700311660767
VIDEO_7421927684965502240,2,1.4050999879837036,0.5400069952011108
VIDEO_7540185950714875158,3,0.3628999888896942,0.10652799904346466
VIDEO_6875610422578351362,0,0.2766999900341034,0.04171200096607208
VIDEO_7341020687345192197,0,0.301800012588501,0.18152999877929688
VIDEO_7510326060676975894,7,0.08749999850988388,0.0025100000202655792
VIDEO_7337687297132973344,0,0.12759999930858612,0.018339000642299652
VIDEO_7578925701114481942,0,0.053300000727176666,0.003874999936670065
VIDEO_7140222885389536517,3,0.03400000184774399,0.0005719999899156392
VIDEO_7469703437299551510,9,2.07669997215271,3.2349650859832764
VIDEO_7217888414631283995,10,0.3813999891281128,0.28609201312065125
VIDEO_7343665662876781856,3,1.2907999753952026,0.9654290080070496
VIDEO_7069326966159084806,0,0.012900000438094139,0.0007300000288523734
VIDEO_7566632651352853782,3,0.4059999883174896,0.19547399878501892
VIDEO_7083159832185933061,3,0.9776999950408936,0.8870729804039001
VIDEO_7018111226760776966,5,0.22920000553131104,0.01982400007545948
VIDEO_7164792237543394566,0,0.15049999952316284,0.006233000196516514
VIDEO_6834056379355991301,5,1.4244999885559082,0.6926530003547668
VIDEO_7208539932422425861,3,0.7195000052452087,0.28703001141548157
VIDEO_7198831282984324358,0,0.014700000174343586,9.300000237999484e-05
VIDEO_7287986771483282720,0,0.016499999910593033,0.000311999989207834
VIDEO_7593673061476420920,5,0.07639999687671661,0.0039019999094307423
VIDEO_7215656408069442822,4,0.2784999907016754,0.05454200133681297
VIDEO_7444192177149742358,0,0.009200000204145908,4.70000013592653e-05
VIDEO_6821547365887905030,0,0.15880000591278076,0.019565999507904053
VIDEO_7083882172154645765,2,0.6797000169754028,0.14731499552726746
VIDEO_7205134218328902917,3,0.534600019454956,0.09748400002717972
VIDEO_7221552853356236037,3,0.004100000020116568,1.700000029813964e-05
VIDEO_6923874728902003973,0,0.2727999985218048,0.01923700049519539
VIDEO_7014868849635904773,0,0.3650999963283539,0.16074000298976898
VIDEO_7164772525006720262,3,0.32519999146461487,0.0382080003619194
VIDEO_7335861253551787297,12,1.9744000434875488,7.690483093261719
VIDEO_6923969706332327174,0,0.11749999970197678,0.007170999888330698
VIDEO_7480563839319264534,5,0.4291999936103821,0.1112930029630661
VIDEO_7072774694214044934,8,6.6809000968933105,23.904691696166992
VIDEO_7385258008760028448,2,1.0059000253677368,1.360764980316162
VIDEO_7453016788465454358,6,0.125,0.00901000015437603
VIDEO_7474265267783208214,0,0.9092000126838684,0.20615099370479584
VIDEO_7100934148864494854,0,0.6557000279426575,0.11880899965763092
VIDEO_7214396955810680069,0,0.21969999372959137,0.06839500367641449
VIDEO_7233472157588753691,5,0.6359999775886536,0.25772300362586975
VIDEO_6879407335484214530,0,0.27889999747276306,0.03314900025725365
VIDEO_7577096797580053782,0,0.10289999842643738,0.00774300005286932
VIDEO_7348384350297165061,6,0.8992999792098999,1.712960958480835
VIDEO_7272402191233584417,0,0.1615000069141388,0.025510000064969063
VIDEO_7343923844316548384,7,0.7433000206947327,0.3202210068702698
VIDEO_7050156581652106502,3,0.09539999812841415,0.00814099982380867
VIDEO_7283139399582240032,0,0.16349999606609344,0.020340999588370323
VIDEO_7196211164093631749,0,0.08389999717473984,0.0054259998723864555
VIDEO_7471186366500539670,4,0.09700000286102295,0.0057470002211630344
VIDEO_7570044496004533516,7,0.1932000070810318,0.023788999766111374
VIDEO_7261996739446590753,3,2.88700008392334,30.5720272064209
VIDEO_7216240671097736454,4,16.444900512695312,222.01644897460938
VIDEO_7221550036172213509,2,0.09440000355243683,0.01208799984306097
VIDEO_7059301793574046982,0,0.583299994468689,0.0952949970960617
VIDEO_7345082142235413793,0,0.10520000010728836,0.005516999866813421
VIDEO_7467247804717550870,0,0.08399999886751175,0.003607999999076128
VIDEO_7215124561799449861,3,0.013199999928474426,0.00018600000475998968
VIDEO_7064650116321250566,0,2.3573999404907227,3.7849879264831543
VIDEO_7210834532591963398,6,0.2590999901294708,0.016821999102830887
VIDEO_6792133610360065285,5,2.6352999210357666,7.6359782218933105
VIDEO_7309133635578236192,5,0.13459999859333038,0.003872999921441078
VIDEO_7254561581449612571,2,0.07680000364780426,0.010103999637067318
VIDEO_7438288130567949601,0,0.19679999351501465,0.4609149992465973
VIDEO_7397696022975188257,3,0.06769999861717224,0.0037899999879300594
VIDEO_7075005822228499717,5,3.637500047683716,4.289909839630127
VIDEO_7309107806202842400,0,0.16500000655651093,0.022391999140381813
VIDEO_7461615118414073110,0,0.12399999797344208,0.008531000465154648
VIDEO_7294200756586958113,2,0.6014999747276306,0.2455420047044754
VIDEO_7053136217717607686,10,0.0722000002861023,0.003877999959513545
VIDEO_7399975638112783649,4,0.11249999701976776,0.0053400001488626
VIDEO_7323972466445946145,0,0.21060000360012054,0.029823999851942062
VIDEO_7286830586478578976,16,0.0005000000237487257,0.0
VIDEO_7199586123952311557,2,0.12540000677108765,0.009371000342071056
VIDEO_7329985883539541253,2,0.5087000131607056,0.1237500011920929
VIDEO_7467231080735690017,3,0.031199999153614044,0.000522000016644597
VIDEO_7452758752337399073,0,0.2847999930381775,0.031922999769449234
VIDEO_7297134358689860896,0,0.029200000688433647,0.0012440000427886844
VIDEO_7586630099286510870,2,0.07320000231266022,0.002812999999150634
VIDEO_7325113581249301766,0,0.1340000033378601,0.014063999988138676
VIDEO_7381446389819018529,0,0.06650000065565109,0.0027719999197870493
VIDEO_7542538735116684566,3,0.7159000039100647,0.1705929934978485
VIDEO_7210434710646836485,4,0.3885999917984009,0.06723999977111816
VIDEO_7447927530448915735,2,0.04100000113248825,0.0018029999919235706
VIDEO_7226734943869750555,4,0.010499999858438969,0.0001049999991664663
VIDEO_7452387800818666785,7,0.3075000047683716,0.06177699938416481
VIDEO_7436439641298865441,3,0.11209999769926071,0.007654000073671341
VIDEO_7494205664135236886,9,0.037700001150369644,0.000977999996393919
VIDEO_7246768104922008858,0,0.0044999998062849045,1.2000000424450263e-05
VIDEO_7051617295818362117,0,0.4138000011444092,0.07066699862480164
VIDEO_7165908407793372422,5,1.035099983215332,5.275332927703857
VIDEO_7073513732395044102,6,2.8652000427246094,8.135787010192871
VIDEO_7244559099352976666,10,5.22760009765625,60.98626708984375
VIDEO_7176549919933664517,3,0.2630999982357025,0.032340001314878464
VIDEO_7316851921288006944,7,0.5475999712944031,0.5608299970626831
VIDEO_7110099088661548293,0,1.017300009727478,0.2627260088920593
VIDEO_7294659855434911008,4,1.1648000478744507,1.486780047416687
VIDEO_7582952363116268812,0,0.23970000445842743,0.13335999846458435
VIDEO_7517676181366295830,4,0.1826999932527542,0.017952000722289085
VIDEO_7454218208648727840,2,5.981900215148926,70.30938720703125
VIDEO_7515834191922072854,2,0.8424000144004822,0.23682700097560883
VIDEO_7510479503592901910,2,0.0,0.0
VIDEO_7255981234374069530,3,1.847100019454956,2.8792099952697754
VIDEO_7332775399883033888,0,0.03530000150203705,0.0009790000040084124
VIDEO_7353535610641976609,0,0.28690001368522644,0.06147700175642967
VIDEO_6798641094109269253,3,0.44620001316070557,0.10255999863147736
VIDEO_7057221943623306501,6,0.19779999554157257,0.01856599934399128
VIDEO_7354375095868984608,0,0.9940999746322632,0.34147998690605164
VIDEO_7577088828171734294,0,1.180899977684021,0.8112390041351318
VIDEO_7191884217595219206,0,0.0843999981880188,0.003283000085502863
VIDEO_7076526059344104709,0,0.2802000045776367,0.05857300013303757
VIDEO_7300927450463194400,3,1.2625999450683594,1.6058299541473389
VIDEO_7072415750589254918,0,0.1746000051498413,0.035886000841856
VIDEO_7570012092829748502,0,0.9811999797821045,0.2586649954319
VIDEO_7116158724288400645,3,1.954699993133545,2.134047031402588
VIDEO_6891645296233794817,6,0.04010000079870224,0.0029949999880045652
VIDEO_7605548189332016406,0,0.19189999997615814,0.023910000920295715
VIDEO_7228975701066550554,0,0.40130001306533813,0.07059700042009354
VIDEO_7246301041979886875,10,0.0013000000035390258,9.999999974752427e-07
VIDEO_7438966885879696662,4,0.6894000172615051,0.3438200056552887
VIDEO_7130620750842678533,2,0.012400000356137753,0.00019299999985378236
VIDEO_7301229129314159904,3,0.13830000162124634,0.008003000169992447
VIDEO_7261958198775532832,7,0.3813999891281128,0.044429998844861984
VIDEO_7128353863966444806,7,2.9595999717712402,20.733219146728516
VIDEO_7439731424854379809,2,0.0,0.0
VIDEO_7351073088601148704,3,0.06340000033378601,0.002503999974578619
VIDEO_7265242959048723745,0,0.19339999556541443,0.04577000066637993
VIDEO_7087653844863208709,2,0.6103000044822693,0.5038449764251709
VIDEO_7341290377858567456,0,0.2720000147819519,0.03300999850034714
VIDEO_7415546238927523104,4,0.27639999985694885,0.08443699777126312
VIDEO_7402923905754746145,2,0.3467999994754791,0.035071998834609985
VIDEO_7356509644170333473,0,0.013100000098347664,0.00018099999579135329
VIDEO_7060513660975844614,4,4.001800060272217,97.47120666503906
VIDEO_7527665793501318456,0,0.4968999922275543,0.06643500179052353
VIDEO_7214886818368490758,0,0.10830000042915344,0.006643999833613634
VIDEO_7270778269899722016,6,0.30799999833106995,0.03179199993610382
VIDEO_7577087400501857592,6,0.2117999941110611,0.03368400037288666
VIDEO_7033466696245497093,0,0.1850000023841858,0.015659000724554062
VIDEO_7486043762590895382,0,0.6460999846458435,0.11457499861717224
VIDEO_7343256943923858720,4,0.6700999736785889,0.09879200160503387
VIDEO_7078352231413697797,0,0.36239999532699585,0.07159999758005142
VIDEO_7456392986897730838,0,1.0542000532150269,0.2896459996700287
VIDEO_7182983364293430533,3,0.28600001335144043,0.3660529851913452
VIDEO_7369936386000031009,8,0.004399999976158142,7.000000096013537e-06
VIDEO_7448354400998853910,2,0.42899999022483826,0.05012200027704239
VIDEO_7520150754858896645,4,1.6335999965667725,1.6504390239715576
VIDEO_6895747396404284674,3,0.02969999983906746,0.0004910000134259462
VIDEO_7039005707844308229,0,0.3334999978542328,0.33733001351356506
VIDEO_7458380266004843798,6,0.0,0.0
VIDEO_7073916316566031622,2,0.1882999986410141,0.021539000794291496
VIDEO_7433411068988280097,13,1.5362999439239502,1.782742977142334
VIDEO_7228976565445512475,5,3.1928999423980713,52.84421920776367
VIDEO_7494238893546474774,0,0.620199978351593,0.5269039869308472
VIDEO_7056858947935915270,0,1.143399953842163,0.33530300855636597
VIDEO_7296417264591441185,0,0.0031999999191612005,1.8000000636675395e-05
VIDEO_7061974363939261701,5,6.116499900817871,41.9286994934082
VIDEO_7321436866287373600,0,7.266600131988525,29.24592399597168
VIDEO_6919824999914245381,3,0.923799991607666,0.4861440062522888
VIDEO_7115325407318052102,0,1.3100999593734741,1.239089012145996
VIDEO_7325724813115346208,3,0.030799999833106995,0.0005089999758638442
VIDEO_7230327665918512411,0,0.024000000208616257,0.0002849999873433262
VIDEO_7508723396641852694,3,2.0882999897003174,1.2837259769439697
VIDEO_7125392158063955205,8,0.2892000079154968,0.04389899969100952
VIDEO_7481624954484690198,7,0.060499999672174454,0.0016220000106841326
VIDEO_7198947136300403974,0,0.5924999713897705,0.1667570024728775
VIDEO_7062740749992971526,8,0.5078999996185303,0.22642900049686432
VIDEO_7361717788299250976,0,0.4104999899864197,0.08795300126075745
VIDEO_7124683160218029317,4,0.6420000195503235,0.33011600375175476
VIDEO_7289115441602088225,10,0.04190000146627426,0.0011660000309348106
VIDEO_7321969929564065057,0,0.04800000041723251,0.0014019999653100967
VIDEO_7394351547376880929,6,0.31439998745918274,0.032099999487400055
VIDEO_7508716246301510914,0,0.012199999764561653,0.0005579999997280538
VIDEO_7335348681832418593,0,0.2565000057220459,0.04286399856209755
VIDEO_7218857185764216069,4,0.007799999788403511,5.6000000768108293e-05
VIDEO_7578256886286322966,10,0.04490000009536743,0.0018050000071525574
VIDEO_7310606511775026464,0,0.039500001817941666,0.0028200000524520874
VIDEO_7333562774750088480,7,1.9117000102996826,1.1019920110702515
VIDEO_7223080468101483781,4,0.1542000025510788,0.0086899995803833
VIDEO_7486129539827928342,5,0.08780000358819962,0.006095000077039003
VIDEO_7595900789546044684,4,0.14159999787807465,0.015407999977469444
VIDEO_7262720109133794592,3,1.002500057220459,0.5036979913711548
VIDEO_6921227616347327749,2,0.07779999822378159,0.004251000005751848
VIDEO_7071272731286834437,0,0.03849999979138374,0.0012959999730810523
VIDEO_6891319697220898050,2,0.029400000348687172,0.0014430000446736813
VIDEO_7045558641969073414,4,0.27390000224113464,0.10917899757623672
VIDEO_7235266120414924058,3,0.31459999084472656,0.11820799857378006
VIDEO_7512478582627732758,0,0.23999999463558197,0.03713899850845337
VIDEO_7162183685423385862,7,0.06279999762773514,0.0026740001048892736
VIDEO_7227881339125583131,0,0.006899999920278788,1.1000000085914508e-05
VIDEO_7466084820825787680,0,0.8991000056266785,0.20865799486637115
VIDEO_7236760874646637851,3,0.01850000023841858,0.00013899999612476677
VIDEO_7572598154063990038,3,1.0348000526428223,1.1218849420547485
VIDEO_7482898265906646294,2,0.019899999722838402,0.0003910000086762011
VIDEO_6796364077095472389,4,0.4666999876499176,0.37242400646209717
VIDEO_7350265065762819360,0,0.7447999715805054,0.1541460007429123
VIDEO_7065713702833638662,2,1.7295000553131104,1.4692260026931763
VIDEO_7374412100833250593,5,0.016499999910593033,0.0001049999991664663
VIDEO_7465375886779403552,9,4.048299789428711,36.67737579345703
VIDEO_7483220883759303959,9,0.3828999996185303,0.08943700045347214
VIDEO_7324725007391804705,3,0.7742000222206116,0.25881001353263855
VIDEO_7125703838497131781,3,0.2922999858856201,0.059021998196840286
VIDEO_7208933349933452550,2,0.07639999687671661,0.0033909999765455723
VIDEO_7284876929713442080,2,1.986299991607666,2.356071949005127
VIDEO_7150676745937587462,2,0.0934000015258789,0.007056000176817179
VIDEO_7191012677869702405,2,0.02449999935925007,0.00027799999224953353
VIDEO_7465714414814137623,5,0.6295999884605408,0.12805399298667908
VIDEO_7212344637523283205,3,0.2304999977350235,0.03258100152015686
VIDEO_7376630682824576289,7,0.13940000534057617,0.0050130002200603485
VIDEO_7241209133540609307,2,0.19050000607967377,0.12763600051403046
VIDEO_7314256868556213537,2,2.2051000595092773,1.3507829904556274
VIDEO_7190655063470116101,0,0.48890000581741333,0.0891060009598732
VIDEO_7400784701633416481,2,1.5151000022888184,1.3055939674377441
VIDEO_7329087770905840928,0,0.14949999749660492,0.01080700010061264
VIDEO_7289092371030002977,0,0.0649000033736229,0.002213000087067485
VIDEO_7472755159945252118,0,0.3684999942779541,0.09787999838590622
VIDEO_7506795063012232470,0,0.0017999999690800905,6.000000212225132e-06
VIDEO_7533124404062981398,3,0.00860000029206276,0.0002280000044265762
VIDEO_6915045654997912833,0,0.17810000479221344,0.016971999779343605
VIDEO_7184844462525287685,0,0.03869999945163727,0.0025110000278800726
VIDEO_7280925746183408928,6,0.0,0.0
VIDEO_7289368885390806304,6,6.8354997634887695,19.919858932495117
VIDEO_7211565992852475141,0,1.4953999519348145,0.552947998046875
VIDEO_7164769032430767365,2,0.06400000303983688,0.0032569998875260353
VIDEO_6958338154617228549,7,0.3727000057697296,0.081216000020504
VIDEO_7185555796443270405,0,0.1437000036239624,0.01858700066804886
VIDEO_7490222588883422486,2,2.158600091934204,10.850240707397461
VIDEO_7553663983383858454,0,0.5234000086784363,0.09871599823236465
VIDEO_6897900291631402242,3,0.14159999787807465,0.012578999623656273
VIDEO_7246343164108295450,6,0.062300000339746475,0.0020570000633597374
VIDEO_7583720650200730902,16,0.04149999842047691,0.0010969999711960554
VIDEO_7491219464474856727,0,0.1282999962568283,0.009139000438153744
VIDEO_7079418950315969798,8,0.09279999881982803,0.046323999762535095
VIDEO_7057200753470950661,0,0.012500000186264515,0.00011600000289035961
VIDEO_7161307348827426053,0,0.020600000396370888,0.0003380000125616789
VIDEO_7369943098031443233,0,0.05460000038146973,0.0014260000316426158
VIDEO_7355500880721939744,0,0.9972000122070312,0.24306300282478333
VIDEO_7239344688006728986,10,0.4187000095844269,0.11798500269651413
VIDEO_7067959925141474565,4,0.5825999975204468,0.09540099650621414
VIDEO_7323667240933444896,0,0.0632999986410141,0.007133000064641237
VIDEO_7415541670361500961,0,0.14319999516010284,0.009759999811649323
VIDEO_7470495287212084503,0,0.6069999933242798,0.22762300074100494
VIDEO_7342403362714914080,0,0.9659000039100647,0.5868120193481445
VIDEO_7055714634526969093,4,0.10670000314712524,0.005549999885261059
VIDEO_6980342168535846149,0,0.08789999783039093,0.004100999794900417
VIDEO_7339952469901970693,5,0.35040000081062317,0.087459996342659
VIDEO_7336238126651706656,7,0.22100000083446503,0.03388400003314018
VIDEO_7535476048444558614,3,1.773900032043457,0.9842640161514282
VIDEO_7360309213765045536,5,0.2515999972820282,0.042876001447439194
VIDEO_7535846685101149462,5,0.1468999981880188,0.0328730009496212
VIDEO_7146624079615790341,2,0.40450000762939453,0.7281659841537476
VIDEO_7085748815449312517,7,0.17800000309944153,0.01632400043308735
VIDEO_7372567531258727712,5,0.11010000109672546,0.009399999864399433
VIDEO_7237872414581935386,2,0.07519999891519547,0.0035649999044835567
VIDEO_7164417550791494918,11,0.021199999377131462,0.00030499999411404133
VIDEO_7208839545989762309,3,1.2819000482559204,0.5366460084915161
VIDEO_7082286078417259782,0,0.32019999623298645,0.033994998782873154
VIDEO_7354009165796216097,7,0.09300000220537186,0.005338000133633614
VIDEO_7325097832015203617,0,0.0007999999797903001,0.0
VIDEO_7412540786975231264,0,0.010200000368058681,0.0003640000068116933
VIDEO_7366182227119525152,0,0.12439999729394913,0.012702999636530876
VIDEO_6855731886438763781,4,0.1679999977350235,0.014278000220656395
VIDEO_7078227199463066886,0,0.13009999692440033,0.012690000236034393
VIDEO_7156881114106170630,4,0.019500000402331352,0.0002229999954579398
VIDEO_7081701013891157253,0,0.5713000297546387,0.2191219925880432
VIDEO_6913929490305420545,0,0.9897000193595886,0.2615259885787964
VIDEO_7192254185969044742,0,1.442199945449829,1.5609890222549438
VIDEO_6750983141873224966,2,2.6791999340057373,12.512864112854004
VIDEO_7057560274424958214,0,0.01360000018030405,0.00013299999409355223
VIDEO_7322866542985710881,3,0.22139999270439148,0.018048999831080437
VIDEO_7022178037378731270,0,0.02019999921321869,0.00035600000410340726
VIDEO_7304326742255209761,9,1.0348999500274658,0.7616209983825684
VIDEO_7025927416061250821,5,0.5486000180244446,0.07731200009584427
VIDEO_7456310839121874198,0,0.016899999231100082,0.0002010000025620684
VIDEO_7263460179461688609,0,1.1279000043869019,1.6753959655761719
VIDEO_7066872454249073925,0,1.2070000171661377,0.5319809913635254
VIDEO_7511357874082286870,7,0.040800001472234726,0.0009580000187270343
VIDEO_7285256841158790433,3,0.4781000018119812,0.2746390104293823
VIDEO_7576309328584592643,0,0.8968999981880188,0.20421099662780762
VIDEO_7113472331917298949,6,2.0016000270843506,16.710853576660156
VIDEO_7591860205567151382,3,0.5684999823570251,0.11047700047492981
VIDEO_7293541624359996704,0,0.7364000082015991,0.1688529998064041
VIDEO_6796363351816555782,2,0.1868000030517578,0.0236239992082119
VIDEO_7446429495948594454,0,0.0,0.0
VIDEO_7354350552693656864,3,0.1420000046491623,0.0375480018556118
VIDEO_6876362124260691202,0,0.6340000033378601,0.11417599767446518
VIDEO_7169238545779952902,2,1.0985000133514404,0.36030301451683044
VIDEO_7566313596351778070,3,1.0407999753952026,0.7125040292739868
VIDEO_7093894381794512133,6,0.2565999925136566,0.03846000134944916
VIDEO_7484928854029634838,0,0.04100000113248825,0.0013520000502467155
VIDEO_7579238923172547842,0,0.39399999380111694,0.05594100058078766
VIDEO_7470159373935856918,0,0.02070000022649765,0.00025599999935366213
VIDEO_7085631257542954246,4,0.23489999771118164,0.024438999593257904
VIDEO_7563265888623840534,3,0.0,0.0
VIDEO_6921676134212029701,0,0.43290001153945923,0.16510500013828278
VIDEO_7486138878026321174,3,0.1784999966621399,0.027452999725937843
VIDEO_7252685251112176922,5,0.0,0.0
VIDEO_7306460792310877472,5,0.033799998462200165,0.0005569999921135604
VIDEO_7296075013734616353,6,0.23409999907016754,0.019689999520778656
VIDEO_7282668264617004321,17,2.454200029373169,12.716611862182617
VIDEO_7410359060681297184,0,0.44020000100135803,0.23274600505828857
VIDEO_7175115192966106374,0,0.0820000022649765,0.0018599999602884054
VIDEO_7296855348714016033,5,0.1670999974012375,0.013907000422477722
VIDEO_7302352085796916513,0,0.07609999924898148,0.0032369999680668116
VIDEO_7593820955810598156,10,0.11500000208616257,0.007158999796956778
VIDEO_7188587993752702213,5,0.7199000120162964,0.6258010268211365
VIDEO_7168426884852747526,0,0.04100000113248825,0.0020099999383091927
VIDEO_7566939859156290838,0,0.5110999941825867,0.08123300224542618
VIDEO_7094149805496159494,8,0.017400000244379044,0.00031599999056197703
VIDEO_7596993704146046230,0,0.12370000034570694,0.009882000274956226
VIDEO_6887883845954178305,5,0.4059000015258789,0.04819900169968605
VIDEO_7553173878785297720,0,0.1754000037908554,0.020128000527620316
VIDEO_7368427984539127073,6,0.131400004029274,0.01054999977350235
VIDEO_7219294434465238298,2,0.05270000174641609,0.0018090000376105309
VIDEO_7054222416247000325,0,0.30219998955726624,0.024209000170230865
VIDEO_7236043111128894747,8,1.38510000705719,12.808858871459961
VIDEO_7114705253899029765,7,0.14090000092983246,0.013757999986410141
VIDEO_7053886455805955333,13,0.30730000138282776,0.04736800119280815
VIDEO_7203763760538897669,0,0.18410000205039978,0.029864000156521797
VIDEO_7379167807679761697,0,0.08100000023841858,0.005224000196903944
VIDEO_6793347939294072069,0,0.32019999623298645,0.03641499951481819
VIDEO_7156614323194875141,6,0.07360000163316727,0.004050999879837036
VIDEO_7194501630111272197,4,0.06499999761581421,0.0030010000336915255
VIDEO_7061519229182315781,3,0.2842999994754791,0.030587000772356987
VIDEO_7458328611213298976,0,0.5564000010490417,0.11792799830436707
VIDEO_7325861199604665606,4,0.05979999899864197,0.0020020001102238894
VIDEO_7475687308797299990,0,0.32760000228881836,0.1044590026140213
VIDEO_7244550731141844251,0,0.27459999918937683,0.03722500056028366
VIDEO_7564704328649428246,5,8.253999710083008,174.5303192138672
VIDEO_6880792115329142018,3,2.0116000175476074,12.085358619689941
VIDEO_7046370407758286085,0,0.012400000356137753,9.999999747378752e-05
VIDEO_7166637213604678917,4,0.045899998396635056,0.0012250000145286322
VIDEO_7128317775524777222,5,0.26899999380111694,0.03209599852561951
VIDEO_7050043192732912901,0,0.025499999523162842,0.00043200000072829425
VIDEO_7019307301299424518,0,0.10980000346899033,0.003845999948680401
VIDEO_7254588789559938330,10,0.08100000023841858,0.0024590000975877047
VIDEO_7280571511138782496,11,0.06620000302791595,0.002873999997973442
VIDEO_7507578375586712854,6,0.39629998803138733,0.20727300643920898
VIDEO_7077571361660521733,6,2.7046000957489014,5.886711120605469
VIDEO_7290457107726339360,2,0.021700000390410423,0.0014600000577047467
VIDEO_7476404323317222658,2,2.411900043487549,2.067168951034546
VIDEO_7179319229924084997,0,0.06129999831318855,0.005563999991863966
VIDEO_7281279828307856673,0,0.05739999935030937,0.010974000208079815
VIDEO_7233097610821700890,0,0.002300000051036477,3.000000106112566e-06
VIDEO_6952049416425590022,0,0.04830000177025795,0.002988999942317605
VIDEO_7466106459403701526,0,0.4156000018119812,0.06888599693775177
VIDEO_6972416280762649861,4,13.711600303649902,55.3896484375
VIDEO_7522511822893616406,3,0.4587000012397766,0.3213219940662384
VIDEO_6864806467329903878,0,0.4327999949455261,0.10996100306510925
VIDEO_7241878874672385306,0,0.03420000150799751,0.0007890000124461949
VIDEO_7216365794093976838,5,0.17649999260902405,0.016767999157309532
VIDEO_7221070563538717957,0,0.08789999783039093,0.005816000048071146
VIDEO_7479794065983147269,0,2.6498000621795654,1.696092963218689
VIDEO_7245182525016935707,6,0.5386999845504761,0.07559499889612198
VIDEO_7441982856659815713,6,0.17000000178813934,0.023367000743746758
VIDEO_7018383080205356293,0,0.15940000116825104,0.01752600073814392
VIDEO_7504627479449963798,6,5.081600189208984,57.95250701904297
VIDEO_7044841251262237958,0,0.29660001397132874,0.02916100062429905
VIDEO_7549089036447649046,2,0.019200000911951065,0.0005619999719783664
VIDEO_7535840388725378306,0,0.039000000804662704,0.0009319999953731894
VIDEO_7587702184708558102,0,0.15889999270439148,0.014766000211238861
VIDEO_7555487310297533718,0,0.01360000018030405,0.0008650000090710819
VIDEO_7197448084119506182,0,0.0,0.0
VIDEO_7584105481719844118,0,0.07209999859333038,0.005987000185996294
VIDEO_7261658279900744987,2,0.1128000020980835,0.008760999888181686
VIDEO_7219686321739123974,0,0.00989999994635582,0.00014000000373926014
VIDEO_7361057454454508833,4,0.03060000017285347,0.0006259999936446548
VIDEO_7174823379453644037,3,1.9602999687194824,2.3239800930023193
VIDEO_7304376408191683872,0,0.10360000282526016,0.009556000120937824
VIDEO_7199338065867934982,8,0.448199987411499,0.15202799439430237
VIDEO_7079071645771500806,0,0.5503000020980835,0.34932899475097656
VIDEO_7209259784263060742,4,0.5331000089645386,0.10993099957704544
VIDEO_6980696986135710981,2,0.04270000010728836,0.0009420000133104622
VIDEO_7211165738957163782,5,6.208600044250488,10.965563774108887
VIDEO_7036035511869246725,9,1.1128000020980835,0.6891000270843506
VIDEO_7439661735742557472,3,0.7206000089645386,0.1339080035686493
VIDEO_7441958558054337825,0,0.30570000410079956,0.06166199967265129
VIDEO_7598953535165959426,0,0.4672999978065491,0.16732899844646454
VIDEO_7213053350290459910,5,0.4081999957561493,0.31596899032592773
VIDEO_7357646734354304289,9,0.24969999492168427,0.08476900309324265
VIDEO_7159621444312288517,11,0.42820000648498535,0.13493099808692932
VIDEO_7520640970199698710,6,9.999999747378752e-05,0.0
VIDEO_7286863155026808096,6,0.23389999568462372,0.14093199372291565
VIDEO_7225641498249891099,0,0.040800001472234726,0.0013340000296011567
VIDEO_7457582868370296096,9,0.5113000273704529,0.10876700282096863
VIDEO_7071521897082621189,5,0.845300018787384,0.5149999856948853
VIDEO_7329560864518901024,4,1.1851999759674072,0.5579370260238647
VIDEO_7356608348030012704,0,0.04309999942779541,0.0010140000376850367
VIDEO_7206342637316607237,2,1.3639999628067017,0.88925701379776
VIDEO_7345850735894072609,0,0.07150000333786011,0.0025130000431090593
VIDEO_7447835163444235552,0,0.04360000044107437,0.0010900000343099236
VIDEO_7457876496447819030,6,0.01889999955892563,0.00026599998818710446
VIDEO_7443846446362774817,11,2.148200035095215,6.7886061668396
VIDEO_7064489288125189382,0,0.02319999970495701,0.0005649999948218465
VIDEO_7204874673367125254,7,0.34389999508857727,0.09243199974298477
VIDEO_7080545682058169605,2,0.927299976348877,0.4383549988269806
VIDEO_6944298636553604358,19,0.00019999999494757503,0.0
VIDEO_7159544328061275397,4,0.3221000134944916,0.1133589968085289
VIDEO_7282663509505133856,3,0.23880000412464142,0.050790999084711075
VIDEO_7318832237842156832,2,0.0003000000142492354,0.0
VIDEO_7187448552354794758,2,0.12120000272989273,0.0063310000114142895
VIDEO_6893888228848389377,4,0.059700001031160355,0.0020989999175071716
VIDEO_7128322715894729989,3,1.3551000356674194,0.43421798944473267
VIDEO_7560707094018542870,0,0.09529999643564224,0.005390999838709831
VIDEO_7293176268361665824,5,0.046799998730421066,0.0034920000471174717
VIDEO_7563724139240885526,9,0.0,0.0
VIDEO_7204870147855748357,3,0.3801000118255615,0.05536700040102005
VIDEO_6864458828012899589,8,0.02329999953508377,0.0003429999924264848
VIDEO_7179637090932509958,7,0.04740000143647194,0.0013989999424666166
VIDEO_7019559155425955077,9,0.06210000067949295,0.0022299999836832285
VIDEO_7095777172513721605,0,0.14309999346733093,0.01686600036919117
VIDEO_7252271385467161882,10,3.3529000282287598,32.567073822021484
VIDEO_7162123924233358598,0,0.39959999918937683,0.08877799659967422
VIDEO_7299132149167361312,0,0.08829999715089798,0.010521999560296535
VIDEO_7205961411942468870,10,6.691800117492676,13.882856369018555
VIDEO_7493248933460741378,0,0.0731000006198883,0.003994000144302845
VIDEO_7454985264952266016,8,0.08510000258684158,0.004585999995470047
VIDEO_7059302103713402117,0,0.864300012588501,0.8039429783821106
VIDEO_7201892299112992005,0,0.13079999387264252,0.01285099983215332
VIDEO_7187830945658031365,4,1.9083000421524048,1.8673280477523804
VIDEO_7447512835350859040,6,1.743399977684021,3.2924599647521973
VIDEO_7041969079246245126,3,0.4075999855995178,0.08977700024843216
VIDEO_7496799936558796054,8,0.039500001817941666,0.002351999981328845
VIDEO_7077597321667546373,7,0.06589999794960022,0.0020959998946636915
VIDEO_7041273346830454022,6,0.15770000219345093,0.010343999601900578
VIDEO_7561497104322022667,0,0.024000000208616257,0.00030399998649954796
VIDEO_7063459529668742406,7,0.3447999954223633,0.02151300013065338
VIDEO_7345753568462261537,0,0.9377999901771545,0.22474199533462524
VIDEO_7217463144069844230,3,2.4235000610351562,1.9007539749145508
VIDEO_7606001119243881750,3,0.555899977684021,0.15246999263763428
VIDEO_7530943991257386262,0,0.031300000846385956,0.0010430000256747007
VIDEO_7012661937477537030,2,0.11969999969005585,0.020601000636816025
VIDEO_7535123405562006806,3,8.515399932861328,34.066650390625
VIDEO_7455305851092389142,0,0.14239999651908875,0.011517999693751335
VIDEO_6876369843591941377,0,0.0010999999940395355,1.9999999949504854e-06
VIDEO_7491322585624349974,0,0.7700999975204468,0.5712339878082275
VIDEO_7133481707449142533,4,0.025200000032782555,0.00035200000274926424
VIDEO_7198189694750838022,7,0.008200000040233135,4.8000001697801054e-05
VIDEO_7476157177149803798,3,0.4948999881744385,0.10418199747800827
VIDEO_7108997263912979717,0,0.8579999804496765,0.3788439929485321
VIDEO_7345543122400726305,14,0.1476999968290329,0.010340999811887741
VIDEO_7559557230903774486,2,0.5412999987602234,0.11811500042676926
VIDEO_7350708094302735649,11,0.4578999876976013,0.08013699948787689
VIDEO_7532382235463339286,4,0.13300000131130219,0.010967999696731567
VIDEO_7468323433714126112,2,0.2639999985694885,0.023426000028848648
VIDEO_7078216427131473157,0,0.12319999933242798,0.007864000275731087
VIDEO_7589754729350155542,13,0.08789999783039093,0.003281000070273876
VIDEO_7058664802880589062,2,0.12269999831914902,0.008713999763131142
VIDEO_7162174902865251589,2,0.11869999766349792,0.010664000175893307
VIDEO_7322847358646078752,6,0.6935999989509583,0.3751559853553772
VIDEO_7296501143700606241,0,0.3481000065803528,0.06801299750804901
VIDEO_7325106846744743200,7,2.711199998855591,3.439220905303955
VIDEO_7196711667420384517,3,0.23899999260902405,0.09286600351333618
VIDEO_7452742967695002902,0,1.013200044631958,0.37460198998451233
VIDEO_7192298503878577413,3,0.14489999413490295,0.016328999772667885
VIDEO_7365841944318086432,3,7.017099857330322,33.61182403564453
VIDEO_7308758430318071072,3,1.3502000570297241,1.278467059135437
VIDEO_7514700901009886486,0,0.07280000299215317,0.0030499999411404133
VIDEO_7537707440142454038,6,0.30230000615119934,0.05700699985027313
VIDEO_7070907935722917126,8,0.02239999920129776,0.0020669999066740274
VIDEO_7322488817968041249,2,0.49950000643730164,0.4047969877719879
VIDEO_7453069595327384865,0,1.969599962234497,3.3096048831939697
VIDEO_7593664206210157827,0,0.3610999882221222,0.04183800145983696
VIDEO_7335855508873694496,2,0.14249999821186066,0.026799999177455902
VIDEO_7317664309432077600,0,0.20960000157356262,0.03556299954652786
VIDEO_7471251146288418070,4,0.030300000682473183,0.0021410000044852495
VIDEO_7587134900852100374,2,0.37790000438690186,0.08469200134277344
VIDEO_7479068329584364823,0,0.6384000182151794,0.17799100279808044
VIDEO_7061663961090936070,0,0.27000001072883606,0.04058999940752983
VIDEO_7568852433271590146,10,0.45980000495910645,0.08187200129032135
VIDEO_7349173304613162246,10,2.2088000774383545,2.2646069526672363
VIDEO_7569206708090850582,9,0.26440000534057617,0.040605999529361725
VIDEO_7566676756199951638,0,0.546500027179718,0.1973789930343628
VIDEO_7391879654983912736,0,0.051899999380111694,0.0018309999722987413
VIDEO_7250141865645788443,7,0.3930000066757202,0.0721689984202385
VIDEO_7597116010528902422,0,0.5947999954223633,0.10183800011873245
VIDEO_7259047429796908315,3,1.8043999671936035,1.7893290519714355
VIDEO_7108626212104178949,0,3.226300001144409,3.546963930130005
VIDEO_7429721456851864864,3,0.9786999821662903,0.5740609765052795
VIDEO_7410754655682153761,0,0.03759999945759773,0.001218999968841672
VIDEO_7286486663910542625,10,0.2199999988079071,0.013523999601602554
VIDEO_7447956995182759190,3,0.3734000027179718,0.07643300294876099
VIDEO_7184831364422814981,2,0.10239999741315842,0.003613000037148595
VIDEO_7566941841996647702,6,1.6151000261306763,2.19706392288208
VIDEO_7262807521008635168,0,0.016599999740719795,0.00019700000120792538
VIDEO_7260420548553887002,3,0.7275999784469604,1.4848779439926147
VIDEO_7007863408129215749,10,4.004700183868408,32.37360382080078
VIDEO_7080188060561837318,11,3.5002999305725098,18.020057678222656
VIDEO_7271935381937884448,3,0.6294999718666077,0.2525089979171753
VIDEO_7265677943228075296,0,0.17000000178813934,0.021313000470399857
VIDEO_7480938335133863190,0,0.02759999968111515,0.00048600000445730984
VIDEO_7598574537407548694,5,1.1634999513626099,0.5812370181083679
VIDEO_7158447069152300293,7,2.3203999996185303,5.153006076812744
VIDEO_7125076892729756933,6,0.29789999127388,0.12857599556446075
VIDEO_6896455617523813633,2,0.03709999844431877,0.000653000024612993
VIDEO_7495849453228657942,4,0.46799999475479126,0.34692299365997314
VIDEO_7101649191662882053,0,0.3506999909877777,0.06170300021767616
VIDEO_7320909330314775840,0,0.04820000007748604,0.0031659998930990696
VIDEO_7064507087086161157,3,0.7258999943733215,0.27241700887680054
VIDEO_7528439846218550550,0,0.0,0.0
VIDEO_7307971449870994720,2,0.07970000058412552,0.004736000206321478
VIDEO_7476765597204860182,0,0.24629999697208405,0.026050999760627747
VIDEO_7453132168940915991,7,0.0674000009894371,0.0028899998869746923
VIDEO_7590718903144287510,10,1.648900032043457,2.9440619945526123
VIDEO_7291300657355689249,0,0.2257000058889389,0.04438899829983711
VIDEO_7298756408994991393,3,0.4244999885559082,0.11928199976682663
VIDEO_7176635190469512453,2,0.15449999272823334,0.010464999824762344
VIDEO_7319513643534568736,0,0.0763000026345253,0.004951000213623047
VIDEO_7251996103178997018,9,1.3983999490737915,5.2100090980529785
VIDEO_7581205344420924694,2,0.5467000007629395,0.19848600029945374
VIDEO_7063121025394855173,4,0.4487999975681305,0.049630001187324524
VIDEO_7304693853758491936,2,4.489500045776367,68.85326385498047
VIDEO_7176917454893911301,8,0.6973999738693237,0.21553899347782135
VIDEO_7171449726158589189,0,0.10840000212192535,0.006978000048547983
VIDEO_7478407463675481366,0,1.2515000104904175,0.3991610109806061
VIDEO_7254929536557567259,0,0.3327000141143799,0.13116200268268585
VIDEO_7132514036276628742,3,0.047200001776218414,0.001322000054642558
VIDEO_6930236006654364934,7,1.1207000017166138,0.47323301434516907
VIDEO_7073906588079246598,6,0.04989999905228615,0.0008849999867379665
VIDEO_7597422827196763414,0,0.2517000138759613,0.03354300186038017
VIDEO_7319092525329829153,0,0.19789999723434448,0.03246200084686279
VIDEO_7127182082568113413,0,0.6431000232696533,0.11771500110626221
VIDEO_7475642830430522646,8,0.6154000163078308,0.990119993686676
VIDEO_7327333280297127201,0,0.21130000054836273,0.0243500005453825
VIDEO_7478735064881237270,10,0.760699987411499,0.6951810121536255
VIDEO_6919872357288971521,7,0.8773000240325928,0.36234599351882935
VIDEO_7066474035613388037,8,0.4339999854564667,0.04734199866652489
VIDEO_6927547229486058757,0,0.2583000063896179,0.05802600085735321
VIDEO_7290947930108857633,2,0.04960000142455101,0.0019650000613182783
VIDEO_7473874393719000342,0,0.12319999933242798,0.011491999961435795
VIDEO_7393316600922885409,4,0.0020000000949949026,3.000000106112566e-06
VIDEO_7449430237114404128,6,8.165499687194824,46.01935577392578
VIDEO_7471289820795374870,0,0.2660999894142151,0.06025400012731552
VIDEO_7320606856995523846,2,0.40220001339912415,0.07438299804925919
VIDEO_7358723892992642336,0,0.12150000035762787,0.012029999867081642
VIDEO_7242719682128530714,7,0.08619999885559082,0.007668000180274248
VIDEO_7253425216984976667,0,0.03880000114440918,0.0017320000333711505
VIDEO_7332928025517903109,0,0.0502999983727932,0.0006089999806135893
VIDEO_7264519435086466336,0,0.28349998593330383,0.07244300097227097
VIDEO_7354275810578140449,0,0.10379999876022339,0.00892999954521656
VIDEO_7192172787723783430,17,0.000699999975040555,9.999999974752427e-07
VIDEO_7111379317900332293,0,0.37860000133514404,0.31177300214767456
VIDEO_7439269165111725345,0,0.9014000296592712,0.2065349966287613
VIDEO_7604808799404264726,8,0.10499999672174454,0.008968999609351158
VIDEO_7298264093100674336,2,0.18070000410079956,0.020618999376893044
VIDEO_7334734613429882117,10,0.13819999992847443,0.00824000034481287
VIDEO_7262465807949647136,2,0.3481999933719635,0.08558999747037888
VIDEO_7516624091097337110,3,3.311199903488159,9.734452247619629
VIDEO_7587308013363449121,0,0.11349999904632568,0.008754000067710876
VIDEO_7084890005491010821,0,0.14980000257492065,0.014240999706089497
VIDEO_7467520617160396054,0,0.11100000143051147,0.010449999943375587
VIDEO_7178804187403259142,0,8.658499717712402,47.61163330078125
VIDEO_7262728753778822433,3,0.7174000144004822,0.2153870016336441
VIDEO_7487328540497628438,12,0.3806999921798706,0.0772090032696724
VIDEO_7275592243086478624,6,0.8398000001907349,0.22189800441265106
VIDEO_7526570162976328982,4,0.23929999768733978,0.060208000242710114
VIDEO_7270111755886415137,0,0.0,0.0
VIDEO_7393953054967581985,0,0.4921000003814697,0.10547500103712082
VIDEO_7565230748026899734,0,0.39590001106262207,0.045795001089572906
VIDEO_7207350500419702022,0,0.03999999910593033,0.0009350000182166696
VIDEO_7261965250864467232,0,0.38179999589920044,1.1333520412445068
VIDEO_7545851939586723094,0,0.06469999998807907,0.003674000035971403
VIDEO_7425965869924142369,2,0.0006000000284984708,0.0
VIDEO_7208566584535764250,4,0.5440999865531921,0.15328499674797058
VIDEO_7440465091817999649,0,0.5156999826431274,0.19704699516296387
VIDEO_7081323710442917125,4,3.1224000453948975,5.872262001037598
VIDEO_7494230009050139926,0,0.11739999800920486,0.01690400019288063
VIDEO_7062046390570061061,5,0.8052999973297119,0.13516999781131744
VIDEO_7211932492914298118,6,0.08240000158548355,0.0037609999999403954
VIDEO_7473224176086584598,0,0.09730000048875809,0.008542999625205994
VIDEO_7384844059896057120,7,0.33869999647140503,0.04579799994826317
VIDEO_7515407893357759766,0,0.014399999752640724,0.0002880000101868063
VIDEO_7311263969220644129,4,0.04039999842643738,0.002346999943256378
VIDEO_7185872343988702470,7,0.9746999740600586,0.5298560261726379
VIDEO_7442737337525669142,0,0.06520000100135803,0.0079950001090765
VIDEO_7208551637869268230,6,0.004000000189989805,2.700000004551839e-05
VIDEO_7517644986310020408,9,0.02759999968111515,0.0004889999981969595
VIDEO_7495455289882184982,0,0.07930000126361847,0.0024840000551193953
VIDEO_7338825965419662598,3,0.3111000061035156,0.059526000171899796
VIDEO_7341346159023246624,3,1.389799952507019,0.7721629738807678
VIDEO_7200056336321613062,0,0.15809999406337738,0.013927999883890152
VIDEO_7461582150937169174,0,0.3901999890804291,0.04656200110912323
VIDEO_7076134412487855366,5,0.20909999310970306,0.0276699997484684
VIDEO_7471286673494527254,9,0.2930000126361847,0.02516300044953823
VIDEO_7603273994216738070,8,0.01600000075995922,0.00021699999342672527
VIDEO_7265326628274752801,3,0.4221000075340271,0.14051200449466705
VIDEO_7557772009510358294,0,0.38449999690055847,0.06241599842905998
VIDEO_7214767845383900421,0,0.003800000064074993,1.2000000424450263e-05
VIDEO_7014030961486630149,14,0.000699999975040555,0.0
VIDEO_7343970143497653537,0,0.33500000834465027,0.038906000554561615
VIDEO_7528398053666016534,0,0.6481999754905701,0.11451800167560577
VIDEO_7479158367873748246,7,0.5539000034332275,0.24041999876499176
VIDEO_7189927984172666118,0,1.316499948501587,0.9538930058479309
VIDEO_7467185543240109345,0,0.022700000554323196,0.00027600000612437725
VIDEO_7457889721201577248,0,0.25929999351501465,0.02861800044775009
VIDEO_6795606002222796037,0,1.4117000102996826,0.6570379734039307
VIDEO_7477287305078934786,0,0.0,0.0
VIDEO_7322502255616314656,6,0.10750000178813934,0.018709000200033188
VIDEO_7468715378743528736,11,4.335000038146973,52.140953063964844
VIDEO_7375160946618076449,8,0.09059999883174896,0.00834800023585558
VIDEO_7329933240775527713,4,0.2395000010728836,0.06506100296974182
VIDEO_7176199071177215237,0,0.267300009727478,0.02555200085043907
VIDEO_7223410372462611738,2,0.22200000286102295,0.10762999951839447
VIDEO_7184460864404229381,0,0.15800000727176666,0.020402999594807625
VIDEO_7555760932794764566,8,9.740799903869629,201.53707885742188
VIDEO_7478417820376812822,8,5.03439998626709,10.825013160705566
VIDEO_7334381637586652448,0,0.009399999864399433,0.00022600000374950469
VIDEO_7174022295978003717,3,5.403800010681152,3.067267894744873
VIDEO_7565890573115165974,7,0.061400000005960464,0.007942000404000282
VIDEO_7390632928780340512,2,0.11720000207424164,0.009507999755442142
VIDEO_7378467106636991777,3,13.221099853515625,326.9333801269531
VIDEO_7338070752501026081,2,0.04989999905228615,0.0034920000471174717
VIDEO_7524347836541046038,0,0.17030000686645508,0.01191600039601326
VIDEO_7261565962875358491,0,0.39649999141693115,0.051033999770879745
VIDEO_7227138868447923482,3,0.2989000082015991,0.10782399773597717
VIDEO_7371791896622173473,3,0.23729999363422394,0.043786998838186264
VIDEO_7331017914612567329,0,0.11410000175237656,0.007466000039130449
VIDEO_7213794863630912773,0,0.26759999990463257,0.03922700136899948
VIDEO_7351084194061126945,8,0.2825999855995178,0.16920599341392517
VIDEO_7572210750937107734,7,0.5321999788284302,1.647125005722046
VIDEO_7426721230721453318,0,1.6358000040054321,0.5326449871063232
VIDEO_7129505006046170373,3,0.030899999663233757,0.0015780000248923898
VIDEO_7414073681992895776,6,0.10409999638795853,0.004985999781638384
VIDEO_7505058159258504470,2,0.12870000302791595,0.007530000060796738
VIDEO_7502082897935928598,6,0.9027000069618225,0.41945499181747437
VIDEO_7397062762150513952,5,0.12219999730587006,0.00599699979647994
VIDEO_7439254923365059873,3,0.09149999916553497,0.004778000060468912
VIDEO_6896055761982639362,0,0.021400000900030136,0.0005660000024363399
VIDEO_7352233957276044577,0,0.41830000281333923,0.12652899324893951
VIDEO_7087984641864502534,19,1.8731000423431396,13.1246919631958
VIDEO_7086111451965869317,6,0.08269999921321869,0.004046000074595213
VIDEO_7276041559500475680,6,0.30799999833106995,0.03179199993610382
VIDEO_7350310562586283297,0,0.2718000113964081,0.04744499921798706
VIDEO_7168935772777614597,4,0.7314000129699707,5.492728233337402
VIDEO_7068731699701484806,7,4.456699848175049,39.02498245239258
VIDEO_7287983702959869217,0,0.046300001442432404,0.0024029999040067196
VIDEO_7575110522522144022,5,0.855400025844574,1.003985047340393
VIDEO_6876847536938749185,5,0.8338000178337097,0.16880999505519867
VIDEO_6980319450687868166,5,0.37940001487731934,0.10425099730491638
VIDEO_7574767270392532246,6,0.23810000717639923,0.019021999090909958
VIDEO_7346623546229099781,0,0.0,0.0
VIDEO_7342531903209114913,0,0.22630000114440918,0.019950000569224358
VIDEO_7549175046128831766,0,0.7882000207901001,0.21146899461746216
VIDEO_7582631962330893570,0,0.3540000021457672,0.13477100431919098
VIDEO_7231978849448381722,0,0.061400000005960464,0.008612999692559242
VIDEO_7571893908754451734,8,6.337200164794922,85.68645477294922
VIDEO_7329423244992236832,3,0.3192000091075897,0.08012799918651581
VIDEO_7451579890048027937,6,0.09040000289678574,0.004162999801337719
VIDEO_7366603470272515361,2,0.33880001306533813,0.0487079992890358
VIDEO_7326123173311728929,8,2.211400032043457,4.264257907867432
VIDEO_7324283735749266721,2,0.3864000141620636,0.044964998960494995
VIDEO_7483898615803612418,6,0.00039999998989515007,0.0
VIDEO_7447515391426825504,4,0.707099974155426,0.12398199737071991
VIDEO_7329526946751089953,2,0.1145000010728836,0.00928799994289875
VIDEO_7022925491963481349,0,0.5325000286102295,0.23843100666999817
VIDEO_7277097435090930977,0,0.8977000117301941,0.22777299582958221
VIDEO_7481977420220779798,3,2.315700054168701,3.6284759044647217
VIDEO_7415576931577433349,11,0.15800000727176666,0.02507299929857254
VIDEO_7345515480288922912,0,0.0706000030040741,0.01095999963581562
VIDEO_7303884823578397984,3,0.0,0.0
VIDEO_7073510812542913798,0,0.4399000108242035,0.0811770036816597
VIDEO_7189175939098561798,0,0.03480000048875809,0.0007220000261440873
VIDEO_6958797242429934854,0,0.10970000177621841,0.006268000230193138
VIDEO_7071272326746230021,10,1.5563000440597534,2.3973031044006348
VIDEO_7413269884840267040,0,0.36340001225471497,0.100273996591568
VIDEO_7202909898219326725,2,0.2402999997138977,0.023523999378085136
VIDEO_7431168865142328608,0,0.5878999829292297,0.09868600219488144
VIDEO_7478288153153916182,7,1.12909996509552,2.248577117919922
VIDEO_7318769443222359329,0,2.956399917602539,3.6483490467071533
VIDEO_7073157554024566021,0,0.08309999853372574,0.006961999926716089
VIDEO_7138043316087606533,4,0.05249999836087227,0.0035540000535547733
VIDEO_7083526112558517510,4,0.042899999767541885,0.0015930000226944685
VIDEO_7256066819247623450,4,0.01940000057220459,0.001231999951414764
VIDEO_7122480993948159238,3,0.1574999988079071,0.013333000242710114
VIDEO_7085367737178000646,7,0.3005000054836273,0.04067600145936012
VIDEO_7574884067729050902,5,1.4866000413894653,1.078948974609375
VIDEO_7467999174936644886,0,0.03310000151395798,0.00037900000461377203
VIDEO_7306870694137187616,0,0.16920000314712524,0.019662000238895416
VIDEO_6940187794534960389,0,0.023600000888109207,0.00036800000816583633
VIDEO_7536170254989315350,3,0.5475999712944031,0.2703700065612793
VIDEO_6959192993014287622,4,1.7975000143051147,2.0865910053253174
VIDEO_7094270154275605765,5,0.41920000314712524,0.2973540127277374
VIDEO_7182978974253944069,0,0.06069999933242798,0.003819999983534217
VIDEO_6994839726846971142,6,0.3741999864578247,0.04279499873518944
VIDEO_7169218120916208902,7,0.7174999713897705,0.13981099426746368
VIDEO_7272755309658098976,7,0.3993000090122223,0.1225690022110939
VIDEO_7523190975850679554,2,0.7907000184059143,0.52121901512146
VIDEO_7595972634450431254,0,0.04320000112056732,0.0036170000676065683
VIDEO_7225245362678762779,4,0.49459999799728394,0.1159449964761734
VIDEO_7463198577188146464,14,0.6079000234603882,0.18804100155830383
VIDEO_7245283945619655963,8,5.277400016784668,75.86222076416016
VIDEO_7081711774084484358,2,0.07020000368356705,0.002891999902203679
VIDEO_7483098002547100950,4,7.043799877166748,37.77227020263672
VIDEO_7447538385993895201,0,0.06960000097751617,0.0021699999924749136
VIDEO_7082386924677205253,0,0.6431000232696533,0.8972769975662231
VIDEO_7442685576798604566,0,0.037700001150369644,0.001307999948039651
VIDEO_7471348371962334486,2,0.30889999866485596,0.04052799940109253
VIDEO_7028978217117682949,2,0.07850000262260437,0.004993999842554331
VIDEO_7058348964306783493,0,0.3407000005245209,0.03368600085377693
VIDEO_7564712687565802774,7,0.03530000150203705,0.001145999995060265
VIDEO_7331811695360363809,0,0.08990000188350677,0.008094999939203262
VIDEO_7202617948983315717,8,0.1615000069141388,0.01093900017440319
VIDEO_7202277032938540294,4,0.31940001249313354,0.06089499965310097
VIDEO_7575105754374458646,0,0.03579999879002571,0.00026699999580159783
VIDEO_7344270149593091361,12,0.7028999924659729,0.28814199566841125
VIDEO_7319511492888366342,3,0.5303000211715698,0.15480700135231018
VIDEO_7379227737271094561,4,0.03539999946951866,0.000994000001810491
VIDEO_7392879054988397856,0,0.031599998474121094,0.0006200000061653554
VIDEO_7338384626773216545,0,0.26089999079704285,0.02932099997997284
VIDEO_7487276696215817494,0,0.4011000096797943,0.10164199769496918
VIDEO_7332835826579164449,8,0.49540001153945923,0.4679409861564636
VIDEO_7307282681899896096,6,0.2955000102519989,0.1761150062084198
VIDEO_7579578853308337430,13,0.20550000667572021,0.05040299892425537
VIDEO_7475816575975623958,0,0.13490000367164612,0.013144999742507935
VIDEO_7207842110316268805,0,1.8493000268936157,1.2370359897613525
VIDEO_7323194315415588129,0,0.34630000591278076,0.04605900123715401
VIDEO_7113851055355596038,0,0.054499998688697815,0.0015829999465495348
VIDEO_7191515883330669830,5,1.0951000452041626,0.8102779984474182
VIDEO_7252274964206832923,12,2.7314000129699707,21.39641571044922
VIDEO_7332156358902500640,0,1.2408000230789185,1.2522300481796265
VIDEO_7543218614866906390,3,1.0190000534057617,0.4738300144672394
VIDEO_7395222817677085985,0,0.10970000177621841,0.007891999557614326
VIDEO_7382166710029208865,2,0.0008999999845400453,9.999999974752427e-07
VIDEO_7462409528211033366,3,0.15039999783039093,0.007918000221252441
VIDEO_7227547227005209882,4,0.6495000123977661,0.4749529957771301
VIDEO_6943540424141491461,2,0.28369998931884766,0.03378500044345856
VIDEO_7246805127942737178,3,0.05469999834895134,0.00184299994725734
VIDEO_7190456972418862342,2,0.35530000925064087,0.15677699446678162
VIDEO_7596412614402460950,2,0.4702000021934509,0.06497299671173096
VIDEO_7309427596553489696,0,0.15870000422000885,0.013048999942839146
VIDEO_7215238321247751430,7,0.949400007724762,0.49512800574302673
VIDEO_7493891893026180374,4,0.04859999939799309,0.0011759999906644225
VIDEO_7516934430083091734,3,0.6926000118255615,0.21169400215148926
VIDEO_7070176633931549958,4,0.657800018787384,0.1805569976568222
VIDEO_7277906809787059489,0,0.09470000118017197,0.004540000110864639
VIDEO_7090931568486763781,3,1.409000039100647,0.6766510009765625
VIDEO_7245239505911893274,0,0.13570000231266022,0.010370999574661255
VIDEO_7283524894585883936,3,0.05889999866485596,0.003017999930307269
VIDEO_7205976379370851589,3,0.08649999648332596,0.003575999988242984
VIDEO_7156562442829466886,9,0.08370000123977661,0.010191000066697598
VIDEO_7057548200625917190,2,0.5788999795913696,0.08732900023460388
VIDEO_7296115605927644449,2,0.08179999887943268,0.007379999849945307
VIDEO_7338875309913017633,0,0.05889999866485596,0.0017229999648407102
VIDEO_7496845046814166294,11,0.11490000039339066,0.006523999851197004
VIDEO_7080915608727997701,0,0.0494999997317791,0.0009130000253207982
VIDEO_7593041331174362390,3,0.024900000542402267,0.00028700000257231295
VIDEO_7203019203857665286,2,0.0,0.0
VIDEO_7065372841423801605,0,0.8098999857902527,0.7250570058822632
VIDEO_6825975879940820230,0,0.0,0.0
VIDEO_7391036925550906657,2,1.1509000062942505,0.37637901306152344
VIDEO_7569964600523853078,0,0.39100000262260437,0.05510900169610977
VIDEO_7348097820320173344,6,0.35030001401901245,0.4860199987888336
VIDEO_7246672390841715995,4,0.121799997985363,0.009266000241041183
VIDEO_7053545705868152069,4,0.31279999017715454,0.054069001227617264
VIDEO_7059832468412583173,8,0.8424000144004822,0.15004099905490875
VIDEO_7535846854743821590,0,0.14390000700950623,0.01487400010228157
VIDEO_7464890614258158870,6,0.6988999843597412,0.13774700462818146
VIDEO_7308389510113512737,3,1.0113999843597412,1.9985549449920654
VIDEO_7236674356540165402,8,0.30640000104904175,0.029099000617861748
VIDEO_7442009228555930913,6,0.20600000023841858,0.018900999799370766
VIDEO_7215515219164990746,0,0.18870000541210175,0.01497699972242117
VIDEO_6980260193653378309,0,0.6923999786376953,0.13142900168895721
VIDEO_7229342870518385946,5,0.17010000348091125,0.017121000215411186
VIDEO_7299062448965946657,2,0.0020000000949949026,3.999999989900971e-06
VIDEO_7269755991049260320,0,0.10189999639987946,0.0064690001308918
VIDEO_7252374564108274970,3,0.27090001106262207,0.021409999579191208
VIDEO_7038707297396198661,0,0.26190000772476196,0.02932099997997284
VIDEO_7407736509996043553,2,0.06530000269412994,0.009108999744057655
VIDEO_7142874586755976454,5,0.17239999771118164,0.027867000550031662
VIDEO_7317653042533305633,6,0.4115000069141388,0.028852999210357666
VIDEO_7383600515478736161,3,0.051600001752376556,0.0020459999796003103
VIDEO_6920160579424488710,2,0.6438000202178955,0.15377600491046906
VIDEO_7548437152137350422,2,0.05139999836683273,0.0013569999719038606
VIDEO_7574759080368114966,5,0.061400000005960464,0.0019480000482872128
VIDEO_7553554500972367107,3,0.21610000729560852,0.017037000507116318
VIDEO_7141371845248437510,9,0.273499995470047,0.03215700015425682
VIDEO_7186344254921280773,11,4.938399791717529,35.67501449584961
VIDEO_7456840693982465312,6,0.6312000155448914,0.24352799355983734
VIDEO_7469067273794456854,8,0.0,0.0
VIDEO_7603743614157458710,0,0.07109999656677246,0.003318999893963337
VIDEO_7428251635102534945,8,0.09759999811649323,0.008833999745547771
VIDEO_7070569241413422342,0,0.17659999430179596,0.01840299926698208
VIDEO_7273016085954317600,5,0.04450000077486038,0.0010920000495389104
VIDEO_7577374333048196374,0,0.050200000405311584,0.0025160000659525394
VIDEO_7338778286597655840,4,0.4596000015735626,0.13319900631904602
VIDEO_7221875155184733445,0,0.017000000923871994,0.00038899999344721437
VIDEO_7328066217929985286,3,0.0478999987244606,0.0016129999421536922
VIDEO_7592281951206133014,2,0.04230000078678131,0.003131000092253089
VIDEO_7224177146263063835,0,0.7139000296592712,0.691627025604248
VIDEO_7076131060420988165,15,0.6873000264167786,0.09968800097703934
VIDEO_6904609211431357698,7,0.032999999821186066,0.0013089999556541443
VIDEO_7338699162768149792,0,0.49140000343322754,0.06511099636554718
VIDEO_6934012329067597061,2,0.40369999408721924,0.08446899801492691
VIDEO_7471566242168491286,0,0.45579999685287476,0.36010798811912537
VIDEO_7058313871718714629,3,0.6474999785423279,0.620140016078949
VIDEO_7337328365147295009,5,0.5040000081062317,0.10434599965810776
VIDEO_7192617192850984198,2,0.6747999787330627,0.1209620013833046
VIDEO_7178897418107358469,3,0.4715000092983246,0.07523900270462036
VIDEO_6923235061999373574,2,0.3700999915599823,0.09965100139379501
VIDEO_7062023531764256006,7,0.029500000178813934,0.0003859999997075647
VIDEO_7256464845132827931,6,0.17149999737739563,0.012644000351428986
VIDEO_7566297785914412310,3,0.10119999945163727,0.012678000144660473
VIDEO_7457587495031606560,0,0.5281000137329102,0.11209800094366074
VIDEO_7213795540574735621,2,2.017199993133545,1.774219036102295
VIDEO_7182218891702127877,4,1.7766000032424927,1.5863280296325684
VIDEO_7208220006314773765,5,1.6344000101089478,1.2917579412460327
VIDEO_7325457714312727840,2,0.20499999821186066,0.0358630008995533
VIDEO_7315824288173493536,0,0.1046999990940094,0.013542000204324722
VIDEO_7263464155540147489,7,0.25929999351501465,0.04506700113415718
VIDEO_7051571825989422342,2,0.5760999917984009,0.5621060132980347
VIDEO_7577797962017918230,0,0.06109999865293503,0.013907999731600285
VIDEO_7564461685881179414,2,0.9815000295639038,0.21202200651168823
VIDEO_7587833111010954518,0,0.4620000123977661,0.05147799849510193
VIDEO_7198194674354457861,6,0.6973000168800354,0.20345300436019897
VIDEO_7582501864428604694,0,0.012299999594688416,0.00010599999950500205
VIDEO_7040071170363788550,0,0.7609999775886536,0.17634700238704681
VIDEO_7309783088618409248,0,0.015300000086426735,0.0001320000010309741
VIDEO_7191848035784117510,4,0.12290000170469284,0.0018179999897256494
VIDEO_7572922723836431638,2,2.2634999752044678,1.9024380445480347
VIDEO_7193808719287766278,2,0.0,0.0
VIDEO_7224934115089370395,2,2.7009999752044678,1.9514919519424438
VIDEO_7260814503728696602,8,0.08030000329017639,0.004995000082999468
VIDEO_7076423248698690822,6,4.628600120544434,39.74390411376953
VIDEO_7288720379772800288,0,0.0006000000284984708,0.0
VIDEO_6883561429727726850,0,0.0203000009059906,0.0002530000056140125
VIDEO_7538076349500689666,11,3.837599992752075,18.821460723876953
VIDEO_7476865863409257750,7,0.29010000824928284,0.03386799991130829
VIDEO_7518400955877199127,0,0.421999990940094,0.23574000597000122
VIDEO_7575831202117045526,7,3.7004001140594482,3.961005926132202
VIDEO_7487960173529582870,5,14.224200248718262,61.812110900878906
VIDEO_7546523294489414934,12,0.09510000050067902,0.005007000174373388
VIDEO_7444926040855661846,2,4.002799987792969,5.134803771972656
VIDEO_7304272406548319520,5,0.21480000019073486,0.029005000367760658
VIDEO_7311689753676533024,5,0.0723000019788742,0.0041809999383986
VIDEO_7290823677195603233,0,0.07880000025033951,0.0023169999476522207
VIDEO_7206680972555750661,6,0.0494999997317791,0.0019519999623298645
VIDEO_7049689395460312326,5,0.01860000006854534,0.0002730000123847276
VIDEO_7462683592603340054,0,0.2295999974012375,0.03232499957084656
VIDEO_6955020730140544261,3,0.2888999879360199,0.10952399671077728
VIDEO_6834420537545084166,6,1.555400013923645,1.920300006866455
VIDEO_7551795663772798211,0,0.9617999792098999,1.216465950012207
VIDEO_7050500563045338374,8,1.3602999448776245,1.0578999519348145
VIDEO_7099406976437718278,7,3.5896999835968018,5.233749866485596
VIDEO_7165165100075093253,0,1.2559000253677368,0.40473800897598267
VIDEO_7210751695771553030,3,1.1150000095367432,1.689350962638855
VIDEO_7546552028168719638,0,0.18209999799728394,0.010452999733388424
VIDEO_7293173989143366945,5,0.5748000144958496,0.2765139937400818
VIDEO_6847902541095668997,4,2.4893999099731445,1.5263320207595825
VIDEO_7297157611294706976,0,0.0966000035405159,0.0034839999862015247
VIDEO_7580401530428394775,3,0.6069999933242798,0.09618700295686722
VIDEO_7555412968511425814,3,1.792199969291687,1.7976289987564087
VIDEO_7175881254233967878,0,0.000699999975040555,9.999999974752427e-07
VIDEO_6797039273053850886,0,0.6600000262260437,0.2851729989051819
VIDEO_7340684346040290593,0,0.09019999951124191,0.05185699835419655
VIDEO_7444595106025442593,6,4.6128997802734375,8.580435752868652
VIDEO_7184459390143974662,0,0.17000000178813934,0.0227230004966259
VIDEO_6935817751898426629,3,0.5479999780654907,0.14869600534439087
VIDEO_7580037763580415244,2,0.1680999994277954,0.01985199935734272
VIDEO_7309113734360780064,0,0.0,0.0
VIDEO_7305093445926915361,4,0.10679999738931656,0.008286000229418278
VIDEO_7423773390932135201,0,0.7321000099182129,0.3233940005302429
VIDEO_7466109584952855840,0,0.3125,0.12420400232076645
VIDEO_7067985901011373317,5,0.40380001068115234,0.20455199480056763
VIDEO_7162439514428919046,4,0.9824000000953674,0.29173800349235535
VIDEO_7060539961459641605,3,0.1738000065088272,0.023679999634623528
VIDEO_7421851827794152737,3,0.4375999867916107,0.06084199994802475
VIDEO_7425904564697632032,5,2.275700092315674,0.4021899998188019
VIDEO_7584519298459176214,7,0.27070000767707825,0.0880730003118515
VIDEO_7517987561692794134,0,0.17030000686645508,0.006318000145256519
VIDEO_7213655175318211845,0,0.13979999721050262,0.01285799965262413
VIDEO_7593403675297467651,0,0.14659999310970306,0.01923999935388565
VIDEO_7459384907962305825,0,0.0778999999165535,0.0025319999549537897
VIDEO_6878219367390268673,0,0.07500000298023224,0.003011000109836459
VIDEO_7537787296209259782,5,0.30079999566078186,0.03309600055217743
VIDEO_7026774067223055621,3,0.0640999972820282,0.0010930000571534038
VIDEO_7260104911830945051,12,0.16910000145435333,0.016878999769687653
VIDEO_7331415350828911904,6,0.15449999272823334,0.03663500025868416
VIDEO_7463520186876939552,6,1.3432999849319458,0.9929379820823669
VIDEO_7486391346727537942,8,0.4251999855041504,0.02828799933195114
VIDEO_7334309352062405893,4,0.09220000356435776,0.006304000038653612
VIDEO_7400379104962284832,2,0.05990000069141388,0.0038219999987632036
VIDEO_7340356860299496736,0,0.39329999685287476,0.04428600147366524
VIDEO_7185200340310969605,2,0.05660000070929527,0.0024480000138282776
VIDEO_7399196283501628705,2,1.117799997329712,0.5766249895095825
VIDEO_7474850979473640726,0,2.0114998817443848,3.5588560104370117
VIDEO_7461940902890605829,6,0.2711000144481659,0.04581800103187561
VIDEO_7490268698918309142,5,0.9020000100135803,0.5440220236778259
VIDEO_7068640088774741254,2,0.12849999964237213,0.00851800013333559
VIDEO_6994481888182144262,0,0.12099999934434891,0.008922000415623188
VIDEO_7095721528142155014,7,0.0020000000949949026,3.000000106112566e-06
VIDEO_7080583186522098949,0,0.04010000079870224,0.0020169999916106462
VIDEO_7470863926922579205,2,2.1029000282287598,1.3581680059432983
VIDEO_7183477138249485594,11,0.17479999363422394,0.015429000370204449
VIDEO_7148719596487363845,0,0.11779999732971191,0.012079999782145023
VIDEO_7277939332831251744,3,0.20190000534057617,0.030866000801324844
VIDEO_7606743080678591766,0,0.0032999999821186066,1.2999999853491317e-05
VIDEO_6880117942432959746,0,1.294100046157837,0.5921549797058105
VIDEO_7207818125402852613,2,0.038600001484155655,0.002130999928340316
VIDEO_7188189006851575046,0,0.008200000040233135,0.00018000000272877514
VIDEO_6874890977631390978,0,0.20520000159740448,0.018092000856995583
VIDEO_7194484239583284486,5,1.9150999784469604,4.8831329345703125
VIDEO_7312523032025730337,8,0.680400013923645,0.4816550016403198
VIDEO_7569927329154190614,0,0.17890000343322754,0.015256999991834164
VIDEO_7301350531325365537,2,0.10140000283718109,0.003527000080794096
VIDEO_7161523791154236677,9,9.074000358581543,15.443216323852539
VIDEO_7304665669872782625,0,0.32409998774528503,0.062373001128435135
VIDEO_7387308322162052385,2,0.0,0.0
VIDEO_7067569943449046278,3,0.41850000619888306,0.08097299933433533
VIDEO_7069844079122599173,6,0.08320000022649765,0.0034829999785870314
VIDEO_7242348894435167514,4,0.23600000143051147,0.02770400047302246
VIDEO_7103816728982916357,2,0.04450000077486038,0.0010969999711960554
VIDEO_7517939109512449302,9,0.08079999685287476,0.005007000174373388
VIDEO_7085404371671846150,4,0.1867000013589859,0.034860000014305115
VIDEO_7225632323146943771,9,8.858200073242188,119.07568359375
VIDEO_7443866656956255510,3,0.3012000024318695,0.08476000279188156
VIDEO_7156608613346184454,9,0.1987999975681305,0.019370999187231064
VIDEO_7172507378498260229,3,0.26840001344680786,0.049584001302719116
VIDEO_7550653411583102230,0,0.23070000112056732,0.032680999487638474
VIDEO_7250832194392886554,8,0.18629999458789825,0.027499999850988388
VIDEO_7219646733901450502,9,1.9687000513076782,1.6452250480651855
VIDEO_7336480513269583136,0,0.2290000021457672,0.027914000675082207
VIDEO_6927665892457237765,2,0.4147999882698059,0.05706699937582016
VIDEO_7440066420332924192,12,4.369500160217285,40.20120620727539
VIDEO_6945377653587266822,0,1.2821999788284302,0.5387229919433594
VIDEO_7457617290348072197,0,0.05460000038146973,0.0017239999724552035
VIDEO_7041603482742230278,4,0.05590000003576279,0.0036520001012831926
VIDEO_7226043488738069787,0,0.002199999988079071,3.000000106112566e-06
VIDEO_7401388090830359841,7,0.8252000212669373,0.5161219835281372
VIDEO_7312076882822909217,2,0.8046000003814697,0.18983100354671478
VIDEO_7289785625367153952,10,0.8736000061035156,1.3976099491119385
VIDEO_7274897399045246241,14,0.3107999861240387,0.06469900161027908
VIDEO_7231163731080711450,3,0.27570000290870667,0.09528099745512009
VIDEO_7324421973612825889,4,0.08470000326633453,0.0035069999285042286
VIDEO_7382840415893998880,5,0.4007999897003174,0.08311499655246735
VIDEO_7413699830469397793,0,0.35580000281333923,0.07999199628829956
VIDEO_7455422115802565910,10,0.0731000006198883,0.005499000195413828
VIDEO_7143162692004482310,0,0.6424000263214111,0.11193700134754181
VIDEO_7361030582446378272,0,0.030799999833106995,0.0007060000207275152
VIDEO_6918691694791691525,5,1.0300999879837036,1.1331700086593628
VIDEO_7210817231368785158,4,0.8224999904632568,0.43883100152015686
VIDEO_7391769807764458784,7,0.00039999998989515007,0.0
VIDEO_7565953021411216662,0,0.05640000104904175,0.0014700000174343586
VIDEO_7556661292233379075,7,1.5953999757766724,4.4842658042907715
VIDEO_7237511650532773146,0,0.2224999964237213,0.08815299719572067
VIDEO_7470850262840691990,0,0.11640000343322754,0.007065000012516975
VIDEO_7528433357093358870,0,0.5001999735832214,0.4124630093574524
VIDEO_7475273206497086742,13,0.07349999994039536,0.005197999998927116
VIDEO_7288326750243704096,0,0.010099999606609344,5.0999999075429514e-05
VIDEO_7327710709201014049,4,0.14910000562667847,0.011775000020861626
VIDEO_7036326405155638533,0,0.13600000739097595,0.015130000188946724
VIDEO_7488659236717628694,0,0.07010000199079514,0.003848999971523881
VIDEO_7163303756447223045,0,0.04800000041723251,0.002032000105828047
VIDEO_6885735124013550850,0,0.48069998621940613,0.18167699873447418
VIDEO_7554403190200945942,0,0.032499998807907104,0.0003650000144261867
VIDEO_7458325240628661537,5,0.07769999653100967,0.0031709999311715364
VIDEO_7220765448000900357,0,0.02630000002682209,0.0008909999742172658
VIDEO_7462724279965125920,0,0.07729999721050262,0.0037990000564604998
VIDEO_6739804771013774597,2,0.0,0.0
VIDEO_7535846060476976406,7,0.2092999964952469,0.02622699923813343
VIDEO_7332521954538245408,6,0.39959999918937683,0.06027999892830849
VIDEO_7143619564775968006,2,0.033399999141693115,0.0010580000234767795
VIDEO_7579293926796922134,3,0.3716000020503998,0.038819000124931335
VIDEO_7372534191776386336,7,0.6092000007629395,0.28262099623680115
VIDEO_7037532518978964741,0,0.8198999762535095,0.20280799269676208
VIDEO_7306457226254781729,0,0.2703000009059906,0.036699000746011734
VIDEO_7203048812351327494,0,0.03200000151991844,0.004149000160396099
VIDEO_7293822418068442400,2,1.1225999593734741,0.18544399738311768
VIDEO_7480244111207976214,0,0.5663999915122986,0.08921699970960617
VIDEO_6921604099553119494,12,0.025699999183416367,0.0012730000307783484
VIDEO_7400010201476123937,0,0.42879998683929443,0.06086599826812744
VIDEO_7483888039303843094,0,0.02669999934732914,0.0003330000035930425
VIDEO_6979673025503366405,3,0.8708000183105469,0.2718450129032135
VIDEO_7434514141697625377,6,0.16089999675750732,0.08852600306272507
VIDEO_7083155569812589829,0,0.2502000033855438,0.022634999826550484
VIDEO_6792131260543225094,0,0.0,0.0
VIDEO_7546567057056353558,2,0.018799999728798866,0.0004039999912492931
VIDEO_7211431817205878021,4,0.580299973487854,0.3763259947299957
VIDEO_7407351220127419681,2,0.10080000013113022,0.0077149998396635056
VIDEO_7168038506772679942,2,0.46399998664855957,0.1070299968123436
VIDEO_7459503727737687318,5,0.0,0.0
VIDEO_7271545826923531552,0,0.3982999920845032,0.09364499896764755
VIDEO_7259455690996075803,5,0.2847000062465668,0.026196999475359917
VIDEO_7391169699821669665,0,0.20839999616146088,0.013779999688267708
VIDEO_7076502785742720261,4,0.6959999799728394,0.1780949980020523
VIDEO_7297177472615861536,3,4.610000133514404,49.154808044433594
VIDEO_7564069366606679318,0,0.07090000063180923,0.004333999939262867
VIDEO_7463500754318347542,2,0.10119999945163727,0.009119000285863876
VIDEO_7336193209883839776,0,0.5134999752044678,0.2690820097923279
VIDEO_7082772534126513414,0,0.27399998903274536,0.017758000642061234
VIDEO_7546473791115791638,0,0.11559999734163284,0.009348999708890915
VIDEO_7583420207629225238,0,0.056299999356269836,0.0020409999415278435
VIDEO_7042694987141745926,0,0.08049999922513962,0.0025710000190883875
VIDEO_7545046455229205782,3,0.009800000116229057,6.500000017695129e-05
VIDEO_6883389583271185666,0,0.22030000388622284,0.031564999371767044
VIDEO_7269759073967525153,0,0.0215000007301569,0.0002840000088326633
VIDEO_7316431760194096416,10,0.4047999978065491,0.11515700072050095
VIDEO_7202313398300724485,0,0.027699999511241913,0.00030499999411404133
VIDEO_7341738165746634017,3,0.6014000177383423,0.30995500087738037
VIDEO_7295785443528920352,2,0.07940000295639038,0.0031840000301599503
VIDEO_7587478416618736918,5,1.2335000038146973,0.7320600152015686
VIDEO_7052727837165505797,2,0.011900000274181366,9.500000305706635e-05
VIDEO_7372132003078032672,0,0.17829999327659607,0.027125999331474304
VIDEO_7011522309198515462,3,4.217100143432617,11.439140319824219
VIDEO_7541326779697564930,5,0.4162999987602234,0.12030500173568726
VIDEO_7098701138203069702,0,0.10750000178813934,0.009453999809920788
VIDEO_7067063225736580357,5,0.3345000147819519,0.04611299932003021
VIDEO_7379193504355978528,2,0.2029000073671341,0.015607999637722969
VIDEO_6963197595422346502,4,4.155900001525879,37.26279067993164
VIDEO_7418230327207939360,0,0.42100000381469727,0.05790099874138832
VIDEO_7026756047805205766,6,0.24580000340938568,0.030251000076532364
VIDEO_7325764964172467489,0,0.12359999865293503,0.008917000144720078
VIDEO_7491632736105450774,0,0.9940999746322632,0.5396980047225952
VIDEO_7236382869650689306,0,0.00139999995008111,9.999999974752427e-07
VIDEO_7038638363686997254,5,2.049499988555908,10.604822158813477
VIDEO_7302346370701118752,3,0.1876000016927719,0.03550200164318085
VIDEO_7539973950877584662,0,0.09529999643564224,0.010723000392317772
VIDEO_7218219061707033882,2,0.6021999716758728,1.0138649940490723
VIDEO_7557014347273276694,0,1.9630000591278076,3.572613000869751
VIDEO_7255302948413099290,3,0.09740000218153,0.007050999905914068
VIDEO_7223430604547837210,2,0.37700000405311584,0.07449299842119217
VIDEO_7307663369090207009,0,0.0,0.0
VIDEO_7310626433129270560,7,5.198299884796143,11.044222831726074
VIDEO_7604101089775865110,10,3.138000011444092,8.141512870788574
VIDEO_7183009043407965445,0,0.22679999470710754,0.0250450000166893
VIDEO_7309091598472727840,7,0.0017999999690800905,9.999999974752427e-07
VIDEO_7239729661788359962,3,0.24819999933242798,0.027269000187516212
VIDEO_7564379905971178755,0,0.2498999983072281,0.09435299783945084
VIDEO_7069805338601606406,0,0.3944000005722046,0.04513299837708473
VIDEO_7057846707651939590,4,0.2849999964237213,0.03192799910902977
VIDEO_6936835146301672709,3,0.4896000027656555,0.2414660006761551
VIDEO_7088619536202648837,0,0.8798999786376953,0.19757400453090668
VIDEO_7221953102184779013,0,0.8723999857902527,0.41010600328445435
VIDEO_7228647012009282842,3,3.117799997329712,31.0814208984375
VIDEO_7205658829403458821,12,1.9169000387191772,8.63696002960205
VIDEO_7458331354212666646,3,0.12890000641345978,0.010751999914646149
VIDEO_7431201197672975648,0,0.2290000021457672,0.02588599920272827
VIDEO_7281651537124871456,3,0.08869999647140503,0.01296399999409914
VIDEO_7581507576219618582,0,0.02160000056028366,0.0002640000020619482
VIDEO_7303968237966904609,3,0.8830999732017517,0.20376800000667572
VIDEO_7175864609029491974,10,0.374099999666214,0.08836899697780609
VIDEO_7395189160081935649,2,0.22030000388622284,0.05349399894475937
VIDEO_7323108113698147616,2,0.049300000071525574,0.001626000041142106
VIDEO_6764678537346616582,0,1.360200047492981,0.4811500012874603
VIDEO_7195215450970606853,2,0.031599998474121094,0.0004889999981969595
VIDEO_7296124478130572577,8,0.23160000145435333,0.03026299923658371
VIDEO_7392856168214957345,2,0.2533000111579895,0.02760699950158596
VIDEO_7593661214027156758,2,0.0,0.0
VIDEO_7597370054556011798,4,9.999999747378752e-05,0.0
VIDEO_7345144791094660384,0,0.0027000000700354576,3.999999989900971e-06
VIDEO_7180437054843538693,9,0.10700000077486038,0.01169199962168932
VIDEO_7181547992061676805,4,7.564599990844727,169.1496124267578
VIDEO_7264958192017362208,6,2.0739998817443848,5.599668025970459
VIDEO_7572605667299708182,0,0.03420000150799751,0.0004180000105407089
VIDEO_7532594185912847638,0,0.037300001829862595,0.0006210000137798488
VIDEO_7288261263757446433,6,1.830399990081787,1.8630260229110718
VIDEO_7586689516153343288,3,2.540600061416626,1.6616170406341553
VIDEO_7205617494143339782,4,0.3497999906539917,0.09371499717235565
VIDEO_7172555111879757062,6,0.37929999828338623,0.038586001843214035
VIDEO_6885984385670122753,0,0.026799999177455902,0.00042100000428035855
VIDEO_7082815811529805062,2,0.1200999990105629,0.004873999860137701
VIDEO_7001054542804667653,3,0.5429999828338623,0.12370900064706802
VIDEO_7483554122663234838,7,0.020099999383091927,0.0002010000025620684
VIDEO_7197470706416815365,3,0.41350001096725464,0.038137998431921005
VIDEO_7311663059695570208,0,0.14350000023841858,0.02627200074493885
VIDEO_7577768828214512918,2,0.11100000143051147,0.014328000135719776
VIDEO_7291228337123511585,6,0.05820000171661377,0.005690000019967556
VIDEO_7300846195444927776,0,0.23440000414848328,0.06679300218820572
VIDEO_7547707789863406870,2,2.640700101852417,7.333012104034424
VIDEO_7278768931857354016,12,0.0,0.0
VIDEO_7460568175726398742,11,0.0,0.0
VIDEO_7167292362857794821,3,0.13220000267028809,0.023645000532269478
VIDEO_7549615777326877974,4,0.0640999972820282,0.0019570000004023314
VIDEO_7088705916027063557,2,0.09019999951124191,0.005245999898761511
VIDEO_7365161137324805408,0,0.2888999879360199,0.039058998227119446
VIDEO_7374072615356353825,4,0.6018000245094299,0.45521101355552673
VIDEO_7141370905153850629,0,0.2468000054359436,0.06825999915599823
VIDEO_7514333529551949078,0,0.3774999976158142,0.08660800009965897
VIDEO_7054255399968476422,0,0.16179999709129333,0.01344399992376566
VIDEO_7060191695681375493,6,0.18029999732971191,0.025157000869512558
VIDEO_7289470545270279456,0,0.3197000026702881,0.12608100473880768
VIDEO_7602656035161050390,0,0.21220000088214874,0.05685000121593475
VIDEO_7298393830204640545,0,0.10050000250339508,0.006725000217556953
VIDEO_7253058884762537242,8,0.08209999650716782,0.006066999863833189
VIDEO_7504006062559776022,2,0.02979999966919422,0.0007329999934881926
VIDEO_7429720640111791392,4,0.021800000220537186,0.00024900000425986946
VIDEO_7257181704241024282,10,0.09149999916553497,0.0064409999176859856
VIDEO_7403421764769926432,10,1.488800048828125,12.17597770690918
VIDEO_7357327030335114528,0,0.05810000002384186,0.000846999988425523
VIDEO_7116439198285958405,6,0.8223000168800354,0.17915800213813782
VIDEO_7177417414542429445,0,0.16750000417232513,0.02691500075161457
VIDEO_7551820830615899414,8,0.36730000376701355,0.09198900312185287
VIDEO_7489499424884821270,6,0.7736999988555908,0.24735300242900848
VIDEO_7395950056001572128,2,0.03869999945163727,0.0009960000170394778
VIDEO_7190283346373610757,0,0.41819998621940613,0.053394000977277756
VIDEO_7348379737519082784,5,0.5091999769210815,0.38015300035476685
VIDEO_7166666264092413190,0,0.017000000923871994,0.00047400000039488077
VIDEO_7114309168302984454,2,0.3531000018119812,0.03891199827194214
VIDEO_7545446733921209622,10,0.32089999318122864,0.09645900130271912
VIDEO_7478999877444226326,5,0.017100000753998756,0.0001449999981559813
VIDEO_7300112308179701025,4,0.10000000149011612,0.003459000028669834
VIDEO_7171408287785782533,2,0.12960000336170197,0.023339999839663506
VIDEO_7041160388334980357,11,0.14229999482631683,0.01349399983882904
VIDEO_7083930192657353990,9,0.07660000026226044,0.003653000108897686
VIDEO_7184475894335950085,2,0.17399999499320984,0.05402199923992157
VIDEO_7187762825270463750,0,0.6049000024795532,0.3760400116443634
VIDEO_7440142040542825760,4,0.692799985408783,0.14701800048351288
VIDEO_7601164093910715670,0,0.3343999981880188,0.04528599977493286
VIDEO_7145813168818900229,3,1.7041000127792358,0.07898300141096115
VIDEO_7350207537771220256,2,0.053599998354911804,0.001673000049777329
VIDEO_7538370537211432214,0,0.0640999972820282,0.002004999900236726
VIDEO_7523154104273915158,7,0.37599998712539673,0.04204599931836128
VIDEO_6923258085528112390,3,0.05220000073313713,0.0007319999858736992
VIDEO_7283105183352016160,0,0.3801000118255615,0.05959400162100792
VIDEO_7192709681280781574,0,1.5074000358581543,0.5793560147285461
VIDEO_7418157210896698657,6,0.9872000217437744,0.3096809983253479
VIDEO_7441626192760884513,6,0.6208999752998352,0.2774679958820343
VIDEO_7143175958978186502,0,0.3747999966144562,0.06014600023627281
VIDEO_7059747853035441414,3,0.4262999892234802,0.11166399717330933
VIDEO_7335091592077856032,2,0.15469999611377716,0.029131999239325523
VIDEO_7074644027190103302,3,2.7971999645233154,18.972375869750977
VIDEO_7074987594026700038,17,7.604000091552734,163.94778442382812
VIDEO_7210806075354811654,0,0.7200999855995178,0.24071800708770752
VIDEO_7239748390974704922,4,3.532399892807007,15.174445152282715
VIDEO_6940653001791130885,2,0.3882000148296356,0.09244699776172638
VIDEO_7355765566625402144,6,2.8294999599456787,7.446963787078857
VIDEO_7444957131670949142,2,0.257099986076355,0.02639400027692318
VIDEO_7318707614332849441,6,0.34380000829696655,0.12834599614143372
VIDEO_7437476740533865761,0,0.257099986076355,0.022453000769019127
VIDEO_7234190958772882715,4,0.04690000042319298,0.0017040000529959798
VIDEO_7332865581789629729,2,0.4496999979019165,0.07703900337219238
VIDEO_7181124364987895046,0,0.17820000648498535,0.03738100081682205
VIDEO_7231544878478445850,2,0.1445000022649765,0.013253999873995781
VIDEO_7473095088948759830,4,0.0778999999165535,0.006444000173360109
VIDEO_7594911702613773590,2,0.4867999851703644,0.12297999858856201
VIDEO_7437536576072125728,3,1.2647000551223755,0.4481469988822937
VIDEO_7193034087660031237,0,0.03750000149011612,0.010285000316798687
VIDEO_6936943102523378950,4,0.5960000157356262,0.12720300257205963
VIDEO_7022596866374192390,0,0.125900000333786,0.027831999585032463
VIDEO_7198558888940113158,7,0.18170000612735748,0.022572999820113182
VIDEO_6946128715000663301,10,0.8454999923706055,0.23500299453735352
VIDEO_7446787674863684886,0,0.3095000088214874,0.030052000656723976
VIDEO_7302041138670619936,4,1.007200002670288,0.9433619976043701
VIDEO_7192237337412177157,0,0.02850000001490116,0.00037299998803064227
VIDEO_7043834307458141446,0,0.0957999974489212,0.003481999970972538
VIDEO_7137227107456879877,2,0.13740000128746033,0.010859999805688858
VIDEO_7262363967157226785,0,0.043299999088048935,0.0018560000462457538
VIDEO_7091569180054490373,16,0.0008999999845400453,9.999999974752427e-07
VIDEO_7572210786991344918,7,0.3095000088214874,0.12799300253391266
VIDEO_7485773090555956503,0,0.5999000072479248,0.29441899061203003
VIDEO_7114675214583155973,2,0.10220000147819519,0.007300000172108412
VIDEO_7262342975752113441,0,0.0697999969124794,0.005007999949157238
VIDEO_7564663320058285334,0,0.1307000070810318,0.010982000268995762
VIDEO_7485301680930688278,2,0.10779999941587448,0.007548999972641468
VIDEO_7096387117462359302,6,1.422700047492981,0.36048099398612976
VIDEO_7096121724990655749,7,0.036400001496076584,0.000813000020571053
VIDEO_7379994182741429536,7,0.10570000112056732,0.010812000371515751
VIDEO_7214862934139260166,12,0.29980000853538513,0.04532000049948692
VIDEO_7369882061445926177,0,0.3319000005722046,0.06761500239372253
VIDEO_7155814731897376006,9,0.0,0.0
VIDEO_7027511633060695301,5,0.9369999766349792,0.44388800859451294
VIDEO_7580305629634399510,2,4.55079984664917,28.28878402709961
VIDEO_7310258308969991457,4,0.19769999384880066,0.016308000311255455
VIDEO_7403329560554523936,9,0.3034000098705292,0.10110100358724594
VIDEO_7326857703958105376,0,0.0031999999191612005,7.000000096013537e-06
VIDEO_7517305745210232086,3,0.3684999942779541,0.05328400060534477
VIDEO_7170730138965970181,0,0.5673999786376953,0.7681310176849365
VIDEO_7416286728513735968,0,0.4392000138759613,0.06635899841785431
VIDEO_7157021341361753349,8,0.11659999936819077,0.04137999936938286
VIDEO_7316470398261021985,2,0.2101999968290329,0.03401400148868561
VIDEO_7211130311667715334,4,0.5141000151634216,0.09816999733448029
VIDEO_7447200750096223510,0,1.4220999479293823,1.6214189529418945
VIDEO_7054582233989958917,0,0.5311999917030334,0.20997199416160583
VIDEO_7593727684606168342,2,0.06239999830722809,0.0037539999466389418
VIDEO_7123931386964184326,4,4.20550012588501,8.489249229431152
VIDEO_7177655896699325702,0,0.0763000026345253,0.020764000713825226
VIDEO_7140150980246719750,0,0.32820001244544983,0.04943599924445152
VIDEO_7431962598909791521,8,0.6208000183105469,0.13838300108909607
VIDEO_6958424996964355334,0,0.179299995303154,0.021526999771595
VIDEO_7094187420819803398,0,0.590499997138977,0.09411799907684326
VIDEO_7080140185001938181,0,0.09539999812841415,0.006159000098705292
VIDEO_7353226118662589728,0,1.1919000148773193,7.525972843170166
VIDEO_7584845578429828375,0,1.3228000402450562,1.700227975845337
VIDEO_6982843678305897734,0,0.1031000018119812,0.00797600019723177
VIDEO_7274647533002034465,8,0.09449999779462814,0.008857999928295612
VIDEO_7457155091238259990,4,0.4004000127315521,0.09287700057029724
VIDEO_7291237498506743072,0,0.022299999371170998,0.0003370000049471855
VIDEO_7464875419959921952,0,0.21549999713897705,0.01571200042963028
VIDEO_7296154996683410720,4,0.3723999857902527,0.05325699970126152
VIDEO_7070162555695615237,0,0.5936999917030334,0.21162499487400055
VIDEO_7584927758497697035,10,0.04910000041127205,0.0014769999543204904
VIDEO_7225296808900152603,8,0.20890000462532043,0.0335099995136261
VIDEO_7215611067286703366,8,0.2653999924659729,0.03162899985909462
VIDEO_7306559173217488160,8,0.41940000653266907,0.13680900633335114
VIDEO_7184090635018784005,4,4.0578999519348145,24.76506996154785
VIDEO_7474331497533836566,7,0.3012000024318695,0.07678999751806259
VIDEO_7249813717225950490,3,0.12060000002384186,0.004792000167071819
VIDEO_7511669950990290198,0,0.04989999905228615,0.0010580000234767795
VIDEO_7039780337739730181,0,0.5264999866485596,0.23461300134658813
VIDEO_7407843953539583265,2,0.013000000268220901,0.0006680000224150717
VIDEO_7300495910595808545,0,0.27090001106262207,0.09519100189208984
VIDEO_7199677935949778181,6,0.35199999809265137,0.10708899796009064
VIDEO_7465291116045208865,0,0.02250000089406967,0.0002969999914057553
VIDEO_7206682386531110149,3,0.3276999890804291,0.08644899725914001
VIDEO_7484305196332436758,0,0.16040000319480896,0.22238899767398834
VIDEO_7286488221893020960,3,0.18400000035762787,0.026497000828385353
VIDEO_7197824225988726021,0,0.5839999914169312,0.2084680050611496
VIDEO_6896446483080482050,7,0.36070001125335693,0.17308999598026276
VIDEO_7374727208394411297,6,0.003100000089034438,4.999999873689376e-06
VIDEO_7384098121715813664,2,0.05000000074505806,0.0036639999598264694
VIDEO_7239735340737498395,0,0.004000000189989805,7.000000096013537e-06
VIDEO_7195607365813636357,3,1.4391000270843506,1.069700002670288
VIDEO_7086527236471311622,7,0.22169999778270721,0.032666999846696854
VIDEO_7483430893965626646,0,0.0,0.0
VIDEO_7285720218360368417,5,0.056299999356269836,0.004666000138968229
VIDEO_7307595143559859488,0,0.2773999869823456,0.146464005112648
VIDEO_7158057918431120645,5,0.07760000228881836,0.001782999956049025
VIDEO_7330883086684622112,0,0.0364999994635582,0.002908000024035573
VIDEO_7394757283214806305,4,0.33559998869895935,0.07912100106477737
VIDEO_7336662438282120481,0,0.09920000284910202,0.006742999888956547
VIDEO_7107863534549110022,0,0.22939999401569366,0.060926999896764755
VIDEO_7081140277083213062,2,0.45559999346733093,0.11133400350809097
VIDEO_7055321327174946054,3,0.7233999967575073,0.44794800877571106
VIDEO_7067578500101803269,4,1.5729999542236328,1.760882019996643
VIDEO_7553924193562266902,8,1.381500005722046,0.791022002696991
VIDEO_7207862806899592453,9,0.7576000094413757,0.576213002204895
VIDEO_7189528219425590534,4,5.355000019073486,63.233978271484375
VIDEO_7061273234259610885,3,0.23119999468326569,0.0419280007481575
VIDEO_7418133778406657313,0,0.14429999887943268,0.013154000043869019
VIDEO_7358820174952172832,0,0.17569999396800995,0.06525500118732452
VIDEO_7299732621825690912,0,0.03240000084042549,0.0011320000048726797
VIDEO_7233784589523717402,2,0.06930000334978104,0.005547999870032072
VIDEO_7238235896724704538,0,0.10570000112056732,0.006238999776542187
VIDEO_7079836018203020549,0,0.014800000004470348,0.0001900000061141327
VIDEO_7605520662588902678,0,0.09529999643564224,0.004763000179082155
VIDEO_7203684040606633222,2,0.23360000550746918,0.020750999450683594
VIDEO_6969101040918465798,0,0.03310000151395798,0.0008210000232793391
VIDEO_7303586993965960480,0,0.1467999964952469,0.009477999992668629
VIDEO_7184457014217657606,2,4.89139986038208,49.772499084472656
VIDEO_7340916267571858721,2,0.6886000037193298,0.2553980052471161
VIDEO_7130906655885102341,8,2.0165998935699463,3.0649139881134033
VIDEO_7004414493086240006,0,0.9180999994277954,0.13378100097179413
VIDEO_7135716231218318597,0,0.01889999955892563,0.00032500000088475645
VIDEO_7323224822169750816,0,0.43050000071525574,0.1627880036830902
VIDEO_7070550742880292101,2,0.6746000051498413,0.6688740253448486
VIDEO_7434931188642352417,2,0.12150000035762787,0.01822800002992153
VIDEO_7486822725684792599,3,0.28850001096725464,0.045635998249053955
VIDEO_7500939642972212502,0,0.3400999903678894,0.038159001618623734
VIDEO_7351779832969104673,8,0.24860000610351562,0.04112200066447258
VIDEO_7208952610336820485,0,0.14589999616146088,0.004811999853700399
VIDEO_7185555102487416070,7,0.17309999465942383,0.022492999210953712
VIDEO_7462655968522931478,0,0.8066999912261963,0.5587040185928345
VIDEO_7064585014561754373,7,0.35910001397132874,0.06898599863052368
VIDEO_7381115594076146977,0,0.011500000022351742,6.800000119255856e-05
VIDEO_7328709134126206241,9,0.8930000066757202,0.3925890028476715
VIDEO_7421838132624002336,0,0.6628999710083008,0.12167099863290787
VIDEO_6899015791086210306,2,0.029200000688433647,0.0006200000061653554
VIDEO_7073146702995279110,4,0.257099986076355,0.01498399954289198
VIDEO_7072060893818899717,5,0.0142000000923872,5.8000001445179805e-05
VIDEO_7556999098637880598,8,9.999999747378752e-05,0.0
VIDEO_7079814734664436998,8,0.028699999675154686,0.0005119999987073243
VIDEO_7297529063785123104,0,0.20440000295639038,0.03491400182247162
VIDEO_7319919643378912544,4,0.2678999900817871,0.008787999860942364
VIDEO_7479481184100044054,0,0.17219999432563782,0.03624900057911873
VIDEO_7084552539126926597,4,2.0662999153137207,8.578646659851074
VIDEO_7542515768215211286,0,0.039500001817941666,0.000994000001810491
VIDEO_7078325137698770181,2,4.259500026702881,55.001182556152344
VIDEO_7194859372227480838,3,0.5221999883651733,0.14827899634838104
VIDEO_7440140885246971169,11,0.6003000140190125,0.3047280013561249
VIDEO_6942166804311575814,2,1.0908000469207764,1.2042139768600464
VIDEO_6963263758630194437,18,0.00139999995008111,9.999999974752427e-07
VIDEO_7572235624627899670,7,2.4014999866485596,1.6540039777755737
VIDEO_7474625701350509846,0,0.3424000144004822,0.03702700138092041
VIDEO_7529427220335496450,2,0.30070000886917114,0.06301499903202057
VIDEO_6895292772857826562,2,0.013399999588727951,9.300000237999484e-05
VIDEO_7488220279244623126,2,0.3174999952316284,0.04500700160861015
VIDEO_7237120496020573467,3,0.3034000098705292,0.22777800261974335
VIDEO_7064977105032858885,4,0.1981000006198883,0.02261500060558319
VIDEO_7471349532496842006,0,0.08349999785423279,0.003252000082284212
VIDEO_7490119511731965206,3,1.8861000537872314,1.1218980550765991
VIDEO_6895288761354112258,3,0.31200000643730164,0.049063000828027725
VIDEO_7451599218545970454,0,0.10970000177621841,0.005446000024676323
VIDEO_7130612533437762821,2,0.5770999789237976,0.07406800240278244
VIDEO_7056423267564899590,2,1.309399962425232,1.0550620555877686
VIDEO_7152911692282809606,2,0.5443999767303467,0.14329899847507477
VIDEO_6794470373212589317,0,0.2696000039577484,0.027140000835061073
VIDEO_7319074307202616609,4,0.14259999990463257,0.007253000047057867
VIDEO_7396708038398266656,5,0.6743000149726868,0.20159099996089935
VIDEO_7174339271141100806,4,1.264299988746643,1.882066011428833
VIDEO_7578641094464867595,2,2.8863000869750977,14.20494556427002
VIDEO_7477935287646063894,0,0.4440999925136566,0.20181800425052643
VIDEO_7594160012247797014,3,0.6901999711990356,0.3153890073299408
VIDEO_7183332234605268250,0,0.17970000207424164,0.016332000494003296
VIDEO_7177404002508803334,3,0.08259999752044678,0.01512099988758564
VIDEO_7093804812864670981,6,0.04919999837875366,0.0011309999972581863
VIDEO_7158890098770119942,2,0.4025999903678894,0.059209998697042465
VIDEO_7333701921573850374,10,0.4426000118255615,0.3376320004463196
VIDEO_7180392341839105286,9,0.010900000110268593,4.8999998398358e-05
VIDEO_7350954462992682272,5,0.13349999487400055,0.00203999993391335
VIDEO_7302473271067397409,4,0.6481999754905701,8.41028118133545
VIDEO_7087822626005060870,8,1.1859999895095825,0.8541010022163391
VIDEO_7325049996682759456,7,0.06260000169277191,0.005867999978363514
VIDEO_7315068001533840672,11,0.08009999990463257,0.004612000193446875
VIDEO_7324741085438397729,0,0.20589999854564667,0.03384599834680557
VIDEO_7321012358594235681,5,0.08649999648332596,0.012238999828696251
VIDEO_6922868220890254597,2,0.008999999612569809,3.7999998312443495e-05
VIDEO_7553223847730777346,2,0.895799994468689,0.21700100600719452
VIDEO_7512836614834474262,9,5.52839994430542,52.46474075317383
VIDEO_7450183993355488545,3,0.15919999778270721,0.015526999719440937
VIDEO_7020800251950927109,0,1.0419000387191772,0.7894129753112793
VIDEO_7316159323728661792,3,2.228600025177002,4.534181118011475
VIDEO_7204907848449527045,3,0.040300000458955765,0.0004670000053010881
VIDEO_7456101045601570070,0,0.0,0.0
VIDEO_7023313220278553862,6,0.22349999845027924,0.0351950004696846
VIDEO_7479081271746989334,2,0.3483000099658966,0.08369799703359604
VIDEO_7348766265927814432,8,0.02710000053048134,0.0003640000068116933
VIDEO_7579299127637363990,2,2.303800106048584,12.00157356262207
VIDEO_7317307650499251488,9,0.5131999850273132,0.10199899971485138
VIDEO_7447184186034654496,4,0.04439999908208847,0.0005540000274777412
VIDEO_7294149539781463328,0,0.011599999852478504,3.7999998312443495e-05
VIDEO_7590184087122660630,5,0.0925000011920929,0.007023000158369541
VIDEO_7346541062267079968,5,0.061400000005960464,0.0035069999285042286
VIDEO_7466117788898315552,5,1.4598000049591064,0.7136229872703552
VIDEO_7054948838716493061,8,0.1738000065088272,0.027654999867081642
VIDEO_7591891163175554326,0,1.6383999586105347,1.249729037284851
VIDEO_7431510658845379872,9,0.024700000882148743,0.0008679999737069011
VIDEO_7576319921030827286,0,0.1981000006198883,0.019200000911951065
VIDEO_7586610643130764566,0,0.05889999866485596,0.002710999920964241
VIDEO_7285669773030001953,0,0.13979999721050262,0.01053799968212843
VIDEO_7323237610665544966,0,1.3707000017166138,1.4916919469833374
VIDEO_7494193739187916054,0,0.025200000032782555,0.000387999985832721
VIDEO_7249312172956732698,3,0.0035000001080334187,9.000000318337698e-06
VIDEO_7072780188018380038,24,0.7225000262260437,0.8557230234146118
VIDEO_7524285666692271382,5,3.708699941635132,5.970047950744629
VIDEO_7566270741134462230,6,0.1534000039100647,0.012500000186264515
VIDEO_7401059521860209952,9,0.15680000185966492,0.018425000831484795
VIDEO_7130169267454070021,5,1.219599962234497,0.43581900000572205
VIDEO_7297256040544931105,0,0.13650000095367432,0.012334000319242477
VIDEO_7179688144382512390,3,1.7259999513626099,0.7592129707336426
VIDEO_7540672667704118533,0,0.28450000286102295,0.15878400206565857
VIDEO_7481596789448117526,0,1.368399977684021,0.837664008140564
VIDEO_7210074063765638406,0,0.03420000150799751,0.000661000027321279
VIDEO_7039252769894616326,0,3.106800079345703,5.774546146392822
VIDEO_6814175723704683782,6,4.470600128173828,40.750282287597656
VIDEO_7245708272181759258,0,0.6450999975204468,0.09836799651384354
VIDEO_7145110811000835333,4,2.897200107574463,3.2897579669952393
VIDEO_7568382003330993430,9,0.6309999823570251,0.25018298625946045
VIDEO_7324339550283664672,0,0.7429999709129333,0.452549010515213
VIDEO_6956567938891599109,0,0.5881999731063843,0.10413199663162231
VIDEO_7343666836812123424,0,0.060600001364946365,0.002078999998047948
VIDEO_7169948893805825285,2,0.10509999841451645,0.006095999851822853
VIDEO_7279078872455384352,8,3.5236001014709473,12.26528263092041
VIDEO_7602968538319539478,4,7.478499889373779,16.084959030151367
VIDEO_7238653863794887962,0,0.001500000013038516,9.999999974752427e-07
VIDEO_7302809103150206241,0,0.19020000100135803,0.020343000069260597
VIDEO_7079095510904229126,3,0.42910000681877136,0.0903099998831749
VIDEO_7442354645382532385,0,0.08460000157356262,0.007395000196993351
VIDEO_7579287270092459286,0,0.011900000274181366,4.8999998398358e-05
VIDEO_7323612868484631840,0,0.021400000900030136,0.0003980000037699938
VIDEO_7565955844764863755,0,0.4657000005245209,0.08347299695014954
VIDEO_7580000663845850390,0,0.6272000074386597,0.1611579954624176
VIDEO_7446341554735828256,0,0.07159999758005142,0.006994999945163727
VIDEO_7559134249731853579,0,0.8916000127792358,0.20361700654029846
VIDEO_7476738167522053398,0,9.999999747378752e-05,0.0
VIDEO_6927911225066130693,0,0.16869999468326569,0.008338999934494495
VIDEO_7348413567797841185,0,0.6126000285148621,0.2568820118904114
VIDEO_7299777182828645664,0,0.04230000078678131,0.0020719999447464943
VIDEO_7195225752541875462,0,0.6334999799728394,0.12701499462127686
VIDEO_7279032970286009632,5,0.5382000207901001,0.20612800121307373
VIDEO_7261564389075995930,4,0.043699998408555984,0.0010310000507161021
VIDEO_7337268516128591136,0,0.2126999944448471,0.04884300008416176
VIDEO_7189955800851320070,0,0.3564000129699707,0.041214000433683395
VIDEO_7343975400122354977,0,0.00860000029206276,1.8999999156221747e-05
VIDEO_7082037036730813701,8,0.25780001282691956,0.027381999418139458
VIDEO_7346110636008475937,5,0.37279999256134033,0.1234230026602745
VIDEO_7296889866002910497,3,0.9018999934196472,0.20304399728775024
VIDEO_7178872221375548677,4,0.35929998755455017,0.07594600319862366
VIDEO_7075406881111444742,3,0.37929999828338623,0.026990000158548355
VIDEO_7410298388022824225,0,0.024000000208616257,0.0015979999443516135
VIDEO_7261562285791956251,5,0.3222000002861023,0.058841001242399216
VIDEO_7393260705048268065,0,0.000699999975040555,0.0
VIDEO_7320159598290226464,2,0.18379999697208405,0.028457999229431152
VIDEO_7040810874281479430,2,0.17800000309944153,0.018736999481916428
VIDEO_7519058140860583190,0,0.03610000014305115,0.0007559999939985573
VIDEO_7141029212244233478,5,0.23109999299049377,0.01586800068616867
VIDEO_7342536344561896737,2,0.23479999601840973,0.05236300081014633
VIDEO_7234782434531839258,13,0.28929999470710754,0.04672100022435188
VIDEO_7567372771060124950,7,3.263200044631958,24.77621841430664
VIDEO_7197445468585037062,2,0.026399999856948853,0.0012339999666437507
VIDEO_7495322095065238806,3,0.4059999883174896,0.04666600003838539
VIDEO_7305425778076880161,3,0.07689999788999557,0.0026990000624209642
VIDEO_7038692809985051909,3,0.9372000098228455,0.9606670141220093
VIDEO_7221177538855423258,0,11.862500190734863,140.73812866210938
VIDEO_7168916057166597382,2,0.98089998960495,0.23854200541973114
VIDEO_7343530174526377249,0,0.2879999876022339,0.04518600180745125
VIDEO_7414443436134223137,2,0.22689999639987946,0.046918999403715134
VIDEO_7569526874024512780,0,0.00139999995008111,9.999999974752427e-07
VIDEO_7587442936376233238,2,0.05260000005364418,0.005797000136226416
VIDEO_7259698322791795995,5,0.027000000700354576,0.0004780000017490238
VIDEO_7037974894553894150,0,0.04919999837875366,0.0017770000267773867
VIDEO_7372168611449900321,0,0.21819999814033508,0.05920900031924248
VIDEO_7362544046675447073,8,3.232300043106079,28.324665069580078
VIDEO_7312547480120380705,0,0.05050000175833702,0.0015829999465495348
VIDEO_7436403924350864672,0,0.2513999938964844,0.043779999017715454
VIDEO_7463089844516965637,0,0.8725000023841858,0.447162002325058
VIDEO_7450928915159190806,3,0.6797999739646912,0.13478200137615204
VIDEO_7587440240327937302,3,1.1141999959945679,1.2261919975280762
VIDEO_7439301301864877344,7,0.30329999327659607,0.041531000286340714
VIDEO_6964763152974187781,10,0.0,0.0
VIDEO_7195937456271691014,4,0.10939999669790268,0.005661999806761742
VIDEO_7322495223089712416,0,0.2833000123500824,0.0375090017914772
VIDEO_7458336545490193686,6,0.09690000116825104,0.004679999779909849
VIDEO_7371436708778315041,8,0.0010000000474974513,9.999999974752427e-07
VIDEO_7070486062182731013,0,0.10130000114440918,0.005654999986290932
VIDEO_7238904736253054234,4,0.1348000019788742,0.011051000095903873
VIDEO_7319902152686718241,2,0.3068999946117401,0.0892150029540062
VIDEO_7120944943270530309,5,2.1530001163482666,2.682248115539551
VIDEO_7478712216724802838,7,0.22550000250339508,0.025033000856637955
VIDEO_7580065942730738966,5,0.5478000044822693,0.14539599418640137
VIDEO_7556260834817723670,0,0.016499999910593033,0.0001500000071246177
VIDEO_7267879991004761376,0,0.35429999232292175,0.24554499983787537
VIDEO_7529820615637847318,12,1.063099980354309,1.1233930587768555
VIDEO_7210067304095173893,0,0.7027999758720398,0.3154970109462738
VIDEO_7606360801234013462,0,0.36480000615119934,0.07553300261497498
VIDEO_7161354120849427717,7,0.30709999799728394,0.1602579951286316
VIDEO_7325862287540096289,0,0.2547999918460846,0.029954999685287476
VIDEO_7063127157068844294,3,0.06480000168085098,0.004819000139832497
VIDEO_7444856032486116630,9,0.4171000123023987,0.09931699931621552
VIDEO_7261499359819336986,0,0.11919999867677689,0.07315299659967422
VIDEO_7592263862284586263,2,0.11710000038146973,0.010649999603629112
VIDEO_7442235405757336864,6,3.9674999713897705,7.296130180358887
VIDEO_7073547434244328709,2,3.884999990463257,6.469051837921143
VIDEO_7367273018181160224,2,0.0908999964594841,0.005890000145882368
VIDEO_7568823330518748438,5,0.8353999853134155,0.29449400305747986
VIDEO_7388867149407849760,2,0.0,0.0
VIDEO_7054964457310539013,0,0.14710000157356262,0.03964399918913841
VIDEO_7494590607797554454,5,0.19030000269412994,0.012086999602615833
VIDEO_7063505399307144454,6,0.12479999661445618,0.008131000213325024
VIDEO_7537717748512705814,0,0.06469999998807907,0.0029949999880045652
VIDEO_7529912051498552598,2,0.3431999981403351,0.04480599984526634
VIDEO_7080535307816291589,3,3.9930999279022217,24.429304122924805
VIDEO_7215252214514715909,3,0.0017999999690800905,1.9999999949504854e-06
VIDEO_7209925340557348101,6,0.000699999975040555,0.0
VIDEO_7297205575501270304,3,0.5795000195503235,0.08865900337696075
VIDEO_7059442492080491781,9,0.44940000772476196,0.13674600422382355
VIDEO_7587070120556580118,5,0.5108000040054321,0.11157900094985962
VIDEO_7124374690520419590,2,0.0544000007212162,0.0016499999910593033
VIDEO_6955364241213771014,2,0.0,0.0
VIDEO_7294901504752782625,3,0.04670000076293945,0.003103999886661768
VIDEO_7191896362630302981,3,0.597100019454956,0.11000099778175354
VIDEO_7262001980095106337,0,0.6413999795913696,0.11435700207948685
VIDEO_7212710657672678661,7,0.0,0.0
VIDEO_7292048482456587553,11,0.30070000886917114,0.05879500135779381
VIDEO_7504292781637127446,15,0.2409999966621399,0.027645999565720558
VIDEO_7332509276432289057,0,0.03150000050663948,0.00029299999005161226
VIDEO_7107270367303044358,8,4.089399814605713,7.343900203704834
VIDEO_7446804107312008470,0,0.06360000371932983,0.002899999963119626
VIDEO_7067623396279930117,0,0.1436000019311905,0.02414100058376789
VIDEO_7495704452696116503,2,0.02319999970495701,0.0001539999939268455
VIDEO_7344271684406349088,0,0.24709999561309814,0.046434998512268066
VIDEO_7384476119744974112,2,0.00019999999494757503,0.0
VIDEO_7440567441777757472,0,0.13609999418258667,0.005789999850094318
VIDEO_7578151818585328918,6,0.36730000376701355,0.07503700256347656
VIDEO_7450432979526012182,0,0.07100000232458115,0.00815299991518259
VIDEO_7329596850804100358,4,0.49470001459121704,0.12278400361537933
VIDEO_7070218376328563973,3,0.8960000276565552,0.3470749855041504
VIDEO_7317290713673190688,4,0.1656000018119812,0.00810300000011921
VIDEO_7018826174767942918,0,0.1234000027179718,0.004780000075697899
VIDEO_7309856299632676129,0,0.08990000188350677,0.003955000080168247
VIDEO_6923976137928445190,3,0.061500001698732376,0.0015170000260695815
VIDEO_7391756601100651809,2,0.4237000048160553,0.08415699750185013
VIDEO_7396981634572078369,0,1.0090999603271484,0.25411999225616455
VIDEO_7506217095441435926,4,0.04529999941587448,0.0010049999691545963
VIDEO_6802558843114114310,0,0.49810001254081726,0.2656950056552887
VIDEO_7081276473687985413,0,1.3740999698638916,0.9523800015449524
VIDEO_7038189746484563205,0,0.05640000104904175,0.002130999928340316
VIDEO_7068682786437139718,0,0.19099999964237213,0.040477000176906586
VIDEO_7001083090462346501,5,0.5992000102996826,0.32261601090431213
VIDEO_7441997259060825377,6,0.08950000256299973,0.00595899997279048
VIDEO_7101685930276293894,9,5.504700183868408,126.12728118896484
VIDEO_7571134268403895574,9,0.02199999988079071,0.000391999987186864
VIDEO_7488241037907905797,0,0.09809999912977219,0.006996000185608864
VIDEO_7164397666472873222,3,0.8335000276565552,0.2506290078163147
VIDEO_7197086542479854854,2,0.13339999318122864,0.011657999828457832
VIDEO_7436650165861141792,3,0.2272000014781952,0.031575001776218414
VIDEO_7249004039688572186,2,0.11240000277757645,0.011510999873280525
VIDEO_7290955653349133600,8,0.06210000067949295,0.0025470000691711903
VIDEO_7077597820538146053,6,0.2117999941110611,0.01876099966466427
VIDEO_7597437745258073400,3,0.5497000217437744,0.1966630071401596
VIDEO_7073511726888635653,0,2.932499885559082,4.389713764190674
VIDEO_7604886753471761686,0,0.04690000042319298,0.0013670000480487943
VIDEO_6978753193882832133,0,0.06340000033378601,0.006080999970436096
VIDEO_7520582757412556054,0,0.1656000018119812,0.047616999596357346
VIDEO_7571821778746592534,2,0.25130000710487366,0.032565001398324966
VIDEO_7167309818519227653,3,0.25029999017715454,0.04617699980735779
VIDEO_7441976604730936609,12,0.30649998784065247,0.03177199885249138
VIDEO_7466514918137728278,6,0.2542000114917755,0.04917899891734123
VIDEO_7146479472022277381,2,0.048700001090765,0.0019079999765381217
VIDEO_7330293520395275553,0,0.0,0.0
VIDEO_7567318876392901910,0,0.008899999782443047,6.600000051548705e-05
VIDEO_7315822267781467424,0,0.02889999933540821,0.001896000001579523
VIDEO_6869621825035357441,2,0.04280000180006027,0.0009830000344663858
VIDEO_7567386738709073174,2,0.08709999918937683,0.004947000183165073
VIDEO_7257040734174465307,0,0.14309999346733093,0.011269000358879566
VIDEO_7224426315074522395,11,0.16439999639987946,0.021177999675273895
VIDEO_7338777101547490593,6,0.6276000142097473,0.22990700602531433
VIDEO_7226428593075752218,7,2.674799919128418,3.679229974746704
VIDEO_7495368561821535510,8,0.7875999808311462,0.8339080214500427
VIDEO_7043009038623329541,0,0.23720000684261322,0.015576999634504318
VIDEO_7235651777805290778,8,3.925299882888794,45.60483169555664
VIDEO_7060887870688529670,2,0.18119999766349792,0.021671000868082047
VIDEO_7208590550348434694,2,0.10350000113248825,0.017619000747799873
VIDEO_7213453348270378246,4,3.3698999881744385,36.10975646972656
VIDEO_7312851563037330721,0,0.18490000069141388,0.012284999713301659
VIDEO_7163942959916895493,0,0.12729999423027039,0.003103999886661768
VIDEO_7312484712440745249,5,0.013399999588727951,0.0006760000251233578
VIDEO_6926459852134845701,0,1.6186000108718872,0.6620039939880371
VIDEO_7504668782045039894,0,0.13269999623298645,0.02293900027871132
VIDEO_7222319662787202310,0,0.3919999897480011,0.27875301241874695
VIDEO_7180432290151959814,16,7.494100093841553,142.34097290039062
VIDEO_7218493650160897306,0,0.0,0.0
VIDEO_7059081815985818886,2,0.5985000133514404,0.26201900839805603
VIDEO_7377811070636920096,4,0.08669999986886978,0.003613000037148595
VIDEO_7480851478555659543,0,0.11710000038146973,0.00686699990183115
VIDEO_7388136382436281633,0,0.04320000112056732,0.0015010000206530094
VIDEO_7013121880366255365,0,0.76910001039505,0.1957949995994568
VIDEO_7348717316856712480,13,0.0008999999845400453,9.999999974752427e-07
VIDEO_7468709057516326177,7,0.37529999017715454,0.04309999942779541
VIDEO_7442349120498519329,8,0.33820000290870667,0.07092999666929245
VIDEO_7167014945626787078,0,0.049800001084804535,0.0017059999518096447
VIDEO_7500926454671232278,0,1.1445000171661377,0.32864800095558167
VIDEO_7348433044216253729,0,0.16910000145435333,0.022969000041484833
VIDEO_7303174310259166497,0,0.14390000700950623,0.020258000120520592
VIDEO_6894530886105042178,0,0.28189998865127563,0.12527400255203247
VIDEO_7326887540705873185,0,0.11670000106096268,0.007249000016599894
VIDEO_7590299923803884803,0,0.10920000076293945,0.006566000171005726
VIDEO_7294284376454532384,7,0.9746999740600586,0.6253489851951599
VIDEO_7200418269629582597,4,0.008500000461935997,5.500000042957254e-05
VIDEO_7545528304237841720,6,0.4602000117301941,0.06653299927711487
VIDEO_7197080264625966341,3,4.550899982452393,17.21517562866211
VIDEO_7470532387223407904,9,0.06480000168085098,0.002879000036045909
VIDEO_6800982671657880837,0,0.824999988079071,0.17150400578975677
VIDEO_7216007272311344390,14,0.6661999821662903,0.21395699679851532
VIDEO_7226766521719213338,5,0.5972999930381775,0.19657200574874878
VIDEO_7470212560399109398,6,0.6730999946594238,0.7442929744720459
VIDEO_6886076315288554754,0,0.10029999911785126,0.007406000047922134
VIDEO_7257874855037586714,5,0.02419999986886978,0.0001500000071246177
VIDEO_7173695147639655686,8,0.391400009393692,0.04139399901032448
VIDEO_7206417246502046981,2,0.15800000727176666,0.012149999849498272
VIDEO_7037757089799818502,2,0.6340000033378601,0.10303200036287308
VIDEO_7259307845332602139,6,0.3828999996185303,0.08251400291919708
VIDEO_7463516081081027862,8,0.5109999775886536,0.2580980062484741
VIDEO_7064244808700726533,0,0.26190000772476196,0.04396500065922737
VIDEO_7173707401302920453,4,0.320499986410141,0.03793099895119667
VIDEO_7250555651993160987,3,0.07729999721050262,0.004000999964773655
VIDEO_7039259712038112518,6,1.072700023651123,0.9669880270957947
VIDEO_7068298283386506502,0,0.11729999631643295,0.014131000265479088
VIDEO_7158468268074749189,3,0.00039999998989515007,0.0
VIDEO_6860766213992090886,2,0.2766000032424927,0.2456739991903305
VIDEO_7433817907278269729,7,0.21770000457763672,0.0270019993185997
VIDEO_7575902535349816588,3,0.3151000142097473,0.23822200298309326
VIDEO_7059414649581604102,0,1.031000018119812,1.2963429689407349
VIDEO_7040300833019415813,0,0.10559999942779541,0.009255999699234962
VIDEO_7280108212878200096,0,0.28369998931884766,0.027096999809145927
VIDEO_7112440653350571269,7,0.19990000128746033,0.024734999984502792
VIDEO_7067217215925275910,2,1.6252000331878662,10.289551734924316
VIDEO_7258676118033599771,2,0.16050000488758087,0.029006000608205795
VIDEO_7246825881904139546,4,1.5842000246047974,2.2145049571990967
VIDEO_7224139299594194203,0,0.07479999959468842,0.003971999976783991
VIDEO_7278716528839626016,8,1.1069999933242798,0.7104750275611877
VIDEO_7111254884971744518,3,0.6498000025749207,0.11542700231075287
VIDEO_7153997940774882565,2,0.04490000009536743,0.0014900000533089042
VIDEO_7161744414979771653,2,0.013299999758601189,0.00011000000085914508
VIDEO_7334339873127632161,0,1.7228000164031982,1.6829570531845093
VIDEO_7093581650163944709,0,0.0,0.0
VIDEO_7524995526518000901,5,0.3172000050544739,0.03332599997520447
VIDEO_7264884699636469025,0,0.0,0.0
VIDEO_7543616748017241366,0,1.248900055885315,0.3927080035209656
VIDEO_6768860777525824773,0,0.07199999690055847,0.007184999994933605
VIDEO_7220074643086904581,2,0.27950000762939453,0.12869200110435486
VIDEO_7386194546062839073,2,0.12549999356269836,0.0103150000795722
VIDEO_7468313844230704406,5,0.14630000293254852,0.008949999697506428
VIDEO_7446821670133845270,0,0.030300000682473183,0.0005600000149570405
VIDEO_6798648871401819398,0,0.07660000026226044,0.0034809999633580446
VIDEO_7306585450305555745,5,0.763700008392334,0.15518100559711456
VIDEO_7550598568415874326,0,0.11410000175237656,0.0084610003978014
VIDEO_7087592356664315141,16,0.8503999710083008,1.154006004333496
VIDEO_7069799098576112901,0,0.014700000174343586,0.0003459999861661345
VIDEO_7340682108735671584,0,0.18160000443458557,0.0202380008995533
VIDEO_7264173669612670240,0,0.7620000243186951,0.6038060188293457
VIDEO_7390334004001639713,0,0.6866999864578247,0.34919700026512146
VIDEO_7344802060019256609,5,0.48330000042915344,0.13952399790287018
VIDEO_7575170897451945238,2,0.583299994468689,0.17208300530910492
VIDEO_7201579247616494853,5,1.445199966430664,0.5740190148353577
VIDEO_7242237385772240155,0,0.09099999815225601,0.005198999773710966
VIDEO_7075788593930816773,0,0.07479999959468842,0.002247000113129616
VIDEO_7412939421089090849,0,0.48820000886917114,0.14057199656963348
VIDEO_7424512450856357153,5,1.3279999494552612,0.9740869998931885
VIDEO_7167386112040684805,0,0.18379999697208405,0.11605100333690643
VIDEO_7369613653626113313,0,0.2646999955177307,0.044075001031160355
VIDEO_7104552926231743749,7,0.07599999755620956,0.0027489999774843454
VIDEO_7436044441170857249,2,0.3174999952316284,0.05681600049138069
VIDEO_7193751547749223685,0,0.8115000128746033,0.5307980179786682
VIDEO_7333604507793853728,0,2.181999921798706,1.1423629522323608
VIDEO_7267229404584037638,2,0.06830000132322311,0.002601000014692545
VIDEO_7451629003380755734,0,0.01549999974668026,0.00017600000137463212
VIDEO_7322420132649749793,5,0.10199999809265137,0.004122000187635422
VIDEO_6943534360066804998,2,0.5733000040054321,0.16958299279212952
VIDEO_7426709076924484897,0,0.0,0.0
VIDEO_7485818484723567894,8,0.1785999983549118,0.019003000110387802
VIDEO_7203810617180933382,2,0.040699999779462814,0.0009379999828524888
VIDEO_7414109220523511073,9,0.188400000333786,0.018352000042796135
VIDEO_7214113271018753285,2,0.155799999833107,0.007261000107973814
VIDEO_7350221322317761825,4,0.06030000001192093,0.0023759999312460423
VIDEO_7305781724238105889,6,1.0469000339508057,0.5463560223579407
VIDEO_6793765694619143430,4,0.7900000214576721,0.3582319915294647
VIDEO_7518292077080268054,0,1.479699969291687,0.6000800132751465
VIDEO_6883876793380572417,0,0.006800000090152025,2.2000000171829015e-05
VIDEO_7335020484637068576,0,0.1348000019788742,0.007906000129878521
VIDEO_7305435593499086112,0,0.061500001698732376,0.0033569999504834414
VIDEO_6852640471013920006,3,7.348100185394287,31.6116943359375
VIDEO_7369623012087172384,6,0.08659999817609787,0.004736999981105328
VIDEO_7248301740670323995,5,0.008799999952316284,3.7000001611886546e-05
VIDEO_7062415851231677702,0,0.08980000019073486,0.006428999826312065
VIDEO_7454233566264855831,4,1.448699951171875,0.8096280097961426
VIDEO_7075734573933530373,5,0.1818999946117401,0.026676999405026436
VIDEO_7459403430122097942,6,0.02759999968111515,0.0004990000161342323
VIDEO_7361799258107841825,6,0.1225999966263771,0.009322999976575375
VIDEO_7391864864840387872,0,0.14569999277591705,0.01744700036942959
VIDEO_7314335987033738528,0,0.5961999893188477,0.11345700174570084
VIDEO_7042347189179403525,0,0.19529999792575836,0.0272390004247427
VIDEO_7459483581803482390,5,0.10109999775886536,0.003594999900087714
VIDEO_7582921759985356054,0,0.1867000013589859,0.020894000306725502
VIDEO_7506824474902433026,0,0.26499998569488525,0.04072599858045578
VIDEO_7036282180816932102,9,0.47189998626708984,0.2381500005722046
VIDEO_7603412461068291350,2,0.5430999994277954,0.18941299617290497
VIDEO_7572223162520177942,6,0.9433000087738037,0.2386859953403473
VIDEO_7318026666939256096,0,0.3898000121116638,0.6511399745941162
VIDEO_7165886702580403462,2,0.06270000338554382,0.002930999966338277
VIDEO_7193338808870456582,0,0.642799973487854,0.20757000148296356
VIDEO_7079069070078889221,6,0.41370001435279846,0.08487699925899506
VIDEO_7333568243367431456,0,0.7876999974250793,0.15954400599002838
VIDEO_7558085942557347094,0,0.13779999315738678,0.012060999870300293
