video_id,duration,f1_sharpness,f1_brightness,f1_saturation,f2_sharpness,f2_brightness,f2_saturation,f3_sharpness,f3_brightness,f3_saturation
VIDEO_7490984274049469718,8.866666666666667,343.8301278889786,145.57382269965277,69.18456271701389,456.6177884741841,147.25545464409723,68.26583767361112,798.5361674494696,146.64269205729167,66.20290147569445
VIDEO_7229679892399426842,10.666666666666666,312.0089696496725,134.82198418511285,42.10399712456597,153.82262659093283,133.4081336127387,26.235882229275173,0.0004475911458333333,0.001736111111111111,0.0
VIDEO_7414059508630031648,13.4,581.4179286870739,138.4923688271605,62.57483458719136,801.9390166820866,109.42997781635802,86.87536699459876,1003.5826473207231,129.0116652199074,86.42622974537036
VIDEO_7086144769222511877,6.9,531.5810513788753,195.04089518229168,18.811437717013888,180.08393769293775,127.80263454861111,56.664508463541665,359.5598057478152,144.2747222222222,65.86037868923611
VIDEO_7065769954695564550,5.866666666666666,73.95309441425135,132.01055738661023,65.62164306640625,60.329766102859544,108.50935194227431,77.55171712239583,89.75243450958787,111.67061530219183,74.06045023600261
VIDEO_7533680078866238742,14.8,177.87022431797266,71.13318888346355,127.12639024522569,573.167890754011,118.94998677571614,103.89438374837239,0.0,0.0,0.0
VIDEO_7249677053153283354,9.55,240.29315916781516,121.70692804783951,50.150228587962964,120.50537277128166,122.05654224537037,56.49970100308642,223.82449387312315,126.2597694830247,52.95059027777778
VIDEO_7204395621468392709,12.4,412.42900599433057,123.03435655381945,81.97494791666666,495.61227508798174,119.7392578125,60.157146267361114,1119.0419734823427,125.75670681423611,63.95187608506944
VIDEO_7044982077288189190,6.166666666666667,3248.6264073689676,122.25965928819444,122.38894422743056,863.7097264099122,84.644345703125,182.37243706597224,1608.3397073609142,133.49795030381944,113.18274739583333
VIDEO_7335847049495203104,10.933333333333334,3873.771427375063,116.94237461419753,92.65601610725308,162.479576033467,129.3897622492284,102.07578703703703,246.6732834588175,151.4945071373457,71.85848090277777
VIDEO_7324696131143847201,12.733333333333333,188.59468941129623,185.45902199074075,55.69588638117284,165.0251187591948,208.71613474151235,19.94117766203704,158.05635317134613,217.93201774691357,12.160091145833333
VIDEO_7429021024517229857,12.066666666666666,145.01450943400064,91.27953884548612,100.77164822048611,76.81380948760304,93.26132703993055,178.97557291666666,,,
VIDEO_7270891504346942753,12.3,560.8703370721499,126.629521484375,52.967534722222226,636.5614008025547,122.07039171006944,70.73092990451389,693.651765368557,135.40108615451388,63.14083875868056
VIDEO_7241956873698577691,13.2,535.5897204310089,129.2034447337963,47.015950520833336,151.24295138216766,117.87695119598766,40.89144290123457,1087.1902618544023,109.25047019675925,140.12763069058641
VIDEO_7137955446320565510,14.1,583.3250926939259,140.5517120361328,94.19180297851562,40.92567752570454,116.25163438585069,125.41393534342448,527.1898145374847,154.45786709255643,63.88312276204427
VIDEO_7072437259127098630,13.3,954.3319352509945,124.56121419270833,87.84412760416667,555.4189950039287,111.72069769965277,97.93232855902778,343.91959583093023,103.08905164930556,63.130817057291665
VIDEO_7587402623129636118,11.0,604.7401454743386,148.34001114989334,49.800804246655034,807.8343707581889,133.32090168702734,49.222375412061275,756.2601511621294,146.45563408958697,43.98392815590459
VIDEO_7163552631053503749,11.52,40.19053810861376,100.24141059027778,137.99971028645834,473.8785130750115,97.26258897569444,126.73383463541667,32.45472909827998,100.65218641493055,113.99164496527777
VIDEO_6875699019520298242,14.833333333333334,591.1491049220625,127.71344907407408,205.6604610339506,81.67654493508857,111.63664158950617,102.96021604938272,132.3781693145896,165.81011188271606,61.11190779320987
VIDEO_7040105390410960133,10.32,91.62624890586946,129.87597873263888,65.56853515625,32.66401790262741,120.1161990017361,74.86141384548611,3.2039116569507273,141.65148003472223,70.81166449652778
VIDEO_7055610539749199109,10.033333333333333,674.5670429065268,110.72124131944445,115.21058159722222,209.12065828744278,112.16001410590277,98.74768988715277,,,
VIDEO_7327632037437820193,12.466666666666667,54.17290798405615,106.16766782407407,200.53351996527778,43.170633680286706,106.57374276620371,199.4790277777778,77.30613425654658,105.93707224151234,195.5577449845679
VIDEO_7480918194438278422,10.799999999999999,327.6530566134962,129.5315832368827,89.87136525848766,138.0735276801548,156.26606481481483,52.68937355324074,536.0263749818029,134.1607880015432,86.3653231095679
VIDEO_7436892906801073441,9.860614366413744,240.91068657869909,60.95050016534392,30.614592978395063,144.0177361977544,84.72843915343915,73.61664737654321,170.24211278537013,88.43728505291006,85.57245783730158
VIDEO_7509512878026788118,11.4,1829.553514339951,110.93258439429012,98.18046248070988,833.037742969017,111.50444830246913,91.39758101851852,1231.4009251003165,126.53890962577161,66.79721064814815
VIDEO_7263733416292617505,12.966666666666667,2036.1429199980248,122.64138888888888,101.04337770061728,220.00820691211467,123.5090981867284,104.1890943287037,549.9349536936419,117.69324652777777,112.8213247492284
VIDEO_7226711933150432538,8.854700854700855,451.2011167200995,113.58385552300348,98.70508151584201,88.84074195060465,146.38875834147134,72.30989244249132,181.50230774384303,137.39828321668836,87.59228176540799
VIDEO_7575167976853228822,8.5,241.82999632093637,168.7281951904297,52.81692335340712,2735.625376160219,153.54527791341147,18.900049845377605,1606.0567762763294,164.97928195529514,22.25153096516927
VIDEO_7582254546236230934,13.166666666666668,0.0,0.0,0.0,509.81259392361113,133.8175271267361,64.88924587673611,712.0309353171266,155.43294813368055,40.05118598090278
VIDEO_7493955664008498454,10.366666666666667,236.724445439175,172.1753982204861,46.45873372395833,197.29505839389756,175.72459092881945,43.39360894097222,,,
VIDEO_7187436390131453190,12.533333333333333,494.56186089022054,111.89405551848557,44.27800483145512,2250.277882597548,114.485766669138,70.2885327080862,255.57557083759002,108.23777153766311,30.706626569296166
VIDEO_7291678102948810016,9.68,745.9076703553835,149.36666883680556,63.59518337673611,925.2922710494889,145.3793598090278,60.31825412326389,588.7034862206306,128.31789605034723,86.04118055555556
VIDEO_7036807584111709445,11.166666666666666,508.52004425180223,119.38639105902777,67.14921875,248.8523252817213,118.374677734375,68.90432400173611,351.33311628985814,124.88350043402778,73.22656032986112
VIDEO_7557004748973559043,8.366666666666667,14.051947332589709,89.9733912037037,129.77926408179013,66.1586279807592,93.03667148919753,101.5960971257716,45.14082267498103,87.89714409722222,93.60661506558642
VIDEO_7200112331873897733,10.766666666666667,37.75235241283946,154.00243537808643,26.174296392746914,51.58029367323929,144.2281534529321,37.481913097993825,62.765752166714556,124.18225308641975,37.34319637345679
VIDEO_7547744113433627926,9.566666666666666,1307.4323671005502,112.22044033474393,58.03836907280816,2422.2575414635035,101.61599392361111,55.83551703559028,1798.2804482633958,110.58869764539931,106.20339457194011
VIDEO_7415589341981986080,13.6,576.131385493693,104.26353105709876,92.27736641589506,400.78459393884896,132.38504870756174,107.04208381558642,1468.7891535208769,116.68112075617285,110.0581819058642
VIDEO_7183681305203330309,14.3,147.1844298903277,104.81153971354166,49.176458333333336,273.30415792164274,69.91774956597222,71.68023980034722,259.31078449588233,46.380184461805555,160.98340928819445
VIDEO_7423318018853178657,11.08,114.2072928074573,171.2027170138889,57.6849787808642,91.23222704421725,162.99956934799383,58.90212143132716,88.66337914729257,145.66820505401233,65.84378616898148
VIDEO_7581822570454879510,10.4,116.00736175139045,37.26408805941358,183.34000096450617,197.27217881923514,48.234429494598764,184.78069010416667,208.17940192356096,50.57546055169753,166.75564380787037
VIDEO_7377004580510436641,10.166666666666666,1501.6182068584092,173.01493103780865,9.38847945601852,669.0021511139962,122.5042505787037,81.3284910300926,496.3383288390686,124.5699112654321,102.75063994984568
VIDEO_7334752917439712545,9.7,573.2254366024316,129.16492546929254,90.35579766167535,997.643270115874,140.24783833821616,56.84514363606771,760.8000071517732,143.15884908040366,44.14484320746528
VIDEO_7363657122795490593,12.8,495.44936630722043,126.21166377314815,97.86071711033951,518.0685515449734,132.09554832175925,97.19958043981481,528.756073647548,129.0728554205247,97.45109423225308
VIDEO_6937251547290045701,12.068965517241379,981.239812480576,150.56444444444443,58.064936342592596,435.4436280344399,178.71474537037037,15.485318287037037,1098.5978974568256,161.3313811728395,24.25471450617284
VIDEO_7338052242651598112,9.08,202.4708067081404,129.36444685570987,80.7222265625,4.75479793159172,186.86844714506174,43.723825231481484,105.93857084639227,122.26469521604939,79.45013937114197
VIDEO_7345477638619778309,14.64,537.2262521437858,134.50814141167535,62.43388536241319,388.12274418863245,158.06172349717883,21.586039225260418,572.8655355410812,156.94216071234808,31.075176662868923
VIDEO_7421927684965502240,6.133333333333334,580.7317530595944,108.6340798611111,49.00548828125,477.6331836724446,111.64756618923612,44.367298177083335,347.7972873019748,151.67374348958333,35.748697916666664
VIDEO_7540185950714875158,7.4,6.350104900143098,69.48818461100261,82.75801595052083,201.6969664050841,122.59031338161893,78.53455946180556,85.62258144742866,87.8058590359158,104.23302205403645
VIDEO_6875610422578351362,12.966666666666667,1001.9807963512159,110.87774305555556,73.26011766975309,673.9790335283444,110.63269675925926,74.00862654320987,488.0183402688323,109.15655478395061,73.52713348765432
VIDEO_7341020687345192197,13.039424,486.87706899212543,194.49375096450618,58.538586033950615,285.70728386577275,193.10699459876543,53.72783516589506,447.8536394954709,181.66847993827162,77.78709635416666
VIDEO_7510326060676975894,7.166666666666667,663.1744738701977,109.65571594238281,90.87963358561198,391.9446474894577,90.07228088378906,164.3676011827257,580.7878787638505,131.89252217610678,63.8671875
VIDEO_7337687297132973344,11.733333333333333,53.12597544728391,151.39042197145062,46.11171778549383,59.61386236436422,140.00140817901234,39.99151523919753,69.27291070470102,137.58896460262346,37.50503375771605
VIDEO_7578925701114481942,8.1,280.21022803439445,158.8139968166754,63.496316282923424,259.73385304111633,160.3380821559393,62.49639477585906,261.4105482953736,160.1192416710274,61.99520975056689
VIDEO_7140222885389536517,6.48,674.331349052693,133.10022989908853,153.6050737169054,110.12661213619796,12.955405341254341,80.67245313856337,138.08805032543273,13.737475925021702,187.6651373969184
VIDEO_7469703437299551510,12.4,34.34341362055555,96.48807291666667,87.17038736979167,36.2741751569536,105.41043619791667,130.299091796875,156.23373588111664,34.29637152777778,118.30649522569445
VIDEO_7217888414631283995,10.516666666666667,255.73273743512445,135.57307098765432,48.29607783564815,70.62737315060943,42.68835262345679,213.43372926311727,440.034486211664,126.64445505401234,62.31701244212963
VIDEO_7343665662876781856,11.8,493.03036986842324,140.50419319058642,67.03114679783951,1770.184628981317,148.1930150462963,76.21308497299383,1215.6131880229432,148.1897159529321,67.34234182098766
VIDEO_7069326966159084806,11.694915254237289,296.4203219701025,122.65885199652777,77.24601671006944,246.79522340374228,126.73853081597223,118.7063107638889,81.09915689510652,137.56857747395833,84.85373806423611
VIDEO_7566632651352853782,11.433333333333334,541.2744664510208,126.7162695850551,61.158414758379244,784.1610964417185,141.91212731003213,68.15876628500918,971.7005385575591,136.48293122991277,70.75357624540864
VIDEO_7083159832185933061,9.0,278.91977807519567,116.03000895182292,105.39574347601996,285.12639699085264,152.50017632378473,61.902364095052086,275.61592438959303,138.04069010416666,127.93149651421442
VIDEO_7018111226760776966,13.733333333333333,826.383557963415,92.592042711046,81.81236945258246,415.2713045062538,118.69860500759549,75.80889553493924,438.87426065442,134.91048855251736,69.67598300509982
VIDEO_7164792237543394566,6.4,25.29144221653356,114.14586757330247,95.78986545138889,70.24060167419871,91.38502218364198,106.41765190972222,68.91258283098266,95.23231626157407,103.63729841820988
VIDEO_6834056379355991301,13.513499999999999,347.5564509886151,89.78367669753086,79.9623649691358,176.51267826501712,93.04410300925926,78.68075810185185,273.9386664930555,95.80224729938271,67.76454089506173
VIDEO_7208539932422425861,6.1,2570.8996723776736,103.3381174045139,101.43731987847222,2010.5789667355562,99.34669270833334,123.96044053819445,1013.1846773107268,103.24075520833334,98.79625217013889
VIDEO_7198831282984324358,10.8,420.52181139181425,176.30710262345679,44.03998119212963,155.86311101116615,122.80535542052469,58.93812982253086,139.23416619975166,116.17836853780864,70.58246624228396
VIDEO_7287986771483282720,14.233333333333333,450.9847549496098,125.2221807484568,119.4932036072531,499.76697758873877,135.5573085455247,116.80217399691358,477.73511817842586,132.65666425540124,118.57070939429012
VIDEO_7593673061476420920,12.116666666666667,65.62604648463919,139.716171875,63.053636188271604,921.605489669778,124.89164351851852,67.4298615933642,1538.8829014203802,146.79954089506174,68.70722559799383
VIDEO_7215656408069442822,8.7,2.1972851545498693,213.50349609375,9.691193576388889,0.12883354982799952,14.927644314236112,0.2983213975694444,436.8164819267696,190.2281271701389,19.47800021701389
VIDEO_7444192177149742358,10.033333333333333,624.0033157218454,138.42098490397134,52.89621141221788,493.6050357729841,137.56295437282986,53.58779737684462,560.6749483940657,131.32880655924478,56.85779486762153
VIDEO_6821547365887905030,13.1,247.65487786187066,154.02941550925925,71.1160686728395,315.6079204918118,162.60412808641976,57.97361111111111,375.36062250210387,158.23598572530864,67.68247106481482
VIDEO_7083882172154645765,10.377043710377045,1126.9751179639454,119.14102851019965,45.96407572428385,1781.4127061763943,128.49767388237848,51.72144571940104,1796.05408514498,120.6300031873915,53.759548611111114
VIDEO_7205134218328902917,14.64516129032258,525.4956471035156,139.70815731095678,66.17966145833333,323.2154025550034,140.3411501736111,50.50361641589506,343.7288475982101,134.76852864583333,69.62805507330246
VIDEO_7221552853356236037,13.4,593.3012221422966,130.4507667824074,36.69530671296296,588.6969816005355,125.49915943287037,39.104214409722225,567.6620846286329,114.69758246527778,54.82082754629629
VIDEO_6923874728902003973,6.133333333333334,816.2526237900443,135.92135959201389,58.17566426595052,430.5086685995784,139.91479661729602,62.68803066677518,692.4266660344086,132.85335286458334,64.69492085774739
VIDEO_7014868849635904773,8.266666666666667,284.03952717585076,166.32474922839506,90.41371913580247,264.51076739848577,151.06816550925927,106.42655478395062,175.26695406744383,179.77386959876543,67.09272569444444
VIDEO_7164772525006720262,11.1,5527.234826481243,115.72628445095486,72.43262905544705,2430.9989944302943,119.20351155598958,76.89229498969183,1682.4943784961424,127.97080654568143,75.33640713161893
VIDEO_7335861253551787297,12.7,687.6733159720528,143.66809678819445,50.94761393229167,878.0628266055626,132.0895703125,56.48320095486111,43.11499296421004,164.48569769965277,15.21148654513889
VIDEO_6923969706332327174,7.140473807140474,233.78233151848204,132.85722042059749,64.563671875,146.1102409090222,136.18365762578617,60.991529088050314,138.94422906573448,136.30033166273586,51.51858785377358
VIDEO_7480563839319264534,11.4,48.02364716119799,183.4999146412037,64.48450038580246,100.58451757967296,180.71136815200617,71.56938850308642,69.59785996623424,186.15326581790123,61.93615981867284
VIDEO_7072774694214044934,14.0,21.465523165337352,114.15802171495226,64.26591661241319,163.7907528790306,114.89039442274306,76.47025553385417,467.35670791290136,124.95645480685764,70.92621527777777
VIDEO_7385258008760028448,10.333333333333334,761.9456114744703,137.47674348422495,70.11233264746228,458.06159599789817,147.61017283950616,101.98197187928669,269.4167437464361,101.32726817558299,154.70036145404663
VIDEO_7453016788465454358,13.033333333333333,1558.6670712672858,153.65749891493056,25.487389322916666,56.96419702351417,172.1204025607639,16.09697808159722,577.9350607516394,125.49741861979167,26.780501302083334
VIDEO_7474265267783208214,7.266666666666667,1070.998412184509,149.93111165364584,48.91903516981337,362.97196577868516,147.81436157226562,35.92891608344184,438.17566030076705,141.2283647325304,43.99930996365018
VIDEO_7100934148864494854,8.2,4575.567880315979,109.75071038140192,175.1996782090929,1775.3918573076085,120.24153137207031,157.15640428331164,2729.169904890574,116.64766777886285,152.8990190294054
VIDEO_7214396955810680069,6.331668,236.67646680399625,145.5208728780864,61.87383825231481,251.09454427063775,141.2742973572531,65.16919319058643,237.59859803736177,143.38092592592594,70.76194444444444
VIDEO_7233472157588753691,11.0,641.9581426879024,129.6049240451389,63.61862847222222,390.24204209616863,126.107607421875,48.54081488715278,250.9375108494888,140.82260525173612,43.671771918402776
VIDEO_6879407335484214530,11.466666666666667,959.4714073238131,184.12672453703703,48.92591049382716,792.6427750892911,174.97961419753085,47.42391010802469,775.7884190417296,183.27244405864198,49.93351466049383
VIDEO_7577096797580053782,10.64,713.7129242983015,148.81840006510416,76.20351325141058,938.2617458281579,146.69131639268664,71.2156982421875,1031.1855145291293,136.6587643093533,68.34886678059895
VIDEO_7348384350297165061,8.717050383717051,91.949151613354,137.09056375385802,70.49938078703704,50.09674095894328,103.73394241898148,70.83052758487655,90.42953728904195,146.89030478395063,46.23217881944444
VIDEO_7272402191233584417,9.0,382.38159072294553,143.92852478780864,48.32423273533951,261.39234843749165,137.29085455246914,51.28019241898148,244.82450692032344,125.44408757716049,47.99933015046296
VIDEO_7343923844316548384,12.133333333333333,139.80762734750493,107.30252075195312,77.23140462239583,443.81294568654516,157.98612467447916,59.56733703613281,213.16662410292258,155.12892320421008,56.99855041503906
VIDEO_7050156581652106502,14.233333333333333,585.6964081234355,191.54169921875,9.32482204861111,738.9227795994889,135.55909288194445,39.06853624131944,1533.1630615867286,130.55281792534723,67.41619140625
VIDEO_7283139399582240032,9.4,473.82293981100446,109.66774016203703,69.16257330246914,463.08996624215,111.71095534336419,66.67682436342592,498.7009172430447,111.46634355709877,67.87948495370371
VIDEO_7196211164093631749,13.7,35.1603312704732,58.91400607638889,75.96096305941359,26.797459007784138,82.88327160493827,39.656711033950614,57.742105346729694,98.62212432484569,35.637785976080245
VIDEO_7471186366500539670,10.533333333333333,471.03976824069434,180.73241536458335,5.895388454861111,479.23498569327336,189.37598307291665,27.412652994791667,36.181938990076084,180.60946940104168,41.721021050347225
VIDEO_7570044496004533516,12.125,133.5221812751806,62.017104552469135,58.81448061342593,136.32976803458513,101.35008246527778,59.52701726466049,120.26629050925926,0.8592597415123456,2.9749864969135804
VIDEO_7261996739446590753,10.4,1945.9599612265501,133.28565212673612,112.16019639756945,36.60733746798362,135.11538194444444,82.79392469618055,263.06730011511905,122.0584743923611,78.83781141493056
VIDEO_7216240671097736454,8.7,2.601622757969446,165.78522183641977,48.76667582947531,235.50492910527777,19.182509162808643,90.44127025462963,0.0,2.0,15.383130787037038
VIDEO_7221550036172213509,14.466666666666667,609.5640177306176,143.51001736111112,64.79185329861112,581.529568127592,123.75204210069444,62.26526692708333,236.4411566840278,22.803610026041667,120.34867838541666
VIDEO_7059301793574046982,12.245578912245579,440.29092727472755,118.8094499376085,159.59979417588977,304.886506681983,128.12155151367188,142.24502224392361,1004.1861538231992,118.93328009711371,148.9785359700521
VIDEO_7345082142235413793,13.4,181.86867007810284,136.20515190972222,78.71014467592593,206.32766289337022,139.90399064429013,72.77833719135802,114.71854981424862,146.8202020640432,63.99061728395062
VIDEO_7467247804717550870,12.366666666666667,1499.8782228968096,145.55507575141058,87.14711337619357,550.1044288353943,130.08548143174914,104.15654839409723,780.520628043163,127.19703843858507,108.10320366753473
VIDEO_7215124561799449861,8.433333333333334,298.1363063846117,233.3202072482639,0.0,169.2749782761892,43.234632161458336,110.03392035590278,953.7734488027314,141.40324110243054,34.65960611979167
VIDEO_7064650116321250566,8.533333333333333,2.2021518282960226,131.8928714328342,134.39385308159723,4.837001822325458,122.83978271484375,145.48946295844183,9.74034108166054,117.4493391248915,151.21754794650607
VIDEO_7210834532591963398,10.166666666666666,412.28189282732245,118.80946831597223,113.92428168402778,255.621511976454,133.1546701388889,91.00268012152777,244.98747818400065,150.02532118055555,45.25721137152778
VIDEO_6792133610360065285,12.133333333333333,443.4955771840757,139.65513217374215,40.72606132075472,136.46593664635643,153.01778940644655,22.146757075471697,232.6735340104375,177.837890625,16.284060534591195
VIDEO_7309133635578236192,9.7,333.93526984645155,158.0091807047526,55.788575914171005,229.9123321528673,115.76926167805989,66.63073052300348,203.22072621059812,138.43027581108942,46.08189561631944
VIDEO_7254561581449612571,7.533333333333333,135.18152006077577,102.17257474922839,61.35906442901234,149.60212190820698,107.34189380787036,81.60120515046296,146.06584915683825,105.87786072530864,91.88245659722222
VIDEO_7438288130567949601,7.066666666666666,676.4509643158514,56.3091015625,103.21317274305555,632.3727325395644,55.52715277777778,104.12327473958334,597.9784307818649,54.59480360243055,107.06979600694444
VIDEO_7397696022975188257,9.3,985.18312033659,108.90417824074073,77.17920042438271,635.2400441089203,136.70121527777778,71.45021797839506,896.7363751831808,135.5543634259259,77.17329234182098
VIDEO_7075005822228499717,10.166666666666666,242.8749046797439,152.74806552463107,58.1000247531467,309.42773133732476,170.27209981282553,47.40642801920573,94.5418461686299,115.43633355034723,76.44232008192274
VIDEO_7309107806202842400,14.966666666666667,2458.76613820179,143.57079969618056,20.23078884548611,547.7883517742287,132.70705729166667,40.741641710069445,474.46854474735846,129.69568793402777,69.78222439236112
VIDEO_7461615118414073110,10.0,133.49602754409108,191.8561154513889,66.24759223090278,116.48853184143702,189.51318250868056,68.76684353298612,158.33247161094758,191.03719292534723,66.5740939670139
VIDEO_7294200756586958113,11.444778111444778,231.4335744572634,110.76510030864198,135.227243441358,175.67126392123794,147.16446952160493,83.15675347222222,168.89968701766293,107.30507957175926,139.42592592592592
VIDEO_7053136217717607686,11.2,662.4575421783023,102.30005750868055,137.76197808159722,72.59230899763696,194.1281618923611,23.798628472222223,682.2675280942376,132.03709418402778,100.9900075954861
VIDEO_7399975638112783649,9.166666666666666,158.3101485313375,163.46980902777779,50.33983844521605,48.30278709901176,153.95818094135802,75.2089168595679,49.48008632213009,145.79603202160493,66.34465084876543
VIDEO_7323972466445946145,11.978645311978646,684.6328582675237,192.95326437114198,15.133364197530865,368.4450057837988,187.63864438657407,29.810174093364196,1163.3439373911917,159.64897087191358,57.33366367669753
VIDEO_7286830586478578976,8.1,50.618315495092844,112.91595920138889,121.68920572916667,29.379897366077415,194.18474633487654,26.18963252314815,41.281036116541806,130.4181925154321,95.52936921296296
VIDEO_7199586123952311557,6.24,344.1180497660031,118.68430459104938,77.31706404320988,324.2729890018155,140.40719907407407,50.97898485725309,69.65624994862571,145.68988763503086,46.28016637731481
VIDEO_7329985883539541253,14.933333333333334,0.0,0.0,0.0,183.19266251927877,134.71010850694444,113.11735966435185,210.1396349183271,111.87755545910494,150.86399594907408
VIDEO_7467231080735690017,13.8,240.87860145579316,73.66411361882716,239.34652102623457,2.791994116506532,133.14633487654322,34.288491030092594,1.4218875383979135,122.92311246141975,62.67163676697531
VIDEO_7452758752337399073,9.8,215.43340308463837,152.91356662326388,113.86143337673612,103.09343406109161,91.02818901909723,93.03569552951389,69.30976990514215,85.13928276909722,79.26792426215277
VIDEO_7297134358689860896,10.733333333333333,255.9715237125033,147.40581452546297,54.731168499228396,193.85874468563216,148.43142650462963,55.101015625,196.15560763627576,133.9852126736111,46.036167534722225
VIDEO_7586630099286510870,9.733333333333333,14.713075502613954,164.67128954475308,40.635023630401236,136.51891380660444,154.24769290123456,60.32647569444445,150.1823778459237,153.76296682098766,60.16230131172839
VIDEO_7325113581249301766,7.233333333333333,2039.2203809596758,215.78634474012586,5.324442545572917,2230.7112626767153,211.44563632541232,5.68923102484809,1574.0560307924832,228.0333285861545,3.4188469780815973
VIDEO_7381446389819018529,9.4,971.0844649218991,130.8783683127572,44.22974691358025,705.1431395782411,132.14915775034294,45.80754938271605,652.415178003577,132.54778669410152,48.2471426611797
VIDEO_7542538735116684566,13.766666666666667,329.0691545066843,69.85105556911893,48.38744778103299,178.34590480743083,99.67714436848958,49.25021531846788,1169.864865899428,130.37556966145834,80.03591410319011
VIDEO_7210434710646836485,7.166666666666667,303.1504798391583,134.90862895447532,58.906987847222226,260.59400219757237,143.2929123263889,38.043857542438275,20.225543015091507,29.759657600308643,167.50145688657406
VIDEO_7447927530448915735,14.8,119.06315538194444,0.5005642361111111,0.0,318.8314159103664,59.28220486111111,95.38174913194445,1125.864810448159,112.47784613715278,95.88096788194444
VIDEO_7226734943869750555,11.266666666666667,688.66030670066,122.30538001543209,212.52555507330246,345.8714934045358,101.13856867283951,135.79768277391975,294.4469622481397,119.68979841820988,141.59586419753086
VIDEO_7452387800818666785,7.6,180.10165447137337,226.4749257330247,20.405945216049382,186.13580101862547,126.97222945601852,93.81091435185185,373.4265257468439,109.38862750771605,147.52079282407408
VIDEO_7436439641298865441,9.12,3078.9426857662665,160.80437355324074,34.612813464506175,1629.307212935828,108.29494888117284,42.53870563271605,1612.4899517050137,175.6539742476852,27.402862172067902
VIDEO_7494205664135236886,8.6,874.7710273969568,187.9167719184028,60.81255425347222,691.4212329835667,156.8852756076389,32.313330078125,237.9481239129514,203.32361436631945,46.021830512152775
VIDEO_7246768104922008858,10.176843510176845,317.13944009218267,131.93423948688272,47.77259886188271,146.94073107946997,127.02303337191358,87.6012818287037,146.5401654043243,124.04572868441358,113.24800491898148
VIDEO_7051617295818362117,6.6,916.5413084394619,159.77595594618055,52.82357964409722,222.68191723627044,162.11593315972223,50.68238172743055,238.37730255988672,158.90489366319446,24.219270833333333
VIDEO_7165908407793372422,8.0,738.9935051338466,131.8817599826389,90.70089409722222,794.481610131365,131.99520073784723,90.97242513020834,232.48211769420013,175.03036458333332,45.46636501736111
VIDEO_7073513732395044102,9.2,102.82996961749217,120.7867431640625,119.7242414686415,194.2780049185579,109.48275248209636,157.3103519015842,30.274767706857673,104.37652926974826,72.52184380425348
VIDEO_7244559099352976666,6.2,0.0,1.0,255.0,41.31452449622321,139.9398119212963,117.78989824459876,4.885954375224149,158.7889096257716,72.27809027777778
VIDEO_7176549919933664517,7.666666666666667,116.20947959086985,154.8576885609568,52.64959635416667,526.0088826084445,126.08469762731481,59.48222415123457,34.504089858650865,156.60448977623457,57.37164496527778
VIDEO_7316851921288006944,13.55,180.4235782006637,125.42636911651235,130.16174575617285,172.18064572079618,104.45834876543209,126.41911651234568,415.6373494759182,124.32943238811728,95.26393614969136
VIDEO_7110099088661548293,14.1,891.1316108526288,118.93679300944011,104.15521240234375,299.9659072673983,120.59083557128906,103.61859639485677,553.0769212223406,117.41624789767795,147.5931108262804
VIDEO_7294659855434911008,8.433333333333334,771.967965301858,125.9748095334412,21.568153317152102,444.2925330250405,123.4674673004315,18.269909654800433,297.470894012945,5.549037553937432,188.44170037756203
VIDEO_7582952363116268812,14.2,1261.205276289426,133.3557586669922,74.79067654079861,437.4968770303545,129.14087592230902,73.35310363769531,626.776177031195,117.76989407009549,96.0632815890842
VIDEO_7517676181366295830,10.666666666666666,670.2807100598015,135.90926784939236,67.7304178873698,587.8409439644023,143.23400200737848,65.26287333170573,139.2374447859151,146.61280992296008,57.57695007324219
VIDEO_7454218208648727840,11.2,114.57996946659586,108.97534722222223,72.01244212962963,104.18079375499741,109.17031876929012,76.82644241898149,20.608339120277346,121.68827932098766,94.06323013117284
VIDEO_7515834191922072854,8.441775108441776,949.3323117437479,117.1827165316358,73.72555989583333,226.92563588764392,104.34487943672839,70.48213155864198,420.7069277612924,121.24112895447531,38.07495177469136
VIDEO_7510479503592901910,14.08,72.04495269659478,73.90479841820988,91.95735146604939,71.46972148697023,73.94486689814815,91.54659191743828,68.15078740169535,109.0855005787037,83.02033179012345
VIDEO_7255981234374069530,7.533333333333333,615.5470551160837,102.89458441840277,142.16785698784722,445.619833913703,127.559736328125,114.61386610243055,316.37454287591515,110.94633463541666,132.6928830295139
VIDEO_7332775399883033888,12.466666666666667,23.66991367959905,26.112429108796295,139.74585021219136,207.65830244064622,24.359452160493827,139.61473283179012,27.47833139001712,24.180795235339506,140.67552758487653
VIDEO_7353535610641976609,9.84,122.93219280913553,190.7338064236111,40.455019772376545,113.20587065362685,169.21047164351853,71.25,150.6504495999697,192.2005902777778,43.46930555555556
VIDEO_6798641094109269253,14.366666666666667,1636.3584019772502,115.11722649468317,81.82345750596788,809.6204595879341,124.32034640842014,75.04874335394965,365.58925788598646,129.51080830891928,65.18387179904514
VIDEO_7057221943623306501,11.3,279.0836640763977,115.93068901909722,149.81220703125,473.952897487545,127.20811089409722,133.90587565104167,176.32773841382723,130.24217230902778,119.03565755208334
VIDEO_7354375095868984608,7.5,242.60701530363727,135.6692293595679,81.00594618055555,253.46320165245152,144.4984196566358,74.94208043981482,162.13824265808378,120.02775028935186,59.052466724537034
VIDEO_7577088828171734294,8.48,275.5924767324741,131.80060831705728,45.253053453233505,162.5559828012354,170.67488606770834,60.56447177463107,151.41434838305182,150.64356994628906,84.80453999837239
VIDEO_7191884217595219206,9.217391304347826,140.70319058418616,154.26862172067902,120.95117814429013,131.4108820370249,150.43251205632717,122.65040027006172,133.82209709758783,152.4189530285494,121.63683883101852
VIDEO_7076526059344104709,6.133333333333334,85.81602073479993,111.79909288194445,62.143725043402775,59.77062280476417,114.47906141493056,69.16118923611111,42.60430120397026,118.75962456597222,55.81385633680556
VIDEO_7300927450463194400,14.814814814814815,209.94492649464874,133.91259982638888,83.32775366512345,455.9275959002959,165.30451195987655,86.24333333333334,85.45028591770544,177.66783661265433,60.30808352623457
VIDEO_7072415750589254918,10.71071071071071,415.39406754240895,192.27431064181857,22.452199300130207,668.22373961112,192.64690144856772,21.085634019639755,42.96297538942761,201.21947733561197,19.136776394314236
VIDEO_7570012092829748502,10.966666666666667,63.4188096766284,134.57639568289463,146.35360082304527,174.2271022410288,111.09302158552683,116.29889160649118,73.90643290216623,124.332242410125,112.05054352045967
VIDEO_7116158724288400645,7.5,148.73900370758577,132.62286791471658,106.07501516727336,145.51807609508214,123.40130871901543,95.73524115964639,117.39917514032855,113.10887393829087,102.30959980065869
VIDEO_6891645296233794817,9.145115905131984,279.8231194562291,144.9584375,71.86276041666666,496.24783155005366,120.10375578703703,50.49352430555555,309.00712852031353,174.62370949074074,45.53735339506173
VIDEO_7605548189332016406,8.866666666666667,551.0676988114991,169.80599271759985,49.29650270364556,209.2371788344111,178.13276207919066,47.02296027385313,162.8611872120361,171.18593123146695,49.57649027559742
VIDEO_7228975701066550554,10.2,0.8026543209420711,126.7473611111111,98.70416763117284,29.140673170377,115.76882378472222,94.9984341242284,9.507467674391192,119.22027970679012,80.12104648919752
VIDEO_7246301041979886875,10.3,1062.208762695959,93.40362798996914,7.263558063271605,454.7285550378024,152.49614824459877,10.138913966049383,892.6010196253375,137.30739149305555,92.76233121141975
VIDEO_7438966885879696662,7.95,36.468880208176124,142.76308979552468,39.43511670524691,23.81244398981672,68.6488990162037,30.520391589506172,59.604385581078326,154.43027488425926,26.645079571759258
VIDEO_7130620750842678533,14.266666666666667,519.1274618982092,105.56489691840278,130.04199869791665,764.9115391865942,139.0227582465278,61.94161458333333,167.38734157947965,140.71851019965277,64.69910590277777
VIDEO_7301229129314159904,13.96,109.0011207556807,57.03808497299383,55.397808159722224,108.95580073737628,48.63880545910494,75.57402488425926,103.84654947860827,1.2845809220679012,26.84973476080247
VIDEO_7261958198775532832,8.6,167.5390612930591,118.90443238811729,100.58190923996914,110.65727906823992,140.1574117476852,100.50992091049383,98.50066661349022,137.47906780478394,78.31722800925925
VIDEO_7128353863966444806,12.133333333333333,3069.1279967917926,135.20655598958334,72.25667100694444,678.077815605153,137.84107747395834,75.07443033854166,1451.0377263196015,131.24968424479167,100.05363064236111
VIDEO_7439731424854379809,8.733333333333333,67.49433914885226,187.1137641059028,10.5890625,656.1906758089408,119.62907552083334,47.783809678819445,694.046261663365,119.59146050347222,48.68636501736111
VIDEO_7351073088601148704,7.75,132.90412462038174,131.24991705246913,68.29455343364198,135.37857615445657,135.59750916280865,51.609333526234565,131.6797461923772,147.9889496527778,29.626576485339505
VIDEO_7265242959048723745,14.933333333333334,615.9063441114516,109.12326533564814,108.90981433256172,597.2460555243075,110.53405671296296,108.48075086805555,667.0555844531569,110.72749469521605,105.09844714506173
VIDEO_7087653844863208709,8.4,397.2719637574944,91.41429307725694,58.70027160644531,590.5518471554905,106.79276360405817,55.835091484917534,318.1441344241669,51.80763075086806,139.69825066460504
VIDEO_7341290377858567456,7.454545454545455,168.61712914133636,159.06566455081915,25.615782475347466,6.093565083645769,160.39841554080286,24.595367458653623,12.856810485118121,172.90787134094262,16.436438679245285
VIDEO_7415546238927523104,14.08,545.4176653206167,122.69665364583334,85.71960985725309,542.8590081874034,137.71846305941358,85.37522810570988,598.3281621334595,133.21278549382717,100.68453510802469
VIDEO_7402923905754746145,9.0,3155.1062314266924,149.34506076388888,107.4938208912037,215.376297157025,124.56607349537038,98.59478009259259,7.361906826090569,18.882229456018518,149.94847511574073
VIDEO_7356509644170333473,10.0,434.4359909977357,106.082890625,89.48222415123456,386.247631634578,97.00107397762346,96.38749951774692,405.25213155859643,101.73865451388889,91.2691835455247
VIDEO_7060513660975844614,6.740073406740073,1349.943755003026,154.35586208767361,85.37659200032552,427.2893154865079,166.79745822482639,72.95077175564236,370.04169790858094,162.5578155517578,96.68976338704427
VIDEO_7527665793501318456,8.641975308641976,1710.2623155815972,135.83598958333334,84.8436328125,764.7851819973229,128.79604600694444,106.65524739583333,663.7547345332204,133.57060655381943,81.93689887152777
VIDEO_7214886818368490758,7.966666666666667,2339.631378966688,133.88663773148147,84.26080729166667,1043.8795867036608,132.8916227816358,83.41096402391975,1119.678785337161,134.32159336419753,85.43475597993827
VIDEO_7270778269899722016,9.36,126.07210832109467,97.54251832561728,120.46542438271605,109.12097004359553,139.56430169753085,87.19092255015433,222.99325320845654,100.12578655478396,107.04696566358025
VIDEO_7577087400501857592,12.8,311.4669528248719,155.35487847222223,49.547519290123454,20.37089697353443,154.79742283950617,29.085392554012344,81.87804707430871,163.33286747685185,39.0974324845679
VIDEO_7033466696245497093,7.566666666666666,893.2431172821498,186.33011381172838,42.46637538580247,923.773890067726,187.73363040123456,39.17861111111111,931.315722781275,173.16438850308643,50.83115740740741
VIDEO_7486043762590895382,12.033333333333333,199.8486582526862,125.8293041087963,101.93667245370371,214.18578602668336,124.31142361111111,94.81584201388888,192.71098665072014,117.39696518132716,100.04458478009259
VIDEO_7343256943923858720,12.333333333333334,149.64999656915626,138.3068258101852,40.73392264660494,134.41269000018085,149.85216483410494,30.37902633101852,1256.3257473642407,133.6596484375,57.8017862654321
VIDEO_7078352231413697797,7.6,294.26818324990836,146.4164564344618,71.33037990993924,352.17711542316505,143.93776109483508,68.86397637261285,237.73057709684892,155.4824473063151,64.29466925726996
VIDEO_7456392986897730838,13.566666666666666,441.44797836048343,144.10957573784722,55.097096354166666,452.3110975297292,148.08361328125,64.42732204861112,162.5686142785708,150.45680013020834,66.47141167534723
VIDEO_7182983364293430533,9.766666666666667,242.82025697154717,88.55524190266927,0.0,947.5524376167164,90.88466050889757,0.0,0.0,1.0,0.0
VIDEO_7369936386000031009,13.780447113780447,143.7644613093426,120.2824715470679,33.49765287422839,153.7727468973712,123.72545621141975,101.69724681712962,109.72747202918701,2.0688758680555557,0.1766087962962963
VIDEO_7448354400998853910,10.866666666666667,103.08163235963212,117.87071084104939,63.57103925540123,40.64446703766641,122.16342062114198,62.49682822145062,72.30680211476816,126.83091579861112,86.23508680555555
VIDEO_7520150754858896645,10.0,2859.4873772969386,118.85519241898149,101.66880642361112,550.7756639207356,129.33366946373457,101.91827739197531,996.4542234831317,121.24546875,100.11921585648147
VIDEO_6895747396404284674,7.491525423728813,813.3913609449868,121.93052469135803,96.6006925154321,685.6840015461534,122.32624807098766,98.7936361882716,489.735148338813,136.48859182098766,66.20900270061729
VIDEO_7039005707844308229,9.32,779.7242650106878,211.87705186631945,61.91857313368055,1677.5306542238764,83.65627821180556,78.09000651041667,1874.2492838610885,71.11276475694444,58.654735243055555
VIDEO_7458380266004843798,14.1,3306.8761255951763,153.85691080729165,43.00297634548611,27.335328776031073,192.39212673611112,44.962041015625,547.5002179262502,178.486376953125,34.688014322916665
VIDEO_7073916316566031622,14.366666666666667,137.34727532110216,133.14432942708333,110.60422743055555,664.3101464159919,112.51682400173611,125.2914919704861,277.3445333996985,129.65341905381945,117.31017252604167
VIDEO_7433411068988280097,13.7,2918.8249054425155,120.02322530864197,133.53610339506173,32.73813992647514,112.47253279320988,89.66931375385802,0.0,0.0,0.0
VIDEO_7228976565445512475,8.2,218.13595952854743,136.65667317708332,148.35222005208334,454.01574230617945,132.8467947048611,111.14046115451389,217.07896701045567,146.9702712673611,135.9074652777778
VIDEO_7494238893546474774,12.2,97.18147857544525,163.24741560570988,20.85016444830247,99.41116220956158,161.25625048225308,19.071572627314815,94.84468074543435,149.4800178433642,20.8565625
VIDEO_7056858947935915270,9.758620689655173,45.83333647466472,150.81653971354166,64.90851345486111,27.653138009525815,156.06652777777776,66.62949110243055,45.11313321325513,156.51658854166666,67.32989366319444
VIDEO_7296417264591441185,9.833333333333334,636.4049951759806,156.93032214506172,48.46947964891975,657.8669458798448,157.18191261574074,48.2753409529321,658.7241656476801,156.83901427469135,48.794765625
VIDEO_7061974363939261701,14.214214214214214,109.3958803963367,165.313701171875,7.938274739583333,103.88717311942841,158.6225759548611,15.102114800347222,92.84554006074505,152.1159765625,13.649034288194445
VIDEO_7321436866287373600,9.133333333333333,29.33235484679213,170.34641782407408,18.622535686728394,19.399518068313075,169.45032841435184,11.777422839506173,35.66169450310717,166.65793451003086,17.913000578703702
VIDEO_6919824999914245381,11.6,477.87613161063445,128.30446031358508,122.86118910047743,365.2469431019739,119.35900200737848,137.6952667236328,0.0,0.0,1.8538411458333333
VIDEO_7115325407318052102,8.04,105.84512151154276,116.03749423556857,171.75306193033853,113.23727740604934,117.1756574842665,162.23232693142361,59.68173874675492,120.01360405815973,172.12037828233508
VIDEO_7325724813115346208,10.32,83.22914247720537,149.73415653935186,75.25706838348765,44.11429349685597,135.63754918981482,63.75327835648148,468.07487893021164,158.2989592978395,55.69331211419753
VIDEO_7230327665918512411,8.2,315.4517106794497,133.16172309027777,72.49111207561728,50.53055011679358,109.73030430169753,166.07463300540124,165.5452589668317,102.37840181327161,134.3676311728395
VIDEO_7508723396641852694,10.4,1347.9052595933476,120.5236294367284,88.46891734182098,124.78435889768645,123.48197000385802,109.60091772762345,365.73900852357,131.22980613425926,89.40135030864198
VIDEO_7125392158063955205,9.733333333333333,15.128335458242159,146.37362630208332,95.60947916666667,67.67006377961783,123.62932942708333,107.614912109375,28.4049901360394,136.83359809027777,92.68592664930556
VIDEO_7481624954484690198,13.166666666666666,191.67818970536123,143.8088617621528,42.577090928819445,1055.4636982764728,124.53229058159722,40.32623806423611,2.6263324652777778,1.1291720920138888,9.234412977430555
VIDEO_7198947136300403974,12.266666666666667,381.7918480195674,151.96787855360242,7.611970689561632,61.16414586256868,194.5364006890191,4.274020724826389,0.0,0.0,0.0
VIDEO_7062740749992971526,10.466666666666667,322.2235175979002,136.32077473958333,41.35101345486111,228.8465555106269,103.32276475694445,56.97523003472222,103.85792265171004,100.47220160590278,57.37311740451389
VIDEO_7361717788299250976,9.4,1094.7520239725998,129.81916666666666,87.72260609567901,2033.4942508341042,125.28748505015432,99.17285204475309,2305.650738719114,110.4422304205247,94.8346021412037
VIDEO_7124683160218029317,14.233333333333333,674.3958269373979,147.13801913791232,112.83367241753473,782.8881331664613,119.46050855848524,99.12593756781683,1251.293877337608,148.52372572157117,110.84197319878473
VIDEO_7289115441602088225,13.733333333333333,1000.9165350877461,166.7576412624783,49.57230801052518,113.48316880755908,125.79575093587239,60.27315097384982,194.9167468914716,172.8421105278863,46.70615980360243
VIDEO_7321969929564065057,14.88,7.626648792657212,112.7633945794753,43.17357735339506,7.872453703331595,86.81432581018518,50.58949122299383,11.506628564434287,94.46581163194445,48.89155044367284
VIDEO_7394351547376880929,14.44,18.421693183785898,136.8271739969136,128.4868147183642,7.750848764538107,130.3599754050926,125.76836033950617,270.3183583912037,181.9329258294753,32.66619068287037
VIDEO_7508716246301510914,10.200000000000001,62.224248643751515,136.66095825785024,0.06131680253623188,981.2998017691075,127.5830955615942,41.85946369263285,1882.309008051994,109.65547818538647,85.50270418176329
VIDEO_7335348681832418593,10.01001001001001,804.7375776912364,132.94039544753088,71.36735628858025,471.9483949861671,133.7588922646605,71.98767264660493,537.7853336581695,115.28186969521605,105.89681230709877
VIDEO_7218857185764216069,6.933333333333334,231.69129536146,95.35743971836419,177.40252411265433,29.41693769278867,95.18915316358024,69.42985628858025,99.94971736059665,90.08517891589506,60.29539400077161
VIDEO_7578256886286322966,14.0,1350.7350383244548,161.37656826443143,69.16563585069444,2516.6043252459162,98.32952372233073,115.18314954969618,750.6889917117854,158.48482089572482,92.05895487467448
VIDEO_7310606511775026464,11.0,31.53090516625875,114.25853250385802,52.00647472993827,123.51952449250305,117.7736935763889,51.08939139660494,34.03547742302035,113.11132860725309,54.51455632716049
VIDEO_7333562774750088480,11.933333333333334,490.09731547911844,167.14629014756943,45.922041015625,61.917314345630594,154.4714529079861,51.638209635416665,36.855544565535176,164.96448893229166,49.513629557291665
VIDEO_7223080468101483781,9.666666666666666,893.0703288406755,130.84097968207465,45.83112928602431,174.7834988533732,122.92992316351996,73.09766981336806,89.68055011918136,79.80291578504774,143.6245320638021
VIDEO_7486129539827928342,13.133333333333333,716.1964225194189,178.34036892361112,55.21740559895834,757.9029112335948,105.35200846354167,138.31512261284723,758.8674994523742,162.57604817708332,59.09088107638889
VIDEO_7595900789546044684,14.933333333333334,474.9029942612662,126.19662808641975,98.88718508873457,120.75417082148331,113.02065731095679,106.92938802083333,531.0007665778955,95.57591194058642,100.74304494598765
VIDEO_7262720109133794592,11.48,133.48881010112558,116.10202642746914,147.67473958333332,47.46088685326712,121.06036313657407,132.683292341821,95.1546420723537,114.32606722608024,152.96272183641975
VIDEO_6921227616347327749,13.980647313980647,361.18024617143516,215.98354763454861,8.25179714626736,176.41514654353804,148.1618889702691,46.8787350124783,1.143302069629117,11.608885023328993,19.16793653700087
VIDEO_7071272731286834437,7.366666666666666,516.496766617991,99.1072550154321,106.92122299382716,842.8369729106795,104.43226466049383,104.30475887345679,951.2424575545243,107.16746141975308,100.32365162037037
VIDEO_6891319697220898050,9.134125,379.6361111111111,1.9018074845679012,0.0,537.7047664954333,58.089319058641976,14.80583526234568,0.0005787037037037037,0.0001234567901234568,0.5125578703703704
VIDEO_7045558641969073414,13.933333333333334,335.1388996905857,170.42512586805555,40.44310655381945,277.6773143287647,164.27713758680557,26.566244574652778,336.2835933938439,169.42962022569444,27.952388237847224
VIDEO_7235266120414924058,6.733333333333333,282.6032525110369,102.3902276234568,85.35409577546297,88.01541856244874,124.97269386574074,58.01498842592593,102.33918974899247,119.6669748263889,54.1922868441358
VIDEO_7512478582627732758,9.366666666666667,1789.7067608237203,130.71465084876544,103.02401041666667,949.737095777583,139.77404176311728,82.21139081790123,690.7883164092452,137.26846788194445,67.20940104166667
VIDEO_7162183685423385862,14.633333333333333,372.30692492082176,170.90530574845678,54.00104986496913,537.8234315692833,163.28660783179012,41.60263744212963,15.847345637202192,203.83084394290123,37.76231433256173
VIDEO_7227881339125583131,6.033333333333333,579.0064307318765,108.35303243001302,152.19500732421875,424.5457423814561,120.67697143554688,79.66607835557726,440.8741386329962,106.8592529296875,89.23420037163629
VIDEO_7466084820825787680,14.466666666666667,397.49993115611596,140.2726519097222,47.25942901234568,219.47923321497947,148.39852430555555,21.479811921296296,2.899916087954591,161.53141203703703,58.16360869984568
VIDEO_7236760874646637851,9.20920920920921,175.18713636640388,82.04781153549382,81.60510850694445,227.13041700706228,104.78819782021606,112.43939863040123,355.87317480361213,76.05921392746913,112.92530767746914
VIDEO_7572598154063990038,9.133333333333333,443.17916036333474,128.89637967810742,78.20514834205933,16.641140197605164,107.25680288927671,67.83975082412255,126.62798118126601,119.54884283498158,78.9479726585224
VIDEO_7482898265906646294,11.633333333333333,350.1815672517592,98.06128917378918,93.48990117521367,132.12624965389065,61.85813301282051,144.49581463675213,421.2687318343601,92.07878383190884,131.66341613247863
VIDEO_6796364077095472389,10.9,270.84993330469587,104.89353202160494,103.6141936728395,101.78674960124442,110.97517554012346,90.67442515432099,109.52056323391403,91.62014853395061,121.53528935185186
VIDEO_7350265065762819360,9.866666666666667,206.84595769833328,126.95685281635802,97.52676070601852,162.46889300717373,129.40781491126543,96.84698929398148,231.75292659841756,127.87640287422839,100.06511284722222
VIDEO_7065713702833638662,12.866666666666667,1140.7569047174795,152.4832074652778,33.97189561631944,250.50650456169504,133.34350802951388,27.405023871527778,340.5631568053022,133.31368489583335,29.129832899305555
VIDEO_7374412100833250593,13.8,66.67944616356414,104.0690769675926,77.62631606867284,61.45237654140886,145.8394034529321,53.2463884066358,83.80335358723363,134.22052469135804,36.47318431712963
VIDEO_7465375886779403552,8.6,216.69555889392998,203.96924672067902,29.29901138117284,24.583633776615226,113.9436043595679,35.90870177469136,51.13458306764667,92.06408805941358,43.14639226466049
VIDEO_7483220883759303959,10.266666666666667,1124.1990225419775,168.26052083333335,60.57,427.60300130055737,113.68386176215277,102.07376953125,531.3497677098862,150.52545138888888,59.41622178819444
VIDEO_7324725007391804705,12.245578912245579,222.65967759559328,161.26412808641976,88.19667100694444,368.0410963098929,160.09889322916666,98.92680459104939,579.9065890217315,167.9283912037037,75.82788966049382
VIDEO_7125703838497131781,11.233333333333333,1001.2701144200853,125.22755601671007,57.66567823621962,374.9465785172774,110.63177659776476,84.81999376085069,,,
VIDEO_7208933349933452550,10.9,260.9963400566654,144.10104600694444,54.51404296875,292.9329611471659,145.06178602430555,55.644237196180555,196.9969943576389,13.656089409722222,34.43267903645833
VIDEO_7284876929713442080,9.48,112.00114009395205,90.18289255401234,124.52944444444445,56.8044497189199,92.7047796103395,123.87353491512346,72.60552596249097,97.99251494984568,155.46085503472221
VIDEO_7150676745937587462,12.966666666666667,670.8184035129124,136.19033420138888,72.53470377604167,685.5837366484419,136.01437282986112,80.08147243923611,387.12447904909857,111.78513237847223,61.63624457465278
VIDEO_7191012677869702405,12.133333333333333,394.44958437271004,187.91350151909722,56.70039930555556,275.8218722496457,125.699677734375,91.100986328125,474.1290028165075,131.3649142795139,74.82915907118056
VIDEO_7465714414814137623,13.4,55.191862447024135,26.72506449235305,0.33445043302008476,230.82108104841535,112.55760433941404,29.625552791597567,54.3433273447577,0.9191692002948222,0.476615763773724
VIDEO_7212344637523283205,13.066666666666666,316.7617939588424,51.947239583333335,214.44937741126543,155.26769771014534,40.685420042438274,195.69936680169752,141.91621152275073,29.218299093364198,224.62478443287037
VIDEO_7376630682824576289,13.166666666666666,28.97701677894587,129.42671006944445,80.86255401234568,302.31363323520725,140.8446016589506,145.68429639274692,0.08181274453110672,0.027709780092592593,0.9743803047839507
VIDEO_7241209133540609307,9.266666666666667,644.5043197177129,109.245546875,84.1008632330247,807.8484224444522,126.87358265817902,120.15032600308642,947.1833916587929,125.91498312114197,124.57311197916667
VIDEO_7314256868556213537,8.90890890890891,356.50662300149423,164.82205873842594,4.129709683641975,247.4301826123315,184.6868359375,2.6709288194444443,326.4028237659006,150.66155285493826,1.8238985339506173
VIDEO_7190655063470116101,6.032258064516129,566.9768839862048,135.5853342013889,100.90887442129629,264.4424980104967,120.77265962577161,108.08139949845679,334.88434144771577,133.15440779320988,99.21161988811728
VIDEO_7400784701633416481,10.316666666666666,509.26473532130916,119.06362413194445,100.6580893132716,335.3813512549148,111.50433497299383,101.103515625,45.73090514173864,143.63715615354937,60.20238184799383
VIDEO_7329087770905840928,11.28,152.7454230808104,154.94375964506173,63.601178144290124,84.77956669612071,153.1063599537037,66.36045235339506,51.04305430656379,154.33490547839506,67.95487654320988
VIDEO_7289092371030002977,9.266666666666667,3136.593652237786,152.60400607638888,66.02724500868055,3382.6072308194716,165.16634874131944,46.686022135416664,3740.330116939926,164.170478515625,47.288211805555555
VIDEO_7472755159945252118,10.766666666666667,16.75222837724608,173.56950887044272,33.0780029296875,427.6004772797848,139.7801310221354,82.60688612196181,659.6941144752925,133.9259762234158,95.17798699273004
VIDEO_7506795063012232470,10.0,1342.551558416053,93.08428337191359,109.45514467592592,1381.9275730894738,95.02859616126543,107.89451871141975,1398.453463619307,95.03273823302469,107.79327690972222
VIDEO_7533124404062981398,8.733333333333333,196.65845347525772,175.64061535493826,40.3422053433642,169.55701338115543,143.32638744212963,83.67190007716049,242.70391104000018,141.06308449074075,82.86401572145061
VIDEO_6915045654997912833,12.89655172413793,663.4783211309868,216.9382426697531,27.81344135802469,102.61880898785421,218.76296875,23.671641589506173,822.2928392144396,188.31940779320988,81.92329089506173
VIDEO_7184844462525287685,7.333333333333333,71.02356355456558,61.776412519290126,120.05047984182099,65.42141297644238,65.16537519290124,116.18150607638889,66.41465773242379,68.75891541280865,115.93594569830248
VIDEO_7280925746183408928,11.066666666666666,168.35390016551753,123.14405140817901,84.25091579861112,195.34794603553334,144.5176813271605,87.26540316358025,53.67335934651041,120.38493200231481,118.98770061728395
VIDEO_7289368885390806304,11.68,79.23096821535397,88.98143856095679,94.26623408564815,50.94832703668181,60.18796006944444,139.82694492669754,46.65272569444071,0.890543499228395,1.163801601080247
VIDEO_7211565992852475141,7.374040707374041,277.2063263258162,133.25449315200618,89.95822964891975,169.03007602317936,110.86369454089507,95.07144965277777,156.0127492804324,111.63440634645062,119.08197386188272
VIDEO_7164769032430767365,14.28,620.4798520841705,130.00385091145833,46.292626953125,110.79165795127963,163.94055772569445,57.58570963541667,0.0,0.0,0.0
VIDEO_6958338154617228549,14.04,40.62913682466074,59.56767485460667,112.60865281603918,144.28187851412784,90.46521082032446,85.24560950413223,262.2855615769171,134.70516481098866,42.92048563284359
VIDEO_7185555796443270405,6.1,323.40222005208335,2.9471527777777777,0.0,312.048758334685,106.97369574652778,117.75310872395833,82.9267521343043,133.49729166666665,99.23903645833333
VIDEO_7490222588883422486,8.333333333333334,112.49200951590623,188.80609471450617,35.80789303626543,173.35969795942174,156.54813078703702,59.259645543981485,48.183262371008226,175.72922839506174,39.58299672067901
VIDEO_7553663983383858454,12.166666666666666,520.5228979796326,146.69505140516492,86.99274529351129,696.1794922039987,147.86667209201389,77.14807807074652,937.4326462697807,140.12157524956598,69.02264234754774
VIDEO_6897900291631402242,13.366666666666667,1717.307324725469,136.85431327160495,56.90756365740741,517.1777742620598,131.74756558641974,52.929594907407406,173.21264680117363,143.3323013117284,44.073998842592594
VIDEO_7246343164108295450,8.4,345.99794343465635,115.87909673996914,97.71919126157407,232.92530230194635,123.27786795910494,94.0327700617284,194.39953798061208,7.695011091820987,49.896130401234565
VIDEO_7583720650200730902,14.733333333333333,431.10391286360965,128.49602141203704,114.01268566743828,11777.994376207162,110.83685040509259,139.0050217013889,4557.667569531842,119.86402054398148,87.79796440972223
VIDEO_7491219464474856727,7.1,296.9548559306781,153.5229017469618,66.17497422960069,258.6306767166322,147.27325608995227,70.64688110351562,246.415508668177,152.75425720214844,67.43791876898871
VIDEO_7079418950315969798,9.166666666666666,464.8988947222515,144.79008314344617,90.20023261176215,689.8454420250944,144.73804389105902,76.98483276367188,609.3496057889912,113.27994622124567,148.7498813205295
VIDEO_7057200753470950661,6.131131131131132,741.1824374712176,127.82979329427083,67.5792253282335,721.0644710648481,126.98384772406683,66.28866746690538,676.5833858104601,124.610349867079,67.32039896647136
VIDEO_7161307348827426053,10.233333333333333,1321.670971604777,157.6614752875434,49.736358642578125,846.5572978774039,152.53124152289496,48.94004821777344,617.243843571076,152.28500705295139,48.995361328125
VIDEO_7369943098031443233,10.76,47.371897210138286,114.27800434457812,42.02048881418573,51.24362545743882,114.28331367460879,41.20040742706613,57.46848858924058,116.28595826452779,40.435578851144136
VIDEO_7355500880721939744,10.11011011011011,267.19885028482696,132.95425250771606,83.53955729166667,414.7742534536316,146.35617621527777,68.6299715470679,523.8436535353087,140.35644386574074,67.7556997492284
VIDEO_7239344688006728986,13.6,344.7876833928389,107.4022014853395,39.34361062885802,98.79870993743859,94.74214650848765,74.09150077160494,91.5270288375622,100.65467833719136,73.9917616705247
VIDEO_7067959925141474565,11.666666666666666,924.6123833938306,125.47346788194444,134.54059244791668,61.52090323370356,99.4805078125,126.01818033854167,6.098841095870218,112.27883355034722,105.81689019097222
VIDEO_7323667240933444896,11.066666666666666,113.97390298230088,101.23522786458334,37.94109157986111,123.89676286730236,100.64373155381945,38.441905381944444,115.85286783848397,99.23393012152778,37.016017795138886
VIDEO_7415541670361500961,6.866666666666666,617.6252841963199,126.88341917438271,46.81160011574074,439.39791231860045,130.0936617476852,50.63860628858025,183.93727663668525,113.88667197145061,76.3659375
VIDEO_7470495287212084503,14.333333333333334,614.6180828027965,172.21611307651992,26.666861387724204,536.174936674709,158.87323659154438,31.907878741556022,666.2867857411785,161.5551642936175,30.90928000524109
VIDEO_7342403362714914080,11.678345011678346,95.50243018848853,133.9006611689815,58.60078125,90.13070254478903,142.06544463734568,52.318521412037036,,,
VIDEO_7055714634526969093,9.066666666666666,678.5536468639787,182.8967990451389,38.996508246527775,865.5296429800987,184.09741319444444,33.743229166666666,132.19779937461098,185.97737955729167,36.098065321180556
VIDEO_6980342168535846149,13.983333333333333,0.0,0.0,0.0,92.41144132595738,97.46024915907118,56.07914394802518,353.9183666456698,123.65422227647569,71.48434278700087
VIDEO_7339952469901970693,10.427093760427095,92.36872508418229,189.52348158094617,15.489110310872396,72.68223398096032,100.16910637749567,38.394500732421875,315.4016303433749,175.19694349500867,17.316267225477432
VIDEO_7336238126651706656,10.31869544624129,456.6308940200618,150.29083224826388,56.18911024305555,204.52187367332246,110.86471571180556,88.96512152777778,5.115425344509548,27.973250868055555,253.23788953993056
VIDEO_7535476048444558614,8.433333333333334,3755.6710966230144,100.46359133873457,120.41052420910493,98.07540798607762,139.85033902391976,108.73051745756173,167.55310088710752,143.77969666280865,111.92267602237655
VIDEO_7360309213765045536,13.9,386.1659746089227,104.60666425540123,132.15799141589505,242.69907581727014,136.4382036072531,110.67256558641975,948.9569789379835,128.87003134645062,138.53172357253086
VIDEO_7535846685101149462,11.4,496.9316932477274,123.58310088734568,46.91679060570988,461.56108405615385,114.86737268518519,32.64324508101852,107.42359710607751,116.82159673996914,47.41064187885802
VIDEO_7146624079615790341,9.333333333333334,1976.8244597580697,97.89600694444445,127.99593315972223,1728.0788835982523,98.50581922743055,148.45769097222222,1573.6366769137726,98.05384006076389,113.78408311631945
VIDEO_7085748815449312517,10.833333333333334,10.549135961972269,89.5020989312066,113.60487874348958,47.19165886379491,23.809460110134548,120.54757859971788,77.80677000018134,108.22897338867188,104.18293592664931
VIDEO_7372567531258727712,6.166666666666667,292.5802129492878,21.220955825617285,21.715492380401233,488.49230563356355,111.52487461419753,82.87283082561729,,,
VIDEO_7237872414581935386,7.907907907907909,327.7878254605794,94.94597849151235,102.65911844135802,212.80982729099145,93.84436631944445,75.83177420910494,289.4237692361677,102.47186294367285,69.35423948688272
VIDEO_7164417550791494918,14.4,532.9650414269158,142.6483391655816,34.231392754448784,602.2854069983587,86.49176873101129,96.85062154134114,215.07610744900174,45.72134568956163,226.86274210611978
VIDEO_7208839545989762309,10.4,1499.9770673499029,166.265926408179,52.76987461419753,2.822672107195,163.43767119984568,17.152796585648147,214.1836450567363,139.06976514274692,73.9432243441358
VIDEO_7082286078417259782,6.833333333333333,155.2842512796614,111.66682183159722,103.35287651909722,106.92679015900295,112.44593315972222,97.25447374131944,83.79686717136407,107.132763671875,88.74627170138889
VIDEO_7354009165796216097,11.32,46.00292148912218,153.74195601851852,26.192440200617284,192.3502612475476,155.5923615933642,29.87105227623457,51.723231095664126,129.64567949459877,39.16470582561728
VIDEO_7325097832015203617,9.566666666666666,758.9633664372186,138.96346788194444,76.21914713541666,792.0280290346452,139.2372287326389,75.72178927951389,806.27251413286,146.12386393229167,75.3037282986111
VIDEO_7412540786975231264,8.5,485.5913329352281,104.99313368055556,89.65362557870371,510.38135512699694,106.44459153163581,87.10561005015433,432.70710648140613,103.2793499228395,92.81793451003087
VIDEO_7366182227119525152,13.966666666666667,270.6272208982531,102.60705150462962,81.72500819830248,235.81331285820596,109.1200747492284,80.52172887731481,241.14189007413725,111.39054639274691,79.47843942901234
VIDEO_6855731886438763781,12.233333333333333,861.7155832604559,124.3043537808642,124.10622685185186,858.5551435461998,116.36076388888888,96.96480516975309,800.7821733405135,123.26897183641975,52.81154706790124
VIDEO_7078227199463066886,9.175842509175842,189.9964027154334,147.4348670111762,101.01630995008681,102.26973762220622,156.28815205891928,90.25866360134549,280.4330817052497,151.99387783474393,96.46505059136285
VIDEO_7156881114106170630,9.52,191.61178819444444,22.717662760416665,29.859568142361113,219.1242740875515,116.0622384982639,73.55934787326389,263.73643705650494,145.5184038628472,105.48555121527778
VIDEO_7081701013891157253,8.344827586206897,220.50740002240283,125.15886773003473,55.16807386610243,257.5426431980766,129.08563401963977,36.67237006293403,97.47343396740091,129.91050042046442,36.572241889105904
VIDEO_6913929490305420545,14.620689655172415,1369.9741955592492,214.05207175925926,34.94651234567901,892.0041263757571,210.81095679012347,31.561770833333334,421.08768794580135,213.25676890432098,33.46256944444445
VIDEO_7192254185969044742,10.0,309.27394152904225,132.18606288580247,141.3490485146605,18.88861774209105,121.5215981867284,128.78326871141977,22.703927349241393,128.43609085648148,152.29045958719135
VIDEO_6750983141873224966,10.766666666666667,176.83025600994512,136.09702160493828,72.59558449074073,19.779362756963497,159.59641010802468,41.2436824845679,101.40830626427409,137.81455439814815,86.11799961419753
VIDEO_7057560274424958214,10.033333333333333,356.35737269162206,154.28450520833334,80.41718037923177,275.5909678113652,154.66009182400174,74.84617953830295,9.28040220445873,154.7490980360243,74.07083808051215
VIDEO_7322866542985710881,9.166666666666666,229.57859705719915,130.86402777777778,49.54317033179012,163.67508052277648,128.34464554398147,82.64964216820988,213.30853974499394,128.279854841821,90.61181278935184
VIDEO_7022178037378731270,14.333333333333334,284.92036884884305,60.79515625,22.95829318576389,275.6916775141775,61.91906032986111,23.404714626736112,286.1305013405588,61.06518771701389,26.242646484375
VIDEO_7304326742255209761,12.112112112112113,447.1274863989513,127.355849609375,115.09787543402778,42.90779513831904,155.60688368055557,64.21466362847222,402.85189882629777,98.82567491319445,121.5799587673611
VIDEO_7025927416061250821,14.247580914247582,42.31882702033784,163.991064453125,33.81192599826389,323.45785959005354,123.41006401909722,65.60062391493055,912.7289647276655,115.15577799479166,52.314951171875
VIDEO_7456310839121874198,13.333333333333334,421.58776085491206,128.6921913580247,121.65511815200617,448.2331181750016,129.42535300925925,121.31007619598765,452.646499764097,130.54640094521605,118.66956356095679
VIDEO_7263460179461688609,8.7,1879.0374493844934,108.67412860082304,110.65634053497942,1505.4602311852857,103.64023971193416,114.24392489711934,2122.035035194151,122.87242181069959,114.43204938271604
VIDEO_7066872454249073925,8.12,943.774287486472,157.1260748969184,42.76139662000868,705.0357690320959,155.39262051052518,41.277194552951386,488.27173526501167,140.52176581488715,59.74241299099393
VIDEO_7511357874082286870,8.166666666666666,554.2351908126313,87.4072894437331,88.34770682173851,436.52713250467355,82.53580612462655,97.85645717740788,1255.9006391219682,78.4380832977664,92.1344919263053
VIDEO_7285256841158790433,11.433333333333334,290.9148818479917,188.4484871720679,14.222278163580247,308.66620380788834,93.40620177469135,130.9967761381173,618.2168189333445,93.48383632330247,138.9563175154321
VIDEO_7576309328584592643,6.666666666666667,96.40916514656595,153.6022037355381,43.316925548461036,53.867400148896856,155.8390396474569,44.16480264953067,61.278263616427445,165.96808829949794,37.24599568871425
VIDEO_7113472331917298949,9.633333333333333,672.2960515416358,118.0561990017361,80.85499891493056,1161.1619828517162,135.57244683159723,66.30350151909722,1337.3985514572412,128.38884982638888,62.71228949652778
VIDEO_7591860205567151382,11.6,135.55286864373664,88.91548852237655,178.6057638888889,922.9950766302154,122.77068672839506,96.06443721064815,51.4541312197529,96.02728443287037,140.8464699074074
VIDEO_7293541624359996704,8.366666666666667,1520.895591325123,146.95962782118056,29.35096462673611,481.7224108126418,173.49957790798612,29.228269314236112,506.6670437688933,164.41665907118056,31.42492730034722
VIDEO_6796363351816555782,11.833333333333334,651.9806417202467,90.54637731481482,120.84293016975309,506.89595088117983,90.3025250771605,115.18217206790123,251.70679070750396,98.11090663580246,112.39244405864197
VIDEO_7446429495948594454,10.033333333333333,9.741983988747279,168.97526813271605,44.54929060570988,9.035013982263795,166.48154320987655,48.21272424768519,7.129572241409783,162.3158130787037,53.21581645447531
VIDEO_7354350552693656864,7.9,445.3879986342107,128.9461294367284,106.6557489390432,427.7710841007622,134.27252170138888,101.1791690779321,443.3821710851617,108.70359857253086,122.83460889274691
VIDEO_6876362124260691202,12.4,662.3978886926387,157.3137249228395,14.516591435185186,339.011456035096,165.8362924382716,12.403825231481482,288.2374893838681,169.61269097222223,18.14159915123457
VIDEO_7169238545779952902,14.533333333333333,269.24801824777387,152.15347547743056,27.96416775173611,79.05476126995322,158.72144639756945,30.7394140625,240.28484651145936,143.59960286458335,32.87242078993056
VIDEO_7566313596351778070,6.9402736069402735,275.2195078352506,110.83914523654514,50.79136827256944,629.526500447317,123.62873670789931,123.63104587131076,1251.6890291339562,131.70510864257812,106.66968790690105
VIDEO_7093894381794512133,7.633333333333334,1892.9034470927843,115.2145775462963,59.799810956790125,1727.5668404755872,118.53852237654321,54.30174382716049,670.7971323607561,130.330362654321,54.503628472222225
VIDEO_7484928854029634838,6.233333333333333,289.27535253947576,141.51844618055554,132.30558485243054,249.87095368957404,139.37956380208334,134.740615234375,289.4641946205987,138.50600802951388,135.66355143229165
VIDEO_7579238923172547842,14.68,1029.3652082719345,161.61830198688273,28.31151668595679,691.8289119005765,160.822840470679,23.199597800925925,90.79767504771156,172.19254677854937,21.238768807870372
VIDEO_7470159373935856918,9.033333333333333,304.75734367404044,171.51286675347222,48.02625217013889,286.2266656916819,167.9443305121528,35.61842339409722,305.5791231715826,167.0410687934028,35.611910807291665
VIDEO_7085631257542954246,6.4731398064731405,2579.1453506695825,93.76162784984277,58.989295892295594,1649.2981585470461,110.61946246069182,63.6836330581761,1038.304218192376,104.27305424528302,104.33756141902516
VIDEO_7563265888623840534,7.8,305.9798813219352,89.03312789351853,63.013729263117284,35.53524833726294,130.05461564429012,72.78810088734568,152.43264562519053,112.26232494212962,82.15026813271605
VIDEO_6921676134212029701,10.266666666666667,484.9707341589678,168.87823147243924,22.65964084201389,375.9311789116667,175.54808892144098,23.892791748046875,318.510962520473,172.08428276909723,21.29392327202691
VIDEO_7486138878026321174,13.666666666666666,74.28291518023852,174.15862123842592,40.3805965470679,119.63963394712295,164.91787133487654,39.23396460262346,130.51272762261954,179.53894772376543,42.88386477623457
VIDEO_7252685251112176922,13.8,96.60516409473185,104.80384259259259,77.2114486882716,95.21182677453416,145.3743889853395,53.567580054012346,90.02139129236585,134.95393518518517,36.354901138117285
VIDEO_7306460792310877472,7.366666666666666,2.4031351078905,144.72181664737656,52.432614776234566,55.62972341932527,101.14377555941358,65.04918643904321,2.8461009713862326,109.78146990740741,75.88892505787037
VIDEO_7296075013734616353,9.566666666666666,720.5039721128967,111.71205150462963,91.40355565200618,543.559616880272,87.31251784336419,83.38371141975308,0.0,0.0,0.0
VIDEO_7282668264617004321,14.9,524.6502867507179,113.65134645061728,147.0597444058642,2293.299083920493,139.39440779320987,82.30084249614198,1090.3198656260709,192.83898244598765,32.56533854166667
VIDEO_7410359060681297184,12.933333333333334,2899.7580985983627,118.84747395833334,89.36135947145061,1290.2159662145534,114.26759162808642,105.27813753858025,807.7193309139848,110.65360339506172,112.89423418209877
VIDEO_7175115192966106374,12.0,283.7714029016594,120.8018561469184,27.31671142578125,815.370472558107,139.3282928466797,30.986058553059895,701.5317314125391,139.62116156684027,34.30104064941406
VIDEO_7296855348714016033,8.7,716.872146145286,118.92665581597223,116.16818576388889,2540.301570313814,107.54770724826389,98.05266167534722,204.47071817664624,41.53894639756945,130.03064127604168
VIDEO_7302352085796916513,11.5,33.12433432271034,125.21247829861112,61.77815297067901,20.194452999018825,130.0159490740741,35.766375868055555,31.351104346614793,124.93620515046297,60.930179880401234
VIDEO_7593820955810598156,13.88,85.50039580208528,123.30961950231482,65.26447675540123,94.13212528678778,121.02879195601852,71.9050815007716,83.80765238660206,7.673151523919753,118.68370949074074
VIDEO_7188587993752702213,10.333333333333334,158.9001428024558,42.26442623536133,178.9203798914596,196.16143205743745,73.92432430019994,60.05648296915167,116.6349845829819,154.85299021708084,49.10683197657812
VIDEO_7168426884852747526,12.133333333333333,1261.4041091982947,134.86734266493056,77.90779405381944,855.1923314065391,136.46080946180555,80.36290798611111,1035.8277143293546,140.490302734375,80.13604926215278
VIDEO_7566939859156290838,9.133333333333333,43.12043593907402,186.1229470486111,47.487999614197534,32.71509934121846,180.2730434992284,63.528412905092594,105.74513935894588,186.0944184027778,45.512923900462965
VIDEO_7094149805496159494,14.8,304.7286358119802,118.85747829861111,80.5749927662037,58.98519288997827,152.3455295138889,69.69678915895062,1048.0200216444039,109.90160976080247,133.9651957947531
VIDEO_7596993704146046230,9.733333333333333,29.11065537346013,118.5162890625,82.48930410879629,25.8706645341024,98.18074652777777,113.80913387345679,23.12285101343105,90.93439187885802,99.32005787037038
VIDEO_6887883845954178305,9.627118644067796,269.23378252743487,150.53211033950618,52.383715277777775,136.39413637253992,110.64331018518519,92.06735918209877,490.48987671169704,167.03005208333335,62.79495949074074
VIDEO_7553173878785297720,10.8,146.43125119357765,131.9281103966323,24.60551307303132,166.64819894837663,131.99982041478393,23.48990702120264,103.72529008060233,124.2757299270073,38.70418114934538
VIDEO_7368427984539127073,7.4,433.8696071568613,119.03416319082378,112.89051384544085,18.093790291720303,49.4798116286255,116.81173338353996,95.15649779792716,50.34423589387093,138.7214372610358
VIDEO_7219294434465238298,14.9,285.1868049915686,45.32419801311728,215.7658159722222,202.91599344122406,54.655119116512346,193.9135754243827,251.28679540487022,37.80960455246914,219.79682050540123
VIDEO_7054222416247000325,7.066666666666666,51.31266709277777,87.66255533854167,127.42926540798611,86.7812619232731,102.4664453125,111.26515082465278,152.11421714426558,116.26727647569444,83.754287109375
VIDEO_7236043111128894747,11.478144811478145,166.48483120096722,223.62360725308642,38.1901634837963,584.5327237623027,116.3029012345679,83.90716531635802,181.44027680831414,122.27706163194445,55.88141155478395
VIDEO_7114705253899029765,12.466666666666667,406.43109097233406,104.31957573784722,123.66108181423611,212.7618491967472,92.92173828125,140.02904947916667,552.0010533775882,125.57927191840278,91.32566948784722
VIDEO_7053886455805955333,11.866666666666667,35.680114736424095,144.12506781684027,97.01344638400607,194.50880926332354,99.27676222059462,47.566343519422745,305.72921332095774,105.46706136067708,112.06007385253906
VIDEO_7203763760538897669,13.0,73.01087757743436,151.03137803819445,43.62837348090278,53.89024493837238,124.67574761284722,70.95276909722222,29.150509976191582,131.71050347222223,79.80679361979166
VIDEO_7379167807679761697,12.466666666666667,1460.7963465464538,131.75743152006171,44.380853105709875,1115.1021170889944,127.80553337191358,46.01304398148148,1141.1503018294657,132.19582658179013,43.794509066358025
VIDEO_6793347939294072069,11.5,225.24847064280985,151.8002199074074,132.21722608024692,80.89477949124979,154.42875192901235,134.81876350308642,161.96232712161216,156.77609375,126.61694444444444
VIDEO_7156614323194875141,6.566666666666666,254.05639946235385,119.21735725308642,56.473365162037034,163.90546523018298,125.77550877700617,53.09059124228395,226.2859702327189,103.544307966821,85.57729552469135
VIDEO_7194501630111272197,13.566666666666666,2135.195261850363,136.28615547839507,74.35839891975309,1551.3347935842173,138.09052372685184,81.46146797839506,1368.17939397718,136.09609230324074,73.51996383101852
VIDEO_7061519229182315781,9.92,6.37654755739636,58.85231011284722,62.001453993055556,11.097776673718439,146.1107345920139,43.41529296875,20.010929902129703,162.42813585069445,49.37715928819444
VIDEO_7458328611213298976,12.3,345.07084729978243,136.11634355709876,36.54887201003086,110.10444184185714,177.05612172067902,33.073017457561726,177.14046866845027,118.60087287808642,40.57662905092592
VIDEO_7325861199604665606,8.9,495.56486714985454,101.39135403103299,87.02440219455295,183.9841340724609,107.40312025282118,42.75078837076823,325.8644402666868,108.57493421766493,42.30794440375434
VIDEO_7475687308797299990,13.3,132.35191499242782,150.05106228298612,0.0,425.8401777778861,159.590283203125,0.0,517.4274843879936,149.33173177083333,0.0
VIDEO_7244550731141844251,14.066666666666666,420.06218694245047,126.64147472993827,70.56200327932099,279.8078055890118,128.3723013117284,67.8880680941358,119.12359708762463,112.1508878279321,124.88367428626543
VIDEO_7564704328649428246,11.0,950.7871659095916,162.3741980658637,22.89107937282986,68.55244881989734,176.42497762044272,53.15974765353732,1985.135282184489,132.8518541124132,30.321304321289062
VIDEO_6880792115329142018,6.6,513.5197224617077,133.81594521604939,68.76628279320988,377.0841241765826,138.26352816358025,64.89847608024691,213.4204238225285,197.18086033950618,13.306174768518519
VIDEO_7046370407758286085,9.00900900900901,66.15545057388117,84.21162217881944,109.54662543402777,64.58863572311283,79.94077365451389,58.22016276041666,113.68100260296104,32.562794053819445,149.7710601128472
VIDEO_7166637213604678917,10.666666666666666,469.8177729012158,130.29195939429013,53.580419560185184,215.5480265912259,102.32630883487654,70.17851514274692,180.81225108131488,105.33242621527778,78.79092930169753
VIDEO_7128317775524777222,12.933333333333334,2467.1353752864147,95.6127692328559,98.84606594509549,393.3189168686225,99.86627366807726,133.87418958875867,1223.5935035962352,97.56784396701389,146.43812052408853
VIDEO_7050043192732912901,14.066666666666666,501.9371332463582,124.86395941840277,148.53171332465277,183.8744129773352,124.06553059895833,148.61058268229166,291.9892901791596,123.47780381944445,141.30785698784723
VIDEO_7019307301299424518,13.466666666666667,507.18268444761634,160.0884484185113,14.800960964626736,97.84486999611062,203.94376627604166,29.095740424262154,26.09523120025794,206.5476837158203,32.002841525607636
VIDEO_7254588789559938330,10.9,576.1831409054497,127.632841796875,66.49842013888889,784.8273795267729,150.6449392361111,101.20557942708334,226.72003037282684,136.78557074652778,58.90730902777778
VIDEO_7280571511138782496,13.766666666666667,284.14489430004994,143.36428819444444,67.18368706597222,294.44393988695384,113.807265625,119.34037543402778,288.2085706031894,130.92646592881945,96.0561404079861
VIDEO_7507578375586712854,13.0,51.18801837202943,169.69465806749133,50.47218492296007,37.8601005870251,133.69934590657553,63.96719190809462,60.846465381747684,163.1613566080729,63.52775573730469
VIDEO_7077571361660521733,11.566666666666666,191.64824537350793,227.12288241916232,12.14058091905382,34.54110639238512,135.15746053059897,90.76376003689236,60.651261452539465,206.41542392306857,14.38167995876736
VIDEO_7290457107726339360,9.133333333333333,80.73191354977025,103.47688464506173,100.20168016975309,62.275094004520376,105.16109905478395,117.77636863425926,76.27883921489507,98.88523967978395,124.45286795910494
VIDEO_7476404323317222658,10.16,56.9884135011152,158.1215207778164,44.21463136755108,6.3479853015368,160.40580224384968,48.84374782759819,7.472313462583319,160.51234117329008,47.57940128606187
VIDEO_7179319229924084997,14.566666666666666,113.19019571162852,162.06081814236111,10.307123819986979,133.12421996721332,150.57959662543402,11.92677476671007,73.8498837461718,149.42128668891058,11.142762925889757
VIDEO_7281279828307856673,7.2,736.5672192040881,118.16330054012346,52.523125482253086,663.7822894953221,120.48505883487654,52.121564429012345,650.7727319385613,119.34610291280865,52.58613715277778
VIDEO_7233097610821700890,8.066666666666666,116.01876296702616,106.23763647762345,158.49918836805554,111.76558879900763,69.40092930169753,52.724245273919756,111.43095195772332,71.89733410493827,52.881387924382715
VIDEO_6952049416425590022,10.1,790.4106801319608,176.30161370171442,56.45731947157118,707.594922361815,175.99293857150607,57.80524698893229,626.7712536489125,174.5800526936849,60.29148525661893
VIDEO_7466106459403701526,8.066666666666666,215.82896121269394,151.0412033420139,78.45921983506945,875.2587494933329,141.0658083767361,106.62323350694444,1163.0005051838616,145.9084765625,104.18921115451388
VIDEO_6972416280762649861,12.695652173913043,48.975195290035,112.15117730034723,36.60542975531684,13.976525816028753,111.94433254665799,27.858408610026043,18.425933837890625,0.066497802734375,0.0
VIDEO_7522511822893616406,13.92,98.0127979948235,68.08231529706791,99.28124083719136,55.65825038577921,105.30476369598766,103.81288869598765,75.38761412870723,92.88695216049383,110.6995452353395
VIDEO_6864806467329903878,6.0,3580.638526431272,125.51285868710691,99.8548029677673,1411.480190935139,132.09237421383648,95.60251080974842,1477.5715195950384,127.92410573899372,92.32934601022012
VIDEO_7241878874672385306,6.566666666666666,1165.9555126343273,101.41755642361112,126.63996479552469,733.5314462425338,112.67530333719135,131.63002893518518,730.4295544081427,109.82612895447531,132.4778554205247
VIDEO_7216365794093976838,9.6,550.3097424886067,135.52869574652777,58.064586588541665,755.069943216578,127.95653971354167,67.46396375868055,655.3538905554454,113.90001844618055,71.34792643229167
VIDEO_7221070563538717957,6.133333333333334,112.56835744643047,150.8109972993827,80.8701277970679,111.07297303013544,150.38304832175925,84.10222270447531,190.51878600449055,162.78507523148147,64.58024209104939
VIDEO_7479794065983147269,10.75,114.88539110272767,142.60805910942062,40.153756531427696,201.01204719733434,157.1071754456739,38.99236015060704,291.11461467962806,161.2166671469187,42.87296133010604
VIDEO_7245182525016935707,7.466666666666667,197.2608632337501,67.3211540316358,101.37358121141975,121.79375802721961,105.80458188657407,159.4957243441358,197.05193412241783,116.64399064429013,101.89651089891976
VIDEO_7441982856659815713,13.6,347.169069978661,197.40973741319445,47.71447048611111,1663.732587307559,164.7963226996528,58.07914496527778,137.5694994944996,71.77464518229166,146.17636393229168
VIDEO_7018383080205356293,9.70970970970971,248.34570849693085,181.3470095486111,72.64079861111111,148.80841859095892,179.589189453125,73.55946180555556,150.5492469331529,180.57091688368055,75.13262912326388
VIDEO_7504627479449963798,12.0,294.1352363543087,119.529326171875,91.06404730902777,96.84631603918073,129.13962022569444,125.68068359375,511.62651360004446,110.95771050347223,126.397822265625
VIDEO_7044841251262237958,10.033333333333333,261.35170485336835,75.71342129177518,104.59961446126302,207.5330056562347,72.02483452690973,98.75557115342882,228.05584505292367,71.96060519748264,91.23285590277777
VIDEO_7549089036447649046,8.2,2539.4696588015418,89.05355516975308,89.16009982638889,1252.4732953145985,91.87203366126543,88.13695119598765,111.03443905199886,105.26002073688272,100.21583381558642
VIDEO_7535840388725378306,13.433333333333334,1114.5632951000653,108.87277052137587,114.12608846028645,108.59475247078736,120.16020880805121,83.12057664659288,788.1844651205091,117.22212388780382,91.63159857855902
VIDEO_7587702184708558102,11.0,1089.031656918691,151.1925286187066,81.5276590983073,1136.6746867621823,159.78277418348523,44.74067179361979,1674.0790810377948,150.24828932020398,52.809166802300346
VIDEO_7555487310297533718,5.9,258.2549376365127,125.14913866026521,92.4876771833562,328.00827503399955,130.89137059899406,83.83275948788294,266.26813592197874,136.479298696845,77.2809419295839
VIDEO_7197448084119506182,11.01101101101101,71.9166178201388,143.03167872299383,98.90055555555556,0.1379214871425597,138.76962625385804,31.980412808641976,0.31068431361110777,167.1350925925926,15.282817322530864
VIDEO_7584105481719844118,13.6,488.93956258226194,167.26895543981482,58.96495081018519,537.5878412922359,168.13529755015432,54.94665509259259,549.6564799551317,167.5500853587963,64.9559235146605
VIDEO_7261658279900744987,6.556556556556556,1465.4353293604945,142.66311342592593,91.37276475694445,595.8580753087757,118.91631172839506,106.41521412037036,333.1786762166673,106.05655285493827,104.3695524691358
VIDEO_7219686321739123974,14.133333333333333,152.39908944862154,161.13740776909722,59.76965386284722,240.32207126701147,165.28310546875,59.78821072048611,251.09518220641408,166.27435221354168,58.630733506944445
VIDEO_7361057454454508833,10.9,379.8868116871354,171.4636082175926,64.90355179398148,1224.5810447913761,151.07444106867283,67.10731867283951,268.1073196368099,173.53866994598766,59.543175154320984
VIDEO_7174823379453644037,14.96,0.0,1.0,0.0,60.01237552512002,136.39620515046298,0.0,6.655092592592593e-05,1.0000462962962964,0.0
VIDEO_7304376408191683872,6.033333333333333,472.724668695462,77.90279134114583,118.87821282280817,402.37801924119935,82.50424702962239,111.01822577582465,416.85468546434504,109.94856092664931,88.17576768663194
VIDEO_7199338065867934982,12.566666666666666,66.1780666002061,13.411475287543404,51.2120107014974,282.46113023657443,75.42137315538194,99.01717800564236,0.0,0.0,0.0
VIDEO_7079071645771500806,7.033333333333333,560.8814336822977,138.4202592637804,91.10859002007379,490.9605067410839,132.08345540364584,121.26039801703558,513.1180882569817,133.59553697374133,120.3722652859158
VIDEO_7209259784263060742,10.333333333333334,101.37181713134109,147.38983182251908,85.64538555582061,152.60611480644624,177.5608450620229,40.10084635416667,172.73509697468873,129.65053226383588,94.16486909589695
VIDEO_6980696986135710981,9.466666666666667,1830.0096772492454,86.17172749837239,113.40693664550781,1526.7654987912003,125.02996317545573,96.99807908799913,1951.2550226416736,123.58798387315538,96.87144131130643
VIDEO_7211165738957163782,14.848181514848182,161.93522423159865,109.86859567901234,126.77385030864197,128.94133011960673,121.56379677854939,50.091361400462965,219.1170018290432,103.3905507330247,92.62971016589506
VIDEO_7036035511869246725,11.9,5.537922423127045,105.31145432178006,92.85887355584082,5.05595759918504,121.62117476108972,44.727442590215375,12.492677290091175,148.38801526173157,66.01484809584937
VIDEO_7439661735742557472,14.966666666666667,692.8729952384615,132.52443287037036,58.77227768132716,285.71772177304865,149.2373254243827,25.208224344135804,318.35075809742284,149.14812017746914,24.47031394675926
VIDEO_7441958558054337825,9.433333333333334,277.3552034948381,123.51456356095679,84.43913676697531,313.2407496216711,121.31896508487654,94.15597222222222,242.77578506931047,132.0564211998457,74.19870129243827
VIDEO_7598953535165959426,8.533333333333333,481.0566935002351,163.82629448784724,60.34470486111111,402.7928059579167,171.2118728298611,55.105053168402776,498.02160692059437,166.755849609375,57.57552951388889
VIDEO_7213053350290459910,7.666666666666667,11.581696840922037,115.12551432291667,31.087064887152778,170.76583632812498,181.27337022569444,34.469495442708336,392.85193173639743,133.28500108506944,88.12384006076388
VIDEO_7357646734354304289,12.033654007307344,102.53699256659615,150.62205150462964,98.55410879629629,6.629074869758177,109.11125530478395,94.25282021604939,558.9125379194073,148.0480965470679,88.52968267746914
VIDEO_7159621444312288517,12.84,86.04780623435421,130.32815479285838,41.33100082336627,54.03387417870203,172.10799423643613,45.708752600104006,214.8918085716852,159.65785556422256,68.46974887328827
VIDEO_7520640970199698710,10.666666666666666,1732.4143140553756,142.04016621907553,52.55503167046441,815.7119112344874,139.21232435438367,56.442725287543404,,,
VIDEO_7286863155026808096,13.066666666666666,2228.870178961096,146.91747721354167,86.48506944444445,508.80376080175205,219.9266286892361,16.28805447048611,212.84833495905372,164.26530598958334,67.136220703125
VIDEO_7225641498249891099,7.3,447.05098120147335,63.47961564429012,115.99352044753087,416.27953999333755,66.5934408757716,112.2329402970679,424.8053104021656,70.44519483024692,110.01118393132717
VIDEO_7457582868370296096,11.84,332.42670523626293,225.58492766203705,7.9692732445987655,32.99240899591689,103.52337432484568,111.33759307484569,259.32260363752766,127.44556182484568,97.74336853780864
VIDEO_7071521897082621189,11.533333333333333,1087.413672678619,135.83494683159722,48.567723524305556,54.40720373574598,198.78112413194444,20.145123697916667,6.045958085800689,200.0073882378472,27.336422526041666
VIDEO_7329560864518901024,12.16,246.7133048355805,165.24889322916667,74.83630208333334,238.30137683230845,158.78418885030865,67.52522328317902,310.9963449725553,145.57006847993827,78.00311583719136
VIDEO_7356608348030012704,10.566666666666666,201.13202594390788,53.442158082561726,68.2317896412037,164.2162316730394,44.55454137731481,82.41258680555555,79.67151620302553,2.5400477430555557,49.27431520061728
VIDEO_7206342637316607237,7.340674007340675,67.04672627934004,146.52891830632717,68.90972366898148,55.83391877441198,139.60590856481483,68.94618441358024,0.0,0.0,0.0
VIDEO_7345850735894072609,8.366666666666667,64.21290603644579,193.66149691358024,34.00871238425926,45.64474199459853,197.6974286265432,32.103393614969136,19.999208558583618,197.42661120756173,32.09227189429012
VIDEO_7447835163444235552,10.733333333333333,1645.0846991693074,108.714353773329,118.74337259928386,206.44299124808765,126.09905158148871,97.3359137641059,1385.1174051150374,109.16897922092014,118.3384501139323
VIDEO_7457876496447819030,10.1,782.7962140238444,152.37380750868056,30.778978949652778,1191.7995257973564,146.78524631076388,15.708177083333334,435.3716361701118,165.04077907986112,15.403651258680556
VIDEO_7443846446362774817,12.333333333333334,251.3962400430399,87.89245944552951,25.086496988932293,783.3141801493144,134.64185757107205,52.238118489583336,214.9053483350105,95.00265842013889,21.624857584635418
VIDEO_7064489288125189382,8.566666666666666,135.8444921874953,161.64749782986112,58.99297092013889,267.98878254168005,161.30297200520835,59.093760850694444,271.7789008205543,161.284501953125,59.203487413194445
VIDEO_7204874673367125254,14.3,46.06639946125055,114.48702256944445,60.31291232638889,9.384276131240231,124.00464409722223,44.60345703125,16.376572239486084,145.71030707465277,25.815467664930555
VIDEO_7080545682058169605,9.8,44.97513128642212,125.29123914930555,86.41981662326388,83.31496044005877,130.22131727430556,75.05449652777777,115.39881257115,110.87022243923612,72.73347222222222
VIDEO_6944298636553604358,13.0,512.1776660729033,110.3336673312717,94.34572177463107,184.37761345677893,114.27802022298177,143.48724704318576,115.80413928393126,134.3821987575955,131.5458001030816
VIDEO_7159544328061275397,7.707707707707708,319.5548122826458,74.79119791666666,127.41072374131944,327.0917545178625,96.086689453125,104.93765190972222,311.5984331967907,92.96946180555555,113.15022026909722
VIDEO_7282663509505133856,11.266666666666667,422.14707729763455,161.58251639660494,48.47202015817901,168.43062239572146,144.8844241898148,64.51813802083333,160.93748556144098,140.08129243827162,108.30623070987654
VIDEO_7318832237842156832,7.233333333333333,146.05713758680557,3.7845572916666668,250.35022786458333,201.41223741319445,3.5909537760416668,250.85128146701388,136.92521137986245,122.56814344618056,64.87471788194445
VIDEO_7187448552354794758,13.733333333333333,2050.2692192682057,126.46646796332465,98.713624742296,279.59181721710866,118.85623508029514,94.60303582085504,213.94590032553407,120.74155002170139,90.71107821994357
VIDEO_6893888228848389377,8.586679043861684,113.29278824665505,150.01895447530865,86.814375,440.2078181929642,139.34634066358024,109.5328800154321,122.56964036806257,132.61944058641976,92.20924575617283
VIDEO_7128322715894729989,8.733333333333333,2029.7295580090306,110.56075541178386,110.28531392415364,757.3846799002754,127.36169094509549,85.26538425021701,0.0,0.0,0.0
VIDEO_7560707094018542870,14.3,226.39531279272217,137.73703850640192,88.62854682074652,278.5507185107275,136.08624437120227,87.47918870713976,0.0,0.0,0.0
VIDEO_7293176268361665824,8.433333333333334,435.70007347608026,51.04552517361111,59.561435546875,487.96157828012986,51.86616753472222,54.06990776909722,563.6223510798407,61.20623806423611,44.25190972222222
VIDEO_7563724139240885526,8.433333333333334,36.58671569759544,8.833387586805555,106.06793721516927,8.092210549953174,12.378504435221354,49.40499030219184,134.37882147894965,1.0118476019965277,0.007802327473958333
VIDEO_7204870147855748357,6.2,589.6055468532232,127.02421199845679,100.79219328703704,60.71104078712946,119.5516623263889,93.9853091242284,525.7351009917409,97.54190827546296,104.86613136574074
VIDEO_6864458828012899589,12.830508474576272,5807.272845144779,127.7805150462963,66.13838927469136,2889.156797434499,123.19997685185186,75.09956597222222,3063.4409107965153,126.4575636574074,75.25086226851852
VIDEO_7179637090932509958,12.8,135.00175481675177,132.14786410108024,27.010405574845677,120.68707807272243,143.66509500385803,34.934753086419754,0.0,0.0,0.0
VIDEO_7019559155425955077,13.8,29.185802828034753,110.46050347222223,116.14154561360677,1672.2612549759604,110.78060574001736,61.51353793674045,1669.429716219479,151.3721923828125,49.83623758951823
VIDEO_7095777172513721605,6.533333333333333,185.36852319902843,149.691259765625,45.12489583333333,162.94669603661433,154.73825412326389,54.70523220486111,168.57515831133054,142.09844943576388,59.05406792534722
VIDEO_7252271385467161882,9.1,131.95372781634967,82.15207658179013,92.0377946566358,191.6983143503634,93.9794849537037,77.01274884259259,304.5078948916663,72.67678674768518,109.97776331018518
VIDEO_7162123924233358598,8.4,236.35661457421574,131.99816080729167,44.83539822048611,284.63231878321966,141.34545789930556,40.82781358506944,356.06056487391794,145.50572265625,56.58336046006944
VIDEO_7299132149167361312,8.666666666666666,374.3401278321431,163.1300922309028,46.31661783854167,751.4521525730547,158.29857421875,41.30546657986111,265.3005833485874,158.656669921875,52.70010416666667
VIDEO_7205961411942468870,11.741935483870968,393.56112018709723,106.57816116898148,124.15790750385803,30.623840158832948,65.69214313271605,141.62771846064814,55.132629211296475,184.03459249614198,45.72054976851852
VIDEO_7493248933460741378,13.2,376.5030217878447,149.86900282118054,96.84700846354167,500.01553375786204,170.05691080729167,63.02352973090278,388.07474264351055,153.01591471354166,88.83412868923611
VIDEO_7454985264952266016,11.32,221.74338733797543,183.76949025848765,29.03660686728395,178.06721739969134,155.98435474537038,29.839740547839508,49.55626494791978,129.70408613040124,39.10646942515432
VIDEO_7059302103713402117,13.813813813813814,112.05628255200799,129.24846028645834,155.7009375,137.29347822905646,126.30204535590278,107.32462673611111,265.0263734941647,133.40737630208332,95.25236545138888
VIDEO_7201892299112992005,7.3,338.7274983723498,171.22045050726996,58.67165289984809,331.1350487567869,170.5231408013238,58.07252671983507,387.06878103018903,170.60570102267795,53.20101759168837
VIDEO_7187830945658031365,7.1,2.055007654446347,168.1984368569959,50.25192451131687,20.05602612190822,119.28681455761317,82.23889724794239,22.18506357479552,133.28781635802468,102.50192322530864
VIDEO_7447512835350859040,9.766666666666667,553.5886786496583,106.91912333170573,82.80711025661893,678.781314842607,115.641355726454,104.86873881022136,867.3784890551276,62.56132337782118,166.6698981391059
VIDEO_7041969079246245126,9.542876209542877,1141.9266573445343,156.1675802951389,64.68767469618055,581.4154519311398,156.96371744791668,68.83586697048611,631.3619075059254,156.38148980034723,78.83994249131945
VIDEO_7496799936558796054,14.716666666666667,1868.9132247871034,114.94092110339506,97.9313917824074,983.0979799513243,158.09450954861111,64.19710792824074,941.7064867759112,127.42895206404322,91.56838927469136
VIDEO_7077597321667546373,13.966666666666667,242.87329053713216,135.16946750217014,81.76555718315973,81.79436675838286,146.00072733561197,54.744691636827255,545.1984811138885,145.91614786783853,45.65126715766059
VIDEO_7041273346830454022,8.266666666666667,25.368119818733337,172.41883511013455,68.50142754448785,53.744383034787866,122.5726826985677,83.22874789767795,67.17089324193593,144.55147128634982,94.60543823242188
VIDEO_7561497104322022667,10.8,1398.1000571581758,64.52767361111111,52.553287760416666,897.7928895991278,63.32684244791667,51.877048611111114,898.2222230845027,64.06853515625,51.360317925347225
VIDEO_7063459529668742406,10.0,340.90101057348255,134.61838324652777,37.744060329861114,200.14077072519254,164.02435872395833,22.052718098958334,50.6530338383239,143.90413519965279,48.270250651041664
VIDEO_7345753568462261537,14.033333333333333,175.1937182730969,179.3659688464506,34.91328510802469,220.52027680181786,203.6430791859568,20.838152488425926,220.66283710423897,206.21055989583334,17.39263647762346
VIDEO_7217463144069844230,10.24,303.9610619055521,134.30300055609808,58.541469997829864,556.6927324781557,131.33327907986111,69.73686048719618,52.642720094146085,170.6691691080729,60.43372599283854
VIDEO_7606001119243881750,9.166666666666666,284.03134835337363,139.74245997299383,126.2953694058642,173.27310089601372,157.78926697530864,72.53090084876543,3.389413579352922,147.45834249614197,137.10397183641976
VIDEO_7530943991257386262,7.2,568.0841849209423,75.92934220679012,74.05168306327161,612.799477137313,79.54904079861112,78.35760223765432,660.9122580525093,79.70438126929012,82.70419994212963
VIDEO_7012661937477537030,14.206896551724139,978.6097532285961,115.80839883937757,87.75730613425925,800.6032343137359,144.79070617926953,68.23036024305556,771.1737906164267,132.67642425411523,95.86364293981481
VIDEO_7535123405562006806,6.2,2012.4362017141564,118.35828703703703,105.20482108410494,1081.89290494704,116.72901813271605,104.71304205246913,2.080040470545053,138.63096836419754,96.2373013117284
VIDEO_7455305851092389142,10.7,1267.3571223777299,163.76948676215278,0.0,1446.3652788021782,165.60867296006944,0.5623817274305556,1512.1057462387605,162.98351888020832,0.5821484375
VIDEO_6876369843591941377,12.4,60.80073676745161,249.37491319444445,3.131876929012346,1265.1889233595655,165.37440200617283,42.68863811728395,1249.1607503415921,165.8564737654321,42.610719521604935
VIDEO_7491322585624349974,10.377043710377045,410.57873034208325,119.04855902777778,98.19224175347222,249.62089912786482,139.72349609375,81.30615451388888,302.9824402347129,137.82531358506944,81.76501302083334
VIDEO_7133481707449142533,12.066666666666666,102.57344166062668,152.32879977756076,68.9599117702908,2434.0187062606597,140.98966640896268,63.468880547417534,562.5670212528605,140.97091505262586,92.55374993218317
VIDEO_7198189694750838022,14.8,209.57170508383686,137.45922984182099,93.40544560185185,96.96672775451702,125.41173852237654,117.16946952160494,132.76455468568946,153.70848765432098,88.12731867283951
VIDEO_7476157177149803798,9.433333333333334,1525.924725235833,140.42510308159723,37.820849609375,532.1492437976967,139.20629448784723,38.30143120659722,467.7356589347827,127.34754991319444,71.60574761284722
VIDEO_7108997263912979717,9.50950950950951,2641.1831515481076,101.23716735839844,182.7639363606771,1416.8671169085053,118.47183905707465,130.0931108262804,1248.5980887793717,120.92633565266927,120.89883083767361
VIDEO_7345543122400726305,14.1,51.358904317965205,0.6564506172839506,10.325142264660494,1032.7481644167094,71.68784915123457,213.6471450617284,49.84909041974103,2.3703621720679013,138.90199074074073
VIDEO_7559557230903774486,7.133333333333334,37.36875142013179,0.30596561860940696,0.0,20.804959082003112,173.5436655021586,36.591676607589186,65.82328445237086,159.59773879516018,50.651746407066575
VIDEO_7350708094302735649,13.24,222.66669897726976,191.58260464891976,30.991725019290122,189.23731332953088,147.39443335262345,75.84556375385803,423.8966344191162,140.71454764660493,78.8517399691358
VIDEO_7532382235463339286,14.133333333333333,168.06848771510258,98.74615648057726,97.97085401746962,153.42587210210098,99.45087178548177,47.04195658365885,251.83766481907819,121.05203586154514,52.72536383734809
VIDEO_7468323433714126112,13.466666666666667,751.6401971548818,132.18260802469135,45.24695842978395,646.9410637778954,149.018576871142,33.87981288580247,308.7744145097414,125.46509645061728,51.866595293209876
VIDEO_7078216427131473157,8.641975308641976,1489.4061706020138,134.00248548719617,106.76245795355902,1030.1034401334982,132.54436916775174,112.36151462131076,1084.4145495849461,132.5547841389974,111.45295715332031
VIDEO_7589754729350155542,14.133333333333333,2509.0711157840537,103.89606288580246,143.58677035108025,1251.786430844254,72.90944058641975,141.81305314429014,500.4596485781237,73.87569540895062,106.56069058641975
VIDEO_7058664802880589062,8.6,863.5088213277452,141.6739959716797,80.16910298665364,635.0529304771787,154.96012369791666,80.22186957465277,1104.1847192841915,119.91013590494792,95.7954593234592
VIDEO_7162174902865251589,13.6,302.7125230123433,182.36776331018518,26.605220389660495,165.34617956955634,67.9030965470679,42.57243682484568,110.54500239263929,173.5235792824074,18.864904513888888
VIDEO_7322847358646078752,11.3,559.791848870656,118.52832706404321,119.32659529320988,401.5394910707825,126.3310088734568,106.66345052083334,238.26840374696113,120.58161313657408,110.78099247685185
VIDEO_7296501143700606241,11.8,163.48739581727287,129.5959343959344,75.45373594748595,154.80930453104085,138.61853343728345,77.04955532455533,231.9427881060013,145.24018008393008,75.6547586047586
VIDEO_7325106846744743200,13.1,526.3093614968986,153.54797309027776,66.46253327546296,127.82215275542801,158.16520881558642,70.32808883101852,0.0032503858015388637,1.0012808641975308,254.7278838734568
VIDEO_7196711667420384517,8.466666666666667,150.8366399605938,95.0526740933642,180.40834731867284,145.90694598041682,88.35807291666667,180.20530478395062,56.58913912398517,101.54221016589506,185.1671696566358
VIDEO_7452742967695002902,13.733333333333333,1628.0368271026564,120.22423828125,117.7650466579861,1225.137319588819,113.44095269097222,123.84746310763889,1204.4059655081855,123.81061848958333,138.6376019965278
VIDEO_7192298503878577413,8.266666666666667,186.56243103084813,132.46302758487656,87.9905536265432,88.64522277799566,164.31926408179012,74.03187403549383,88.42432574286978,175.20985677083334,58.544747781635806
VIDEO_7365841944318086432,11.133333333333333,1.6494781603503417,189.50147858796296,10.735455246913581,33.99223860989283,127.64310329861111,66.9779615162037,5.237841611469666,126.02817997685185,77.38307918595679
VIDEO_7308758430318071072,8.4,280.1074266912757,113.43888937114197,21.82982349537037,297.40189846669176,114.94026572145061,15.846719714506174,181.78620322145036,16.571370563271604,21.877755111882717
VIDEO_7514700901009886486,6.066666666666666,269.27977860692914,139.87697771990742,50.75101032021605,253.01782541360996,141.1142722800926,55.54701244212963,756.946865807538,140.9717009066358,56.0731958912037
VIDEO_7537707440142454038,12.933333333333334,148.55622745719222,125.15170796712239,79.44494289822049,396.05036172392363,173.51169162326389,40.21846008300781,0.0,0.0,0.0
VIDEO_7070907935722917126,11.3,569.8949398411478,138.37472873263889,88.7042253282335,314.7172383643014,118.96985371907552,133.28289794921875,532.1019948134975,128.85347493489584,76.94764879014757
VIDEO_7322488817968041249,13.6,192.06627121859995,102.51361786265431,149.31960551697532,160.79726562495438,136.16416473765432,111.19241994598765,302.28949927688456,139.38182725694443,110.50857494212963
VIDEO_7453069595327384865,12.4,146.34041232344546,123.28085503472222,126.96138237847222,107.45911129607094,129.8145334201389,119.7449197048611,98.16327907986111,0.5479871961805556,0.3121842447916667
VIDEO_7593664206210157827,6.133333333333334,19.224505830658703,152.8235328422345,44.08049672600777,24.02185692347378,154.55999590750972,49.16459330877839,0.0,0.0,0.5176181706568447
VIDEO_7335855508873694496,13.5,480.48192775379704,119.87508969907407,124.41158998842593,687.0447477204311,127.00738715277778,111.3787070794753,627.1658205593858,128.08959972993827,94.22403115354938
VIDEO_7317664309432077600,13.0,337.4139954305346,121.68960696373456,82.24553674768518,371.6606095644397,117.80500434027778,80.63229166666666,234.53733675459156,112.0266087962963,103.25999807098765
VIDEO_7471251146288418070,8.56,17.623906841591477,100.82276099198614,50.905226269763915,650.8777340106014,140.66788837448559,44.940459511046136,4.176634557649543,167.7309400043318,42.423807396577864
VIDEO_7587134900852100374,14.433333333333334,91.90754581107356,6.827336033950617,129.95821566358023,50.18445553540004,103.58307725694445,73.66663773148149,40.104197038452305,13.072776813271606,124.13578076774691
VIDEO_7479068329584364823,11.733333333333333,148.86618288613823,138.85328317901235,50.733324652777775,264.69472406009675,129.76747299382717,101.01099778163581,209.5245015015595,139.63175009645062,93.26233603395062
VIDEO_7061663961090936070,11.233333333333333,299.5069856354702,145.84386827256944,74.60981553819444,244.0477532760609,145.54075846354166,62.24776584201389,243.47754686007562,145.91096571180555,61.1883203125
VIDEO_7568852433271590146,14.1,610.7554352870987,114.56170823838976,94.20364549424913,749.6937966022847,109.95358276367188,42.297605726453995,634.2827587333611,109.36798943413629,105.18178304036458
VIDEO_7349173304613162246,12.84617951284618,40.62140779728127,158.912594265408,65.04312133789062,19.603705239470727,156.60323927137586,74.96640353732639,11.497338169691282,160.8172641330295,74.74352518717448
VIDEO_7569206708090850582,13.266666666666667,1322.801496639744,109.53740098741319,149.12794833713107,2291.342339215409,107.834962632921,153.51996866861978,488.57091820860904,92.15847608778212,159.04864501953125
VIDEO_7566676756199951638,6.766666666666667,611.3472966816576,108.01400417751736,152.4860551622179,855.1940495663605,105.19781663682726,143.06329854329428,478.08274832256365,111.70908440483942,154.13228183322482
VIDEO_7391879654983912736,12.466666666666667,1313.3551470820282,124.11582802854939,121.5976490162037,702.060885885412,104.22065827546297,135.5783101851852,955.9171570549271,101.73770978009259,133.78737316743826
VIDEO_7250141865645788443,12.178845512178846,25.325806804110794,149.8523119212963,68.5641155478395,45.083358883163015,164.0804615162037,45.31857108410494,154.4208855405266,143.50447868441358,76.4484982638889
VIDEO_7597116010528902422,14.58124791458125,80.72147243923494,159.51835069444445,73.79906467013889,62.87469724838705,159.11572916666665,66.38444986979167,98.94745053236102,160.74673177083332,70.90754014756945
VIDEO_7259047429796908315,8.266666666666667,350.1323003034027,136.0837606095679,84.70795283564814,132.24837431468688,128.17279658564814,84.39105179398148,173.03306636237625,119.94830777391975,95.78149016203703
VIDEO_7108626212104178949,6.066666666666666,559.1448335103996,125.92532429245283,76.27530709512578,370.5309802589343,115.15545400943397,92.47364141116353,490.99530044578603,111.2358195754717,115.50706564465409
VIDEO_7429721456851864864,9.066666666666666,2140.5190626676886,129.21837432484568,52.81993344907407,1457.8517651421325,134.57009452160494,54.605998263888885,0.4371103390959228,9.12785686728395,98.74906394675926
VIDEO_7410754655682153761,8.4,325.086786590255,125.27410108024691,111.1838459683642,341.145986816249,124.7644675925926,110.52535734953703,329.5743537361181,124.41900607638888,109.76023485725308
VIDEO_7286486663910542625,14.866666666666667,432.32407407451683,135.42195553626544,131.8946103395062,170.6998508315849,175.59407118055555,67.15597077546296,338.6236318304059,167.98121913580246,91.951807966821
VIDEO_7447956995182759190,12.033333333333333,1439.5529393291567,147.4691155478395,52.966864872685186,419.4074324825129,165.98082609953704,26.3459375,887.3368184808907,136.43173948688272,54.28721981095679
VIDEO_7184831364422814981,8.48,38.38416665520479,123.6407315779321,66.41194444444444,61.81112154527038,116.72686487268518,76.82092110339507,5.476141006750203,180.86657118055555,44.071221064814814
VIDEO_7566941841996647702,11.16,685.3375461242007,126.0226542154948,55.49419148763021,117.94092355829515,20.891343858506943,16.91925048828125,1514.210926272777,137.18621487087674,86.4265848795573
VIDEO_7262807521008635168,10.4,436.98491296001214,117.37837577160494,111.18725067515432,149.52317004730455,127.04509886188272,104.32549816743827,614.1941734182062,117.42534288194445,107.8165017361111
VIDEO_7260420548553887002,9.70970970970971,54.953462048438226,174.64256221064815,45.69325038580247,37.826475091292956,179.59387297453705,44.51293113425926,4.006047932773166,200.2831602044753,38.913777006172836
VIDEO_7007863408129215749,10.0,1187.4645982281068,139.3874247685185,69.96666473765433,109.91474536441663,84.80983989197532,143.62749807098766,509.75282369835946,144.60765817901233,67.69343942901234
VIDEO_7080188060561837318,9.3,89.40345084814379,133.64071146647134,90.87149386935764,110.2186460081074,110.2300788031684,186.08243476019965,195.8129386331995,173.3338826497396,15.414955986870659
VIDEO_7271935381937884448,10.4,168.78852159045184,136.636456404321,118.00485339506173,705.945292573146,139.45909577546297,111.13590808256173,700.4060323869506,133.14945939429012,120.67036988811728
VIDEO_7265677943228075296,6.9,237.85470871699246,108.70201630015433,178.93778356481482,325.43455343274803,124.88647858796297,145.00358121141974,329.5023842592444,127.66112268518519,130.09158998842594
VIDEO_7480938335133863190,7.566666666666666,192.17867397618704,180.73828776041665,44.80670138888889,200.6036480030908,178.36572591145833,44.502438151041666,203.5826801214854,177.82436848958332,44.790073784722225
VIDEO_7598574537407548694,12.2,311.62504623327254,140.27194227430556,49.03887912326389,26.2963808334904,157.264833984375,35.293050130208336,38.258816050719034,149.08405707465278,45.67337565104167
VIDEO_7158447069152300293,12.8,334.78964739716713,51.22083670910494,56.568637152777775,19.243429774081356,93.9275675154321,102.34712094907407,0.0,0.0,101.9203125
VIDEO_7125076892729756933,14.133333333333333,1041.7184797260602,135.68728298611111,33.125209418402775,561.0927354460811,132.01702256944444,35.80031467013889,933.3181412164712,133.422880859375,37.556728515625
VIDEO_6896455617523813633,10.266666666666667,541.4388610953337,164.3374826388889,46.557874228395065,463.48657214342074,166.28056712962962,44.261755401234566,280.8766906466679,150.42375192901235,72.58638117283951
VIDEO_7495849453228657942,9.92,278.9991513835954,158.5007634066358,71.51850742669752,124.95912036667814,158.0927165316358,77.03161313657408,0.22677082722981773,65.90337239583333,48.46660590277778
VIDEO_7101649191662882053,6.333333333333333,325.5781249988502,117.38907877604167,77.53488498263889,151.20193949649627,119.02590603298611,91.87374877929688,132.03482053915246,115.94056701660156,95.96871270073785
VIDEO_7320909330314775840,6.8,174.70164805379042,116.23712046682098,128.98074411651234,190.4754647552774,117.32696855709877,126.84630931712962,189.75911480941713,114.84727237654322,129.8444174382716
VIDEO_7064507087086161157,14.266666666666667,245.36581131602628,113.58124240451389,127.04477973090277,645.145144645785,126.77438693576389,102.2289453125,168.80694750653373,103.31312825520833,126.14280815972222
VIDEO_7528439846218550550,14.556222889556224,81.3974724785194,43.3816478587963,45.95167341820988,106.58599681223988,43.25900077160494,45.607393904320986,106.67606430919119,43.36086564429012,45.11595341435185
VIDEO_7307971449870994720,7.533333333333333,1027.5261688177982,143.660166015625,53.943675130208334,163.218940932361,171.96314995659722,34.11727105034722,28.809891492886013,156.52889865451388,61.911943359375
VIDEO_7476765597204860182,6.866666666666666,805.7519221070655,117.5026277970679,75.29786024305555,444.3117996159306,117.71725212191357,84.58778742283951,379.56440633705466,112.32310233410495,94.25983699845679
VIDEO_7453132168940915991,10.533333333333333,627.1490843539343,120.88237413194445,21.898590494791666,1089.8544757713212,138.34434136284722,62.46186197916666,616.2662054218139,138.74097113715277,96.94591471354167
VIDEO_7590718903144287510,12.76,88.64304037174435,118.0393074845679,67.65783082561728,86.70955516150622,65.2918287037037,87.03608121141976,106.27245216078943,54.54150366512346,90.75990258487654
VIDEO_7291300657355689249,7.0,597.959847915036,158.9130221722365,62.05048646815196,564.9264620733101,152.71233308340473,73.72994412310769,622.5262315620171,151.74044558697514,65.92352809911453
VIDEO_7298756408994991393,9.10910910910911,284.0335648619089,151.85534239969135,43.08668016975309,221.12332870599192,126.71167390046297,92.35968171296297,313.8891145457494,136.37984471450616,85.17290557484569
VIDEO_7176635190469512453,12.4,121.84730563711973,187.55001253858023,3.141154513888889,125.41990887142414,154.72767843364198,8.368602912808642,0.0,0.0,255.0
VIDEO_7319513643534568736,6.766666666666667,244.2094234158263,110.60033323688272,116.15392554012345,235.70462570585235,123.09133391203704,118.62229214891975,272.39668506286347,139.41470052083332,82.78081452546296
VIDEO_7251996103178997018,10.833333333333334,431.39320997716123,115.06468460648148,133.90773003472222,163.99102520861817,121.73775655864198,110.04346498842592,251.59612672204446,115.20308352623456,72.19858699845679
VIDEO_7581205344420924694,11.7,355.32137886963426,154.91809124228396,27.51314380787037,283.62582946053965,122.90299527391976,102.91115065586419,450.7040518734779,116.41124421296297,120.89857831790124
VIDEO_7063121025394855173,9.2,439.9206283866035,157.15733072916666,68.53103081597222,244.17812386448117,197.90581163194443,33.855799696180554,143.92618174641927,182.728984375,54.21865885416667
VIDEO_7304693853758491936,12.68,2058.8008277035865,109.83951871141976,99.08343557098766,829.3566955432439,115.57580198688271,120.7541550925926,277.4265899866656,124.30090856481482,111.74656298225308
VIDEO_7176917454893911301,7.8,89.60049863738851,172.59801697530864,62.871019000771604,142.81398485301455,119.21556327160494,108.6527237654321,76.19448727528136,178.37166618441358,47.078567226080246
VIDEO_7171449726158589189,6.583333333333333,538.3029068990625,197.73776258680556,43.19984157986111,800.6791275625535,171.560693359375,52.926435546875,855.2897396610107,169.65759874131945,53.56417751736111
VIDEO_7478407463675481366,11.578244911578246,824.3959820233285,110.65973578559027,91.58467271592882,351.0344756473011,108.07119411892361,138.70570712619357,274.91824976603186,106.58914693196614,137.07344733344183
VIDEO_7254929536557567259,11.6,609.2956069634332,114.25888129340278,115.05878038194444,621.5733026950401,122.84447916666667,101.27324435763889,696.6635381252984,126.10023546006944,101.108466796875
VIDEO_7132514036276628742,9.676343009676343,601.3262871953881,128.55061197916666,69.910302734375,934.3021167070732,128.97932074652778,61.63796223958333,925.7124231824334,128.66897243923611,65.04340060763889
VIDEO_6930236006654364934,12.133333333333333,784.7658142137249,153.47762152777779,57.599564043209874,304.9331867015102,178.00373842592592,35.51025848765432,1389.8650452579302,137.59904128086418,79.66445023148148
VIDEO_7073906588079246598,14.8,203.93336802152942,167.3286773003472,61.23053927951389,1149.2864679316754,152.4479047309028,53.936366102430554,1652.364330444336,72.27859375,168.68406575520834
VIDEO_7597422827196763414,9.933333333333334,16.075210727769907,134.7823683449074,57.532187982253085,308.0737677952168,159.99327546296297,44.34470920138889,564.598569636072,156.6794000771605,44.297853973765434
VIDEO_7319092525329829153,14.766666666666667,0.011381172839506173,0.08895929783950618,0.1259259259259259,31.301954567520706,148.67309702932099,51.88598234953704,29.403839216718428,147.65483506944443,49.12630497685185
VIDEO_7127182082568113413,8.966666666666667,471.37236227943384,131.78485785590277,22.709943983289932,188.85142068578403,133.7260453965929,35.66234164767795,167.67705112030833,120.68178812662761,47.18324618869357
VIDEO_7475642830430522646,9.666666666666666,5143.516047679642,141.1454568142361,35.971340060763886,1854.6704892469324,134.13685872395834,36.202708333333334,1838.0228931657284,151.11850911458333,27.449071180555556
VIDEO_7327333280297127201,6.533333333333333,562.5925412151149,132.6680685763889,69.031572265625,474.61628487678695,132.39051432291666,92.61391493055555,482.02172890986213,124.55661566840278,105.1057421875
VIDEO_7478735064881237270,14.1,327.61838840173675,116.95973307291666,131.09164388020832,161.8504004220421,94.44041449652778,76.58831380208333,77.60701387411989,132.08624131944444,80.11998046875
VIDEO_6919872357288971521,14.586014586014585,1371.491473789005,146.42821587456598,89.79889085557726,252.09950366642695,135.99998474121094,58.540284898546005,477.603138178541,148.8037312825521,42.204616970486114
VIDEO_7066474035613388037,13.333333333333334,31.306963973203118,173.614423828125,55.889796006944444,122.54144202752643,144.85581163194445,61.59899848090278,48.44729206270642,141.2491677517361,61.95142361111111
VIDEO_6927547229486058757,14.620689655172415,755.7802871732251,171.67343171296295,71.77237847222223,324.3782561192558,173.2683024691358,60.04970100308642,357.5634499380178,167.80656442901235,55.61724344135803
VIDEO_7290947930108857633,7.207207207207207,609.3654741712487,141.93824544270834,65.62793619791667,151.12231987619285,133.65395073784723,59.29735568576389,146.08069661034477,139.38353732638888,87.52518988715278
VIDEO_7473874393719000342,8.274941608274942,241.50793113363042,136.597762345679,55.605169270833336,200.9670144651776,134.283125,58.99024787808642,224.23195263785718,137.3949647955247,57.76366657021605
VIDEO_7393316600922885409,8.733333333333333,135.79985923172853,127.99515480324074,89.40612123842592,306.7406150040375,87.05846354166667,89.71126109182099,43.94131920153085,123.5842404513889,77.90069589120371
VIDEO_7449430237114404128,9.08,304.9302791748857,217.2722659640842,18.58621554904514,26.077533289373356,186.93744235568576,43.63265482584635,237.98232392469754,122.47196282280817,80.06639438205295
VIDEO_7471289820795374870,6.0,326.2176985059656,138.7270746527778,65.66188368055556,661.7411554262502,135.78325520833334,66.59844835069444,412.10469939803966,134.30579752604166,64.75596137152777
VIDEO_7320606856995523846,8.1,1306.3978454379458,139.65418328179254,55.008177015516495,303.0946707434745,162.32369316948785,52.563995361328125,27.557232456799184,156.9228803846571,54.95005459255643
VIDEO_7358723892992642336,6.766666666666667,534.5753168147974,135.9807990933642,99.16820408950618,522.3436226800911,132.08991078317902,97.58415075231481,497.78118681389424,129.49093605324074,98.02191261574075
VIDEO_7242719682128530714,11.333333333333334,314.4948683850022,124.52403597608024,74.94797405478396,47.222460929540354,120.25142602237655,40.50466435185185,30.376124096389212,79.24691984953704,152.42965084876542
VIDEO_7253425216984976667,11.033333333333333,442.95337436419624,129.98445746527779,37.0698365162037,430.7189780987494,127.49058690200617,41.24905767746914,246.6018105575636,131.9473259066358,41.69665171682099
VIDEO_7332928025517903109,11.52,76.59685590310183,178.22066073947482,37.30303276909722,82.73646182318242,190.55337185329861,36.06473626030816,93.69030409958214,183.96116807725696,34.2258046468099
VIDEO_7264519435086466336,6.933333333333334,368.557237731235,144.10784673996915,79.67128616898148,326.23915218633954,132.43309220679012,93.78263695987654,429.65907793053503,142.42817611882717,100.33165702160494
VIDEO_7354275810578140449,14.6,227.74381413964167,106.11923177083334,115.29432050540123,320.43602362773856,104.96978732638888,92.3880999228395,428.07879046299774,116.64798755787037,67.71560667438271
VIDEO_7192172787723783430,13.0,642.5076278787672,96.3725119357639,170.72754231770833,206.8271500567966,166.603466796875,62.7255078125,22.723053352186415,71.84364691840278,117.4797482638889
VIDEO_7111379317900332293,7.466666666666667,386.4975749977853,121.65980794270833,88.86983506944445,303.052544226657,128.97208333333333,90.2471896701389,419.2405487738715,135.86867947048611,83.32314127604167
VIDEO_7439269165111725345,9.042375709042377,295.1440287484005,166.42424527391975,42.92955729166667,64.60326531138456,185.68817226080247,33.4953409529321,43.15715952911168,202.1459157986111,38.6075887345679
VIDEO_7604808799404264726,11.3,1558.4807099000448,110.28204006618924,173.3030768500434,2650.2232951492642,106.39181009928386,130.65024990505643,3800.2125287642702,107.98171657986111,129.60861206054688
VIDEO_7298264093100674336,11.5,0.0,0.0,0.0,0.5847916666071292,8.799466628086419,9.935664544753086,3.2173803997461325,76.80149257330247,83.66306520061728
VIDEO_7334734613429882117,12.1,801.7791244692202,162.6397969714506,50.49094569830247,247.59415561162493,165.25579378858023,52.188773630401236,0.0,0.0,0.0
VIDEO_7262465807949647136,7.666666666666667,38.27875753588147,137.81529296875,123.85083984375,63.045251628729744,149.82198350694443,121.99896701388889,227.7453797605114,115.00801215277778,66.411884765625
VIDEO_7516624091097337110,11.0,295.05159533499557,171.22403632269965,73.93651665581598,14.827060264558245,158.42584228515625,98.66681247287326,190.08293163758,178.2153778076172,64.93189324273004
VIDEO_7587308013363449121,12.733333333333333,855.0911108681975,43.65008921682099,125.07315972222223,501.1826570573637,41.055886863425926,113.88053385416667,614.5997810026182,40.987814429012346,102.97361834490741
VIDEO_7084890005491010821,7.766666666666667,281.24162270334034,142.00727864583334,84.11453559027778,521.5818684623812,144.5739507378472,72.15318793402778,296.37281242411933,145.69336263020833,66.545537109375
VIDEO_7467520617160396054,6.1,717.921042381144,130.7194704861111,67.10471137152778,727.9018396415698,150.9031401909722,56.785159505208334,3365.8314745432426,152.74955729166666,56.75423285590278
VIDEO_7178804187403259142,6.142857142857143,1.2430063590195244,148.60903645833332,0.0,27.462464305902916,140.87336757330246,77.01462046682099,22.12100983661965,138.7474286265432,79.03902970679012
VIDEO_7262728753778822433,8.692025358692025,1175.499541570141,130.06224488811728,94.09324556327161,108.4339678918565,125.73378279320988,114.4075,511.61499710386835,133.8403018904321,83.45565682870371
VIDEO_7487328540497628438,12.233333333333334,489.5740299430941,135.766337890625,99.26097873263889,439.5888092949467,146.01072374131945,36.59660481770833,315.46501838867636,165.72329210069444,48.024577907986114
VIDEO_7275592243086478624,12.1,1.2280020234514821,127.15961033950617,65.78745659722222,1.8077763261287754,135.1512466242284,75.50891107253086,148.91539373178134,102.95615451388889,153.86099922839506
VIDEO_7526570162976328982,11.378044711378045,0.0,0.0,0.0,164.45256606515431,114.53194492669753,72.40235580632717,157.75921023293952,120.54648389274692,71.40231240354939
VIDEO_7270111755886415137,9.526192859526192,3.349138212355672,129.7423861882716,81.89633150077161,3.152113715238474,131.92726610725308,79.92814332561728,3.247747877817571,134.220703125,77.99231240354938
VIDEO_7393953054967581985,6.5,831.9273570680404,121.970390625,118.22003520447531,438.6307806809244,123.89911458333333,116.19733699845679,303.20869694120563,125.003515625,115.24266396604938
VIDEO_7565230748026899734,13.0,184.33062095443154,150.28901427469137,41.87687114197531,112.6220948982898,163.82285252700618,32.81422260802469,231.1962056230375,151.42624951774692,27.841780478395062
VIDEO_7207350500419702022,10.9,296.37372213005455,121.52952883873456,79.80909191743827,321.2652394772263,109.0499927662037,80.6260652970679,265.7823354058076,120.03609905478395,82.79964988425925
VIDEO_7261965250864467232,9.966666666666667,475.14825253263785,113.51339072145062,153.8559620949074,902.4615134495688,113.70913917824075,140.48272521219135,952.9258767047979,116.23566502700618,140.33432291666668
VIDEO_7545851939586723094,10.033333333333333,905.8536167949911,113.69687741126543,114.76553096064815,595.0504393057364,112.8814202353395,115.80583140432098,841.3930038589176,112.8740764853395,116.22591724537037
VIDEO_7425965869924142369,11.416666666666668,0.0,0.0,0.0,419.2554397677198,109.00865451388889,136.85774257330246,,,
VIDEO_7208566584535764250,11.28,428.5710685649165,147.69601996527777,29.23758487654321,523.542222880226,146.10923707561727,40.4463671875,254.09465994400819,131.25606240354938,25.4444246720679
VIDEO_7440465091817999649,11.7,93.45831018172366,125.97930652006173,81.66172501929012,396.084135233961,140.55234809027777,79.6791333912037,850.1494410618724,142.87607060185186,74.45025270061728
VIDEO_7081323710442917125,12.0,179.34064885675875,152.7060036892361,89.86876736111111,248.9179261102453,163.05056640625,41.335791015625,490.0329640257929,128.6844650607639,64.77819227430555
VIDEO_7494230009050139926,7.533333333333334,268.40463414415785,135.93265625,45.06693033854167,263.8338736340546,136.67626953125,44.68292209201389,257.2879882456038,141.45897352430555,43.81009548611111
VIDEO_7062046390570061061,12.666666666666666,927.3035308061897,190.8606448703342,48.44737752278646,299.9736777113083,180.33543395996094,52.10299513075087,42.51696080041843,152.54088507758246,51.359222412109375
VIDEO_7211932492914298118,13.6,215.4908358017712,128.0717047646605,114.22127941743827,47.94629912692842,171.41518952546295,54.659684606481484,32.65677796917174,174.20711516203704,58.725379533179016
VIDEO_7473224176086584598,12.933333333333334,346.7714550674992,136.22901475694445,43.662745225694444,481.53384095933234,139.698828125,48.94995876736111,491.4029243332851,136.78881618923612,49.780940755208334
VIDEO_7384844059896057120,6.833333333333333,863.2667139249536,114.21918740354938,109.84249951774692,17.793094133747495,93.82509548611111,31.316152102623455,17.96019951844648,100.13594087577161,132.69025655864198
VIDEO_7515407893357759766,11.48,817.7154914008247,14.419130113389757,4.974551730685764,1140.0369601779514,30.728834364149307,15.202212863498264,1009.6274661160746,49.741736518012154,21.601942274305557
VIDEO_7311263969220644129,14.36,563.4645591306249,141.39801601080248,74.44418547453704,212.75582994337296,113.46172309027777,98.74240354938271,800.8922304036959,130.36279899691357,82.68124421296297
VIDEO_7185872343988702470,11.16,0.0,1.0,0.0,314.5541621123636,135.67698838975696,0.03363206651475695,20.744905277488776,197.635009765625,0.0
VIDEO_7442737337525669142,8.4,359.9914775720825,134.6316825810185,63.92328559027778,408.4651007366395,135.08882716049382,64.0941015625,395.4549363379032,144.03976707175926,61.22213734567901
VIDEO_7208551637869268230,8.6,487.66584671451307,182.3472723765432,27.185408950617283,656.9710960852622,140.73766589506172,73.23209104938272,5.171342592056757,11.786944444444444,13.911618441358025
VIDEO_7517644986310020408,12.933333333333334,1920.516626187496,129.31808352623457,77.0012890625,492.63742790751706,120.75805893132716,74.31223042052468,0.0,0.0,0.0
VIDEO_7495455289882184982,7.933333333333334,503.5824890046576,96.642822265625,112.26943461100261,447.6789819214516,95.37729899088542,116.21557956271701,419.7648770119737,99.57801818847656,101.92092556423611
VIDEO_7338825965419662598,11.036666,2382.1351185356502,109.72804928626543,41.55469618055555,538.5978465188241,191.53058545524692,26.057822627314813,75.55060099808156,214.410965470679,34.783420138888886
VIDEO_7341346159023246624,11.177844511177845,292.7242900993432,160.24234857253086,68.68719762731482,291.1430140735702,112.58250337577161,93.51991994598765,372.9566378904555,128.3100540123457,76.58537133487654
VIDEO_7200056336321613062,6.4,264.16554971930714,116.92849971064815,104.3375564236111,286.9864322641455,118.65872588734568,103.00074990354938,288.19355370489046,121.39675974151234,101.89875868055556
VIDEO_7461582150937169174,13.766666666666667,583.863427326216,142.26576822916667,111.36874903549382,255.80974264345775,142.28000434027777,90.34451388888888,613.8311912960961,157.41287519290123,84.05648871527778
VIDEO_7076134412487855366,7.266666666666667,261.88955620658663,129.18678819444443,79.57002387152778,131.37575824685626,99.14725911458333,110.58575303819444,113.49393816083271,90.80398980034722,107.99654839409722
VIDEO_7471286673494527254,13.533333333333333,1592.7947397600703,130.84036349826388,42.36143988715278,2581.9579828246206,127.607880859375,32.62584092881944,691.087176772505,145.29797200520832,36.78809353298611
VIDEO_7603273994216738070,11.2,423.78456237739425,83.59256320529514,71.83656819661458,150.8680182298025,2.9795701768663196,237.50692070855035,0.05083889431423611,2.2467159695095487,211.81004163953992
VIDEO_7265326628274752801,6.433333333333334,56.42324893676381,142.2910228587963,72.02638744212963,37.55141155391858,130.64760079089507,40.30319878472222,47.55495755677098,139.63174672067902,30.162416087962963
VIDEO_7557772009510358294,9.466666666666667,479.99153303096864,156.16212914737653,16.17761863425926,328.93072481376305,165.22796682098766,27.00434558256173,843.3730492862132,157.18749758873457,29.969934895833333
VIDEO_7214767845383900421,13.966666666666667,495.1785334721129,106.06392035590278,81.2487912326389,857.5549083505844,112.11458984375,71.09657986111111,795.1589225045841,112.68164388020833,75.06565104166667
VIDEO_7014030961486630149,12.466666666666667,542.7309028004715,165.72274102105035,42.9053700764974,430.2737174618408,97.85065036349826,55.95263332790799,54.32173832526351,75.42961798773871,78.30068630642361
VIDEO_7343970143497653537,13.7,31.0243575597404,219.27629050925927,26.522991415895063,26.46910038961193,214.14751253858026,26.999638792438272,49.31585933129372,137.47788580246913,80.39751109182099
VIDEO_7528398053666016534,13.066666666666666,1742.9602195769596,136.39033516589507,68.87845486111111,804.6407916461253,135.35699893904322,66.3502666859568,1621.2656286578372,125.9526707175926,76.51216145833334
VIDEO_7479158367873748246,13.9,763.885749540251,122.35706163194445,108.99984085648148,137.76956866717973,170.6566623263889,37.72102382330247,697.6887216991764,144.10468846450618,47.593515625
VIDEO_7189927984172666118,7.6,47.83258391031696,143.26648871527777,119.85732108410494,16.90275607239779,146.65891927083334,119.48660252700617,28.7456128735766,133.9670071373457,130.2285083912037
VIDEO_7467185543240109345,10.733333333333333,164.99572751221834,135.7521305941358,92.44209442515432,195.57134298047683,136.35171489197532,91.2724291087963,174.44425781089785,135.771796875,90.54644627700617
VIDEO_7457889721201577248,7.3,90.57621038074234,102.99884645061728,107.44752411265432,78.03967060251584,113.90732735339506,104.77436873070988,57.537386502098684,120.67752218364197,109.47189091435185
VIDEO_6795606002222796037,9.3,123.49816936564294,144.37934799382717,122.95157986111111,78.23032974188371,118.74092978395062,140.45112654320988,118.48351840585885,114.22299189814815,140.10243441358026
VIDEO_7477287305078934786,7.466666666666667,572.8537062751843,146.1452806712963,44.813892264660495,145.87075730611542,148.7954832175926,39.81362991898148,138.94212754270916,155.21286795910493,50.067731963734566
VIDEO_7322502255616314656,10.166666666666666,445.31593032022636,159.7520529513889,53.770452473958336,359.5085958876951,161.34574544270833,77.68529839409722,643.3616199490759,129.4560036892361,92.98783854166666
VIDEO_7468715378743528736,8.76,132.49119762940768,191.3135402199074,35.73183304398148,41.65951147733856,88.29991753472223,59.822835165895064,73.88009862577942,118.29323350694445,62.98694637345679
VIDEO_7375160946618076449,14.12,40.2893509612965,91.64597993827161,61.815973668981485,405.29074361931697,82.27160349151235,89.64511188271605,149.98546151363968,114.91696180555556,27.02998263888889
VIDEO_7329933240775527713,13.666666666666666,2182.082743993806,125.59453800154321,91.16590133101852,345.7144343168447,136.0117081404321,72.2580541087963,222.33200317554355,118.57832658179012,84.62521990740741
VIDEO_7176199071177215237,6.816666666666666,104.94369801452291,80.06586805555555,79.60555603780864,68.94568238808914,79.18000578703703,66.31578317901234,69.54197238917911,73.78050009645062,105.22453559027778
VIDEO_7223410372462611738,13.213213213213214,378.9164317830011,139.59739631558642,106.02953028549383,389.44920661133796,149.7780078125,95.33638358410494,398.9029450822016,143.4851461226852,94.30273582175926
VIDEO_7184460864404229381,7.75,945.248735764564,149.01795572916666,77.58859857253087,815.7919082649115,149.74083381558643,77.1757282021605,851.8935723683234,150.06814187885803,77.2991087962963
VIDEO_7555760932794764566,11.3,1033.080601991945,88.14103105709877,193.1607995756173,142.95943234883168,107.16041811342592,79.24022907021605,303.68869693854043,192.3333950617284,35.194468557098766
VIDEO_7478417820376812822,8.766666666666667,411.300835382909,126.38595269097222,117.62862413194445,173.56752904665797,96.87586588541667,170.66136935763888,253.46453509894005,70.30515625,137.68221028645834
VIDEO_7334381637586652448,8.2,405.7230134004065,167.1946768904321,65.29542920524692,433.8708542146678,166.3054726080247,64.38544415509259,436.8646157155527,164.75982011959877,66.14371576003086
VIDEO_7174022295978003717,14.84,296.14485637057766,154.88464855260878,56.32387978852488,167.45041384607396,184.1526846073843,20.321008840353613,69.0833027638285,77.58008970358814,200.75311254116832
VIDEO_7565890573115165974,14.466666666666667,532.1973072604086,128.86301552854937,28.169828317901235,134.93336127584743,123.45900655864197,73.22432339891975,358.93419073243314,126.25533130787036,37.0117009066358
VIDEO_7390632928780340512,11.533333333333333,93.78888351902285,62.19996141975309,219.7145770640432,102.79220154293824,62.33677131558642,219.28104697145062,289.6829516329923,121.03232687114198,155.53281828703703
VIDEO_7378467106636991777,11.28,130.8573051697531,213.68176167052468,42.36756462191358,18.58444185266877,116.30421826774692,92.52023919753087,0.0,0.0,0.0
VIDEO_7338070752501026081,12.033333333333333,665.7524117545129,145.37265516493056,55.765963541666665,671.153641845184,144.42017469618057,54.96217447916667,719.9918010046641,148.91922743055557,51.83783962673611
VIDEO_7524347836541046038,8.174841508174842,5.065091625169086,120.64826533564815,108.7869034529321,6.070910885813847,125.4402203896605,87.23184365354938,364.17601468493,125.45209828317901,69.94422501929013
VIDEO_7261565962875358491,10.91091091091091,262.47385029590754,131.05977671682098,101.28904320987654,198.67366784815326,146.5837254050926,80.75308449074075,204.61798022156717,140.82567949459877,91.35829041280864
VIDEO_7227138868447923482,6.584884848079687,517.6465481376656,99.44004918981481,106.61179735725308,298.9102195832225,129.5434809027778,65.0847333140432,5.407270427971892,64.83836467978395,82.43803819444445
VIDEO_7371791896622173473,11.96,1826.2136880429478,90.95510308159722,111.71540581597222,575.8545584214763,103.50023546006945,151.49412543402778,916.7788577905715,92.52856553819444,121.27299479166666
VIDEO_7331017914612567329,9.876543209876544,9.498834802564247,130.9598008294753,114.09250868055555,11.10547163921694,112.72768566743827,138.55361352237654,8.866074345918204,119.12839023919753,143.25218942901233
VIDEO_7213794863630912773,6.2,323.4409064913907,173.79939429012344,40.759200906635805,504.3893778933092,166.85333188657407,48.55154369212963,270.92998311784856,172.0611395640432,41.07102237654321
VIDEO_7351084194061126945,12.95,4055.926308980322,104.9842824074074,68.77461612654321,1750.4274237910593,142.9040089699074,36.625918209876545,,,
VIDEO_7572210750937107734,14.7,1.937743397244473,35.85191529492455,205.488091563786,50.396334016558285,124.26772548010975,85.44935270919068,26.797978387414478,55.89143775720164,110.2508950617284
VIDEO_7426721230721453318,6.866666666666666,56.942204985169234,175.96258627081906,17.04273792208533,59.82850916433285,177.68648221822951,16.750900139744466,24.325816702016,182.54249372575862,16.781957634610997
VIDEO_7129505006046170373,6.033333333333333,912.8652793606743,122.11939832899306,78.0368414984809,601.3173059678297,115.92122226291232,95.23534308539496,0.0,0.0,0.0
VIDEO_7414073681992895776,11.2,1766.4480391586815,140.97472125771606,57.378881172839506,662.9944526427188,134.23037085262345,44.62250385802469,503.30160772042166,114.68339699074075,53.28460648148148
VIDEO_7505058159258504470,14.0,796.8783347797389,104.40429783950617,156.3730931712963,527.3125646476819,114.86235677083333,71.72437644675927,665.4491242143209,122.14291907793209,60.82152102623457
VIDEO_7502082897935928598,12.633333333333333,880.8027445252662,99.90379333496094,80.69117906358507,216.54698179381683,54.57793680826823,63.531700981987846,385.6086069515153,106.23493109809027,38.767903645833336
VIDEO_7397062762150513952,10.65,138.7416907347042,113.89593798225309,82.85307195216049,68.74920572869571,124.23820119598766,81.80384162808642,90.047080429753,108.15479456018518,128.4165272955247
VIDEO_7439254923365059873,14.533333333333333,985.4801034367545,147.48171006944443,48.14029079861111,203.00366618019362,156.99146846064815,48.065775945216046,323.42317742384927,164.15236979166667,43.910879629629626
VIDEO_6896055761982639362,6.1525423728813555,1394.889001138338,200.89199638663052,22.754638663053296,1701.1335402024072,126.06454381210479,72.08366079494128,174.62307812013697,149.96106820234868,47.80119241192412
VIDEO_7352233957276044577,14.466666666666667,356.6869733876337,102.96746817129629,70.59836467978396,319.3058660926059,102.87988377700617,70.3868610146605,332.09799949026205,119.58790750385802,68.80136140046297
VIDEO_7087984641864502534,11.4,187.46526169438593,126.97517395019531,125.85428025987413,450.87147009343965,138.7776404486762,73.84724765353732,377.80807858433883,121.2847171359592,74.9817606608073
VIDEO_7086111451965869317,10.266666666666667,489.1791748903853,107.98284233940973,113.57723320855035,1435.4525285776083,106.05835300021701,102.24025132921007,777.9410665250373,154.18350558810764,37.65638563368056
VIDEO_7276041559500475680,9.36,126.07210832109467,97.54251832561728,120.46542438271605,109.12097004359553,139.56430169753085,87.19092255015433,222.99325320845654,100.12578655478396,107.04696566358025
VIDEO_7350310562586283297,9.566666666666666,1327.6342090899338,119.3077237654321,76.59811197916666,898.1279981477443,121.20550974151234,78.0341194058642,1037.2246569702081,109.01184558256173,88.4522371720679
VIDEO_7168935772777614597,8.0,534.1912586214796,161.79938802083333,73.41709201388889,568.4832458224403,161.8341286892361,73.62816297743055,185.160553337375,141.3855512152778,57.19406684027778
VIDEO_7068731699701484806,9.966666666666667,244.32461285257222,70.52857421875,149.61447374131944,227.2134396162198,87.71537760416666,56.433002387152776,272.1420898136092,84.80707465277777,63.243837890625
VIDEO_7287983702959869217,12.966666666666667,475.3618956052415,129.61080078125,164.85907009548612,469.4460848715276,104.28106662326388,185.5612890625,591.700895108748,126.84318033854167,132.3186252170139
VIDEO_7575110522522144022,9.733333333333333,646.4319732061955,144.07075728879707,32.0802198117539,13.570430550009945,155.54685347796143,47.480312715220386,66.14411515725436,0.3576568239210285,0.008590880394857668
VIDEO_6876847536938749185,11.033333333333333,1490.1294662530008,113.80315200617284,55.193954475308644,772.1432359592869,151.532550154321,48.14569637345679,1223.820385320216,156.39657214506173,42.195605709876546
VIDEO_6980319450687868166,14.8,1898.3222732230715,140.16060553656683,100.53747897677951,1360.4753242582083,127.95203823513455,120.47195265028212,2316.400231954098,132.30721028645834,114.4596438937717
VIDEO_7574767270392532246,13.233333333333333,130.81734661167997,174.50009452160495,41.04440972222222,374.13556902699383,165.4637958140432,49.08353491512346,0.0,0.0,0.0
VIDEO_7346623546229099781,9.04,262.8992892509142,146.60104200575086,31.18094719780816,11.291469990057342,174.9414791531033,43.653110080295136,359.7258140658154,121.59393819173177,57.40782504611545
VIDEO_7342531903209114913,13.216666666666667,979.7011198394817,137.96279706790122,92.78561631944444,356.2723707558714,136.18078655478396,92.00171392746914,942.6658116119787,132.20103780864198,98.26821662808642
VIDEO_7549175046128831766,7.5,2854.6487157509923,127.44210476345486,88.85519239637587,3257.9115970778353,138.88672553168402,77.17943488226996,3216.9525601894184,140.64876810709634,88.03560553656683
VIDEO_7582631962330893570,6.166666666666667,1694.5479589530935,126.93739583333333,85.153837890625,1044.6553200926592,125.55217556423611,88.61345811631945,309.14793294265064,82.33066297743055,138.6189312065972
VIDEO_7231978849448381722,7.233333333333333,2710.412074711513,128.41487750771606,103.86112509645062,1092.6530219676883,133.85010513117285,102.34358844521606,839.3679272809118,135.6104079861111,86.99469425154321
VIDEO_7571893908754451734,14.8,1216.361972245859,153.64317999945746,109.77814059787326,104.87345879145232,208.0223134358724,15.190095689561632,36.931050618489586,0.3279317220052083,0.695404052734375
VIDEO_7329423244992236832,8.766666666666667,304.14195351871695,101.44318094135802,111.63393518518518,211.63099767409423,95.56293981481481,122.99540557484568,208.25995272894124,99.64441358024692,123.50566309799383
VIDEO_7451579890048027937,9.4,2273.6917993380994,163.12555121527777,52.47883487654321,375.16223261879475,177.05815104166666,96.99099729938271,43.67221207954652,118.58806278935185,76.38402054398148
VIDEO_7366603470272515361,11.066666666666666,261.61538528773,99.91861930941359,59.74589168595679,227.5986800525107,113.0252522183642,56.84696277006173,108.52952160493827,39.30128279320988,194.83436487268517
VIDEO_7326123173311728929,10.88,142.07000914060282,160.49047116126542,54.29609519675926,130.41190919224408,115.65420669367283,72.06232301311728,13.313235914517627,119.69686969521605,87.88959780092593
VIDEO_7324283735749266721,12.7,989.6583611946065,193.69327932098764,43.858936631944445,2676.388418769212,179.95957465277777,45.343965084876544,4121.464591833788,177.60636959876544,45.84566020447531
VIDEO_7483898615803612418,6.16,1010.0965012235495,136.3519960455247,52.413878761574075,219.4811771719955,151.75855372299384,48.17466435185185,242.6699573583502,174.77236352237654,34.965096932870374
VIDEO_7447515391426825504,12.9,139.81834865605208,117.05565897623698,96.62141757541232,2006.9368591054606,156.93691677517361,55.920023600260414,857.8262905367983,154.2038048638238,49.19222852918837
VIDEO_7329526946751089953,12.532396066318741,118.49740450763373,120.51442949459877,107.78145978009259,67.80506798417741,130.9790335648148,82.85219039351851,83.27544194824307,110.57033613040123,113.27421296296296
VIDEO_7022925491963481349,6.566666666666666,2548.179882218181,149.46112265312405,52.832193559556785,1048.8320140082521,127.12160953370268,49.574094913819636,1570.4876047963403,161.6572310710988,37.04183017851647
VIDEO_7277097435090930977,12.045378712045379,3.737180263234042,147.47477768132717,83.9184837962963,5.240016349090357,108.14887345679013,103.51992042824074,2.6709992282611026,128.6334018132716,83.97459683641975
VIDEO_7481977420220779798,7.25,392.43729058073893,184.56981553819443,55.88333116319444,408.0680875923899,128.4138064236111,109.9700954861111,538.9135115022718,147.23588541666666,74.70140842013889
VIDEO_7415576931577433349,12.3,530.4972127222997,92.18646070692274,55.524312337239586,973.535591841546,107.34290398491754,39.15007019042969,625.5712669778035,94.56494988335504,63.115785386827255
VIDEO_7345515480288922912,10.1,427.4460218748658,131.14604118441358,73.63044077932099,443.99937451201436,130.4300250771605,73.0212037037037,449.3872733102351,133.11399787808642,72.27797694830247
VIDEO_7303884823578397984,6.466666666666667,31.593121732300894,116.44612630208333,99.67219509548612,24.76395830684238,105.07803602430556,85.07917534722222,49.516699199459886,130.30028537326388,67.77078016493056
VIDEO_7073510812542913798,12.066666666666666,561.6947495323923,127.09538736979167,72.75906575520834,543.7069346081475,114.108076171875,92.83302951388889,466.874612627146,112.26688259548611,77.97447048611112
VIDEO_7189175939098561798,10.3,1423.679632186034,134.99622444058642,38.19991222993827,457.73140771082404,134.80359953703703,34.211772280092596,62.61554494598766,0.8714183063271604,0.03642698688271605
VIDEO_6958797242429934854,11.566666666666666,484.5695376532745,138.4495561387804,61.34185451931424,171.7133940809872,154.44270663791232,58.08262634277344,337.8631062552902,144.37329949273004,46.397452460394966
VIDEO_7071272326746230021,10.566666666666666,285.2908586030826,54.62569003634982,53.7577158610026,49.3974250149137,113.78774685329861,24.12490505642361,20.78915538997274,44.46122572157118,71.82783847384982
VIDEO_7413269884840267040,12.233333333333333,276.8112706883111,128.11914158950617,136.9570206404321,380.44213292139744,146.28578559027778,77.8081780478395,162.09927131558433,150.59408564814814,37.75258680555555
VIDEO_7202909898219326725,12.366666666666667,172.57226591593127,114.09734375,121.10637008101853,66.69492525071928,122.63760368441358,89.20117766203704,25.95623408128308,146.8831317515432,56.736888020833334
VIDEO_7431168865142328608,12.233333333333333,912.4197492464713,156.6170881558642,40.49729552469136,438.2288898524425,121.35228973765432,56.89505738811729,501.97903006395507,112.57217640817902,50.579192226080245
VIDEO_7478288153153916182,10.466666666666667,737.4416883436415,104.98490234375,154.4573166232639,487.49618855438115,107.88134982638888,110.091884765625,584.2363091362658,114.86000217013888,109.02612630208333
VIDEO_7318769443222359329,7.466666666666667,74.51149745098633,110.83092556423611,161.11186197916666,65.71657368465,116.88943467881944,143.62698893229165,68.56453818285789,116.80733723958333,143.79857096354166
VIDEO_7073157554024566021,14.7,154.0108734780759,131.3393901909722,118.75392795138889,214.82864473625352,145.63876736111112,74.73156684027778,188.8272412090537,144.37955078125,66.25923936631945
VIDEO_7138043316087606533,14.133333333333333,1055.0645697827324,131.18543595679012,91.69793209876543,474.63521204547635,119.32369598765432,104.41062692901235,622.9300448843068,148.79502314814815,65.17591820987654
VIDEO_7083526112558517510,11.033333333333333,449.29816161031414,143.2382575141059,62.84989929199219,646.7394759678425,157.24925740559897,53.31403605143229,604.1265818246692,154.53493075900607,50.621615939670136
VIDEO_7256066819247623450,9.642976309642977,274.5785042563577,123.99871527777778,115.37200954861112,283.7309673339618,127.238643904321,115.88139226466049,245.9151802359875,124.66314959490741,110.9356606867284
VIDEO_7122480993948159238,12.666666666666666,841.3057982370589,108.09739800347222,56.78691623263889,495.0034016231854,122.46134765625,77.8823415798611,478.32367403473563,126.9585861545139,73.030322265625
VIDEO_7085367737178000646,13.4,224.87121209326304,99.85120815700955,120.04230075412326,600.3140375908022,147.78007337782117,40.175143771701386,154.0422410356243,119.02585347493489,68.00701056586371
VIDEO_7574884067729050902,8.566666666666666,4527.944787439118,124.60299734477124,38.28803104575164,56.8702392685866,139.77354983660132,32.15881842320261,32.567408768321535,165.92532339324617,21.66621561819172
VIDEO_7467999174936644886,9.9,158.71500260284287,136.45565349002848,49.901480659653735,129.26614914866923,135.57687376725838,52.454725509533205,137.6919820787681,137.02034229125576,52.394982741617355
VIDEO_7306870694137187616,9.075742409075742,121.09865663879772,173.43277886284721,52.93562391493055,117.20775064694324,168.907744140625,52.15213541666667,179.02878027456308,176.17531792534723,53.795750868055556
VIDEO_6940187794534960389,9.915966386554622,513.3899322744045,161.2566375732422,31.727647569444443,333.42446701350207,162.2288784450955,29.487794664171005,398.0956113204176,161.71633063422308,29.796900431315105
VIDEO_7536170254989315350,12.166666666666666,1085.496417152905,120.02695939429012,42.33980372299383,2297.227255453445,125.81644483024691,63.74417197145062,1587.1981196700426,123.6911289544753,54.83563705632716
VIDEO_6959192993014287622,14.08,198.08360737800186,131.66095140245227,88.44077046712239,75.76561981322024,130.88725789388022,51.918558756510414,146.630338880679,140.31226942274304,32.965940687391495
VIDEO_7094270154275605765,8.933333333333334,528.756251015732,141.0228474934896,55.40160115559896,180.6172619835462,104.30873446994357,68.2030537923177,112.86836237892405,129.139892578125,37.39502970377604
VIDEO_7182978974253944069,10.266666666666667,870.991840705861,148.58356879340278,57.97082465277778,482.1687886830919,147.75968858506945,58.02705512152778,501.91096939696206,148.5464800347222,57.16935872395833
VIDEO_6994839726846971142,13.08,435.57389213572213,119.50952996148004,71.33885192871094,58.778875764769815,147.6755845811632,51.128811306423614,0.0,0.0,0.0
VIDEO_7169218120916208902,14.833333333333334,484.36671457328134,91.70537482367621,136.28072441948785,1686.376831003074,111.05657619900174,103.74192979600694,1101.16072758894,112.51695929633246,116.93817986382379
VIDEO_7272755309658098976,14.066666666666666,957.4062703955744,69.35349934895834,76.14067925347223,241.86247394080928,127.30837782118056,100.118974609375,370.42316807249915,107.09131510416667,101.19546223958334
VIDEO_7523190975850679554,7.366666666666666,1528.9713856686997,106.46281780478395,67.91741753472222,1216.1892029427922,156.05050588348766,94.36326051311728,1992.0137087963797,154.80858892746915,99.25936969521605
VIDEO_7595972634450431254,9.433333333333334,39.59531825854745,111.34937114197531,113.43236014660494,24.314367690376987,110.05674864969136,46.36476032021605,23.87537159785495,112.47724537037037,47.023687789351854
VIDEO_7225245362678762779,10.433333333333334,187.1274452731812,178.84196684160307,29.55894461673028,262.9820257765137,174.72193712229642,41.67137702767175,80.42013854009414,173.09384740776082,51.70765346692112
VIDEO_7463198577188146464,14.7,46.17876241533407,141.1617901234568,72.77045187114197,94.517276413529,36.48042293595679,164.0154793595679,93.43367328548771,54.21741030092593,105.95438126929012
VIDEO_7245283945619655963,12.5,0.0,0.0,0.0,31.291954074025515,127.99215277777778,80.43838975694445,1.0226461226849526,112.24101803626543,106.26290219907408
VIDEO_7081711774084484358,10.8,86.92708869446179,150.68611328125,27.03669921875,61.69091786836224,145.38787217881944,49.399067925347225,49.55154645034884,161.65520073784722,44.307003038194445
VIDEO_7483098002547100950,6.406406406406407,32.64852908442815,111.51149522569445,30.974825303819443,20.81988056640154,110.38859700520834,21.656214192708333,52.771519172155124,118.52172634548612,44.69806423611111
VIDEO_7447538385993895201,11.866666666666667,436.2331336315579,178.30443359375,39.27192708333333,136.0097004746755,143.24952039930557,40.85968098958333,126.8459884525711,113.00317274305556,63.07885959201389
VIDEO_7082386924677205253,7.5,107.90271215921565,128.5862228732639,70.76424587673611,173.55228608788264,115.19260416666667,81.21604817708334,88.49456907905179,104.182412109375,94.31791883680556
VIDEO_7442685576798604566,9.066666666666666,533.9709718972854,132.06490306712962,63.6169994212963,277.9078610474616,141.06318962191358,51.75066116898148,399.06632637333826,134.32532262731482,55.86028983410494
VIDEO_7471348371962334486,6.906906906906907,396.63898215963104,135.12146158854168,99.51603515625,143.27901969459322,141.49905164930556,91.45475911458334,324.1083263038164,151.58902126736112,77.19495768229167
VIDEO_7028978217117682949,8.967300633967302,576.4521694296083,98.75355034722222,41.176859809027775,624.1843743487888,122.77238498263888,57.03405707465278,618.9199261060926,120.83486219618055,56.990460069444445
VIDEO_7058348964306783493,8.833333333333334,149.45245709489848,107.57931349012587,114.95486280653212,50.32961527402742,107.1656731499566,167.28117879231772,60.17058983857938,107.80652194552951,181.92836168077258
VIDEO_7564712687565802774,14.833333333333334,3088.925402779727,132.62547810872397,49.308993869357636,2365.9560393906963,158.1553226047092,55.41151089138455,2239.177199034431,145.88252597384982,55.82636006673177
VIDEO_7331811695360363809,9.7,734.1911970657744,155.1677020640432,46.525390142746915,407.44617762256007,153.93705102237655,52.93268325617284,584.2262176126844,133.8007749807099,52.66766975308642
VIDEO_7202617948983315717,14.94,5.255954257457508,79.81583043981482,93.57926697530864,8.123146792060423,142.24841531635803,36.71910831404321,13.478441110196467,81.83483410493827,89.52264998070987
VIDEO_7202277032938540294,8.375041708375042,908.5358626040695,137.80230143229167,120.95659939236111,217.06290467848484,171.77483289930555,64.03556098090277,118.93865667825864,151.0352734375,113.84069878472222
VIDEO_7575105754374458646,12.366666666666667,1074.8304745348883,92.16125149197049,99.80468410915799,433.6659511654741,126.28016832139757,80.45040554470486,566.4973110572125,29.856552124023438,200.84373135036893
VIDEO_7344270149593091361,10.927496396607784,4.973435893084155,164.96104890046297,74.04238474151235,1162.7188213830832,127.23206548996913,21.718007330246913,4105.663797098191,119.21244164737654,189.45242669753085
VIDEO_7319511492888366342,13.054721388054721,227.50716789940728,110.8461472800926,65.90876736111112,25.554525944108793,207.62119405864198,8.927760898919754,239.89289504056262,147.6035546875,36.233424479166665
VIDEO_7379227737271094561,14.2,182.0308564814815,215.77787037037038,16.347910397376545,5.307008880481275,94.50640576774691,56.39665798611111,0.0,0.0,0.0
VIDEO_7392879054988397856,12.366666666666667,1536.6128970564534,124.67009018132715,87.59434220679012,351.8977747975867,120.16430314429013,100.20642312885802,227.08881434863312,103.8851456404321,101.63740306712963
VIDEO_7338384626773216545,11.5,587.9912010345647,149.4919989390432,66.34746286651234,38.62865190534971,165.54025125385803,44.13907262731482,11.42607146749242,178.4346903935185,30.75573013117284
VIDEO_7487276696215817494,13.266666666666667,792.0928988492484,136.1339857313368,51.78199598524306,231.4592251090425,166.10462951660156,41.212860107421875,922.7505556210692,158.67578803168402,41.390106201171875
VIDEO_7332835826579164449,14.16,101.76752748786754,2.0943156828703704,0.3658887924382716,1397.0248489794876,120.97045572916667,87.74198929398148,109.37006558173026,2.4363194444444445,11.269865451388888
VIDEO_7307282681899896096,10.6,457.63432487664574,165.56932773919752,25.853066647376544,36.77570987653949,179.85440104166668,25.646018518518517,408.2675448863162,170.42732590663582,27.416497395833332
VIDEO_7579578853308337430,9.066666666666666,1282.5493363583096,120.5168393132716,132.71726851851852,442.0958984317674,145.36417100694445,108.46486882716049,427.5265894674586,131.68107542438273,82.47628375771605
VIDEO_7475816575975623958,12.466666666666667,639.6891435534994,157.94187608506945,37.912666015625,668.6481734636085,155.58716796875,37.90336588541667,1382.5840947875552,160.20153862847224,40.513779296875
VIDEO_7207842110316268805,6.539873206539873,80.24000651034132,113.16729817708334,31.355551215277778,79.97763563037331,114.73970594618055,33.00534939236111,19.723774925315524,115.56760199652778,31.473731553819444
VIDEO_7323194315415588129,9.70970970970971,1817.4357817282619,135.3067197145062,57.97837191358025,959.2510576975546,134.3655015432099,30.151368152006174,1096.8471980700908,117.35040557484568,102.85791666666667
VIDEO_7113851055355596038,13.380046713380047,2125.318855755718,120.22369384765625,133.85316636827258,2088.0962023932693,119.72548929850261,124.04725646972656,1644.9549788102324,119.79819234212239,126.31275770399306
VIDEO_7191515883330669830,13.3,629.7095604192675,165.92438802083333,66.5625641396605,237.17769473961513,166.84736641589507,62.40443962191358,235.16768654960956,146.9079475308642,90.85780960648148
VIDEO_7252274964206832923,7.816666666666666,217.43952779599246,100.883800154321,41.714434799382715,637.5678988946544,122.7643142361111,52.87977237654321,460.295227040019,126.7329615162037,44.548923611111114
VIDEO_7332156358902500640,7.08,66.1086304004522,198.17327690972223,16.6119815779321,65.97884596333863,205.1042158564815,14.776254340277777,36.7444164730361,200.1060088734568,14.092869888117283
VIDEO_7543218614866906390,8.967300633967302,80.83554998951769,111.82298225308642,59.19040509259259,954.4409237182635,118.53984857253086,88.61616898148148,2226.0616344328705,122.10996141975309,87.08921826774692
VIDEO_7395222817677085985,6.683333333333334,3146.767660054069,136.81517264660494,120.71289158950617,807.3680663558814,131.19238136574074,91.81898485725308,168.72815052312714,120.88553481867284,77.84038387345679
VIDEO_7382166710029208865,12.76,77.55497395833333,220.7890229552469,25.85550491898148,113.72261574074074,219.90115837191357,26.925389660493828,0.012554012345679013,54.99223186728395,254.9601851851852
VIDEO_7462409528211033366,6.5,693.2522139291223,110.07555230034723,107.95875325520834,791.8919220340682,106.59296332465277,91.07613606770833,71.9475108464559,176.02238172743054,65.87466796875
VIDEO_7227547227005209882,8.6,117.52933020863003,88.06191080729167,241.04889539930556,21.354123201995424,90.61965169270833,166.61103407118057,89.36969075138303,43.211817491319444,147.00061631944445
VIDEO_6943540424141491461,10.566666666666666,835.1159488582509,129.30990162037037,87.21093942901234,327.3002314662399,128.59714313271604,73.05797260802468,94.21852190494732,127.58028356481482,80.81885802469135
VIDEO_7246805127942737178,6.883333333333334,350.3173314198879,114.51505449459877,101.43449556327161,298.29710977820577,124.90540557484567,67.34129002700617,218.5619066092597,120.39210841049383,102.46589795524692
VIDEO_7190456972418862342,8.2,196.91751927776573,129.73351128472223,108.41258897569445,208.32575835544802,156.70626302083335,51.73961371527778,94.09872178819444,0.710576171875,1.7834147135416667
VIDEO_7596412614402460950,9.366666666666667,238.49410480864725,152.11882486979167,55.66060112847222,67.82248797519708,149.0402734375,66.32987413194445,0.09412217880884807,2.351669921875,39.92026584201389
VIDEO_7309427596553489696,10.333333333333334,345.761090327632,73.00794801311729,37.77540895061728,203.5900095116772,95.58398341049383,53.016830150462965,188.06041253435217,122.75752604166667,65.51361641589506
VIDEO_7215238321247751430,14.96,31.361759736349104,135.14301697530865,94.8514486882716,358.9735885135517,158.20227189429013,62.576439525462966,86.6656282917678,172.3363884066358,47.60051311728395
VIDEO_7493891893026180374,14.466666666666667,311.4357354810927,143.1908127170139,61.860378689236114,5.9015331849651576,144.89866102430557,53.232325303819444,580.9800813801977,153.5338845486111,54.60086154513889
VIDEO_7516934430083091734,11.333333333333334,4827.6946342043275,142.0691792052469,29.548809799382717,1729.364624770628,142.33073447145063,66.70571228780864,1742.4492063858177,143.5009133873457,71.69393807870371
VIDEO_7070176633931549958,8.04,375.4337867924018,114.24941168891058,54.2897457546658,425.3639406383607,100.893308851454,53.956261528862846,247.71046301593753,92.68365139431424,57.81944783528646
VIDEO_7277906809787059489,10.126793460126795,244.2736742393795,126.4737143132716,165.51189863040125,65.59053847076295,128.46205439814815,152.15765094521606,226.09474334249242,126.0877522183642,161.3940552662037
VIDEO_7090931568486763781,13.833333333333334,94.63802733334671,156.9070334201389,45.80235785590278,126.63241095874457,170.1869021267361,47.754612630208335,143.93136556280513,159.64822265625,47.19518012152778
VIDEO_7245239505911893274,9.843176509843177,75.84933636020732,106.59118055555555,145.12014178240742,49.76181421016675,117.80666087962963,139.25248697916666,53.53699407128229,134.04613763503087,121.81244936342593
VIDEO_7283524894585883936,12.566666666666666,492.4652808214364,118.67974874614198,136.7268103780864,464.2748024767489,112.09050491898148,127.7594314236111,371.1143717946161,114.7247690007716,131.64546248070988
VIDEO_7205976379370851589,9.25925925925926,354.22839361486655,123.64962287808642,67.94947820216049,122.03100689982766,127.3415692515432,70.0672193287037,,,
VIDEO_7156562442829466886,11.52,391.7579292692774,165.78682508680555,72.33650499131944,13.104899596697019,124.86758680555556,141.96839192708333,430.8684656029972,97.31466579861112,92.05707139756944
VIDEO_7057548200625917190,11.116666666666667,1227.2273246943143,124.00647352430556,36.98278645833334,527.4205878227893,114.42182074652777,82.18318033854166,0.003362630065870873,0.009602864583333334,63.585758463541666
VIDEO_7296115605927644449,10.733333333333334,245.62156108574237,115.66421778549383,20.41735050154321,208.39041037220315,146.72668836805556,22.878191550925926,209.4637282648513,134.72997829861112,23.835284529320987
VIDEO_7338875309913017633,9.566666666666666,16.49178433500481,163.53243152006172,45.473286554783954,107.94691302738595,165.51940827546295,44.641328125,51.12005256229302,159.5299069251543,41.03739438657407
VIDEO_7496845046814166294,12.433333333333334,975.7065614121673,119.00807698992006,96.48498291043911,106.8849978681541,150.5549593519484,38.44472106360792,272.30358634008667,126.66175027999846,115.23369008998571
VIDEO_7080915608727997701,9.166666666666666,307.27476711086695,103.196787109375,42.26726996527778,369.8146689303881,101.37230143229166,44.933742404513886,242.21810405010532,99.79621310763889,47.28692708333333
VIDEO_7593041331174362390,13.8,2.1347740906963333,125.45895555284288,80.13740539550781,9.275395702567803,133.10432603624133,34.16871134440104,2.048660277282635,122.94383239746094,62.7736324734158
VIDEO_7203019203857665286,6.9,440.5629033601537,108.15259874131945,171.58280056423612,476.83201257097693,108.14423502604167,171.40181206597222,439.3729589582361,141.9838812934028,56.2008203125
VIDEO_7065372841423801605,9.366666666666667,970.2328594855309,116.47346571180556,57.28511610243056,423.27176432279896,144.63169596354166,53.87538736979167,252.49571170099992,169.02465060763888,62.93613932291667
VIDEO_6825975879940820230,9.7,915.4171270029541,130.45619405864198,86.11209297839507,792.8866413697796,129.554375,85.44828510802469,753.5600305466807,128.72998842592594,84.85751543209877
VIDEO_7391036925550906657,9.133333333333333,1382.3010311831763,119.86016589506173,87.22872251157408,770.5787108719416,118.88338107638889,74.65400848765432,734.3719708211199,118.6124358603395,92.54656298225309
VIDEO_7569964600523853078,10.4,327.20692239103226,128.669659529321,96.3799715470679,338.3327155533968,135.67788387345678,85.70077594521605,400.93039109329317,136.50267216435185,74.82248649691358
VIDEO_7348097820320173344,14.92,318.9722903243935,75.19241174768518,74.17483892746914,98.04469568019913,149.30920910493828,183.70850597993828,3.3357459499669027,95.23062258873456,181.3250786072531
VIDEO_7246672390841715995,10.666666666666666,971.5629056369879,116.79490403163581,64.8682315779321,391.7431426688988,125.87692611882716,78.49673321759259,579.2977455351567,129.9345630787037,70.44537953317901
VIDEO_7053545705868152069,8.416666666666666,298.13296682739133,162.6386515299479,42.34645080566406,167.01690871401885,147.02889506022134,52.30856153700087,203.15435124064484,100.7665778266059,72.90805392795139
VIDEO_7059832468412583173,11.633333333333333,51.64494323727882,118.72664218478732,124.50782775878906,27.111117892381216,146.69513617621527,106.36518690321181,52.20543639154898,123.64147101508246,120.98688422309027
VIDEO_7535846854743821590,14.8,2156.8232150395042,122.85862731933594,69.38636779785156,1034.7291420987794,125.12632073296442,51.67016092936198,1166.3289395007564,118.4340582953559,59.87285020616319
VIDEO_7464890614258158870,12.3,5796.42386012169,164.0414398871528,13.471891276041667,971.7238961085274,185.88055338541668,24.378473307291667,4957.966430689059,180.1870974392361,14.970417751736111
VIDEO_7308389510113512737,10.033333333333333,365.6631285520766,58.88239908854167,195.27912109375,105.74796980750827,89.57261501736112,160.1256640625,195.12655503090633,51.56488715277778,168.82638780381944
VIDEO_7236674356540165402,10.516129032258064,506.9954695379024,96.8174643132716,59.35391107253086,290.00380575548127,111.49936246141975,61.94835889274692,223.6272884568535,92.19564477237654,58.9762321566358
VIDEO_7442009228555930913,11.7,680.6153756664406,109.59123263888888,143.89534722222223,393.26339699756835,119.00402126736111,111.07681532118056,150.72631944444444,4.313065321180556,0.0
VIDEO_7215515219164990746,14.38104771438105,307.1391998310828,157.06967496141976,44.18042100694444,146.1083994018106,151.91272472993828,47.10470582561729,148.88687691914308,118.94002073688272,72.51589795524691
VIDEO_6980260193653378309,14.44,1098.125720313851,123.89432271321614,113.5098859998915,679.1437026974113,111.60696411132812,136.60514492458768,583.0784325387076,112.40342542860243,148.6270022922092
VIDEO_7229342870518385946,8.916666666666666,115.77215069944533,110.55277150848765,182.6622979359568,227.24664255468193,101.22861400462963,161.24836178626543,111.89095533656369,107.27666039737655,180.56264949845678
VIDEO_7299062448965946657,7.5,461.6751052517349,108.92841796875,90.19180230034722,537.0296191051906,114.06833658854167,118.68012478298611,806.0485169643825,107.00270833333333,126.6526171875
VIDEO_7269755991049260320,6.439773106439773,211.46158993297553,146.06651218476037,75.41309572085119,175.6157602496066,143.0033981191828,57.36960568493415,180.16304525525908,142.53103638048893,46.5387826825783
VIDEO_7252374564108274970,6.0,147.26505301025554,111.04280574845679,129.2054904513889,484.28522600428994,111.9586467978395,122.15496720679012,318.67581786175754,124.39217399691358,132.8240277777778
VIDEO_7038707297396198661,13.716666666666667,915.2232732866063,120.95674262152778,79.00638671875,264.54051468615,131.8069086371528,88.73680230034722,223.85494300815793,134.03529188368054,84.00376627604167
VIDEO_7407736509996043553,7.8,320.7686033846092,97.33655237268519,127.03214795524691,335.71619487578937,94.66780815972223,123.87244212962963,363.66573109500087,100.41952642746914,111.75625530478395
VIDEO_7142874586755976454,11.633333333333333,654.6740793697734,139.7364919704861,50.560498046875,411.5877869443352,123.78373914930556,80.84898546006944,282.71882378472225,3.360725911458333,237.8079416232639
VIDEO_7317653042533305633,10.2,12.376772728762852,161.82110001929013,37.55983699845679,48.57486825579641,162.3070023148148,12.010829475308642,1.5280133240999634,195.28109567901234,23.806249517746913
VIDEO_7383600515478736161,14.133333333333333,3576.4383869927747,141.53325810185186,95.3363744212963,1192.6894555146307,122.2671768904321,112.1863638117284,1925.8903230677577,133.93115596064814,107.27898823302469
VIDEO_6920160579424488710,9.716666666666667,130.829585896414,142.67637464735242,74.35943094889323,73.56059901140067,134.81488376193576,83.78956773546007,173.26090325069913,102.55164421929254,97.82467990451389
VIDEO_7548437152137350422,10.233333333333334,290.140891815673,109.94513213734568,100.21770978009259,418.86570446704764,111.05043306327161,82.4670346257716,,,
VIDEO_7574759080368114966,12.9,1327.9275851183468,145.24133809407553,41.689932929144966,428.25455894907304,148.32944064670139,33.46566263834635,,,
VIDEO_7553554500972367107,9.666666666666666,1462.7899121941946,166.38133917914496,32.91535949707031,1182.5899776794263,165.67475382486978,35.98544141981337,1254.7925744972388,167.63221232096353,31.061781141493057
VIDEO_7141371845248437510,13.4,529.4575482083019,124.82880316840277,69.84525383843317,970.510795478916,136.0281253390842,117.73372226291232,532.8164316419897,130.28833516438803,88.94058736165364
VIDEO_7186344254921280773,14.966666666666667,254.084559220679,4.183685860339506,0.0,45.44383622893358,110.03287374614197,81.31459828317901,0.00017312880569688254,1.0001576967592594,0.024116994598765432
VIDEO_7456840693982465312,9.08,137.2795891183154,204.5552662037037,10.637060667438272,48.901080246731254,133.45401379243827,94.54548321759259,7.269594422288851,186.05685233410495,6.823741319444444
VIDEO_7469067273794456854,10.2,407.2630326745995,107.13353076216713,113.29521464646464,33.82089526410275,143.0702685950413,17.206551882460975,559.1371812441013,144.24292470156107,68.39092401285583
VIDEO_7603743614157458710,7.4,675.633571327136,131.21705368044653,60.94169065061922,699.3037309403393,131.22847549276122,60.49280699459271,756.8315732687855,132.19538090877376,60.32043759811617
VIDEO_7428251635102534945,14.16,281.93796005918824,74.92183063271605,237.57709008487655,416.32697190018433,82.51518904320987,89.08017505787036,148.12576966547337,115.17896556712962,26.925015914351853
VIDEO_7070569241413422342,6.0,73.19322692765854,123.619386461046,52.028800116644966,49.52092227304964,123.77752685546875,51.818318684895836,62.33932808331318,119.06332567003038,51.7667490641276
VIDEO_7273016085954317600,14.466666666666667,279.76107106702494,111.24205391589506,94.7044352816358,1486.1461197514752,118.02518180941358,69.78966097608024,890.3653955268562,105.75485628858024,89.21395785108025
VIDEO_7577374333048196374,14.6,794.470445192419,113.81433614095052,162.08353169759116,272.24654642347366,118.2251213921441,157.73699273003473,407.43505348044124,113.59672546386719,168.39015197753906
VIDEO_7338778286597655840,11.066666666666666,16.571460262345678,0.5915215084876543,0.4223857060185185,188.29053202636794,119.36727961033951,126.7962461419753,504.54389542965475,153.0921064814815,79.26487847222222
VIDEO_7221875155184733445,10.4,474.12434678819443,82.204287109375,95.61618272569444,307.74661024305556,84.14736653645834,97.86505316840278,296.21993055555555,85.50200303819445,96.88139539930556
VIDEO_7328066217929985286,11.84,1019.9584041127335,147.13207499186197,100.8013186984592,958.0251667168405,144.32686869303384,94.38321601019965,724.7443124193118,111.46403164333768,85.04048156738281
VIDEO_7592281951206133014,9.56,1011.2476446451116,107.90573350694444,144.51914303626543,1007.3472448637033,79.83498697916667,167.08835696373455,1903.8443241861496,89.15934220679013,145.96196903935186
VIDEO_7224177146263063835,14.399999999999999,1255.0726857555812,171.00556749131945,58.559908854166665,834.4516775004068,162.766416015625,63.397715928819444,,,
VIDEO_7076131060420988165,14.166666666666666,259.50746493804684,143.67721388075086,96.68948025173611,117.69367071893063,148.21827528211804,36.910420735677086,358.83411830578314,154.90716552734375,41.63905164930556
VIDEO_6904609211431357698,14.6,401.6764082585506,128.3888387345679,106.46440393518519,988.5422959721113,130.8524189814815,88.98179012345679,4186.084357551782,114.7666300154321,69.77489197530865
VIDEO_7338699162768149792,11.733333333333333,800.588437600618,166.40986641589507,35.154423707561726,247.65698253464976,175.9301523919753,46.85495563271605,103.45269315138452,177.3528332368827,61.060162519290124
VIDEO_6934012329067597061,8.9,56.115101447627865,87.28219604492188,135.67087978786893,45.84683031606902,94.12971666124132,130.36119418674045,30.377288788453573,130.26147630479602,86.03145175509982
VIDEO_7471566242168491286,7.3,311.64169552973874,158.748310546875,21.594906684027777,410.16256070481285,150.54363606770832,33.49655381944444,1021.9017447145061,142.4409884982639,44.73535047743056
VIDEO_7058313871718714629,9.066666666666666,137.73937268064523,110.21730143229166,113.58254231770833,50.764708850394356,127.51159830729166,116.0495724826389,,,
VIDEO_7337328365147295009,9.576242909576242,348.6157983255957,132.9225,68.81981047453704,245.17562190272955,129.03535783179012,81.24907696759259,434.54424214552245,124.66773485725308,87.9363811728395
VIDEO_7192617192850984198,6.633333333333334,94.04068842117402,82.04831380208333,91.85821180555556,71.0782106619364,91.05550021701389,61.93226345486111,42.51405485406452,95.47569227430556,68.569580078125
VIDEO_7178897418107358469,10.6,142.47121310716793,55.04793728298611,219.75079535590277,329.1963180755321,131.89467339409723,70.49350694444445,421.888397915268,119.57504231770834,78.07572808159722
VIDEO_6923235061999373574,13.566666666666666,1024.9335335786534,134.24132330246914,74.67864969135802,547.872918226454,132.91030671296295,78.3359587191358,273.49471528072115,148.63150077160495,62.12407214506173
VIDEO_7062023531764256006,13.0,331.4048187740644,119.51773546006945,29.602664930555555,353.8031564579528,184.75215711805555,11.854279513888889,164.6153973917066,95.98473524305555,78.163916015625
VIDEO_7256464845132827931,11.700000000000001,673.4464997874883,111.14090856481481,110.4797053433642,150.72097800172406,113.40124855324073,96.09137201003087,219.9755873660259,106.37618778935185,127.97449604552469
VIDEO_7566297785914412310,6.866666666666666,1983.774813389049,141.50778198242188,140.11342536078558,370.87001494548207,137.8632286919488,153.48019409179688,277.87672254774304,1.753233167860243,0.0
VIDEO_7457587495031606560,7.466666666666667,805.1275105048239,161.1862673611111,0.0,479.4575867295961,154.03826063368055,28.504680989583335,654.5117620068962,149.20608832465277,70.89594835069444
VIDEO_7213795540574735621,10.433333333333334,606.4845673526115,91.54855028146044,135.3584740635522,443.6344746872156,97.77200060500842,134.96555562131735,450.5443363921962,130.42205913299662,80.65984059343434
VIDEO_7182218891702127877,11.12,1177.6646829881147,171.96753086419753,33.204633969907405,54.83720924026473,203.64059124228396,22.524143518518517,5.884668205946142,26.871207561728394,70.1281177662037
VIDEO_7208220006314773765,8.70870870870871,133.2388947596781,177.9131423611111,26.748008777006174,98.41821271647805,140.60271460262345,68.87216049382717,106.27311002823502,107.11985243055555,106.1032098765432
VIDEO_7325457714312727840,10.143476810143477,111.51412250986586,155.67959394290122,38.04574942129629,129.70978004674504,143.70725453317903,95.7209090470679,81.16497031877722,134.08347849151235,59.922152777777775
VIDEO_7315824288173493536,9.166666666666666,416.2667095655567,125.95868441358024,93.0833347800926,27.967125770529545,160.57088831018518,48.65513310185185,20.69070214378986,130.0356886574074,57.35525896990741
VIDEO_7263464155540147489,11.077744411077745,129.38522954389575,97.67258921682098,104.82071180555556,116.50036023210419,104.92891203703704,106.68673804012346,129.68133085285191,113.86062355324074,111.21355372299382
VIDEO_7051571825989422342,8.633333333333333,479.0828849706756,144.40036241319444,116.93103515625,247.45046329488753,147.72967881944444,114.79842556423611,134.31709857125813,113.03105143229166,176.37549262152777
VIDEO_7577797962017918230,9.8,340.5159074837724,139.6237090362614,95.9096044211751,292.6317340345493,138.77865086290478,97.16718101609463,289.22689878351446,138.99338908280006,101.04690711654062
VIDEO_7564461685881179414,14.366666666666667,13.437551548164274,144.8572024498457,97.40397472993827,188.82322043604015,170.8924045138889,33.75362798996913,653.9877344672306,158.40590808256172,30.816640142746913
VIDEO_7587833111010954518,9.625,852.4524585566006,140.4795616997613,93.14893595377605,947.9618663180297,143.45443047417535,87.27606370713976,958.5024955897695,151.20867919921875,92.66559685601129
VIDEO_7198194674354457861,10.266666666666667,555.0401232740614,108.82368272569444,148.444873046875,368.03285661199936,115.49856770833334,135.34581163194446,224.2108680103255,115.24423177083334,143.9057443576389
VIDEO_7582501864428604694,14.233333333333333,150.19622971522955,65.2595736882716,85.22599006558642,145.18968307118612,66.26566261574074,78.15793885030864,163.755539379397,65.95452160493826,78.96362847222223
VIDEO_7040071170363788550,12.066666666666666,37.10654024999405,178.90797593858508,21.440567016601562,23.451242500605684,177.13456217447916,22.374891493055557,36.21274142353335,180.13516743977866,28.230363633897568
VIDEO_7309783088618409248,10.71071071071071,146.83756936848488,144.03528428819445,54.670704210069445,122.41938880086711,144.6622677951389,53.744638671875,110.22102213421104,144.59932834201388,52.63632269965278
VIDEO_7191848035784117510,11.966666666666667,175.33597222221752,101.894814453125,58.81730685763889,192.49919487477996,134.14750108506945,70.38255425347222,195.24075084936354,127.933955078125,81.43402126736112
VIDEO_7572922723836431638,9.966666666666667,63.230245707210294,158.01668066658942,43.94134901324682,26.65473583531004,159.58424332831268,49.75151102614606,98.23239678677635,1.988433167265284,0.4227995983470436
VIDEO_7193808719287766278,8.7,139.67482397609757,137.29283613040124,83.54932339891975,105.03841772586314,9.82415412808642,17.70517216435185,95.97559510030864,0.9370196759259259,1.2583613040123456
VIDEO_7224934115089370395,8.166666666666666,82.23998353909256,120.07511670524691,77.45486979166667,4.4203568668737,115.7507600308642,77.41257185570987,5.610304759837033,120.77801986882716,100.42781635802469
VIDEO_7260814503728696602,10.066666666666666,448.9503601076467,128.2382573784722,58.87763671875,38.55579522846246,144.94230577256945,51.701450737847225,94.58526016969563,109.02794813368055,55.86011935763889
VIDEO_7076423248698690822,11.566666666666666,1012.1757950532597,129.46853624131944,43.27795681423611,214.52884361130398,146.7461740451389,45.02282118055555,61.835996210252496,120.587919921875,107.94720594618056
VIDEO_7288720379772800288,8.408408408408409,678.9072242546506,148.52673177083332,69.78351345486111,1170.5606965209538,171.972080078125,52.92634440104167,1414.5368807681566,184.2779296875,41.62695095486111
VIDEO_6883561429727726850,8.66658,2995.7836058374323,75.70111423068576,70.93359035915799,2062.2627344106377,76.31466505262587,71.04964870876736,2278.1823715119517,75.58912150065105,68.27093336317274
VIDEO_7538076349500689666,12.84617951284618,440.8264606141278,175.47160445601853,85.07008728780865,8.687360354062838,138.32242332175926,85.61791811342593,10.783164904087219,115.4549541859568,74.22519483024692
VIDEO_7476865863409257750,9.366666666666665,0.0,0.0,0.0,708.02010267591,152.25314236111112,44.69984157986111,1131.6588757783677,104.85218967013888,87.40795789930556
VIDEO_7518400955877199127,12.933333333333334,1090.5182054386871,154.16308834876543,73.74916280864197,423.8922100872908,147.97308834876543,79.28879918981481,435.105972533666,145.5400217013889,76.0220027970679
VIDEO_7575831202117045526,7.833333333333333,39.439354250054166,129.17429446373455,69.36751157407407,21.306540182026723,188.9463599537037,23.34387924382716,18.154271310962734,139.60242669753086,49.07794704861111
VIDEO_7487960173529582870,8.185185185185185,187.2660927829784,138.23642650462963,52.424209587191356,128.4086820001266,158.15849537037036,42.6419603587963,1773.2923611656156,160.8991333912037,42.81759452160494
VIDEO_7546523294489414934,14.6218487394958,252.38700473673745,130.8655647183642,99.40145158179013,251.92702095425918,156.94333960262347,89.21060522762346,1180.2485690485,160.1113777970679,56.13517988040123
VIDEO_7444926040855661846,6.6,200.1020370310833,133.72604841820987,135.0537741126543,67.89091145428107,142.68053530092592,84.07531973379629,519.1967316972218,130.51922019675925,74.42662374614197
VIDEO_7304272406548319520,8.2,52.424206025860634,150.6887619357639,57.563321397569446,242.36790188255313,146.85083767361112,44.887978515625,78.41608899942563,131.5197970920139,72.62618706597222
VIDEO_7311689753676533024,8.583333333333334,1067.8960326496872,184.05173514660493,31.76868682484568,1034.3673316822267,176.83221884645062,46.62829234182099,,,
VIDEO_7290823677195603233,7.590924257590925,378.6029571487238,111.1060050154321,96.94381510416666,64.7353356358453,97.38444444444444,103.11879195601851,56.66069925551343,97.56102671682099,103.75899643132716
VIDEO_7206680972555750661,13.466666666666667,157.5745855034675,13.934091796875,9.760327690972222,153.45880509264794,53.00983506944444,133.77401692708332,166.29786349665204,10.394135199652778,76.59673828125
VIDEO_7049689395460312326,11.9,738.8751972669626,146.2951150173611,62.299111328125,843.4280826356664,158.5760427517361,42.68476019965278,856.8219397784151,167.3919216579861,56.74987521701389
VIDEO_7462683592603340054,12.133333333333333,390.2891952306006,170.633857421875,27.645998263888888,378.03686299698325,154.11455729166667,66.92571940104166,280.49583406095036,142.3342404513889,111.15921766493055
VIDEO_6955020730140544261,13.066666666666666,315.5752199316903,168.80968221028647,64.66990492078993,284.7353394129457,129.55352274576822,92.41223653157552,,,
VIDEO_6834420537545084166,14.12,235.63620909816854,135.83916391639164,73.87525096259625,214.6798570036631,138.3935506050605,50.624116474147414,238.48393951226137,151.1177633388339,39.8722497249725
VIDEO_7551795663772798211,6.7,371.86593842029595,105.96457706404321,83.75929735725309,3.3333849280819154,109.75258005401234,93.6546942515432,246.628669233748,112.51091579861111,98.73533082561728
VIDEO_7050500563045338374,13.805472138805472,343.10271704235737,176.4752655029297,61.19174024793837,249.25962677679632,169.1830122205946,76.46248372395833,127.60900368911422,144.25230068630643,115.1857418484158
VIDEO_7099406976437718278,8.7,115.13134018120208,172.1729448106554,60.700961642795136,61.37647469745328,184.63396538628473,43.91419982910156,105.45615764788961,126.35160149468317,119.74576822916667
VIDEO_7165165100075093253,11.878545211878546,354.62491612151763,123.72956066743828,65.0480434992284,12.430321615922692,101.59116030092592,87.20086419753086,65.95060763168485,103.47448495370371,87.49714891975309
VIDEO_7210751695771553030,10.76076076076076,937.1781847345466,101.85965760030864,48.533078221450616,332.441953520998,122.83147569444445,61.62818913966049,466.8494742683649,107.8673649691358,88.6633950617284
VIDEO_7546552028168719638,14.166666666666666,1807.0125890797046,114.80294121636285,83.65390014648438,461.4643834433777,132.09552171495227,70.60638088650174,1648.057643591596,115.04147677951389,83.59561835394965
VIDEO_7293173989143366945,6.3,986.197612807746,127.907841796875,48.889498697916665,973.4467230026515,127.96869032118056,52.23023871527778,251.65501356542964,150.35350043402778,57.04742730034722
VIDEO_6847902541095668997,13.9,595.7854928132234,113.89089891975308,63.57434220679012,335.73002927262837,122.42548225308641,74.19693672839506,231.90856389486868,120.86921682098766,62.84173225308642
VIDEO_7297157611294706976,7.333333333333333,261.63009419996894,140.75609423225308,55.571982060185185,175.97722651264462,141.50268277391976,55.995706500771604,188.17099894390944,134.17551938657408,55.53451774691358
VIDEO_7580401530428394775,13.166666666666666,1345.0386413555239,134.08335021219136,38.16797550154321,315.69599328191305,118.84343701774691,63.5614096257716,0.1827057691030178,5.27837287808642,20.838365162037036
VIDEO_7555412968511425814,12.266666666666667,314.19180028588664,163.42952982584634,45.84508938259549,337.69845771085596,146.65118069118924,64.7101321750217,274.462781780431,168.14005703396268,37.473487006293404
VIDEO_7175881254233967878,8.933333333333334,897.4743663046755,140.74956163194443,137.94930338541667,238.67993219341585,139.12513563368054,126.85681749131945,242.8451111002604,139.01203667534722,127.03727756076388
VIDEO_6797039273053850886,9.833333333333334,359.76083737281317,154.5758024691358,96.58401041666667,216.5256088273711,158.58282793209875,90.7662538580247,336.4066454125191,144.16551311728395,130.03527970679013
VIDEO_7340684346040290593,9.033333333333333,330.8782908649209,119.75826533564815,90.32023244598766,337.1809591962257,119.07735291280864,88.85125578703703,339.34506685266877,115.82514274691358,88.20368778935185
VIDEO_7444595106025442593,8.56,875.2330707856971,184.23507520887586,48.65714857313368,57.48583805622867,185.66398281521268,26.339175754123264,2.6088898874428352,133.85019259982639,50.85007561577691
VIDEO_7184459390143974662,10.566666666666666,766.1853990045889,118.94763563368056,33.15652452256944,784.3996440972033,124.35748046875,43.21250108506945,721.5331452793251,111.64915364583334,40.22238932291667
VIDEO_6935817751898426629,6.0,171.02719936860197,128.17490933641974,111.17394868827161,106.12193557454502,145.3711651234568,82.84768325617284,98.12131396996396,131.70598572530864,116.30888888888889
VIDEO_7580037763580415244,6.766666666666667,350.9535298728377,161.2082743710692,65.11377260220125,187.33888201434598,126.31000884433962,82.06284394654088,84.92437046648405,126.64672759433962,87.0278522995283
VIDEO_7309113734360780064,11.177844511177845,29.152084709484704,136.28992669753086,37.5754224537037,18.571043112318666,141.49760223765432,35.69077546296296,13.843525147480696,144.45132957175926,35.62753809799383
VIDEO_7305093445926915361,7.574240907574241,179.86693812615664,142.5071836419753,51.55716676311729,609.6629590458623,132.2073538773148,93.0117828896605,402.1631555853761,137.4250434027778,92.37217447916667
VIDEO_7423773390932135201,12.333333333333334,229.79129331250394,175.2950009645062,48.723661747685185,192.05305941883606,130.6644275655864,37.32540653935185,171.88972111236194,120.50424479166666,60.14647617669753
VIDEO_7466109584952855840,7.966666666666667,144.51663026754306,152.534715470679,63.73477382330247,29.244537435699353,151.69447675540124,71.52008632330246,83.81465325389084,155.38583140432098,52.5702912808642
VIDEO_7067985901011373317,9.466666666666667,436.31544100651575,122.5547604031033,136.75813462999133,281.8295689949559,105.33172098795573,177.25664265950522,265.96558962481805,125.6187744140625,163.42147657606336
VIDEO_7162439514428919046,8.633333333333333,444.39302221042846,148.0518359375,50.48807400173611,307.5541552090068,127.2860373263889,45.657239583333336,186.235334132437,154.9148003472222,62.02988932291667
VIDEO_7060539961459641605,9.233333333333333,459.08532742648185,109.95383138020833,116.49408854166667,189.60980028275384,111.05781032986111,126.81238389756945,1131.4883988781398,136.50247721354165,60.179453125
VIDEO_7421851827794152737,8.233333333333333,779.2253674687721,140.89320459905662,44.431603773584904,594.7393615291468,142.04981328616353,40.19057832154088,254.88473921829575,175.81334021226414,9.348240959119497
VIDEO_7425904564697632032,14.597931264597932,0.1445134049554984,204.15923177083334,10.233386863425926,0.2816791754400634,207.71037712191358,8.652275270061729,0.0,0.0,0.0
VIDEO_7584519298459176214,13.366666666666667,673.8481425972134,88.18398485725308,109.42406732253086,347.11663041590293,72.46886622299382,82.67963107638889,315.14671006939886,71.13908709490741,90.81792148919753
VIDEO_7517987561692794134,7.933333333333334,71.45586987776842,69.54246860080295,104.20802815755208,19.6150051309112,77.79047478569879,84.17289394802518,21.78838233998977,73.49132453070746,84.64635891384549
VIDEO_7213655175318211845,8.9,707.61482916848,118.29434699292453,116.39703960298742,660.9678678980051,112.76184650157232,118.90415929638365,587.5057217676479,115.41444329795597,119.15417403694968
VIDEO_7593403675297467651,7.24,423.4205515749499,154.55292486496913,47.66415557484568,313.7229576581732,153.49004484953704,46.89934461805556,81.9533043960048,165.6027734375,42.204138213734566
VIDEO_7459384907962305825,9.5,761.1372611521527,139.71283564814814,38.93748408564815,361.2803059096206,138.46638310185185,40.95843701774692,443.61105157016715,140.1490620177469,40.67532214506173
VIDEO_6878219367390268673,14.833333333333334,3528.5875817574333,125.83582561728394,96.61480709876543,1253.9875614604432,131.2313348765432,78.40505015432099,2064.3116272813213,130.50824074074075,67.19265817901234
VIDEO_7537787296209259782,9.5,3705.680685339121,108.83893566743828,38.475465856481485,515.75898174486,133.0738671875,82.78249228395062,1388.2535669866802,134.59065248842592,125.33389371141975
VIDEO_7026774067223055621,13.666666666666666,245.80837774700473,63.921848958333335,117.87902886284722,267.25192511324354,94.5500607638889,97.24609266493056,267.1479544800888,104.12712131076388,93.38618598090278
VIDEO_7260104911830945051,13.0,36.42978440614342,127.56948977623456,47.864384645061726,604.0779633806253,122.63220727237655,87.90740788966049,546.095242490722,133.3774710648148,57.221344039351855
VIDEO_7331415350828911904,9.08,151.84693235072012,96.9702131558642,130.43262586805557,152.83797115958515,133.94409818672838,92.83382860725308,166.38278627411614,184.5472511574074,7.523141878858024
VIDEO_7463520186876939552,14.44,74.28150236190892,199.7256606867284,5.51358699845679,6.56325906333557,142.76047405478394,86.74329764660494,36.92036503527792,129.7758270640432,91.23111400462963
VIDEO_7486391346727537942,12.866666666666665,0.002688078703703704,0.017360146604938273,255.0,207.76728876527432,122.50163194444444,113.1547796103395,0.5268885030864198,0.29932725694444445,9.667333622685184
VIDEO_7334309352062405893,7.8,583.9986409886171,152.97931247287326,99.96653747558594,649.701320269582,143.60384962293836,114.26563686794705,762.6639060338493,135.16569349500867,116.42103746202257
VIDEO_7400379104962284832,9.9,381.3011784187941,111.9767113698683,102.16527922604566,316.7269869580552,124.13493704862319,97.09175114895918,286.24261286095873,125.62260890974395,98.31779728111844
VIDEO_7340356860299496736,11.633333333333333,209.61863272961065,143.61631558641974,47.23214554398148,32.31146685289971,148.94692177854938,42.91301359953704,15.224530285083578,158.31368296682098,40.186843171296296
VIDEO_7185200340310969605,6.04,77.38630297799841,156.0469063464506,60.08160204475308,52.62841972626109,157.36295621141974,57.434223090277776,107.41386233120933,159.39649643132717,78.24953944830247
VIDEO_7399196283501628705,14.28,8.969464058209585,64.22750916280864,119.02674430941359,4.1913854914826425,95.25958526234568,87.68675443672839,344.4529850117059,134.25995515046296,96.73644048996914
VIDEO_7474850979473640726,7.874541207874541,82.34064958313365,163.73168306327162,35.85161651234568,81.2877285854475,160.47711467978394,31.032616222993827,107.90617813055721,162.93231626157407,35.70723186728395
VIDEO_7461940902890605829,8.96,1072.8803594776712,117.8126203748915,52.882717556423614,90.13806828851868,158.9435340033637,27.603207058376736,1310.1787451925763,143.77338663736978,91.5323469373915
VIDEO_7490268698918309142,13.0,1577.0812803719418,155.29285638503086,33.21460985725309,566.0907821780359,132.58227527006173,38.05857783564815,1745.204504217883,140.8716796875,56.60616222993827
VIDEO_7068640088774741254,14.1,1298.3264881105704,145.06018914116754,31.31711154513889,617.6248167972138,148.5037604437934,35.88096788194444,839.0944787825769,146.88841417100696,32.842556423611114
VIDEO_6994481888182144262,14.48,674.2265823413101,163.1104990641276,52.13077290852865,406.1478878667601,107.23473103841145,57.00190734863281,128.51921873604073,81.4929928249783,47.36363389756944
VIDEO_7095721528142155014,6.133333333333334,213.98467311786237,142.6684807671441,42.35126241048177,1756.8646530889687,164.49674479166666,126.13669331868489,70.88312573123574,119.49980163574219,55.26158311631944
VIDEO_7080583186522098949,6.233333333333333,212.8284994310636,112.65035671657986,49.16178724500868,227.1931525060309,106.94009908040364,43.921815660264755,226.70758500412092,100.44963921440973,41.678063286675346
VIDEO_7470863926922579205,9.933333333333334,1485.549683802172,149.45054796006946,59.30865478515625,803.3342190516285,156.135013156467,50.08051554361979,2581.103506920925,149.04243808322482,54.55094740125868
VIDEO_7183477138249485594,10.366666666666667,36.70549370032299,14.3479296875,91.65623914930555,67.25753363701033,23.073616536458335,115.6426171875,58.787031218333304,31.058047960069445,152.873603515625
VIDEO_7148719596487363845,6.8,1442.1130177266868,123.55562676323785,31.837661743164062,1292.3328190526845,129.8930901421441,36.57847934299045,1323.0513241313784,127.51144917805989,39.28306579589844
VIDEO_7277939332831251744,11.96,1008.9806689496849,91.02180893132716,111.55423852237654,237.1919289648311,103.47276331018519,151.6194565007716,331.68257039849806,92.38425395447531,121.18124373070988
VIDEO_7606743080678591766,10.2,624.0421179709917,138.65229600694445,85.47522569444445,601.9978059690687,137.04787977430556,86.55477647569444,583.7360752991464,136.14194986979166,86.54208984375
VIDEO_6880117942432959746,11.766666666666667,364.97605696756784,147.08479563072586,78.84762939472242,295.6014515819927,163.79248688434734,67.37153511862815,51.916484901900446,139.33759298410462,134.05562994283923
VIDEO_7207818125402852613,14.4,355.448772015737,60.687845865885414,85.3367428249783,245.53586488589644,60.105919731987846,79.39697774251302,0.0,0.0,0.0
VIDEO_7188189006851575046,7.7,68.51338316936729,113.06274522569444,120.87247829861111,95.00259544880714,113.76787868923611,110.01629557291666,18.91922415324906,126.01399197048612,89.18025065104166
VIDEO_6874890977631390978,14.533333333333333,1466.853902741605,112.2737712191358,115.94227816358024,922.0082844794547,116.32735146604938,73.06495949074075,1088.3072181604455,118.86530478395062,101.04325810185185
VIDEO_7194484239583284486,9.592926259592927,365.7170629305391,152.4707997639974,74.19134351942274,326.3534655787574,162.18957689073352,46.35157775878906,211.8478235254685,178.21264478895398,34.525909423828125
VIDEO_7312523032025730337,8.2,103.43018426488183,116.7131182484568,91.7471518132716,26.607539051781174,148.57000530478396,43.48921585648148,46.568062331479105,158.63767698688272,53.22856481481482
VIDEO_7569927329154190614,7.683333333333334,665.051319923832,133.31708381558641,122.05479890046297,459.7816719249815,133.1276133294753,120.79620900848765,459.75912118228865,132.03565200617285,125.15320794753086
VIDEO_7301350531325365537,11.1,83.49063223020649,190.32991644965279,13.858383246527778,75.40790548933879,191.29015299479167,8.949415147569445,74.35088968799262,190.68217447916666,10.32021701388889
VIDEO_7161523791154236677,10.4,256.2725780268728,115.5981640625,73.820322265625,9.057240622710003,82.77927517361111,148.69128689236112,58.39336371520241,60.07672743055556,145.87268120659724
VIDEO_7304665669872782625,12.3,415.93871480033886,138.72662663966048,66.25100983796297,390.0933957185357,132.61354697145063,78.95868441358024,698.8392588598914,142.46291377314816,66.11762201003087
VIDEO_7387308322162052385,10.466666666666667,39.53211343600426,120.95433979552469,71.81003279320987,12.341469423474017,135.24551167052468,50.34156491126543,13.07924045040629,138.073220003858,48.03183545524691
VIDEO_7067569943449046278,9.642976309642977,487.4759862364769,135.38916341145833,69.15689995659723,607.7078624128931,117.45598090277778,102.64860785590278,447.26387349806413,128.50024631076388,104.35978081597223
VIDEO_7069844079122599173,7.5,825.5384689267182,194.51745334201388,18.801739366319445,52.657250395028385,127.94655924479167,56.41956163194445,838.5092925224728,194.5018240017361,19.047868923611112
VIDEO_7242348894435167514,12.466666666666667,386.55141492720657,99.29106915509259,82.68547694830247,218.86203166061634,100.70766878858025,103.48513165509259,196.5241265105794,134.2482527970679,33.14590760030864
VIDEO_7103816728982916357,8.0,430.32941041095756,126.69630432128906,111.23329671223958,346.83079080945913,129.85587565104166,109.6551751030816,0.0,0.0,0.0
VIDEO_7517939109512449302,11.72,1448.5874996114678,101.08187357584636,136.71188184950086,596.7118273369025,120.50571187337239,90.23060777452257,3309.240420970652,117.41610209147136,99.93207295735677
VIDEO_7085404371671846150,11.666666666666666,348.88965332795243,96.02298651801215,61.84724765353732,421.14764404292276,197.19281344943576,36.684938218858505,794.3772969140934,184.2641889784071,33.81932237413194
VIDEO_7225632323146943771,10.1,27.66683593287632,123.64431520061729,100.9956495949074,32.770885896156614,135.0085503472222,109.07844280478395,276.0501202205138,131.6329296875,56.966387924382715
VIDEO_7443866656956255510,9.6,19.444676407955516,64.06084394290123,115.72400511188272,27.208881534194187,91.72442660108025,72.22254484953703,49.211230130762594,98.7218036265432,97.19210599922839
VIDEO_7156608613346184454,13.6,99.59645109394961,138.5346556712963,24.081138599537038,24.19963872882417,156.277511091821,57.44116319444444,72.02411647248445,170.27631944444445,17.269365354938273
VIDEO_7172507378498260229,10.51051051051051,5.816087969513881,135.49680121527777,87.01027994791667,619.2609674381915,128.44755425347222,114.87883138020834,736.6648964163592,117.37724066840278,143.459560546875
VIDEO_7550653411583102230,9.3,3204.81238119134,150.73553466796875,129.17079162597656,1714.1385543416052,151.77407836914062,133.13812764485678,2396.999194303413,143.10868496365018,132.7715335422092
VIDEO_7250832194392886554,10.649999999999999,526.9179665436586,99.98136622299383,70.89559847608025,1082.754459394279,121.54826437114197,73.02006221064815,500.44312302596245,120.31984471450617,23.182949459876543
VIDEO_7219646733901450502,9.733333333333333,235.610249192969,151.83532552083332,50.248544921875,62.40345209587827,161.8265212673611,35.374033203125,55.3111829811838,155.09326171875,52.29412760416667
VIDEO_7336480513269583136,6.366666666666666,0.0,0.0,0.0,78.9478331647287,138.4484519675926,54.469974922839505,152.19376310762402,155.0134047067901,40.15480709876543
VIDEO_6927665892457237765,13.7,694.184733774848,123.2016300154321,80.29074074074074,55.62014847202798,133.17528742283952,63.74893904320987,45.85168402024257,115.04769483024691,60.922654320987654
VIDEO_7440066420332924192,11.933333333333334,1106.5443312762204,90.38583670910494,94.06975356867284,166.9865658078038,123.05638069058642,53.870968846450616,34.16185712322949,129.29867717978394,76.66499373070988
VIDEO_6945377653587266822,7.363636363636363,206.8452083885857,197.27271894290124,33.92844569830247,270.4453269636622,194.73895399305556,37.1682243441358,222.1976412709845,202.0977985146605,29.14455536265432
VIDEO_7457617290348072197,8.533333333333333,1691.9356933588558,158.85615234375,16.61252170138889,958.2383116192099,122.65949110243055,22.82464084201389,892.0590287989287,126.500888671875,20.918321397569443
VIDEO_7041603482742230278,13.805472138805472,153.61886311924195,151.40067057291665,38.004947916666666,259.43689862239506,174.82223415798612,52.425640190972224,934.9910269405743,126.41147786458333,70.28923394097222
VIDEO_7226043488738069787,6.933333333333334,968.7182134741455,130.20804349922838,106.19290461033951,409.03568138913874,127.88416329089506,92.04173177083334,274.1838025504636,113.12657214506173,98.52393229166667
VIDEO_7401388090830359841,9.64,12.354248151351772,79.53551311728395,123.01467592592593,17.110275246283738,92.34726514274692,98.40405719521605,82.47474826287582,110.817371720679,139.55297067901233
VIDEO_7312076882822909217,14.038840792860245,174.72139701294984,102.24203462577161,83.39170235339506,579.9090781324736,105.93182243441358,129.27243393132716,626.725130583363,116.44920331790124,146.97197193287036
VIDEO_7289785625367153952,12.84,137.7678949311626,92.60289978780864,166.57860580632715,126.68872392037451,78.5654470486111,207.04412615740742,112.16960455246914,3.0452946566358023,53.227636477623456
VIDEO_7274897399045246241,8.466666666666667,23.231087102023757,122.67292486496913,100.53238136574075,94.50435117367508,114.22231385030864,110.95872347608025,37.281188485715454,145.86962914737654,78.95416425540124
VIDEO_7231163731080711450,7.433333333333334,0.0,0.0,0.0,284.2328275541005,82.56069607204861,89.26824103461371,0.22978866879575324,0.031941731770833336,44.674702962239586
VIDEO_7324421973612825889,12.433333333333334,124.09614721888791,125.52570119598765,102.05465808256173,12.65756830632716,108.26176649305556,57.904579475308644,14.07374249342721,103.16468942901234,48.83715663580247
VIDEO_7382840415893998880,13.4,1556.6412098263456,122.91744603331142,71.05839428555775,373.3086621462106,132.57254821389438,73.34526147819417,365.4694390683869,139.27755930856893,61.543024052158664
VIDEO_7413699830469397793,7.266666666666667,1034.7842944067495,131.05598524305555,37.718907214506174,574.4843790025832,142.362589216821,41.1618643904321,529.2126422630583,136.19348813657408,41.03825954861111
VIDEO_7455422115802565910,12.066666666666666,75.65094671893957,12.066811455620659,100.1300286187066,86.51143873107826,15.122792561848959,85.47117275661893,249.39898830072465,54.495674981011284,189.93473646375867
VIDEO_7143162692004482310,12.466666666666667,2223.8521439201045,125.86506652832031,75.55824788411458,1301.5465754440922,119.7828606499566,89.63186645507812,1506.8878877272853,113.60995313856337,119.06610446506076
VIDEO_7361030582446378272,8.5,485.3958100378263,77.10172405478394,124.82517988040124,463.4095208648116,86.92956259645062,106.85292775848765,638.418118994497,91.90603395061729,99.00931568287037
VIDEO_6918691694791691525,7.833333333333333,128.79849125900202,83.81481424967448,62.75546434190538,335.23765902696925,115.47069973415799,67.69662475585938,351.88020303284026,134.6458265516493,38.81079779730903
VIDEO_7210817231368785158,11.633333333333333,77.21353287247872,142.484509963132,42.51074438202247,35.26167122983192,160.07384568117976,12.576693074087078,31.845075348848162,152.8002622454354,11.3243438377809
VIDEO_7391769807764458784,12.8,1070.9105286293081,154.67860532407408,39.66067129629629,1093.0702888894832,120.46214313271605,126.2787929205247,573.3799126767332,127.96319589120371,115.23690682870371
VIDEO_7565953021411216662,9.442776109442777,2428.3962509602675,133.55348883734808,47.80818006727431,1875.0849769597642,130.66334194607205,47.033484564887154,2080.54867697224,129.39610968695746,45.89415147569444
VIDEO_7556661292233379075,9.7,74.57056277899768,98.48714891975308,94.61971643518518,15.426698974547746,99.60483072916666,88.40257908950618,46.10341820057381,102.86047791280865,88.74820264274692
VIDEO_7237511650532773146,9.80952380952381,972.2047429530766,129.80032937885804,88.1334982638889,707.2231327065597,112.01284722222222,123.4077522183642,344.1060792817292,107.3575959683642,120.68399739583333
VIDEO_7470850262840691990,8.675342008675342,43.46052752004029,126.14124469521605,48.411320408950616,49.23842881903419,127.47623456790123,50.114858699845676,46.44851080235657,129.92762538580246,48.54172164351852
VIDEO_7528433357093358870,11.6,124.23995892448383,104.1353091242284,59.561864872685184,210.56902440157614,103.05718798225308,43.97113908179012,128.13721883866214,104.1181852816358,52.95139612268518
VIDEO_7475273206497086742,14.4,5.701372009928302,133.79754436728396,75.94816695601853,2.4262006081242586,183.9062471064815,61.61056182484568,567.8398068871015,143.18470630787036,84.45150848765432
VIDEO_7288326750243704096,6.733333333333333,292.3513302262844,116.29211086697049,115.57965087890625,1289.5177994560604,139.1271243625217,117.4867435031467,948.1106613141795,130.6853485107422,126.68188137478299
VIDEO_7327710709201014049,6.4,41.76291623375429,131.7737533757716,108.78134596836419,43.60880669485963,124.54422743055555,103.87566695601852,47.3006542385467,122.8855999228395,143.4093041087963
VIDEO_7036326405155638533,13.383333333333333,3125.135125857653,127.10494683159722,102.66198350694444,1495.4489451779918,131.95388346354167,88.19379448784723,2732.4156975375977,129.03684244791665,95.16107530381944
VIDEO_7488659236717628694,7.566666666666666,85.14033874811243,102.22170717592593,96.85813898533951,276.24905761409804,106.1907069830247,91.55415943287036,500.19451763036534,105.34517119984568,90.87542052469136
VIDEO_7163303756447223045,13.4,86.155002853191,203.42585744598765,24.43088107638889,215.43408860694365,205.5163310185185,14.093457272376543,71.25126441838121,204.1806288580247,24.213796296296298
VIDEO_6885735124013550850,8.344827586206897,6875.178275666279,117.88450810185185,96.553074845679,1715.5638461215206,126.12769868827161,104.45080246913581,1634.1300820794418,130.61826774691357,93.75490354938272
VIDEO_7554403190200945942,10.733333333333333,229.06096902192726,120.70663791232639,49.076453314887154,140.03610471550687,118.2806888156467,47.677978515625,104.90528563234128,116.45840962727864,47.372689141167534
VIDEO_7458325240628661537,13.16,220.63576629202163,167.7989197530864,45.82576099537037,83.8225746249531,24.39276909722222,154.7354759837963,35.54341723643604,36.76926118827161,61.50725356867284
VIDEO_7220765448000900357,11.466666666666667,1032.015671896918,114.487794664171,80.95084465874567,1029.9655640111362,109.55697631835938,82.15573967827692,1072.7375868260601,108.25126308865018,81.69962395562067
VIDEO_7462724279965125920,12.933333333333334,480.79758607224045,166.46713107638888,54.36811053240741,466.85941098018253,168.1868754822531,46.7258805941358,357.50842998822344,165.413097029321,52.21309606481481
VIDEO_6739804771013774597,12.078733333333334,906.6156692604354,163.9269906323185,55.71996731069477,66.12572273938773,149.07924960967995,30.938612412177985,125.61378449545319,155.14370608899299,67.97549277907885
VIDEO_7535846060476976406,12.333333333333334,1054.4463314309826,102.99570041232639,66.58308241102431,863.4966637217584,152.3888905843099,60.02051289876302,891.9609446829086,100.77187940809462,93.33861287434895
VIDEO_7332521954538245408,10.3,15.160224729488021,141.75608603395062,81.72479070216049,549.9979435751309,121.9796344521605,107.28177276234568,221.04554759181565,94.62677662037036,106.34003279320987
VIDEO_7143619564775968006,7.266666666666667,130.13619979029434,132.638543595679,73.89665316358025,1343.4444670149458,131.41066936728396,74.31312692901234,1265.7278009032868,130.6201350308642,77.24373456790123
VIDEO_7579293926796922134,13.5,103.75039351838457,117.93822530864198,83.36163628472222,6.094890512948487,101.05247202932098,98.6302059220679,47.41340255259237,92.39090615354938,101.78044174382715
VIDEO_7372534191776386336,6.9,121.55779319692343,135.18213927469137,57.26082513503086,8.428054108626753,151.20864245756172,63.03389949845679,12.698616307404631,116.9399715470679,126.7976350308642
VIDEO_7037532518978964741,13.279946613279947,1363.1175801677175,122.53518663194444,67.44791558159723,280.2014929975298,120.08133246527778,56.33722439236111,204.58852887021172,137.93249457465276,72.47989800347223
VIDEO_7306457226254781729,7.733333333333333,1045.0750010125073,144.373370466821,13.337015335648148,391.08574038126034,148.99318865740742,18.33178337191358,544.4857999552797,156.55852912808643,18.401839313271605
VIDEO_7203048812351327494,9.8,222.7357069753211,45.65216435185185,85.80270109953703,231.95424141502968,42.45418499228395,84.65480034722222,237.79174575346016,38.048193962191355,89.29387152777778
VIDEO_7293822418068442400,10.64,19.220734414465632,76.74082320601852,203.99260898919752,18.73378205223322,143.40918788580248,112.06584249614197,0.03266105957775468,0.08003279320987654,12.231804108796297
VIDEO_7480244111207976214,6.4,171.67884975513883,130.08613932291667,79.56609917534722,119.40599058696486,127.67334743923611,81.94775824652778,182.7735666202015,144.03481987847223,69.98782552083334
VIDEO_6921604099553119494,14.4,124.76470737301537,32.16069539388021,77.15481228298611,134.65076700846353,6.302702162000868,133.21387736002603,126.45305040129172,5.205401950412327,88.8424784342448
VIDEO_7400010201476123937,9.866666666666667,1008.5953850121095,133.23839265046297,102.99313802083333,842.6082307141036,142.67378713348765,106.9637996720679,2179.725109850218,146.2296735146605,114.30965615354938
VIDEO_7483888039303843094,13.633333333333333,244.65183834483503,143.73592399691358,99.29277536651234,231.76422110101146,138.8729692322531,106.82912856867284,214.620966873025,136.70147762345678,109.37672743055556
VIDEO_6979673025503366405,13.2,146.98835584713308,146.7307603624132,36.669370863172745,159.85097402745546,118.49503241644965,75.53524949815538,107.48237609331795,141.3325398763021,57.13092380099826
VIDEO_7434514141697625377,13.666666666666666,24.361779968460564,98.29590036651234,183.05201630015432,58.04107864032403,100.70178867669753,179.84573688271604,0.13437255133739462,21.74653790509259,245.19041811342592
VIDEO_7083155569812589829,11.1,255.27635728425557,126.39396373820755,111.63485898191824,169.76486586036017,124.2409738600629,116.15857655267295,184.15615908023287,119.92568789308176,112.72067855738993
VIDEO_6792131260543225094,12.8,674.1642886752924,120.41703213778409,119.23702947443182,125.02453384003364,123.67310901988637,123.53894708806818,166.550469706492,120.78547585227273,124.22970081676137
VIDEO_7546567057056353558,9.566666666666666,57.461441888299646,183.80585453359427,40.794534137856054,71.49311802864564,186.43854642313548,38.063563410524026,103.60855254018688,107.49642245596868,147.0762682784301
VIDEO_7211431817205878021,12.04,155.69466361853668,140.87719907407407,47.1730150462963,101.48151886826273,138.14881944444446,33.030786072530866,75.27363362830938,167.45474392361112,59.88469907407407
VIDEO_7407351220127419681,12.395729062395729,480.6779701967572,122.88531105324074,67.7186149691358,470.3956652931347,128.13113811728394,62.168625578703704,550.6309767746914,151.37401138117283,63.7098186728395
VIDEO_7168038506772679942,7.36,61.50237123273214,81.94506401909722,62.96514756944445,79.83108256858074,105.76177842881944,93.667587890625,359.5450368900817,140.21912543402777,52.60823676215278
VIDEO_7459503727737687318,9.233333333333333,1779.6194280912034,120.94400282118056,108.76559027777778,916.2668395126614,139.278193359375,123.92819227430556,552.4955738272196,120.44081380208333,134.29323133680555
VIDEO_7271545826923531552,13.266666666666667,143.2730130854454,128.88687692901235,106.80545042438271,147.63504217249658,130.91490981867284,110.62822530864197,143.2977145488163,139.30367525077162,99.61966001157407
VIDEO_7259455690996075803,10.9,52.928084006807346,148.06738425925926,71.90994068287037,66.49859229365686,120.24987172067901,87.59161265432098,118.79407937252635,120.4537254050926,72.69693045910493
VIDEO_7391169699821669665,8.233333333333333,232.26429224768094,99.20365162037037,94.47811873070988,161.3013555625875,109.25646074459877,92.31439525462963,190.73818999253305,113.62879388503086,86.96124083719135
VIDEO_7076502785742720261,12.4,395.1058100910705,152.91393012152778,63.79778754340278,89.60510872628954,117.73008029513889,68.676220703125,246.98359265830783,131.70111328125,44.99454427083333
VIDEO_7297177472615861536,10.4,511.379353994127,149.56588638117285,42.19177276234568,255.50622760657583,151.1635011574074,21.64676601080247,232.96995459913506,147.6553525270062,37.27312307098765
VIDEO_7564069366606679318,8.666666666666666,313.0577101357666,178.93332248263889,17.905871921115452,271.84197319878473,178.01866828070746,17.013170030381943,257.9838493992057,177.022952609592,17.41537645128038
VIDEO_7463500754318347542,13.966666666666667,621.5634710905275,163.1486642795139,30.193216145833333,65.65007827537325,161.6745551215278,20.903646918402778,98.49366722366426,160.01179144965278,21.01872287326389
VIDEO_7336193209883839776,8.84,241.81858224851294,213.03865403163582,13.888962191358024,366.76381543208385,207.33023389274692,15.588917341820988,174.99542603617343,200.82350549768518,16.063186246141974
VIDEO_7082772534126513414,12.066666666666666,0.0,0.0,255.0,190.46479443467314,113.83015441894531,125.8033938937717,172.44444564957297,118.19812859429254,126.33870781792535
VIDEO_7546473791115791638,7.133333333333334,1784.9277198918792,110.44413821373456,188.13619020061728,987.5540568608761,111.88755835262346,188.86370659722223,2262.096702932084,107.67100694444444,185.8560976080247
VIDEO_7583420207629225238,12.666666666666666,593.3738522268036,108.41915750385803,80.20697193287037,390.8936699381138,108.04116608796296,82.79037856867284,358.5590272092697,108.87259500385802,87.69916087962963
VIDEO_7042694987141745926,11.5,712.4890026280615,160.0199848090278,63.486278211805555,419.63528857148725,164.04439995659723,66.42688802083333,352.2066529130712,194.82185221354166,39.39448784722222
VIDEO_7545046455229205782,12.4,3851.2503152630284,127.01703219943576,124.43405490451389,2156.4182919298764,134.82520718044705,49.76284620496962,0.0,0.0,0.0
VIDEO_6883389583271185666,9.894736842105264,1212.1043209733507,144.56921875,65.433231095679,652.5117466804875,133.8513850308642,88.8796836419753,630.192087165102,133.97638310185187,84.43151234567901
VIDEO_7269759073967525153,12.92,581.3548682317863,101.11383101851852,129.761423128858,543.8494863991548,103.27363570601852,127.64059076003086,660.3761105368445,103.40189670138889,124.40622299382716
VIDEO_7316431760194096416,12.1,10.190087652162756,115.30723861882716,89.13320216049382,19.04905663740161,149.84946662808642,117.07185570987654,69.15720871417838,148.5201461226852,119.32245900848766
VIDEO_7202313398300724485,7.3,72.2044032666393,155.60788966049384,13.004157021604938,75.9255189033684,146.78307291666667,31.75585021219136,76.57619549404238,127.74077883873457,55.901456886574074
VIDEO_7341738165746634017,14.147480814147482,73.67010464625707,151.04827642746915,63.43032986111111,108.15888065891973,133.3873297646605,73.89184365354939,89.97181278922882,133.358203125,64.31119936342593
VIDEO_7295785443528920352,7.433333333333334,461.5311305419733,141.6746408420139,128.67983615451388,48.80969178120178,140.54491319444443,124.58271592881944,314.57214244345084,123.80098415798611,112.36588107638889
VIDEO_7587478416618736918,12.64,30.306456096657165,172.31223685359888,46.52447807477289,15.003230913170942,157.98032079839274,50.172517033542974,32.877591817764575,139.8598259521314,59.69099951956674
VIDEO_7052727837165505797,12.12,420.0064151739604,182.8431599934896,16.175172593858505,272.3552485298061,167.57293870713977,29.11056688096788,956.6299506293403,195.27874586317273,16.449930826822918
VIDEO_7372132003078032672,13.617784451117785,228.68752504899558,103.71219087577161,21.338947241512347,122.52554221690383,115.8441975308642,13.116586130401235,446.5857132156599,116.72619164737654,26.983016493055555
VIDEO_7011522309198515462,6.7,136.02220369706214,125.41839192708333,75.25409505208333,46.25595466045685,166.42926215277777,43.690106336805556,18.149341540158822,171.38119791666668,14.185043402777778
VIDEO_7541326779697564930,11.12,405.1013879225817,116.53215133101853,109.29658709490741,798.2069529184234,118.1494034529321,104.69814332561728,752.3733382122907,119.60321084104939,111.38597415123456
VIDEO_7098701138203069702,11.433333333333334,893.7747665974829,132.30862087673611,91.8591071234809,585.2909578490473,127.93745422363281,99.89767456054688,626.1307212108097,131.6505381266276,97.75083753797743
VIDEO_7067063225736580357,12.16,2694.04000467301,127.4332994660143,99.22572074915826,288.9133254109061,144.1811145307239,33.18772359006734,38.420331266921046,107.76197028882575,64.94895405881734
VIDEO_7379193504355978528,7.374040707374041,21.937585814573602,141.13684558256173,123.62292390046296,18.502165869474595,142.00681278935184,136.74966049382715,33.498068009440104,140.7461713927469,139.35036795910494
VIDEO_6963197595422346502,11.32,537.8148941099184,142.18110148111978,57.03349134657118,68.01089875340277,126.28384229871962,39.94098917643229,0.0,0.0,0.0
VIDEO_7418230327207939360,10.166666666666666,574.759800924712,132.58723524305555,56.452365451388886,390.20443715180636,126.16486786265432,56.18407937885802,583.9543692106373,123.71046055169754,58.54476514274691
VIDEO_7026756047805205766,10.093426760093427,133.52054062481986,191.94537109375,13.872433810763889,198.08845262650382,206.09039930555556,9.686851128472222,173.09929107382973,130.56846354166666,40.99680881076389
VIDEO_7325764964172467489,6.133333333333334,244.9519810739023,106.01220196759259,89.47365596064814,548.5866748339853,95.74326726466049,76.83341531635803,666.4402633005066,132.94396026234568,62.82707320601852
VIDEO_7491632736105450774,12.033333333333333,67.01099078118688,143.07377865594378,73.23300517655758,73.75453950838767,174.7622839249399,31.419372804584953,244.7021161292709,175.9254159733777,38.29468247365502
VIDEO_7236382869650689306,12.178845512178846,143.94897516572217,112.9793499228395,109.8489347029321,130.10901618387402,105.43616801697532,120.12390383873456,129.60031489798092,100.15766107253087,108.03784577546297
VIDEO_7038638363686997254,12.033333333333333,332.28353780955445,137.08572916666665,87.51821614583334,562.9488866264438,104.97038953993055,116.83593967013888,778.9733285915046,113.17106879340278,83.45945638020834
VIDEO_7302346370701118752,6.433333333333334,1085.1240007518736,161.07040943287038,39.00615017361111,621.2581707879433,158.1024792631173,36.120080536265434,415.42187930123396,156.29866174768517,52.468618344907405
VIDEO_7539973950877584662,7.1,2981.499227305258,60.121436149691355,75.60090133101852,1903.6001695917064,61.03416521990741,69.46353443287038,1923.022014808736,60.936187789351855,74.32582127700617
VIDEO_7218219061707033882,8.666666666666666,1.473251832559635,139.4547554976852,27.30970196759259,0.1790282550053014,9.277952353395062,0.4505208333333333,12.997597415089968,119.96501012731481,31.201628086419753
VIDEO_7557014347273276694,11.5,1009.2714350749193,124.66988118489583,97.29532877604167,527.5497842472346,161.6079830593533,51.302369859483505,910.9054464012079,143.03262329101562,65.69891866048177
VIDEO_7255302948413099290,9.1,687.4947096750686,107.15610821759259,85.96561969521605,445.2212133420443,103.47856240354939,106.51674334490741,26.63345429429419,102.40478202160494,62.184731385030865
VIDEO_7223430604547837210,7.733333333333333,1025.1252993958603,144.41367621527777,38.150807291666666,952.0050601051424,125.63386827256944,29.60202907986111,841.7844481709751,134.781572265625,37.877109375
VIDEO_7307663369090207009,11.066666666666666,48.40657359116771,108.86360001929012,143.0130082947531,17.44015335052774,109.8732884837963,141.9517645640432,29.302316217970127,109.6226779513889,143.62217206790123
VIDEO_7310626433129270560,13.16,705.1109844024093,122.40538628472223,60.90648341049383,115.93318618112619,139.6083097029321,60.2200318287037,293.2621869984568,94.97678481867284,67.03912953317901
VIDEO_7604101089775865110,14.7,172.59054903683133,126.91272677951389,33.06368381076389,90.60431203274199,52.94909071180555,47.01332682291667,127.40853189906248,125.86049262152778,35.93257161458333
VIDEO_7183009043407965445,8.666666666666666,266.84532110814223,95.36907937885802,120.04199411651234,22.004556722021718,101.39231770833334,117.53918933256173,2.59983022189298,90.85612509645061,128.38540364583332
VIDEO_7309091598472727840,7.28,1324.092289190319,116.93848234953704,99.51872829861111,189.13907947289366,152.47199749228395,51.6685262345679,266.7183424609496,125.97231433256172,106.06478636188271
VIDEO_7239729661788359962,11.8,222.56367935926647,134.55795572916668,41.55765625,7.967556279382588,187.42523003472223,33.258646918402775,176.96904141249365,102.43840711805555,43.43323350694445
VIDEO_7564379905971178755,9.166666666666666,519.3906584447725,92.89325954861111,87.31455729166667,388.31076628960295,95.58521797839506,87.51820794753087,46.8832388117284,2.882178337191358,0.03630497685185185
VIDEO_7069805338601606406,12.0,57.37326902574963,149.39585611979166,51.454358723958336,163.61720501985786,159.48010525173612,47.99219943576389,244.23076998364368,149.68569986979168,47.09532769097222
VIDEO_7057846707651939590,9.366666666666667,434.328468458218,134.22976888020833,102.2723068576389,689.495479049672,125.68571072048611,99.70531467013889,327.27045936697033,129.81446397569445,75.28211154513889
VIDEO_6936835146301672709,9.666666666666666,923.6518749371137,105.17296875,52.81138695987654,980.4294531777464,115.89793981481482,39.246884645061726,1056.8171180501931,125.11174189814815,21.55529899691358
VIDEO_7088619536202648837,10.6,5456.1553836905,111.87133110894098,85.22812737358942,53.994013153496596,118.52979193793402,92.62180413140192,106.85489820104874,118.86026170518663,108.07493252224393
VIDEO_7221953102184779013,9.36,99.98004177065255,180.5271470811632,28.727108425564236,267.45423940227676,195.16437276204428,28.44069586859809,397.6213363624022,195.75046115451389,21.074093288845486
VIDEO_7228647012009282842,8.9,2642.349270383491,116.40146891276042,163.5868648952908,1461.241595909264,117.85586547851562,150.13854132758246,602.7475538695185,110.2768063015408,117.44759962293837
VIDEO_7205658829403458821,10.6,9.036859483617649,106.93485339506172,112.01421633873457,13.324686534711466,108.14892457561729,74.59367139274691,17.14696469780053,104.6219319058642,75.46089409722222
VIDEO_7458331354212666646,10.1,164.9399641243252,127.12239908854167,0.0,814.2792629108559,138.46032443576388,56.997325303819444,0.0,0.0,0.0
VIDEO_7431201197672975648,9.92,276.95044561342917,197.60920006545007,41.10739537614538,219.75685522000285,188.7997324247324,52.375991375991376,321.59467855261806,190.6807648995149,42.44330821205821
VIDEO_7281651537124871456,12.6,807.489971214378,111.58177408854166,114.62922526041666,954.0181158250596,111.32021809895834,123.611767578125,644.5636884444438,110.01863932291667,111.25683376736112
VIDEO_7581507576219618582,9.84,884.0592606551801,122.10293065200618,80.51421682098766,748.0342201677793,117.71806278935185,71.15416280864197,582.2791642244174,126.67295958719136,74.85125385802469
VIDEO_7303968237966904609,7.7,350.33286657622534,160.43994140625,11.536246744791667,33.02356659424275,153.7666547309028,33.82424262152778,1176.1604589843173,135.94593207465277,66.63609483506944
VIDEO_7175864609029491974,14.96,141.2739254757647,99.78702290852864,18.90069580078125,467.63712538188946,122.20361328125,42.68192376030816,0.0004001193576388889,0.0004425048828125,0.0
VIDEO_7395189160081935649,14.366666666666667,5303.418170025805,140.45973476080246,119.98973958333333,3108.97919171402,136.74953414351853,116.57440055941358,3718.917426597028,131.62558111496912,96.25171826774691
VIDEO_7323108113698147616,12.233333333333333,399.1267841860841,149.9362852044753,103.36869116512345,1071.1777010543176,147.68017891589506,114.1006143904321,858.0757995606128,146.72302758487655,107.33068528163581
VIDEO_6764678537346616582,6.766666666666667,50.08291926426933,105.6499112654321,138.56261188271606,30.26429538602871,115.5840586419753,132.5401273148148,46.23072144579476,109.93494020061729,133.80306327160494
VIDEO_7195215450970606853,13.333333333333334,135.85353539599768,150.3975352044753,90.4431216242284,136.02920476114198,142.80880111882715,93.99927710262345,1158.9401808542389,144.69710985725308,92.80641782407407
VIDEO_7296124478130572577,10.4,1259.7702241797974,128.0077271412037,60.318352141203704,456.8216681064654,159.42787181712964,51.15758777006173,396.8053332143885,151.50792341820988,54.87621045524691
VIDEO_7392856168214957345,11.433333333333334,129.45533623568477,74.20420138888889,195.010993441358,126.67996064090599,74.0852416087963,195.01070071373456,199.46507635715147,130.98362316743828,137.85750578703704
VIDEO_7593661214027156758,9.2,198.46445794310182,133.53323061342593,115.24918354552469,58.24980853739202,0.6439366319444444,0.0,63.66857686727181,0.6700168788580247,0.0
VIDEO_7597370054556011798,10.833333333333334,60.27456687765239,68.44125626929012,102.00473572530865,76.56735918191644,48.28148726851852,59.64499083719136,48.79615976306094,68.36640673225308,79.04265239197531
VIDEO_7345144791094660384,11.466666666666667,411.72850015606156,125.49450617283951,147.77936342592594,467.6643812676097,133.55031876929013,138.13466435185185,866.2423264365447,132.4791724537037,121.1436930941358
VIDEO_7180437054843538693,10.0,19.399548428546133,136.3795669367284,115.51600308641976,23.819142511409602,142.6862070794753,83.82189236111111,22.948635101858848,156.28227864583334,60.29085503472222
VIDEO_7181547992061676805,6.566666666666666,18.60580150462963,50.486957465277776,0.14711709104938273,1417.027779912222,94.79202015817901,89.09956404320988,258.7409418308818,90.70608024691359,98.6038532021605
VIDEO_7264958192017362208,11.911911911911913,331.92477874314886,106.92803481867284,148.18099681712962,34.49890961088516,119.41556857638889,136.29735194830246,27.619597302340747,139.78826099537036,141.65299961419754
VIDEO_7572605667299708182,8.5,1348.6039307696692,128.27716403537326,54.40192667643229,1037.5571820260839,138.03276570638022,45.60230000813802,1010.9348119226153,152.27927822536893,50.130530463324654
VIDEO_7532594185912847638,8.133333333333333,654.9067053117841,131.61521742078992,56.15128411187066,791.0012257600657,130.90979173448352,57.325965033637154,462.30774751360485,131.06338670518664,59.089267306857636
VIDEO_7288261263757446433,14.6,160.37771507767252,120.22488329475308,117.91550395447531,11.194099633468818,137.87099006558643,103.85872202932099,123.43744357636072,116.31716917438271,106.08832609953704
VIDEO_7586689516153343288,12.833333333333334,3860.5827771863283,139.26243421766492,50.69129604763455,751.574737098068,118.89274427625868,54.21285163031684,331.3775939941406,1.1894582112630208,0.41851806640625
VIDEO_7205617494143339782,12.533333333333333,575.4464836770705,126.52975453317902,85.00118200231482,261.73751226178496,112.23913821373456,96.67766155478395,488.7623784675327,127.2707421875,93.22217496141975
VIDEO_7172555111879757062,14.9,219.4991019115651,87.32445610894098,132.68065219455295,78.03299255658769,46.74470350477431,164.1287350124783,0.0002797444402757619,4.916720920138889e-05,0.0030263264973958335
VIDEO_6885984385670122753,14.96551724137931,1507.5699695376652,129.59681712962964,62.52551311728395,2821.1332696159084,126.88156828703704,93.88338541666667,3434.9270552740036,120.3374324845679,111.9527449845679
VIDEO_7082815811529805062,8.466666666666667,423.98070092429975,107.48781500922308,146.77660624186197,538.4959208156661,133.14296637641058,114.89467027452257,646.7593111001116,136.82120598687067,113.46609327528212
VIDEO_7001054542804667653,11.076923076923077,1196.62919551312,125.32654730902777,85.55570203993055,588.5330531141493,141.8199750434028,44.59857421875,1351.9591621086922,145.21532443576388,39.833218315972225
VIDEO_7483554122663234838,11.1,1783.1288389622168,105.03923882378473,134.20105658637152,299.38820731474294,153.78292168511285,97.12066480848524,572.3420707914105,145.68733384874133,96.14708285861545
VIDEO_7197470706416815365,6.6,85.29040711503939,153.8170876736111,69.38997395833333,147.4821103129367,143.53968653549381,47.65069540895062,186.53611641538131,149.11454716435185,41.5082137345679
VIDEO_7311663059695570208,7.5,227.3925955526328,121.1666864390432,115.28529079861111,296.8594343128911,124.4051494984568,97.99803481867283,342.46380386793396,133.96203944830248,89.35241078317901
VIDEO_7577768828214512918,8.95,2994.6468344448936,120.31873842592593,120.01898871527777,3004.5714179138913,100.72046971450617,127.64587625385802,196.50431760555105,2.9356510416666666,36.873059895833336
VIDEO_7291228337123511585,14.066666666666666,0.0,0.0,0.0,46.15841794186513,126.1108309220679,50.07924816743827,176.40375771604937,33.921050829475305,37.3911328125
VIDEO_7300846195444927776,6.5,126.20798609287777,161.39613474151236,43.72871527777778,127.96814428870849,156.83097366898147,47.22009886188272,131.94138246436216,153.65018277391977,49.65769000771605
VIDEO_7547707789863406870,9.533333333333333,588.1803448480179,135.1730709876543,66.58080536265432,343.293791528004,158.02937548225307,42.09555362654321,673.6903486796386,152.23056423611112,69.33989728009259
VIDEO_7278768931857354016,11.866666666666667,1897.1879504105366,95.49309413580247,138.97990210262347,77.08740642813224,124.3395490933642,135.46468798225308,470.8145481160144,153.9047371720679,95.17150752314815
VIDEO_7460568175726398742,7.833333333333333,36.364440101675335,98.6729709201389,51.618702256944445,185.7245840684679,114.22600043402778,120.61225043402777,149.49224049928335,157.83068467881944,86.014873046875
VIDEO_7167292362857794821,10.633333333333333,1277.0451728047265,110.796689453125,110.96132269965278,176.42006292825863,162.86102973090277,53.10434136284722,189.0915049086382,158.48353081597222,54.741673177083335
VIDEO_7549615777326877974,9.0,348.468252556732,147.35641479492188,77.31256442599826,503.703236617766,74.12342495388455,122.31521436903212,152.13340307679027,115.09458584255643,72.1937747531467
VIDEO_7088705916027063557,13.966666666666667,396.61695963292533,185.97510850694445,18.65929470486111,385.7772841159208,193.81854600694444,19.809612630208335,75.23598955823638,196.7044965277778,17.235598958333334
VIDEO_7365161137324805408,8.2,325.78381220712964,139.67084683641974,113.72292148919753,219.9854899580758,140.43760898919754,110.2181891396605,262.0849145741383,141.8317891589506,116.0336222029321
VIDEO_7374072615356353825,14.48,11.599881364325798,62.68682918595679,111.43114631558642,2.5589742472142345,89.64842158564815,120.36212818287036,0.00018325617283950618,0.0004899691358024691,0.0
VIDEO_7141370905153850629,11.4,1064.8750662898851,106.78242492675781,136.53296915690103,1379.5079812660906,107.18489583333333,103.55455525716145,1019.5068715120188,106.34010145399306,114.760008070204
VIDEO_7514333529551949078,10.166666666666666,923.2870779833298,162.57671923225308,26.31964554398148,252.48633825030333,165.23195842978396,30.87855613425926,569.4143961792746,168.13436487268518,27.562213541666665
VIDEO_7054255399968476422,8.666666666666666,18.79667831183538,133.61695183648004,56.7930653889974,24.192608297673157,135.29036966959634,53.49767049153646,14.564408899825297,98.43894958496094,86.229002210829
VIDEO_7060191695681375493,13.166666666666666,101.9063703209409,112.17765299479167,113.78122965494792,125.35886377091578,102.28837415907118,117.57054646809895,413.26738849468234,119.36453247070312,120.734861585829
VIDEO_7289470545270279456,12.52,351.4552942779741,107.80434606481481,136.3710720486111,282.98079523146936,120.47961853780865,121.95923707561728,208.8425016866569,125.02902729552468,129.493543595679
VIDEO_7602656035161050390,13.32,293.0274752452623,141.75712962962962,67.34156105324074,265.2263102640478,174.3747048611111,25.89995273919753,194.10620731976462,167.56899016203704,36.27428337191358
VIDEO_7298393830204640545,11.366666666666667,893.1424824431513,168.05913736979167,76.64882921006945,935.9428469441307,170.7044162326389,74.39389973958333,955.7586504766383,169.64223198784723,74.184404296875
VIDEO_7253058884762537242,12.433333333333334,99.74911892335784,110.6474363425926,108.8231143904321,132.85119523763893,135.61393759645063,61.50787133487654,1.446547065087161,127.04592833719136,33.505009645061726
VIDEO_7504006062559776022,7.966666666666667,375.7227957885726,158.87752621022113,0.05669751213592233,5.403754927738199,159.33663489414778,1.4838440533980584,,,
VIDEO_7429720640111791392,6.4,367.3203870985243,72.66629197862413,239.41395229763455,355.954966167997,185.87024095323352,32.1090087890625,845.0605036805695,136.20016479492188,92.32961018880208
VIDEO_7257181704241024282,14.748081414748082,441.26787896720145,125.06812837577161,84.2847800925926,163.43451337959254,122.28794945987654,70.69892650462963,141.67784722222223,9.372067418981482,2.2358984375
VIDEO_7403421764769926432,7.1,3439.4135371072707,131.3035440779321,97.0993002507716,2292.5080143359696,143.2152772955247,83.63890190972222,877.1096161624589,133.1246918402778,130.2387176890432
VIDEO_7357327030335114528,9.342676009342677,241.40780221516007,130.00442274305556,75.6110296103395,1063.7419763409591,144.2830150462963,46.65421440972222,1042.2048773210067,145.33413676697532,44.0653125
VIDEO_7116439198285958405,14.6817282874669,2782.0356101825987,126.09439765082465,97.02943420410156,1150.2627494622045,104.54940117730035,144.82115851508246,907.443443685353,117.96462843153212,115.31258816189236
VIDEO_7177417414542429445,6.933333333333334,176.26692259551155,145.602958984375,51.65532552083334,119.15580715715856,129.56075846354167,90.92232855902778,138.02466796875,128.65887586805556,99.35495768229167
VIDEO_7551820830615899414,14.2,1147.658553182639,137.50768195258246,86.24837239583333,1061.93378031401,136.2919175889757,74.23267957899306,1265.1441494667513,150.5042266845703,78.2794206407335
VIDEO_7489499424884821270,9.52,3198.739384738064,113.21053059895833,40.879971788194446,358.7065298856334,91.27960503472222,105.83956271701389,291.6788001930225,93.34916015625,92.89985134548611
VIDEO_7395950056001572128,11.9,361.33679059922383,131.64221209490742,140.1816266396605,2011.670466542642,131.15896894290123,145.15918354552468,1652.8833414377073,129.6132990933642,143.55333526234568
VIDEO_7190283346373610757,6.958333333333333,2748.4543564418145,102.17129726080248,100.03880545910494,684.8712018486422,101.92685860339506,117.12576774691358,909.9637108627319,114.94169560185185,91.5384871720679
VIDEO_7348379737519082784,12.8,444.421937457534,117.49488667052469,104.52015721450617,205.66044940289157,163.86432243441357,66.80064959490741,466.8614462783449,145.178136091821,45.2556428433642
VIDEO_7166666264092413190,6.983333333333333,27.172549593562,89.03972125771605,166.43029658564814,21.875821227580577,88.4172550154321,165.46132571373457,35.98992331631508,92.38589313271605,161.29186921296295
VIDEO_7114309168302984454,11.799999999999999,799.1885215682121,102.80003356933594,75.46599494086371,322.20467713581,102.02715386284723,95.05840725368924,255.6229503488536,128.81533983018664,56.18573337131076
VIDEO_7545446733921209622,14.6,104.78323290185612,69.73963831018519,112.93254726080247,950.8371311131681,134.48507330246915,87.80408323688272,0.0004533179012345679,5.111882716049383e-05,0.0
VIDEO_7478999877444226326,9.52,221.0191383002664,141.0178800154321,84.59560667438272,118.26304099448087,130.7397159529321,98.62132474922839,125.63394654465452,129.7148119212963,95.79840663580246
VIDEO_7300112308179701025,9.0,25.505019675515676,96.89844955632717,87.72831741898148,21.226133776401266,107.22227961033951,86.58482494212963,10.303123526197496,158.77367091049382,50.08131847993827
VIDEO_7171408287785782533,9.2,888.7244116963703,136.37301106770835,50.745441623263886,966.7597057045724,134.28458333333333,84.49515842013889,488.5818686773407,131.67454644097222,81.25543619791667
VIDEO_7041160388334980357,7.540874207540875,152.01166957795886,116.71102227105035,2.896937052408854,238.87553468345445,236.9448767768012,21.294540405273438,67.63490095693204,159.21200052897134,33.69474792480469
VIDEO_7083930192657353990,8.933333333333334,12.191516448844247,120.71261088053386,89.4261474609375,27.54199181497097,116.00185139973958,146.77606370713977,162.94026013572963,116.90544806586371,89.98556009928386
VIDEO_7184475894335950085,12.162162162162163,167.67157467903007,157.89060185185184,30.806871624228396,283.89832175907696,139.464307966821,67.03254147376543,62.10691038660027,142.0861193094136,37.28291039737654
VIDEO_7187762825270463750,7.833333333333333,292.08099157622536,112.56721896701389,126.58245442708333,425.5132367562177,109.76896267361111,145.05533094618056,281.44848465338345,112.09862738715277,125.41224066840277
VIDEO_7440142040542825760,7.92,161.4979344207196,207.99493747287326,19.874279446072048,1336.5533886758703,131.05246819390192,48.19484286838107,426.7309841550427,142.66070726182727,75.16696336534288
VIDEO_7601164093910715670,9.166666666666666,81.8549497042762,120.69374674479167,119.51353081597222,22.455038985339506,116.47558159722222,161.08454644097222,32.47285366817051,113.27993706597222,155.7140581597222
VIDEO_7145813168818900229,12.8,808.7850564171581,115.53474826388889,56.865199652777775,151.0097407839728,121.88444769965278,63.033289930555554,1017.9242243892515,109.40799045138888,117.00083875868056
VIDEO_7350207537771220256,9.166666666666666,0.012274787802827774,0.324345100308642,4.423640046296296,9.187337144135316,106.54531201774691,133.40426359953705,0.0,0.0,0.0
VIDEO_7538370537211432214,11.7,1305.7253361232788,136.3658207947531,43.798870563271606,1108.5707536666116,134.86822241512345,46.43997540509259,262.28783396367623,132.01590277777777,72.38103829089506
VIDEO_7523154104273915158,14.766666666666666,0.0,18.0,27.0,370.34125898281445,115.84064568413629,87.33542717827692,1152.9894054634124,106.7249755859375,82.43232557508681
VIDEO_6923258085528112390,12.7,1736.965864505637,163.41838348765432,61.778242669753084,218.50883473936906,157.4430825617284,38.453466435185184,905.0679382064671,159.29664930555555,58.20306712962963
VIDEO_7283105183352016160,8.766666666666667,29.5012355248722,163.34930266203705,27.45689525462963,20.02825710269397,161.99606288580247,14.11334442515432,14.840332750819234,133.0972907021605,33.736510898919754
VIDEO_7192709681280781574,9.551217884551217,248.25428617429426,131.7720881558642,61.11130835262345,95.63275944322615,127.60300106095679,61.14318142361111,147.1575173521768,128.9631573109568,59.531949749228396
VIDEO_7418157210896698657,12.0,2.233354551195593,71.66218798225309,63.075743152006176,7.368303235080965,61.989627700617284,62.16114438657407,3.967969713970336,74.60442708333333,69.22221498842593
VIDEO_7441626192760884513,9.56,606.7537839478457,143.19415791829428,75.77924092610677,32.57520462073282,97.23192172580295,100.49307759602864,122.33351035919443,110.08319600423177,66.0208502875434
VIDEO_7143175958978186502,10.0,1551.7862900722632,109.96899305555556,59.03462239583333,946.0859479546253,112.77074652777777,55.952488064236114,1179.9687899689661,106.62202690972222,53.803653428819445
VIDEO_7059747853035441414,10.166666666666666,599.3243556530975,118.97058702256945,80.17713975694444,361.5067382654072,118.70258897569444,91.278125,333.2152624808417,124.237587890625,69.24534505208334
VIDEO_7335091592077856032,11.52,79.22333281732044,142.45153935185186,49.5434268904321,85.99558883089547,167.627254533179,51.3345027970679,52.80863182963003,0.5530266203703704,2.2448828125
VIDEO_7074644027190103302,9.933333333333334,656.4235427281618,151.52639770507812,60.20749749077691,243.95686254649203,182.60721842447916,62.30448913574219,668.3101117305291,145.16627671983508,67.21036275227864
VIDEO_7074987594026700038,13.716666666666667,174.26377017154928,164.9465234375,66.85953233506945,35.299883592533774,150.94079861111112,31.544226345486113,251.07292298945202,158.450224609375,56.720576171875
VIDEO_7210806075354811654,12.161290322580646,1261.9851590144374,122.5778727816358,39.232893518518516,230.53787585142206,161.77801938657407,35.676509452160495,500.25346147690533,131.17489438657407,56.21876832561728
VIDEO_7239748390974704922,7.8,154.68092302717463,115.86194492669753,77.71156539351851,2.7208381510416664,104.13992235725308,217.1567505787037,63.768871527777776,1.392488425925926,1.8117438271604938
VIDEO_6940653001791130885,11.666666666666666,1858.4252253280995,112.23599073621962,116.54036627875433,57.228083283948,82.70769415961371,144.0843997531467,66.48205898673399,72.85520935058594,157.55597093370227
VIDEO_7355765566625402144,10.4,450.97839826031793,145.42122938368055,57.29498589409722,421.86655763964126,169.87924262152777,28.16318793402778,343.3951544596307,138.24581814236112,83.01110134548611
VIDEO_7444957131670949142,8.008008008008009,260.8482307332802,103.29265574598733,111.72102085033617,173.9085665146822,132.65804331351288,94.40010104543158,0.004361470584561958,0.004168609848043217,2.9142687808480043
VIDEO_7318707614332849441,10.08,24.633825598797348,140.25891637731482,66.10302276234567,22.310153011461214,142.16488184799383,81.89242380401235,1.850070408935733,171.00967881944445,56.64774112654321
VIDEO_7437476740533865761,11.528194861528196,258.2569713877309,126.18849488811729,104.6872299382716,270.4357643545624,134.02987123842593,94.605703125,367.56011187941147,135.21420621141976,81.20343894675926
VIDEO_7234190958772882715,11.077744411077745,174.7259442136542,39.71822627314815,73.61200183256173,300.31353972154574,113.65281684027778,113.73356963734568,401.4867163939256,115.18359278549383,99.03084683641976
VIDEO_7332865581789629729,11.9,960.733528826176,70.2323235405816,144.46173265245227,1281.6660095184213,91.20816209581163,115.02130974663629,505.10595830060527,61.826607598198784,156.43900214301215
VIDEO_7181124364987895046,14.066666666666666,347.63625107695856,112.064990234375,92.02747938368056,209.2273608872967,91.43234592013889,139.74183919270834,202.7324041446639,109.06444769965277,115.56866970486111
VIDEO_7231544878478445850,14.96,386.81018590962157,129.4087533757716,59.20365499614198,518.9642765498324,126.15360050154321,63.718966049382715,1063.9197665290153,122.45102092978395,61.54930652006173
VIDEO_7473095088948759830,9.533333333333333,13.255834304525823,21.443974609375,32.73941948784722,197.77578861762152,67.19983072916666,108.9099240451389,261.83464110422017,103.18198459201389,53.01276584201389
VIDEO_7594911702613773590,11.933333333333334,143.2608401119472,136.00358024691357,51.16334828317901,146.58484278531148,128.6054827353395,56.40388165509259,156.82444490362096,137.0606857638889,75.05569299768518
VIDEO_7437536576072125728,12.6,334.9547483813317,180.88168334960938,61.29817369249132,4850.5758545542085,99.72136942545573,104.69720967610677,782.0519437513509,92.8654073079427,117.93756781684027
VIDEO_7193034087660031237,13.079746413079747,765.8082565057837,153.234776716821,25.300823688271606,519.9895647224386,157.8226239390432,24.27619068287037,335.13990925979414,159.43290219907408,24.24164496527778
VIDEO_6936943102523378950,9.733333333333333,3158.830680822131,106.14622106481481,135.57023919753087,21.675946233301985,108.43148919753087,115.69688271604939,652.4699995230905,103.69602237654321,130.3597800925926
VIDEO_7022596866374192390,9.4,214.99313184556573,116.82167222764757,163.93842230902777,166.94561473960573,152.26036580403647,107.15234375,219.0131444852356,111.69205050998264,178.26925150553384
VIDEO_7198558888940113158,14.806473139806474,224.31926853497822,132.27607747395834,112.82642361111111,218.67868686611976,130.21384440104165,113.16774956597222,761.7133659956144,113.37167426215278,65.11643012152778
VIDEO_6946128715000663301,14.2,946.6798764532432,212.31575859917535,2.2348836263020835,331.7723520580265,226.46334160698785,3.5673149956597223,,,
VIDEO_7446787674863684886,7.9,442.21753456584344,126.21685040509259,82.75084394290124,384.37137487928584,128.70364438657407,81.69877652391975,720.4220021162539,141.79010416666668,51.54028501157408
VIDEO_7302041138670619936,9.366666666666667,243.6589486158583,82.47314380787037,93.44843315972223,260.5586226799524,89.42653501157407,77.4369106867284,260.12248479719375,140.20094666280863,51.37399402006173
VIDEO_7192237337412177157,12.1,186.27543643585958,186.39480661651234,42.912164834104935,112.8481775321801,179.2985725308642,58.234681230709874,115.08210213919222,178.16295669367284,60.18402970679012
VIDEO_7043834307458141446,12.512512512512513,961.6121587938095,125.71386827256944,82.685537109375,809.0851062054621,134.0810134548611,83.69722005208334,171.20342872845217,113.47377821180555,32.492953559027775
VIDEO_7137227107456879877,9.533333333333333,176.12050212661012,127.01819525824652,59.13865831163194,553.1109900031624,157.866695827908,47.912757025824654,532.8734411280833,156.2484876844618,42.20431009928385
VIDEO_7262363967157226785,11.2,2947.976308090817,130.58011959876544,88.48660059799383,1884.2194466445146,133.03358506944446,82.04322723765432,1836.5729031077408,135.33933690200618,81.48966338734567
VIDEO_7091569180054490373,10.733333333333333,831.9877417578713,145.44503275553384,70.31299845377605,840.8497154701179,112.0537821451823,145.8633015950521,318.002186357929,130.06187608506946,80.20427958170573
VIDEO_7572210786991344918,14.7,1.447161901300794,26.0674503279321,186.83724633487654,46.90411586871619,127.05928144290124,91.16148196373457,17.280723861882485,51.89010561342592,128.67017216435184
VIDEO_7485773090555956503,7.366666666666666,227.47843639472558,196.39863932291667,35.65963216145833,158.7167730034675,196.02918836805554,36.29918402777778,337.98157029889427,167.04192491319444,49.96074435763889
VIDEO_7114675214583155973,11.366666666666667,315.89003786892795,147.56781005859375,56.819607204861114,369.15145231307093,135.22662183973523,58.64276631673177,,,
VIDEO_7262342975752113441,9.142475809142477,168.59535485949522,82.84945987654321,132.26520833333333,182.9298022645652,110.30618344907407,99.1813421103395,190.75901899652862,112.88990644290124,84.0683097029321
VIDEO_7564663320058285334,6.233333333333333,192.2906162583256,141.66760850694445,22.047721354166665,142.91776762213593,133.65734085648148,45.67157069830247,120.99426582325866,146.7098046875,20.20894820601852
VIDEO_7485301680930688278,10.1,6.538790117427697,70.09626157407408,177.99152826003086,66.58607542438271,2.2638768325617282,251.77158564814815,541.805356867284,17.887812982253088,225.48416618441357
VIDEO_7096387117462359302,13.799999999999999,269.6889438621533,110.67965528700087,169.63003709581164,40.17551780572265,141.06451246473523,231.7124989827474,48.06510851405457,106.62948947482639,221.33665296766492
VIDEO_7096121724990655749,10.166666666666666,269.1790720744086,155.18691948784723,40.84248046875,809.0353355837174,130.05798611111112,50.204456380208335,249.69592107724674,130.2519769965278,45.971333550347225
VIDEO_7379994182741429536,12.633333333333333,144.0706179884734,125.8319212962963,73.38143036265433,387.07074100278703,111.88142698688272,102.86233217592593,225.94822288853314,133.85400800540123,125.87010754243828
VIDEO_7214862934139260166,14.6,297.17768250253465,114.74222547743055,105.82522352430556,49.955492239114974,148.85153754340277,49.886638454861114,159.9642587044504,128.09172960069444,43.40324978298611
VIDEO_7369882061445926177,8.066666666666666,11.119618055555556,68.31057918595678,148.70071903935184,106.69136958554719,66.96945601851851,95.04969425154322,128.563957895551,58.016888985339506,84.92577546296296
VIDEO_7155814731897376006,14.5,284.7410446866247,190.3053396267361,74.733515625,1910.7897286892633,115.11890516493055,94.01370659722222,786.0814404405381,116.05993489583334,87.327421875
VIDEO_7027511633060695301,14.48114781448115,484.09407562086136,136.20067850748697,62.828470865885414,374.0025651789483,127.5457763671875,62.316874186197914,312.1178599181068,137.24501037597656,74.48752000596788
VIDEO_7580305629634399510,7.5,379.62434731058966,129.04371913580246,54.21527729552469,704.9946656028295,96.25102141203703,53.129892939814816,552.9962190417297,89.17169704861111,44.87477671682099
VIDEO_7310258308969991457,9.44,795.8426446246857,118.44907359182099,76.52026427469136,460.6015502988844,133.77967158564815,88.0565803433642,260.9773529724614,134.9269314236111,86.71606722608024
VIDEO_7403329560554523936,11.6,89.7368011545494,94.0461188271605,164.33648582175925,88.82800635407142,64.82740692515432,178.4309944058642,62.6626803623185,116.13803337191358,153.09074701003087
VIDEO_7326857703958105376,14.1,360.20260463029365,71.96108796296296,90.12484326774691,378.8429923507607,70.18151041666667,90.76539592978395,340.16491656923347,70.13390914351852,91.98910252700617
VIDEO_7517305745210232086,11.8,1234.3658377282331,117.2115837191358,134.94642264660493,2467.327591383611,129.62534384645062,110.40079378858024,2520.755966134329,138.7835580632716,93.34985532407407
VIDEO_7170730138965970181,14.180847514180847,966.7361729125023,139.92014973958334,101.86801106770834,633.3855837648698,132.25698784722223,91.85104275173612,643.485073778953,136.2730251736111,103.46569986979166
VIDEO_7416286728513735968,7.0,94.20662018449362,114.96439236111111,106.90036120756173,271.51078432064236,119.23114486882716,100.43665895061729,376.21588638111336,125.59526331018519,91.38689814814815
VIDEO_7157021341361753349,12.76,53.84594347490642,42.325959683641976,61.49342785493827,165.55145853199386,97.45712818287036,70.59063030478396,310.46830255690116,131.20683786651236,47.18770109953704
VIDEO_7316470398261021985,11.0,2311.083448330014,128.1651591435185,87.6285050154321,1476.2146272178504,109.39636188271605,104.6305574845679,1501.5846968211695,114.19757619598765,112.40290895061729
VIDEO_7211130311667715334,9.833333333333334,1734.165735660826,106.42448398919753,68.75107687114198,485.2661188270851,101.97523148148149,70.58721450617284,435.26816066047235,101.19011863425926,73.52207417052469
VIDEO_7447200750096223510,11.566666666666666,1475.5301696079405,128.7978452932099,73.79528597608025,368.5389713383239,139.61264660493828,80.17638840663581,1759.8297207675032,138.81553915895063,48.67933063271605
VIDEO_7054582233989958917,11.766666666666667,237.78546539915934,148.10449001736112,90.28649848090278,362.925315335581,131.664912109375,102.29857313368055,128.13939018961116,117.92592664930555,131.13967339409723
VIDEO_7593727684606168342,9.7,560.0952003470204,156.9284519675926,11.389636863425926,614.8371831211975,156.35078655478395,10.390115258487654,0.0,0.0,0.0
VIDEO_7123931386964184326,14.0,3754.2840734585125,122.8818532986111,106.316318359375,254.60856584018657,118.37021701388889,84.412470703125,0.007866753472222222,0.0020865885416666667,46.33050998263889
VIDEO_7177655896699325702,14.447781114447782,57.951748937232665,157.64475260416665,63.75689670138889,37.16881789788466,167.39619405864198,58.19377941743827,31.81620391217188,159.68800636574073,61.448726369598766
VIDEO_7140150980246719750,8.233333333333333,800.534828633826,121.80310567220052,89.87428792317708,196.27563253964905,118.35065205891927,87.15119934082031,80.80429077148438,0.7199164496527778,1.794187757703993
VIDEO_7431962598909791521,12.84,1054.183353394508,180.98982455425093,92.04943499945641,138.1436255239655,52.30537379049793,116.69550615622961,188.19874437125287,82.52557621222005,90.68634315883888
VIDEO_6958424996964355334,12.152542372881356,143.68272859437812,189.20788194444444,36.27269483024691,164.4057439233097,175.28795717592592,49.702457561728394,201.1767478570958,173.5427411265432,49.367725694444445
VIDEO_7094187420819803398,11.311311311311313,674.8614071143245,151.95811197916666,66.86855577256945,379.1925638409355,143.19908745659723,68.94583550347222,300.42169629131837,153.54244466145835,67.76406575520834
VIDEO_7080140185001938181,11.344678011344678,146.88710012762624,163.080810546875,65.52428012424045,135.02405965907417,160.16939629448785,62.43585713704427,160.87629349692725,158.23836432562933,59.818749321831596
VIDEO_7353226118662589728,7.140473807140474,230.37367946162155,165.75097897376543,43.451301601080246,119.63594135409429,171.07809268904322,36.26108603395062,242.1698851168576,165.41783854166667,40.40248263888889
VIDEO_7584845578429828375,13.833333333333334,1628.3205329988189,149.33696581196583,50.86841858538287,2019.8170691744567,145.36712345194488,48.55719409558695,594.9416219058813,151.8359802895517,68.63221480900053
VIDEO_6982843678305897734,13.583333333333334,5063.95104483745,96.35798984103732,159.45022243923611,601.3341265682154,93.44622802734375,95.72559102376302,274.23839121532376,102.62272135416667,118.9620378282335
VIDEO_7274647533002034465,14.12,114.00796546749538,91.52033637152778,62.23647894965278,1078.8937584062317,82.37665364583333,90.12899956597222,240.47894408891347,114.84419596354167,26.859180772569445
VIDEO_7457155091238259990,10.1,1039.2302499901855,99.15339168595679,66.18864293981481,1300.6757777174682,121.14846836419753,62.010388213734565,963.215819343104,128.9149392361111,64.56396412037037
VIDEO_7291237498506743072,12.779446112779446,108.45934880645069,115.79967013888889,125.50486870659722,130.75195870811555,114.92650065104166,125.70674913194445,114.92304131636325,114.94411892361111,126.42649305555555
VIDEO_7464875419959921952,8.633333333333333,658.8703595546309,170.36851851851853,48.414137249228396,298.62247197838303,176.36045283564815,45.813311631944444,247.25578262818684,176.40964072145061,47.25097270447531
VIDEO_7296154996683410720,14.180847514180847,626.564457407252,148.8467599826389,56.87046006944445,482.9276114450138,172.8264507378472,54.04744574652778,363.82517335575125,65.24315972222222,149.1868088107639
VIDEO_7070162555695615237,12.9,270.55526707804023,149.56351047092014,62.27698940700955,223.57805965315367,140.33885701497397,72.1727532280816,412.1046225935865,153.1990000406901,65.64977010091145
VIDEO_7584927758497697035,12.28,329.7976001648204,169.86690040870948,58.38248245804398,637.0654189822063,173.77129222728587,65.80526620370371,372.61926721643516,1.6539645724826388,0.0
VIDEO_7225296808900152603,11.4,0.0,255.0,0.0,704.6516123587713,144.7633474392361,83.55479275173612,315.5655707389926,146.7097515190972,82.98445203993056
VIDEO_7215611067286703366,13.096774193548386,320.9607433741961,109.05473765432099,87.3358449074074,202.93452818875315,126.54919560185185,44.63216001157407,0.0,2.0,255.0
VIDEO_7306559173217488160,14.08,369.0379254091551,123.04164158950617,69.67753568672839,75.72456231861344,148.90455198688272,48.14918258101852,491.48190674056946,114.7942042824074,111.60432966820987
VIDEO_7184090635018784005,10.7,59.193871852505794,192.55341435185184,21.010051601080246,61.50734951381372,154.79291425540123,54.10155140817901,73.00672931576231,126.9816584683642,77.14896749614198
VIDEO_7474331497533836566,10.452604611443212,94.59232962510734,81.22847439236111,152.82704210069446,64.43571723004447,45.99044921875,186.80272135416666,275.67573832701584,74.40695746527778,93.23748046875
VIDEO_7249813717225950490,9.4,173.91238337161008,99.35849826388889,109.66989920910494,193.76638206648127,102.05726369598766,111.34958526234568,42.75830234587846,120.75581500771605,113.91756944444444
VIDEO_7511669950990290198,12.595929262595929,63.53892456920864,37.72360339506173,18.306571180555554,65.76622829531772,37.658603395061725,19.387075135030866,0.4367076580336574,3.1700067515432098,17.386166570216048
VIDEO_7039780337739730181,8.508508508508509,70.74521158802244,146.76751844618056,54.02458333333333,82.99535590049837,149.35107530381944,53.65858723958333,89.957837399093,147.43906901041666,53.59314561631945
VIDEO_7407843953539583265,8.566666666666666,157.28052999611387,21.453980999228396,3.7525940393518518,616.6793571550337,114.90630835262345,85.73078655478395,618.6317264655572,111.23486689814816,85.53020543981482
VIDEO_7300495910595808545,14.2,250.67159955170533,177.99421296296296,25.610339988425928,232.25914560430755,155.40816888503088,87.27177999614197,210.2090479557818,151.90103636188272,98.64290557484568
VIDEO_7199677935949778181,10.7,348.3264446249962,100.08009874131945,100.06846788194444,368.1936642795033,156.41970052083335,30.521570095486112,261.0627733730316,102.08009440104166,84.21896375868056
VIDEO_7465291116045208865,14.966666666666667,473.7812424903964,150.72946469907407,51.00339988425926,497.7750288565956,149.55997347608024,47.25149643132716,0.04472849125907908,5.48673080632716,2.7542756558641974
VIDEO_7206682386531110149,12.266666666666667,557.8091641273028,136.03298502604167,80.94690863715277,532.7012974917517,141.53079969618057,55.04903211805556,848.8151635730871,149.3237109375,28.968848741319444
VIDEO_7484305196332436758,7.0,859.6070731784386,132.33378580729166,68.78821397569445,75.87078992101881,130.32571614583333,76.71014539930556,69.19766271701388,134.24914279513888,74.111337890625
VIDEO_7286488221893020960,7.2,126.9335190556493,67.01128858024691,46.15579957561729,138.48897440963603,74.73012538580247,46.30356192129629,156.65957916974773,75.98783757716049,79.39698736496914
VIDEO_7197824225988726021,7.633333333333334,600.9771947684948,149.33982421875,58.069186197916665,441.74268214873206,150.16383680555555,44.927143012152776,379.93273040036337,161.2135232204861,36.21930230034722
VIDEO_6896446483080482050,8.633333333333333,496.16194755920395,138.24227044753087,46.94007908950617,201.51097784043716,144.01541859567902,53.244936342592595,274.7670906599932,134.81447145061728,48.62833526234568
VIDEO_7374727208394411297,8.8,1146.6003829809954,112.10222113715278,113.67731011284722,992.6677548759732,154.9321506076389,40.408526475694444,918.9382551186454,128.4289898003472,75.04826497395834
VIDEO_7384098121715813664,14.366666666666665,56.01075744628619,128.6975385877821,59.48871866861979,147.93806537561534,113.95635138617621,97.66047498914931,,,
VIDEO_7239735340737498395,10.043376710043377,132.06223522521083,91.72153163580246,184.2689202353395,126.93667377686675,106.91476273148149,155.47357831790123,124.8660556490365,104.868671875,145.51075713734568
VIDEO_7195607365813636357,10.233333333333333,131.35800969420777,155.50342833719137,73.90863522376543,492.73953462496206,168.72722125771605,55.6101953125,218.73537212091557,166.98937548225308,58.517890142746914
VIDEO_7086527236471311622,11.966666666666667,459.0320886217741,155.36332465277778,51.60626302083333,382.8119378481971,140.59676323784723,108.42924479166666,141.84521103930882,133.3509353298611,124.08001627604166
VIDEO_7483430893965626646,9.733333333333333,350.9793318223773,134.97514814814815,72.50243209876544,400.2118996990729,135.45596982167353,71.9397757201646,361.4235128933579,134.9820768175583,72.54667283950617
VIDEO_7285720218360368417,13.5,494.48938071922015,103.93284432870371,75.8299541859568,678.1115981838111,97.87145929783951,65.46306086033951,544.0929036253187,99.09062789351852,68.51847270447531
VIDEO_7307595143559859488,10.1,710.1717563184176,189.69760030864197,26.782279610339508,225.20510126777486,185.3471556712963,33.8258381558642,229.08006172818574,200.26243730709876,22.76587528935185
VIDEO_7158057918431120645,8.5,448.4792643204253,137.90421766493054,118.98931098090277,513.0474069611537,172.46872721354165,42.96474609375,0.0,0.0,0.0
VIDEO_7330883086684622112,12.979646312979646,158.58961269873942,101.69074025848765,98.43603057484567,175.34138792435942,106.85024257330247,89.593057966821,176.24587720638024,108.48022424768519,89.81651234567902
VIDEO_7394757283214806305,6.966666666666667,660.0186192125527,140.91078896604938,80.36809510030864,301.55271312572336,99.57092351466049,47.2807103587963,234.50901665219698,126.92753858024692,51.69267698688272
VIDEO_7336662438282120481,9.866666666666667,824.8591248094765,107.0829721257716,146.49019772376542,576.7859805566236,97.74105709876544,143.09674961419753,724.9613790579504,110.22885850694445,147.0439670138889
VIDEO_7107863534549110022,12.5,387.5205779576007,116.23404439290364,110.52131483289931,399.6207222060306,119.31077406141493,87.73376973470052,277.0996296826957,106.57161797417535,72.17010667588976
VIDEO_7081140277083213062,9.466666666666667,278.2003329755041,179.40711263020833,44.81659939236111,240.89530598534478,160.2097580295139,36.75043185763889,43.57181849801805,163.68713324652776,35.92209526909722
VIDEO_7055321327174946054,12.566666666666666,576.8204062854135,114.34054056803386,46.74922180175781,4.279251050799051,156.8741251627604,26.942923651801216,17.738108085525898,56.996500651041664,98.92595757378473
VIDEO_7067578500101803269,11.76,838.6648728009812,135.89286566840278,64.78870985243056,246.05332677582163,132.544912109375,63.455684678819445,0.0,0.0,0.0
VIDEO_7553924193562266902,13.679844805672621,215.51616420946084,126.10555691189236,73.86112976074219,53.94183177362702,84.0228983561198,120.1817135281033,49.69126483708057,94.79106140136719,94.59652879503038
VIDEO_7207862806899592453,12.7,472.8827158813523,125.94148726851851,31.882147955246914,333.32728063540054,132.72687017746912,29.50833912037037,770.4547672976062,128.91154610339507,49.44400318287037
VIDEO_7189528219425590534,7.8,268.5199859388375,139.76343532986112,62.63909722222222,96.54057117461097,128.30891493055555,62.62218207465278,81.95818684197768,131.21340603298611,57.258350694444445
VIDEO_7061273234259610885,6.806451612903226,47.16591723896793,148.18758307562933,112.46966891818576,83.27975802836411,185.3430650499132,55.01014709472656,456.03454274992043,150.4351840549045,101.85147433810764
VIDEO_7418133778406657313,10.066666666666666,163.8855660445602,120.09992766203703,81.7828694058642,161.50279476496044,121.34213686342592,86.72247829861111,148.51665990582075,119.4175318287037,97.22233989197531
VIDEO_7358820174952172832,6.0,507.34951290174365,107.07921826774691,120.11251591435185,440.0137840452573,109.16008342978395,117.95103780864197,331.80041333552487,81.87333574459876,133.9118002507716
VIDEO_7299732621825690912,6.8,258.9496165877254,97.74583381558642,77.66139660493828,271.4091931775233,113.30746190200617,70.21379147376543,374.56235580620415,99.1087924382716,116.34074411651234
VIDEO_7233784589523717402,13.685118974232525,0.0,0.0,0.0,0.0681650247267735,1.605213638117284,146.74711709104938,6.411226365728601,65.54750192901234,201.06858748070988
VIDEO_7238235896724704538,6.966666666666667,386.3668448366686,93.43345920138889,114.71960310570988,393.198331366737,104.5270876736111,93.45748601466049,271.79840341294437,6.105796199845679,65.09803915895061
VIDEO_7079836018203020549,12.012012012012013,474.8671707136091,26.296166314019096,168.93329196506076,480.7566533463944,25.431501600477432,171.13235473632812,471.51800760653236,24.690044826931423,181.9253862169054
VIDEO_7605520662588902678,10.9,368.68568315323256,147.34459008487653,85.21122106481481,230.73372889447813,141.24640576774692,80.71835985725309,217.60239567234413,138.63222897376542,89.13949363425925
VIDEO_7203684040606633222,12.879546212879546,517.497394004133,130.2638650173611,67.99948133680556,777.7920535435983,141.92705620659723,60.24089626736111,1159.882748440607,140.9923166232639,56.97076931423611
VIDEO_6969101040918465798,10.0,788.4390684917627,109.4189151716821,124.76250040187757,778.8341271948877,100.55255553948045,133.58746463477365,799.6261183486228,105.41995603459362,126.73516268004116
VIDEO_7303586993965960480,12.7,639.2407509869211,132.33442997685185,76.24811969521605,330.0660595044434,130.1006886574074,71.91960744598765,271.879314895182,144.97356577932098,50.41962143132716
VIDEO_7184457014217657606,9.84,235.30066934690728,154.56423080632717,38.82986352237654,289.40085494503444,166.22957272376544,55.83453125,193.97510167416965,183.83524739583333,38.85659047067901
VIDEO_7340916267571858721,8.833333333333334,4225.456727715383,130.74763985339507,102.29415219907408,1457.9795503275711,157.6833878279321,71.19706741898148,2642.0822488477042,155.88620756172838,75.15555652006172
VIDEO_7130906655885102341,12.333333333333334,671.4231885073241,119.38664923773871,95.35488722059462,213.25327593750137,134.6583014594184,100.35850524902344,0.0,0.0,0.0
VIDEO_7004414493086240006,10.2,36.5705372869722,200.83004447347142,17.593171404283552,61.682909381107415,198.14869067612116,19.171228048350645,74.25061135477927,191.8691142626112,22.006740996454564
VIDEO_7135716231218318597,10.01001001001001,81.92240049348523,95.38225470648871,113.521482679579,51.493564111904966,101.48631625705295,113.82013617621527,130.26173064981612,107.26540120442708,81.64321051703558
VIDEO_7323224822169750816,6.766666666666667,26.961174735638984,97.16096305941358,74.96571711033951,43.94730582131571,118.84037326388889,57.995155767746915,88.12691020412157,127.16490306712963,76.70040991512346
VIDEO_7070550742880292101,13.766666666666667,233.13896476044363,120.22774631076389,37.17073676215278,125.53885941016938,137.18959418402778,24.510572916666668,24.203134725329317,150.24965386284723,21.904497612847223
VIDEO_7434931188642352417,9.16,393.1244066026476,73.4455057779948,239.18096245659723,43.059607050197634,105.36645846896701,118.61556837293837,105.38861251249622,99.53490532769098,124.009765625
VIDEO_7486822725684792599,10.766666666666667,149.86099066557588,144.4372439236111,25.054825303819445,59.39989582010435,159.62833875868054,28.422807074652777,47.9248261831731,154.867939453125,40.73142903645833
VIDEO_7500939642972212502,8.0,741.1983998060234,114.07523003472222,81.1959056712963,490.1042013195566,116.95635127314814,71.06988859953704,0.004149297509631666,0.0029817708333333332,0.5934862075617284
VIDEO_7351779832969104673,13.16,493.02820096804766,131.67361641589505,93.62104890046297,294.7949830334803,149.55138551311728,34.29425106095679,142.0636583393829,139.92656491126544,65.02219907407408
VIDEO_7208952610336820485,7.933333333333334,342.61253099158836,155.51290907118056,26.973318142361112,112.4269342895496,133.24280815972222,30.893065321180554,118.8558904438537,136.78075303819443,31.053592664930555
VIDEO_7185555102487416070,12.933333333333334,278.2372543469161,103.1029127543036,45.64606416275431,266.7466762326354,86.19031690140845,113.59651017214398,304.3268769114518,91.76631651017215,79.67988360719875
VIDEO_7462655968522931478,12.8,1602.6430510314742,135.68492476851853,92.15474488811728,182.20041714516864,121.80085310570988,122.08626880787037,455.88357075406094,121.48570408950617,125.11001543209876
VIDEO_7064585014561754373,8.6,78.52535837265249,154.35510762532553,56.99355909559462,137.55965110544622,227.30206468370227,16.569239298502605,77.00068324884504,147.02757602267795,56.66509670681424
VIDEO_7381115594076146977,10.176843510176845,355.6299286352113,132.4801171875,47.26856143904321,371.7927999399268,127.68031876929012,87.21787181712963,558.1396255112766,124.9299893904321,109.78778260030865
VIDEO_7328709134126206241,8.274941608274942,1528.8542823330765,165.64687644675925,67.66052565586419,134.34450809815962,193.60262924382715,16.15539592978395,253.77770928444357,168.32629292052468,83.04661410108025
VIDEO_7421838132624002336,8.241574908241574,172.23522758085403,168.6134664351852,41.37615210262346,165.9981206165201,169.81593508873456,44.430127797067904,180.1395445719401,168.57314187885802,43.83966531635802
VIDEO_6899015791086210306,10.55221888555222,253.98292845111064,149.4607492175274,89.48856611893584,236.56970852809047,124.49952073552426,73.6466744913928,0.0,0.0,0.0
VIDEO_7073146702995279110,11.883333333333333,561.1321451816688,128.28745985243054,82.49515733506945,176.8738330421342,113.79701171875,93.05162434895833,186.07169704517787,146.62228190104167,49.95334526909722
VIDEO_7072060893818899717,10.4,485.05034043546766,132.6877237955729,57.609864976671005,271.73128255093354,162.12181599934897,52.748421563042534,309.21224974867323,147.76527743869357,45.85338846842448
VIDEO_7556999098637880598,12.033333333333333,654.8465454315336,160.1909230324074,38.11119743441358,205.59390722846933,174.65333526234568,44.52553867669753,430.24170716340814,94.05572289737654,121.59019048996913
VIDEO_7079814734664436998,14.714714714714715,823.860686812488,113.68808485243055,91.15125,488.16839809162946,115.76800021701389,90.50258029513888,528.8819192711618,120.15521592881944,79.85633680555556
VIDEO_7297529063785123104,10.4,491.01879993791806,165.31704861111112,55.352470703125,507.68658586176656,164.04012586805555,55.35075412326389,525.645682193981,164.8696462673611,54.571507161458335
VIDEO_7319919643378912544,6.666666666666667,8.974942509444869,58.042869405864195,98.57440441743827,5.589040560423299,58.25194058641976,101.84410783179013,7.510681211419753,48.26199508101852,78.22782937885802
VIDEO_7479481184100044054,6.933333333333334,895.1389881811907,127.04537217881945,118.63104817708333,810.1217718406384,126.997490234375,121.85882486979166,814.5712758139987,127.26907009548611,119.13472981770833
VIDEO_7084552539126926597,9.9,10.265135513869627,80.921962890625,120.60774848090277,11.638715123489757,47.49566189236111,157.28060980902777,8.235552300251854,53.796695963541666,146.562509765625
VIDEO_7542515768215211286,14.566666666666666,325.9265638729029,115.09646990740741,80.81543933256172,290.7729096703046,122.7210228587963,82.18084394290123,284.872403973261,116.99858072916666,88.72837866512346
VIDEO_7078325137698770181,10.3,310.6756494009124,70.31466579861112,113.84575412326389,149.9526540777842,73.87012369791667,119.055341796875,317.8838874036424,79.50800130208333,98.29448350694445
VIDEO_7194859372227480838,6.933333333333334,367.31178936805253,107.35480360243055,102.84130967881944,180.78864990007844,96.19360460069444,152.540107421875,202.49910142154928,113.25668511284722,92.8247970920139
VIDEO_7440140885246971169,11.666666666666666,124.02589969587915,125.85921730324074,107.32730999228394,18.4998924541567,158.0537958140432,22.73180073302469,154.9290759943335,72.59143566743828,63.81164978780864
VIDEO_6942166804311575814,12.266666666666667,596.0584455562847,147.65523783365884,53.74109395345052,283.048590692473,155.69661797417535,49.23811170789931,510.52733022471267,147.24158732096353,44.657504611545136
VIDEO_6963263758630194437,11.578233333333333,297.6488291224506,103.17793952094183,59.86568705240885,316.5747098444392,127.56735738118489,104.27739800347223,569.7620269405041,62.43479919433594,119.15704006618924
VIDEO_7572235624627899670,14.9315982649316,3.9970808408363037,84.87049382716049,106.02844714506173,1.8532174740303362,99.54985194830248,44.9259408757716,302.65799996944037,81.10511766975308,145.43118923611112
VIDEO_7474625701350509846,8.033333333333333,342.18946445605906,159.76621527777777,45.649501953125,684.3488052928595,142.523681640625,81.67496202256945,765.1798558514334,140.45163302951389,104.11826497395833
VIDEO_7529427220335496450,8.266666666666667,2039.5702407639214,149.32594299316406,72.89458550347223,832.1361642018115,163.27330695258246,69.48248969184027,235.14738801362878,115.909913804796,99.0341559516059
VIDEO_6895292772857826562,14.389830508474576,1654.7480804711279,136.68887924382716,78.06993827160494,884.4307422342928,138.79125192901233,74.00663773148148,479.82951398935455,151.25642939814816,66.55039737654322
VIDEO_7488220279244623126,6.133333333333334,239.3812620455767,121.88863570601852,89.12833526234567,146.32585262486128,115.25285734953704,87.38989197530864,112.09261959870591,129.06994405864197,107.7812712191358
VIDEO_7237120496020573467,8.7,594.5901470970878,128.4094197530864,85.360829218107,532.8615288030238,121.19259259259259,92.05562654320988,534.5286160675446,140.48017386831276,81.53846604938272
VIDEO_7064977105032858885,7.3,337.2343219843253,125.11833116319444,80.75415256076388,150.97862914883532,162.41134114583335,33.97959201388889,333.1954359573742,111.61810438368056,119.17101236979167
VIDEO_7471349532496842006,8.733333333333333,1115.5066872695063,151.16515190972223,106.77063910590277,788.9189375103126,154.23735894097223,88.9997265625,1142.5060612954035,146.129755859375,110.12325412326389
VIDEO_7490119511731965206,12.633333333333333,1089.0235890352037,142.88993815104166,68.80698459201389,197.57899489246884,137.2939865451389,65.91753255208333,0.0,0.0,0.0
VIDEO_6895288761354112258,13.5,2801.534371127671,140.55918209876543,57.21261574074074,2090.9372375216976,141.46580054012347,43.165351080246914,1350.5254802959091,142.67692708333334,55.943391203703705
VIDEO_7451599218545970454,12.64,164.92523104448554,117.59596788194445,43.00858506944444,123.80189887016674,127.23775716145833,29.666548394097223,129.6806344295066,121.15900933159722,41.575496961805555
VIDEO_7130612533437762821,9.833333333333334,47.214457176522245,119.22175767686632,71.06614006890192,750.3280775634871,128.50599839952258,107.59940761990018,14.141692730184232,115.05021158854167,116.13145616319444
VIDEO_7056423267564899590,6.4,716.3719849953534,125.022890625,109.5133376736111,444.6263605587382,123.596953125,105.95109917534722,0.0,0.0,0.0
VIDEO_7152911692282809606,9.633333333333333,453.14342639933557,97.37161361882715,118.34977671682098,255.13472221950954,146.15097849151235,65.51835503472222,64.54215081155455,135.2043113425926,74.85072530864197
VIDEO_6794470373212589317,8.433333333333334,5.8411320185089926,202.59609182098765,14.191049382716049,16.02399305375455,189.16729938271604,26.075858410493826,25.145068907119242,187.67268904320989,24.42700424382716
VIDEO_7319074307202616609,10.68,213.38069522966762,136.78141396604937,98.97753761574074,185.99922217151777,121.21769675925925,109.29034770447531,412.61415653536073,133.79625964506172,99.20849247685184
VIDEO_7396708038398266656,14.633333333333333,258.4409676698366,132.4466478587963,39.35256655092593,146.3925309940261,125.95965567129629,49.15890914351852,138.45489810742455,134.16218123070988,43.240893132716046
VIDEO_7174339271141100806,6.233333333333333,172.04095585584167,26.68218207465278,121.64558919270833,237.2647904230177,25.395496961805556,108.95303276909722,282.09865874949804,19.215170355902778,122.91318359375
VIDEO_7578641094464867595,11.945278611945279,54.37651982636117,178.92604938271606,49.78980420524692,145.1631996120542,176.3600467785494,50.38780960648148,162.32300250771604,2.6250988618827162,0.3170563271604938
VIDEO_7477935287646063894,8.0,403.30944533639484,196.10532552083333,38.91236545138889,416.96205899153347,189.8715115017361,44.808131510416665,379.80015435188085,162.01231770833334,48.48345486111111
VIDEO_7594160012247797014,13.2,461.5196500600132,123.00049370659723,70.99127061631944,245.05544232311485,132.9565017361111,72.273818359375,527.7143274569936,121.37767144097222,65.62567599826389
VIDEO_7183332234605268250,6.166666666666667,939.4202918508447,157.55722764756945,36.890682508680555,827.2248566912426,159.1942578125,35.587861328125,356.2672176762286,132.63831705729166,46.48650499131944
VIDEO_7177404002508803334,8.7,233.0573746805957,107.05261236496914,54.50532455632716,106.20160010901954,86.39763069058642,79.54601900077161,410.54071848420614,108.97298852237654,57.841941550925924
VIDEO_7093804812864670981,11.933333333333334,847.3332679381128,89.00327046712239,37.45172627766927,1545.278262412923,85.25606452094183,41.223624335394966,864.3089508229268,92.52089606391058,36.208407931857636
VIDEO_7158890098770119942,6.1,92.19300723259067,95.24684510030865,88.80442563657408,22.069173560522678,100.26415412808642,81.98560812114198,35.647957167352544,92.01454812885802,114.1140658757716
VIDEO_7333701921573850374,14.723056389723057,1006.5741536988774,83.95093112521701,148.9805213080512,229.31243272681928,94.25632052951389,45.70125834147135,327.11551695306684,29.368993123372395,123.25294664171007
VIDEO_7180392341839105286,13.7,1053.6768359332614,39.660595703125,153.812431640625,517.7376540759004,41.145137803819445,207.24175130208334,556.9185568515354,19.324578993055557,69.96503255208333
VIDEO_7350954462992682272,13.44,166.90325230761084,90.29693576388888,86.81208670910493,136.0440379050812,57.815416666666664,107.88595679012346,127.52552758487654,1.7779586226851851,3.276480999228395
VIDEO_7302473271067397409,9.266666666666667,634.0378640981106,158.06192997685184,47.11309606481481,229.00832287167847,144.27725935570987,68.3416227816358,143.0180095617605,127.00797501929013,45.67068962191358
VIDEO_7087822626005060870,13.933333333333334,448.9661077315425,128.69010633680554,83.59148546006945,298.4352805091846,155.97578667534722,57.52751193576389,89.3620479836876,172.26240559895834,53.986362847222225
VIDEO_7325049996682759456,10.533333333333333,541.2990303847541,97.55478613253356,93.50025617680663,191.52570319145755,105.95743448300486,92.77155098543274,133.5671433138721,26.33703941730934,195.21710136389603
VIDEO_7315068001533840672,13.6,568.1665739056612,129.926875,101.12316189236111,150.38903859680553,131.4628266059028,100.253935546875,1482.2708529525462,123.41633029513889,32.995794270833336
VIDEO_7324741085438397729,12.545879212545879,1523.7454597412109,158.78513129340277,24.14397677951389,984.2836206110906,138.61610677083334,49.90151909722222,629.7394172526878,155.01471354166668,34.95176649305556
VIDEO_7321012358594235681,7.533333333333333,1478.2075504202949,136.44594835069444,46.35702473958333,140.85818350535735,173.96326280381945,69.38154730902778,386.2186523333467,143.448017578125,50.97603515625
VIDEO_6922868220890254597,14.576271186440678,364.2523609622675,78.18648533950618,100.14303433641976,446.8163033496793,85.6891512345679,138.39514660493828,37.12110615684998,91.05066936728394,127.99547453703704
VIDEO_7553223847730777346,6.1,196.554654856497,162.33128865559897,17.456729465060764,235.7999837508448,148.85546705457898,19.40178765190972,483.4507209578569,168.4898647732205,13.696551852756077
VIDEO_7512836614834474262,12.466666666666667,868.6608172930594,109.16935899522569,116.24487982855902,962.3494549228747,128.05700514051648,20.705747816297745,206.07847692319595,105.33406745062933,129.69636874728732
VIDEO_7450183993355488545,11.266666666666667,422.9104778781043,134.37945421006944,126.64145616319445,145.81160334201388,104.03171223958333,179.21863932291666,173.01119185180542,100.56022352430556,184.1032497829861
VIDEO_7020800251950927109,6.986664875214134,19.59981698767903,122.62257724338107,105.38240729437933,20.930531659565958,128.02518547905817,96.12238057454427,23.396634242988917,127.26504855685764,69.50626118977864
VIDEO_7316159323728661792,10.166666666666666,133.70547205618513,160.97129677854937,47.55342110339506,106.22582902337408,186.45497299382717,9.639409239969137,1637.3431336620608,163.39821662808643,48.902794656635805
VIDEO_7204907848449527045,6.3,234.25217335016953,124.61651716820988,127.495859375,275.00554300592273,117.93778886959876,133.48121865354938,19.42908179012346,0.8203631365740741,97.13105034722223
VIDEO_7456101045601570070,9.566666666666666,412.5481845685876,134.49791558159723,41.23969401041666,437.4010199601491,135.13349717881945,48.724459635416665,749.6052712619169,141.04972005208333,66.61986762152777
VIDEO_7023313220278553862,13.666666666666666,275.1593662580377,166.84520467122397,42.61382548014323,547.5314297145233,133.26436021592883,44.61479356553819,393.0640681290763,115.56383768717448,45.602120293511284
VIDEO_7479081271746989334,11.133333333333333,290.0815223404201,129.21245008680555,73.07734266493055,286.24525052668133,128.56848958333333,74.64342122395833,0.00028645833333333333,2.9988888888888887,254.90555555555557
VIDEO_7348766265927814432,11.533333333333333,83.22601072901391,54.66764805169753,221.53960117669754,113.25689814479915,52.793271122685184,228.92019627700617,111.55663536850741,43.93145543981481,244.53014756944444
VIDEO_7579299127637363990,8.32,347.07212489974154,188.86721801757812,36.06892395019531,301.8545192877452,154.89584011501736,59.96495056152344,64.87478296282805,175.8317108154297,40.05809020996094
VIDEO_7317307650499251488,11.84,75.40337186731874,126.75147907021605,89.62424527391975,31.503520378705606,103.27844618055556,111.25116753472223,306.51590212471535,127.19149016203704,98.1729653742284
VIDEO_7447184186034654496,7.5,189.20692126365824,130.13507486979168,27.08853515625,3.148522841972775,105.78835828993056,17.084898003472222,368.1939380288018,124.45121419270833,20.316725260416668
VIDEO_7294149539781463328,11.444778111444778,122.34820221324026,98.82798080632716,138.8030724344136,129.64064715282763,104.74301456404321,121.39428867669753,160.4116622656605,122.23615837191358,98.4828549382716
VIDEO_7590184087122660630,11.72,110.5520789909566,13.327084297839507,102.68993007330246,227.1009977781173,68.9241473765432,82.14271170910494,63.15608651302008,13.484874614197532,123.38491705246913
VIDEO_7346541062267079968,10.333333333333334,15.734297797300657,137.7405396412037,75.42002266589506,104.10734660458454,122.92605999228395,88.49783805941358,118.15042035268404,149.98671778549382,63.27739390432099
VIDEO_7466117788898315552,12.4,178.05124323970384,70.39897280092593,243.83401427469136,9.857665891823451,140.5231278935185,99.27156925154321,3.256684023967383,170.81244454089506,18.470090663580248
VIDEO_7054948838716493061,14.566666666666666,653.6068414088086,165.65611945258246,67.23529222276476,145.45522048240412,198.03773159450955,42.02534484863281,1123.7642860796136,137.11709594726562,19.699361165364582
VIDEO_7591891163175554326,9.033333333333333,1091.6488595721285,138.12291087962964,64.27623312114197,152.66157544286696,145.2048615933642,49.988071952160496,251.526740513546,141.00121141975308,48.574751157407405
VIDEO_7431510658845379872,8.533333333333333,368.8104166532148,142.8999983084249,99.05646266270838,387.40319194795154,114.45952483655155,70.1162894454171,839.8405210324383,117.85329814857104,63.27859819170621
VIDEO_7576319921030827286,8.90890890890891,215.95380435918207,132.0303209092882,69.10641988118489,207.76647939274295,134.61437479654947,58.91627332899306,156.37108830960156,137.39900546603732,55.9561038547092
VIDEO_7586610643130764566,9.943276609943277,164.5394386713706,109.46574266975308,98.54486738040123,140.88516597722244,107.5681428433642,101.66319155092593,136.3223962214717,104.74758246527777,108.65771219135803
VIDEO_7285669773030001953,7.707707707707708,371.53520518500744,122.2580859375,87.37908613040123,296.320167718424,123.32238233024691,98.67052420910494,300.08701952782565,122.4835368441358,98.05821566358024
VIDEO_7323237610665544966,8.368333,353.0461502971131,137.85059895833334,105.76740499614198,3169.3336020067004,162.29695071373456,103.17312789351851,1639.236601758914,176.28298755787037,79.77225019290124
VIDEO_7494193739187916054,7.133333333333334,200.5037765044589,164.07617513020833,27.21327690972222,100.77571481487016,169.10017686631946,22.968815104166666,88.51627035512925,169.16314453125,22.651736111111113
VIDEO_7249312172956732698,12.266666666666667,154.78348311676947,129.8427912808642,41.49299286265432,237.83394865068766,156.81272665895062,31.225665027006173,143.33910372119283,135.5681143904321,74.26669656635802
VIDEO_7072780188018380038,11.389830508474576,113.84938443737266,88.63077629937067,42.335171169704864,18.49424193871932,103.10035875108507,76.91447109646268,90.62695532229753,117.82213507758246,67.6141594780816
VIDEO_7524285666692271382,12.4,463.0077328120824,118.89022827148438,92.45901997884114,9.38316675496035,108.73257954915364,102.39170837402344,0.6148679545149207,8.985075208875868,52.87780083550347
VIDEO_7566270741134462230,8.933333333333334,1405.9904663110533,167.9642828896605,37.333732156635804,698.4810930938892,148.62804205246914,68.81063512731481,1055.460692955473,164.4665943287037,41.410478877314816
VIDEO_7401059521860209952,13.7,1400.9560513094027,130.0337326388889,121.84548321759259,835.5980900319618,118.84418161651234,103.00442997685185,600.1752194097935,108.2587109375,94.48163773148148
VIDEO_7130169267454070021,14.24,518.6416090777822,110.71909722222222,94.19531575520833,228.16906020929784,118.82557291666667,130.87602213541666,115.4501333066858,109.58114800347222,125.4584060329861
VIDEO_7297256040544931105,11.7,42.4830477863681,190.952410783179,36.716673900462965,3.28709731639344,187.73787519290124,36.378745177469135,4.619094789322148,189.3910652970679,36.314256847993825
VIDEO_7179688144382512390,7.233333333333333,17.70772553576885,135.47655767746915,34.052131558641975,404.6127321615021,123.46089072145061,64.00673273533951,0.11858940867822429,7.361181037808642,106.12513213734567
VIDEO_7540672667704118533,13.766666666666667,1437.2016217812097,160.5716473765432,16.329588155864197,559.1051199848634,127.55623987268518,21.691055652006174,636.1320403004726,126.79435860339507,23.825685763888888
VIDEO_7481596789448117526,10.166666666666666,25.052980422350803,158.35668077256943,15.534874131944445,33.04225487429301,154.34748155381945,21.104150390625,34.49337666252513,167.1245529513889,17.11693576388889
VIDEO_7210074063765638406,9.9,785.0735238547808,129.98740342881945,54.34849392361111,847.4427332855968,126.82799587673611,54.411036241319444,883.241851920374,125.56195855034723,57.19412977430556
VIDEO_7039252769894616326,10.8,206.19089420118806,186.43517388237848,30.442854139539932,155.26300294384257,178.44286600748697,25.393519083658855,194.1904037873387,159.45763990614148,42.501624213324654
VIDEO_6814175723704683782,13.466666666666667,0.0,0.0,0.0,110.15411835651348,133.3908777006173,90.44460262345679,11.15844521532005,148.38636188271605,88.16352430555555
VIDEO_7245708272181759258,8.033333333333333,471.5317527638377,109.26272810570988,68.25788532021605,177.13528114967923,111.43176697530865,104.79669511959877,298.23883529842163,124.56939429012345,81.4999787808642
VIDEO_7145110811000835333,6.833333333333333,935.4310004409497,115.374638671875,91.48667751736112,126.97705403583551,134.91845052083335,67.68460611979167,1294.4581844606,125.85943250868056,86.58216471354167
VIDEO_7568382003330993430,8.833333333333334,59.309995601528584,131.6278364393446,58.81889004177518,73.9436022175683,88.39599100748698,117.09583875868056,500.7821448952602,15.920703464084202,104.31546529134114
VIDEO_7324339550283664672,13.7,10.140899875863553,147.9400742669753,58.640205439814814,42.64622004401229,148.65086371527778,57.1641121720679,69.13730495808917,146.88787374614196,57.85083767361111
VIDEO_6956567938891599109,13.333333333333334,3788.838236537965,144.05814985795453,110.70720436789773,1551.8142553579905,145.5894220525568,114.1351651278409,979.5020515883265,135.03349609375,124.51867897727273
VIDEO_7343666836812123424,8.733333333333333,354.0822790988551,156.52656153549384,70.8777772955247,259.49737738036185,162.05006558641975,77.00733555169754,244.2027788321015,162.5678694058642,77.33925829475308
VIDEO_7169948893805825285,14.44,9.561218617629482,188.91340374228395,48.81043354552469,119.9914640458658,191.13152247299382,29.729370177469136,22.887749138552866,153.29764467592594,86.31757282021604
VIDEO_7279078872455384352,9.5,77.29916659004108,182.4586115933642,16.02507137345679,11.352798986851758,142.34964650848767,48.47149932484568,23.146782369448584,172.63572627314815,19.443125964506173
VIDEO_7602968538319539478,10.0,387.9017727602907,177.85978829089507,39.88390046296296,41.68703650663656,156.93709153163582,73.74685281635803,38.06776956951,127.82543885030864,69.29314911265432
VIDEO_7238653863794887962,10.166666666666666,200.9122077429603,113.73051408179012,101.3013604359568,129.21831496145452,114.17994791666666,96.18811149691358,283.2573050871412,125.82758825231481,97.47259645061729
VIDEO_7302809103150206241,10.877544210877545,290.15197799753685,159.2610903742284,35.74113811728395,175.24735772438814,161.90549141589506,30.409902102623455,89.86821658306124,140.64824845679013,92.61021074459876
VIDEO_7079095510904229126,11.666666666666666,434.6624109941647,150.6267556423611,67.02249131944444,136.5360967872714,121.38174696180556,71.40758572048611,110.75817911088731,126.84344292534722,54.953356119791664
VIDEO_7442354645382532385,12.133333333333333,19.752629961362295,156.93148546006944,13.068103298611112,29.661190880876703,168.10955078125,16.46934136284722,17.69218088220196,192.47983181423612,14.465021701388888
VIDEO_7579287270092459286,8.933333333333334,493.40581108661803,116.36827932098765,52.37227430555556,592.7819277421928,115.18854311342592,52.717892554012344,671.1523258898069,119.05245563271605,60.7518180941358
VIDEO_7323612868484631840,12.066666666666666,310.7869192784607,107.92523292824075,127.4774609375,343.86400988060643,115.73381124614197,129.6565909529321,332.7006297079204,109.56668402777778,131.83891155478395
VIDEO_7565955844764863755,13.3,1523.8347065402268,137.17543402777778,107.37994683159722,1146.9371224895713,131.3225629340278,102.03310980902778,2157.0916575353363,137.87466362847223,94.31028428819444
VIDEO_7580000663845850390,6.466666666666667,500.8996332393646,175.46298936631945,57.70034939236111,1049.9388226047927,153.60753580729167,80.80241970486111,1179.5206813676575,163.36640625,79.14054578993056
VIDEO_7446341554735828256,10.466666666666667,150.82559458638883,165.11287217881946,71.630009765625,163.28714518084936,178.21375542534722,74.94802083333333,205.6000097327892,167.33653211805554,82.96866536458333
VIDEO_7559134249731853579,7.374040707374041,12.567073167531285,149.836494140625,49.038913845486114,128.50262127864508,149.79704969618055,53.26799696180556,203.84359201478844,154.8202029079861,49.66684895833333
VIDEO_7476738167522053398,9.066666666666666,272.8328953889179,112.56759355709876,82.50872106481482,363.3559852390284,112.63102671682098,82.50829716435184,275.26109967256815,112.55760030864198,82.52615306712963
VIDEO_6927911225066130693,8.766666666666667,565.4941132565224,139.43880547417535,55.73569912380643,425.4221728068351,135.92426215277777,52.9801991780599,341.1414524136704,131.9503699408637,54.19374084472656
VIDEO_7348413567797841185,7.874541207874541,771.9574649973929,142.82917534722222,110.12801745756173,549.277313141495,135.73538097993827,112.1095775462963,270.55035975984987,117.05853732638889,158.80755063657406
VIDEO_7299777182828645664,7.166666666666667,47.98926490610377,136.36914279916513,64.89792149814471,37.7202854334286,136.61116168058132,65.14962990878169,52.73858949712259,138.01677295918367,63.81815427875696
VIDEO_7195225752541875462,11.578244911578246,88.0330261040021,168.56440104166666,50.124948398919756,58.97413675944011,175.76849247685186,39.8867578125,63.646207553332694,163.48230034722224,69.42679060570988
VIDEO_7279032970286009632,8.433333333333334,55.4754263117284,1.3767500964506172,0.0,40.34559075369919,103.98125434027777,138.3246913580247,0.0,0.0,0.0
VIDEO_7261564389075995930,12.283333333333333,531.6958843568484,130.40545235339505,64.84618489583333,358.14102719674844,121.80471498842593,66.0457421875,554.3864177534606,103.20324025848765,67.83588541666667
VIDEO_7337268516128591136,8.1,258.4902927612645,117.42338776476157,86.13840176704926,359.11105978720684,113.02893986904903,95.61799343272986,284.81613319767115,132.21663659133043,92.97788378101211
VIDEO_7189955800851320070,10.466666666666667,374.7864068580621,114.54208429783951,88.08167775848766,330.0172154706334,109.05568962191359,95.58951630015432,247.25665987060412,121.51295958719136,80.39074266975308
VIDEO_7343975400122354977,9.72,130.10462383977853,168.00903501157407,47.8425072337963,148.54359953658678,165.77023533950617,51.32228250385803,167.23724632125644,160.5871021412037,53.60340518904321
VIDEO_7082037036730813701,7.133333333333334,270.9923101487148,144.61393663194445,44.19358072916667,35.8723025173564,141.896396484375,97.83322048611112,20.068170558670417,161.59523763020835,42.896650390625
VIDEO_7346110636008475937,14.2,124.86881892366671,88.41187692901235,89.31232494212964,141.70999463914833,102.35464506172839,84.26821952160493,112.31519386181034,2.2764583333333333,26.550442708333332
VIDEO_7296889866002910497,7.966666666666667,281.8864274935828,152.3748361545139,28.003395182291666,277.26280752194253,150.059765625,7.483766276041667,184.22133425019817,172.13509440104167,13.405865885416667
VIDEO_7178872221375548677,14.68,505.69132212818084,148.78876880787038,83.72558449074074,134.99674285896205,135.5118499228395,90.79479456018518,767.0590195093791,147.61567611882717,83.94627314814815
VIDEO_7075406881111444742,6.7,474.1446951244049,132.64072502983942,64.7603742811415,533.2931857636014,152.08021375868054,27.185848659939236,61.2688007195118,144.93880716959634,41.974327935112846
VIDEO_7410298388022824225,10.8,238.99701458613157,143.16687114197532,67.39405237268518,253.86968890898808,144.16090760030863,66.79993537808642,256.2469950648094,140.82056423611112,67.16194782021606
VIDEO_7261562285791956251,14.15,248.1031784345348,131.7433883101852,73.82901765046296,401.8467119891541,108.59844955632715,73.17720775462963,500.6315393393341,116.50143422067902,67.50230420524692
VIDEO_7393260705048268065,6.633333333333334,2173.780122170246,106.42716097608024,143.34947289737653,2421.052940099845,107.43026909722222,141.8041546103395,2436.59539620961,107.43182002314815,141.83083574459877
VIDEO_7320159598290226464,11.0,2429.6130324053524,126.7697800925926,88.8946378279321,1622.3063203406305,109.08554542824074,105.71052758487654,1649.9029844749632,114.34802131558642,112.80428915895062
VIDEO_7040810874281479430,12.2,813.9780682029619,148.09340277777778,93.28504557291667,258.4919171573957,184.73695746527778,53.15696506076389,299.8401189588335,191.86619466145834,37.585284288194444
VIDEO_7519058140860583190,7.424090757424091,292.42142757922767,45.351086033950615,40.29865499614198,366.869052370497,47.42210648148148,34.59877941743827,364.6940338168198,43.205110918209876,36.129253472222224
VIDEO_7141029212244233478,11.0,1199.5663311754754,107.50486436631944,91.23661241319445,461.9698784420814,107.81974934895834,89.05628689236111,527.5736035138343,110.83561631944444,109.17258572048611
VIDEO_7342536344561896737,8.6,1205.161577443966,160.47818094135803,60.999783950617285,450.09257648522765,107.14747058256172,103.81537037037037,587.4839531401784,123.37879292052469,72.54161265432099
VIDEO_7234782434531839258,9.2,113.96037277261006,79.20418451003087,35.72815634645062,143.38556373777152,25.58448302469136,127.15512345679012,134.26749517195356,77.04889322916667,75.67688512731482
VIDEO_7567372771060124950,9.0,56.083810344923144,125.07970148533951,49.48282166280864,666.3046943389431,122.28062355324074,103.02087528935185,28.10714409550215,136.53736979166666,51.37851032021605
VIDEO_7197445468585037062,6.166666666666667,458.1230184074159,158.88508391203703,76.32185570987654,577.6249444964818,156.55642168209877,79.36870659722223,169.45699166840723,157.4128727816358,106.29454812885803
VIDEO_7495322095065238806,7.0,19.380080291178196,167.1079340277778,25.465100911458332,107.4771416949802,137.4798871527778,43.280932074652775,610.4995149729682,163.28670247395834,43.10610026041667
VIDEO_7305425778076880161,13.2,58.621741216585185,120.22590229552469,138.5521484375,47.14069292423067,116.26602141203703,144.67804832175926,67.94405625833525,125.79006703317901,121.57000868055556
VIDEO_7038692809985051909,14.833333333333334,312.4568811190418,171.76267666286893,12.294375949435764,168.23448741332237,170.24350823296442,12.32066175672743,184.63138155565588,167.28387959798178,13.951461791992188
VIDEO_7221177538855423258,6.266666666666667,64.4100358044648,162.57359700520834,48.78169162326389,21.08629118071662,119.57624782986112,46.06849175347222,69.0216370996534,128.68157986111112,67.3277907986111
VIDEO_7168916057166597382,7.5,3162.7207485806566,152.02771604938272,47.22306664737654,1032.4293927744866,204.02614486882717,26.29067611882716,661.8516304503806,186.758682966821,36.58541521990741
VIDEO_7343530174526377249,14.1,21.203431682486315,145.87752266589507,39.59278018904321,13.129311824676137,158.54657118055556,26.929908854166666,10.160453774980924,178.55675829475308,26.25396942515432
VIDEO_7414443436134223137,8.133333333333333,161.7544877632168,139.43487945492663,75.38662114682818,187.16625557127585,128.86477210963585,84.7692018013821,195.82182375421104,136.1394057186117,79.64761627455547
VIDEO_7569526874024512780,13.666666666666666,120.38819010206774,37.825353491512345,3.42453125,112.07500626909454,38.42412953317901,11.55680217978395,112.04542245057429,39.06593315972222,4.944514853395062
VIDEO_7587442936376233238,9.733333333333334,335.11229817459207,162.02156792534723,56.230944010416664,242.19047958200244,144.66359483506943,94.32633029513889,,,
VIDEO_7259698322791795995,6.9,520.0566822023168,108.51468858506945,60.827250434027775,1239.5429763110585,115.46088975694444,49.85434027777778,104.03727646738689,108.79312174479166,72.67464192708333
VIDEO_7037974894553894150,9.5,136.6913857382021,122.06929253472222,50.058203125,34.582534797498916,132.7528656684028,40.521552734375,36.97136495547707,143.51895616319445,29.625248480902776
VIDEO_7372168611449900321,14.566666666666666,405.30887326420054,130.5355608603395,115.73873746141976,407.41979196095804,133.88012249228396,117.52613667052469,443.72864238436773,133.4893962191358,113.70193142361111
VIDEO_7362544046675447073,12.4,65.21071164223603,102.17678771219136,160.9722796103395,241.1651451579257,80.94255208333334,90.15147858796297,661.2619546301571,97.26716386959876,142.0173013117284
VIDEO_7312547480120380705,9.28,187.62342991816732,168.88064744737414,45.01752387152778,176.7003680880492,163.98358493381076,50.14652336968316,89.01759312681014,139.25537787543402,59.846896701388886
VIDEO_7436403924350864672,10.933333333333334,176.20506643891278,121.31257957175926,60.12262924382716,137.32901084949418,140.2837861689815,39.94280430169753,151.07841097415437,136.77943287037036,24.305361689814816
VIDEO_7463089844516965637,8.8,1062.2208129497285,164.18902248806424,17.249332004123264,428.5545399968518,161.68063354492188,20.478296915690105,378.04167762996315,135.55927530924478,18.599800957573784
VIDEO_7450928915159190806,8.566666666666666,82.98871033535251,147.28013551311727,53.66497251157407,29.61885798748047,132.90483217592592,64.92631413966049,58.068915895060805,126.36106047453704,56.6860474537037
VIDEO_7587440240327937302,13.5,1165.9208806369368,157.26275074132218,28.612891374498517,1409.9873026662988,138.7540293040293,92.38083355136926,1098.1121518796763,140.4643031571603,54.08082373975231
VIDEO_7439301301864877344,12.266666666666667,1329.276087847607,170.3814023919753,35.70705777391975,1026.0959458668376,152.83349344135803,33.9929296875,3132.714645002183,178.64782552083332,15.89180507330247
VIDEO_6964763152974187781,13.033333333333333,296.13632681156093,109.94300503200955,132.68889872233072,575.1059398419212,60.645743476019966,82.82499186197917,250.6399585461606,94.70030551486545,137.82684326171875
VIDEO_7195937456271691014,13.666666666666666,784.1591633999188,132.14077256944444,40.668251953125,400.5364852611859,126.2053049045139,70.62095920138889,250.7970420991686,124.527177734375,75.20042643229166
VIDEO_7322495223089712416,10.633333333333333,275.84265197480386,126.58998794367284,81.39697337962963,206.36387102610038,130.54666232638888,109.98770254629629,165.10889897219602,126.41461757330246,118.62806857638888
VIDEO_7458336545490193686,14.3,916.3495863973252,147.2876974826389,79.452109375,166.55296284990544,158.5829079861111,67.03517469618056,47.484830562713995,167.3910601128472,60.62121853298611
VIDEO_7371436708778315041,12.766666666666667,169.54878598018252,183.3343894675926,58.988093653549384,237.97177069111243,110.6926740933642,173.93739101080246,190.92126588404335,96.71218605324074,112.12880304783951
VIDEO_7070486062182731013,13.546880213546881,498.8121901673871,116.33266927083334,132.9971636284722,365.010963538954,118.30495551215277,128.73839301215278,414.4874000061589,117.05092339409723,131.24358615451388
VIDEO_7238904736253054234,10.033333333333333,375.6711468649864,133.66174045138888,64.48608072916667,8.841474578093306,130.45019639756944,66.22040364583333,183.0537331085099,91.922431640625,103.09976996527777
VIDEO_7319902152686718241,11.933333333333334,1318.018225747651,153.42758897569445,88.19976128472223,1172.6237856399528,162.08518012152777,69.60362738715278,268.62190031428867,143.9081271701389,108.10510308159722
VIDEO_7120944943270530309,13.966666666666667,969.9396537767941,101.541083984375,145.4453884548611,267.8438614987397,86.28816840277777,169.46847330729167,649.0950018168131,106.76451063368056,139.515341796875
VIDEO_7478712216724802838,14.466666666666667,366.4154252900067,132.2803269675926,50.967114679783954,684.4764964299484,122.77257619598765,102.04821855709876,,,
VIDEO_7580065942730738966,10.92,2686.0265879923477,119.02375434027778,98.74364583333333,652.1146026232475,133.5718296682099,45.83167100694445,1918.788298062788,126.67248167438271,76.94791473765432
VIDEO_7556260834817723670,11.9,253.1552073680231,142.56955380198096,23.50567117585848,266.7728109080218,138.18083063552626,38.729215323544146,279.52689313349475,136.38447990133733,40.92904382009481
VIDEO_7267879991004761376,10.0,969.5203600844441,122.05808738425925,86.86085792824075,907.8698405252056,116.30562548225309,89.61637249228394,1061.4062465058048,122.01169222608024,87.24226948302469
VIDEO_7529820615637847318,12.133333333333333,915.8768183541956,118.67659674750433,117.1663326687283,71.32025288500719,104.4215596516927,86.16797722710504,284.5093057036923,88.27415974934895,84.28578864203558
VIDEO_7210067304095173893,11.333333333333334,319.1571089320974,141.30959394290124,87.68714940200617,162.94797260630463,129.59160204475307,89.34235821759259,213.0849595358494,150.50641782407408,70.15230565200618
VIDEO_7606360801234013462,9.6,605.3065938552882,140.25335523817273,132.01922776963977,846.0612298961883,115.97138129340277,113.01645067003038,1114.675190692043,117.04678344726562,116.96517944335938
VIDEO_7161354120849427717,7.62,680.6368784539978,129.30939477237655,120.86822675540124,111.60755828852187,147.74214891975308,78.62324508101852,60.3735950467973,151.87174527391974,82.43878472222222
VIDEO_7325862287540096289,10.143476810143477,19.512651244261104,140.09035493827162,45.54583912037037,14.75721025698359,139.72505497685185,50.70216194058642,15.480543327674814,132.34981674382715,57.35797694830247
VIDEO_7063127157068844294,13.383333333333333,360.39157327473487,124.66244032118055,55.25936306423611,287.17696127387154,109.46150499131944,97.72898871527778,389.763757527103,122.46500217013889,72.88205620659723
VIDEO_7444856032486116630,9.366666666666667,174.91048936617696,139.54721137152777,65.2956076388889,66.3194924634286,107.246142578125,113.45150499131944,140.59895505454804,156.80706814236112,40.80965603298611
VIDEO_7261499359819336986,13.633333333333333,67.30210439532662,61.96811390817901,233.41463300540124,93.12431809412091,63.35819492669753,241.74386236496915,106.84454471136348,28.402979841820986,199.14622058256174
VIDEO_7592263862284586263,13.6,4924.658238539121,117.52240933641976,77.45736641589507,1609.6834919083437,114.68162905092592,80.29957561728395,3673.0025830564446,119.04543354552469,76.36659866898148
VIDEO_7442235405757336864,6.766666666666667,1.7936327065361868,98.24832573784722,238.03013997395834,91.2513394212499,106.88560004340277,116.83593315972222,0.0,2.0,0.0
VIDEO_7073547434244328709,8.033333333333333,29.36033799902847,110.71297030978732,133.51703898111978,246.34779353701666,157.41207207573785,56.18694729275174,594.790692881474,158.2902543809679,37.433993869357636
VIDEO_7367273018181160224,13.733333333333333,1284.5122240114797,116.42231722608025,89.52003568672839,572.3736884443789,132.0417727623457,88.73389081790124,506.01323146233995,135.42977189429013,88.83203559027778
VIDEO_7568823330518748438,7.424090757424091,5211.865260257283,146.8307026427469,51.581334394290124,21.560065511387723,177.16570167824074,22.779528838734567,95.8574869633239,131.18590470679013,59.78816020447531
VIDEO_7388867149407849760,11.033333333333333,7.385265842003292,133.29644748263888,112.85792317708334,52.99816551612455,136.00629991319445,108.68472222222222,434.5417242982464,154.86720594618055,84.36130533854167
VIDEO_7054964457310539013,11.733333333333333,171.38224082053523,103.19520907931857,151.97153557671442,197.3037228054212,109.68710666232639,149.41939290364584,194.9733287981786,107.78246561686198,147.8297610812717
VIDEO_7494590607797554454,9.766666666666667,364.1049174681758,113.36082139756944,119.06048394097222,638.0361822563913,124.36159288194445,101.152626953125,267.80603412034304,110.37142035590277,98.68974500868056
VIDEO_7063505399307144454,7.933333333333334,767.5093272050221,106.77532552083333,134.8001019965278,558.3847091037327,151.0710980902778,84.11354383680556,542.973416865868,141.41655164930555,87.19221354166666
VIDEO_7537717748512705814,12.833333333333334,196.48925093871324,130.96938705632715,86.6789525462963,295.62018853846257,137.34007619598765,101.54121527777778,333.1301795047013,138.25839650848766,101.42923273533951
VIDEO_7529912051498552598,13.2,2732.8564317522564,98.08462962962963,72.47073350694444,1483.1477411186695,112.34137152777778,51.60036072530864,1683.970012517087,110.76867235725308,68.42560956790123
VIDEO_7080535307816291589,8.333333333333334,398.3683200294589,94.65685187445746,139.54401652018228,613.271680541601,157.50668674045139,41.1604258219401,512.111639465076,99.00900777180989,132.5307871500651
VIDEO_7215252214514715909,8.633333333333333,340.3270822162098,140.61682400173612,58.382245008680556,320.2686002602471,10.593680555555556,9.207364366319444,309.7590621816376,117.10314887152778,105.46253146701389
VIDEO_7209925340557348101,8.6,272.72216290046885,94.07524739583333,47.57432677469136,341.2283530095549,69.72038676697531,51.771397569444446,113.94413724226787,8.77422550154321,10.982196662808642
VIDEO_7297205575501270304,8.7,131.82419953094097,165.06588107638888,47.687596450617285,137.3624104307154,163.0116194058642,54.51622926311728,65.79954125889117,164.98645109953705,45.283488618827164
VIDEO_7059442492080491781,12.3,146.5921554897732,91.17947916666667,119.21325846354166,1058.1862843343051,91.72090169270834,113.54278103298611,142.75570630000433,107.9581618923611,152.66056206597221
VIDEO_7587070120556580118,10.043376710043377,123.10649642721327,53.78651813271605,129.31467592592594,79.9929986473657,45.19002507716049,152.35559558256173,96.53957550004641,51.98087625385803,124.53190827546297
VIDEO_7124374690520419590,6.0,29.04455078124529,175.6026388888889,64.1329296875,1203.9305934733816,128.81275933159722,102.85528537326388,1366.6915760769268,109.54980251736112,97.96781358506945
VIDEO_6955364241213771014,11.666666666666666,1407.9140896888214,106.88186475965712,67.46625264485677,138.01573858030406,105.62335205078125,83.77255249023438,1610.9728065194925,120.89203219943576,93.01441616482205
VIDEO_7294901504752782625,9.6,207.64624710067565,132.61730951003085,81.90508053626543,215.23294894994206,93.24149016203704,86.1927734375,158.77845582561727,3.1736217206790123,4.621241801697531
VIDEO_7191896362630302981,10.903225806451612,474.122297963678,118.48940586419754,56.91673177083333,185.33842628116872,113.30057677469136,36.74405864197531,412.90751969865966,86.9130362654321,122.80471161265432
VIDEO_7262001980095106337,7.266666666666667,187.52600903789147,132.41869936342593,95.69748746141975,70.2660435588393,136.01367766203703,101.58265866126543,145.61087615650294,139.502918595679,87.56894820601852
VIDEO_7212710657672678661,14.633333333333333,0.0,0.0,0.0,5.772170138658124,121.20832248263889,1.8455891927083334,0.0,0.0,0.0
VIDEO_7292048482456587553,11.44,126.11619357410947,96.83505787037036,61.92280767746914,159.98410053042792,131.15399643132716,47.46138792438271,92.94285252602357,1.0183058449074074,37.771040219907405
VIDEO_7504292781637127446,12.966666666666667,520.4835077879058,116.2702463107639,104.34847981770834,466.8999345600976,105.06962999131945,127.5539377170139,805.3580543865522,100.43587673611111,88.34545247395833
VIDEO_7332509276432289057,6.56,0.012838541666666667,0.05560763888888889,0.0,100.86859265601899,122.61827907986111,56.49199978298611,132.514194750256,114.41531901041667,63.958719618055554
VIDEO_7107270367303044358,12.04,261.22522282939013,126.64891818576389,82.77023871527778,235.78617637108698,120.51262261284722,59.652560763888886,375.4723044677734,108.46466254340278,60.18877170138889
VIDEO_7446804107312008470,11.6,695.7146977059637,73.13065972222222,124.48047960069445,397.8096895324283,72.33317057291667,127.80130533854167,577.6754213489379,84.28359917534722,132.3436208767361
VIDEO_7067623396279930117,7.066666666666666,278.0224082831862,130.0601348876953,112.6853535970052,277.48436032455237,131.12537807888455,107.37960984971788,248.19670440649531,134.31465318467883,101.31968858506944
VIDEO_7495704452696116503,10.1,862.1646993083235,123.51449652777778,46.43141384548611,597.6002797322402,106.28887803819444,144.43787109375,0.22461914062382263,6.900687934027777,2.272431640625
VIDEO_7344271684406349088,13.9,21.106475646929866,138.0618147183642,81.65811631944445,13.73630712182781,148.2249474344136,67.86727334104938,13.224016685033728,164.50589988425926,34.31193287037037
VIDEO_7384476119744974112,12.266666666666667,3223.923516181059,89.62990258487655,123.79078510802469,155.82219530586693,117.49461516203704,101.66940731095679,,,
VIDEO_7440567441777757472,14.966666666666667,32.128459757849214,104.69474757495591,92.04963486552028,25.199977494582583,85.06049244929453,131.0888420414462,35.41529703581634,118.65232032627866,86.86356509038801
VIDEO_7578151818585328918,12.966666666666667,727.0779844017693,130.4887676137676,75.6693737006237,67.89722286279262,57.8683803996304,39.62739662739663,253.63354159244352,139.48136477823977,32.93891487641488
VIDEO_7450432979526012182,10.066666666666666,454.6383514475399,161.38546875,61.84791449652778,1008.352341544215,162.36224500868056,56.486761067708336,1032.613521022786,163.58002821180557,56.85115776909722
VIDEO_7329596850804100358,13.054721388054721,699.5647505646612,110.89911566840277,66.11995781792535,92.95442029792402,207.70408799913196,9.167926364474827,650.3858090548971,147.28867933485242,36.368930392795136
VIDEO_7070218376328563973,7.433333333333334,18.517319837739734,112.97416015625,103.83711697048611,11.299647352419958,109.04582248263888,90.63025282118056,7.501032982150419,109.51429144965277,111.40655598958334
VIDEO_7317290713673190688,11.0,668.705173552897,140.7543240017361,89.73985894097223,33.79904653252025,117.44652018229166,126.23779296875,32.92162165501795,211.0759765625,8.330448133680555
VIDEO_7018826174767942918,9.325992659325992,37.33293289127939,96.464775390625,25.706029730902777,7.648969165335762,109.01013020833334,26.575788845486112,29.959446527476366,92.8878200954861,23.37689127604167
VIDEO_7309856299632676129,13.9,343.78553367447506,124.11880787037038,67.19376977237654,368.5363221619322,124.5427734375,70.56147135416667,420.91123360231967,133.8562003279321,66.83197627314814
VIDEO_6923976137928445190,11.1,1502.5824233342582,143.8030787037037,138.35347415123456,16.942893841326676,115.75315586419752,119.01784722222222,290.0191357820924,131.0401774691358,100.78676118827161
VIDEO_7391756601100651809,11.566666666666666,173.1827483662337,73.43580439814815,212.50337143132717,173.02853886303475,73.1261434220679,212.00021460262346,244.80197675523166,130.58706886574075,149.46198350694445
VIDEO_7396981634572078369,8.133333333333333,1899.6405317632634,119.7275424382716,110.85767698688272,360.232355306358,125.52744454089506,144.59607349537038,352.3523181901564,107.8154436728395,148.68310860339506
VIDEO_7506217095441435926,8.0,482.8445312379102,117.7699074074074,138.9745524691358,108.7517501821696,113.588922968107,73.77385609567901,312.60802083291,125.65494148662552,92.70179591049383
VIDEO_6802558843114114310,10.2,298.3951310179827,162.9896199845679,49.45027777777778,305.83873004899635,160.08081983024692,50.24954861111111,402.3851035875127,156.69277391975308,44.02779706790123
VIDEO_7081276473687985413,10.08695652173913,204.39275062521114,138.071041531033,54.164333767361114,336.0185018549932,143.9818369547526,34.15650939941406,548.3946865497985,145.84872097439236,34.47423638237847
VIDEO_7038189746484563205,12.7,543.872966517381,125.46431138780382,27.348873562282986,581.7761501675287,116.68988715277777,32.74701436360677,646.2157875096375,111.18120829264323,34.84464348687066
VIDEO_7068682786437139718,10.91091091091091,459.99103990250575,140.29370442708333,51.40020941840278,191.990500198024,137.79789713541666,32.446116536458334,203.14295519431315,162.61366753472223,42.70474392361111
VIDEO_7001083090462346501,14.04,576.6216125101495,165.09614732530383,73.89920722113715,199.04777463628727,172.21411641438803,132.8438025580512,1.5787234638133487,3.4889034695095487,104.66397772894965
VIDEO_7441997259060825377,7.28,329.1253224845119,210.09177822536893,22.713904486762154,234.8793231661742,153.54236518012152,51.00000339084201,373.67984339369485,126.38420952690973,105.98468017578125
VIDEO_7101685930276293894,7.366666666666666,176.84082199577642,143.8069322374132,84.84448750813802,186.89444723435287,167.7579057481554,41.27573818630643,172.56307299593522,189.22081163194446,56.10249159071181
VIDEO_7571134268403895574,10.0,1109.722213742355,55.090333726671005,102.4268798828125,1123.021386627496,150.82126193576389,51.66285196940104,942.879730176031,97.19209798177083,108.73998345269098
VIDEO_7488241037907905797,13.666666666666666,244.2625531870477,116.92565321180555,53.848525390625,349.1528033341725,114.11540364583334,49.35451388888889,436.71521484375,115.82784288194445,49.559200303819445
VIDEO_7164397666472873222,6.833333333333333,6647.8017871589645,135.3386794704861,93.85981987847222,36.82105321888394,178.87053059895834,36.47074652777778,888.4261313534948,117.23570855034723,28.03618598090278
VIDEO_7197086542479854854,12.466666666666667,4336.681276313335,120.59581356095678,110.22729166666667,3070.5347855250448,122.31646363811728,107.5037924382716,2188.267290965759,112.81282166280864,109.9381322337963
VIDEO_7436650165861141792,10.366666666666667,4048.7569009067674,126.08148341049383,95.10725260416666,158.3108554168929,118.14236834490741,87.79616994598766,63.34368327142093,140.13599103009258,92.35264805169753
VIDEO_7249004039688572186,12.166666666666666,1606.914985512305,136.28444444444443,85.87699170524691,960.7009456633872,137.5065060763889,77.6887890625,812.050268052307,124.16355179398148,80.65754533179012
VIDEO_7290955653349133600,6.666666666666667,335.5815123250261,114.13544463734569,154.70218508873458,320.57342398260977,99.40301697530865,147.87266493055554,360.68375288785876,101.84679398148148,102.96474344135802
VIDEO_7077597820538146053,12.666666666666666,139.80634539900416,184.4923318142361,47.848033854166665,14.60426106464598,133.48283311631945,75.96960828993056,431.9560512928856,121.59844618055556,114.62044704861111
VIDEO_7597437745258073400,13.716666666666667,700.6459282721092,152.27360966435185,74.29605324074075,27.28037511733988,157.44662905092594,71.57961467978394,280.5102443483434,145.14249228395062,54.227603202160495
VIDEO_7073511726888635653,14.447781114447782,447.7856737642065,97.910224609375,104.93199869791667,238.50787189059787,108.93187717013889,103.06493815104167,305.18776490731767,105.51920681423611,102.65370659722223
VIDEO_7604886753471761686,7.1,1440.1740656353973,166.2619574652778,44.420581597222224,733.9745181040399,168.14560438368056,42.50993381076389,823.4939684980593,166.585361328125,43.734563802083336
VIDEO_6978753193882832133,13.333333333333334,998.1338906104182,124.25660027398004,75.51372951931424,663.1217280960856,133.80468241373697,75.62555609809027,478.7068887985783,125.62706671820746,114.10834248860677
VIDEO_7520582757412556054,9.266666666666667,825.0665388177155,119.79988832826967,69.92288773148148,708.5168253414699,126.0891542787905,58.00424307364005,0.0,0.0,0.0
VIDEO_7571821778746592534,13.16,171.02027487943673,186.08798562885804,79.7767930169753,26.33694974836301,212.6803766396605,43.70597945601852,34.273228369849264,207.22958140432098,47.11513020833333
VIDEO_7167309818519227653,14.547881214547882,481.8503634618112,133.7419650607639,96.51184244791666,340.0385481725575,127.3960427517361,104.01301974826389,353.3507410351777,114.92814236111111,80.50866753472222
VIDEO_7441976604730936609,14.06829992576095,564.1315457804307,156.3775922987196,117.73889499240451,230.13769700757317,141.2322760687934,87.15924919976129,157.59049316615236,158.92679680718317,68.79648335774739
VIDEO_7466514918137728278,10.333333333333334,231.04717445802572,156.42762803819446,67.67734917534722,87.73390190489968,160.71086046006945,20.46721896701389,425.1327744296027,115.24557508680556,73.1531640625
VIDEO_7146479472022277381,14.56,781.9532263412995,112.61187065972223,99.7331076388889,401.3902100151721,98.41941840277778,98.136533203125,697.8193467617036,102.73626953125,99.29911566840278
VIDEO_7330293520395275553,12.2,42.470503439342686,150.9535262345679,49.19276813271605,20.87455149316775,159.33087384259258,43.88617717978395,46.09111491510466,160.85105709876544,46.21458719135803
VIDEO_7567318876392901910,11.833333333333334,145.91186341788003,90.82399594907407,110.94491174768518,87.08781057097927,100.10322579089507,96.28695842978395,133.2576817708889,90.88654369212964,111.04852478780865
VIDEO_7315822267781467424,8.575241908575242,320.5203488052874,40.03549024793837,88.36257765028212,946.3443733685087,46.07291158040365,81.0597161187066,1025.7578084401205,44.29411315917969,84.84371270073785
VIDEO_6869621825035357441,11.2,1658.4670241530062,151.8381313875786,47.77878586871069,908.6487645272412,152.844145538522,46.68082743710692,0.2253439465408805,78.47799233490566,44.91998575078616
VIDEO_7567386738709073174,7.666666666666667,68.89697530622233,88.89378809799383,92.72970823688271,53.54466480893154,116.90903356481482,85.25415798611111,86.0832421874328,103.1307171103395,90.52672839506172
VIDEO_7257040734174465307,12.278945612278946,167.41887248798236,105.686807966821,34.11642168209877,315.45619576973246,107.21636284722223,120.51688319830247,258.1073720083108,98.48283613040124,108.29853202160494
VIDEO_7224426315074522395,13.766666666666667,723.6352055163492,128.14553047839507,64.24527247299383,330.33632507813917,168.0411005015432,39.62352671682099,208.07716521287244,161.56903983410493,34.51628520447531
VIDEO_7338777101547490593,8.44,114.39304914061577,143.46472000847,64.08618041118041,67.01318811011423,141.91670853545853,61.08386992761993,75.64151463958036,137.01007738507738,60.33791291291291
VIDEO_7226428593075752218,10.8,212.39821662701104,116.49761815200617,204.1391189236111,5.589382117547395,68.93604504243827,220.38942660108026,27.526264941002278,64.84438994984568,169.07230902777778
VIDEO_7495368561821535510,10.2,385.23320788807337,48.88062201605903,19.711866590711807,24.790752834718052,153.40592787000867,32.11861334906684,120.87798725260583,149.46268208821616,51.223958333333336
VIDEO_7043009038623329541,8.066666666666666,52.7363213866434,171.310390625,73.68456814236112,53.40804235009087,158.36617730034723,83.660908203125,18.32540236573278,173.3403851996528,68.55199652777777
VIDEO_7235651777805290778,12.4,26.54861525667711,102.47774209104938,161.31316599151234,212.87805651682348,80.57136140046296,90.79527150848766,662.4406554478439,97.11739245756173,142.79574845679014
VIDEO_7060887870688529670,11.0,184.31837768746715,146.23159505208332,20.079412977430554,204.01046439161894,197.83055989583335,17.890146484375,47.6535860435474,212.5897384982639,6.809441189236111
VIDEO_7208590550348434694,6.1,499.1883489331209,127.49141782407408,103.53047116126544,474.1904865252959,124.43253809799383,108.4893219521605,246.80719092786686,162.3700380979938,60.62170765817901
VIDEO_7213453348270378246,7.666666666666667,145.2249647159341,92.06514998070988,8.873845968364197,142.21820741713037,94.23406732253086,7.324472897376543,31.861383583820036,96.97315393518518,109.07310185185185
VIDEO_7312851563037330721,8.566666666666666,1110.9822594802242,120.40523220486111,96.43081488715278,1165.479220186105,139.41750759548611,87.58119683159723,1017.5402742175336,134.200986328125,92.1746072048611
VIDEO_7163942959916895493,6.129032258064516,391.04151069647185,149.21299768518517,39.245685763888886,358.1710261745505,172.99939043209878,53.478765914351854,224.14309354314446,185.59527536651234,37.99682243441358
VIDEO_7312484712440745249,8.233333333333333,1057.5263722294223,132.1776244212963,0.0,469.33686852912894,151.7097728587963,0.019777681327160495,666.8091230447317,207.71476321373456,23.52686149691358
VIDEO_6926459852134845701,12.5,123.339922618187,122.6296624077691,51.76243252224393,161.81910852893589,127.10514831542969,58.00877888997396,251.80758119227053,131.75586446126303,64.21994018554688
VIDEO_7504668782045039894,6.366666666666666,1009.9528978072032,121.06716676311729,110.23431857638889,730.6654182574237,126.18393566743828,102.24582802854938,966.4202036620533,128.66908516589507,101.58529610339507
VIDEO_7222319662787202310,14.948281614948282,154.10633195551648,77.97249457465277,96.74104166666666,262.5628092286746,85.21173828125,84.22859157986112,137.98864040063808,85.76084526909722,86.20720160590278
VIDEO_7180432290151959814,14.96,0.019112654320987653,1.0186467978395062,0.0,34.47563557633765,134.38222415123457,18.617705439814817,0.0033834876543209877,1.0003776041666668,0.0
VIDEO_7218493650160897306,7.0,46.165571465542335,156.58103153935184,105.89719425154321,50.82869019093872,159.98052083333334,82.31927276234568,55.51818479884688,200.6349474344136,37.536271219135806
VIDEO_7059081815985818886,6.406406406406407,0.7986992546069769,154.40014139811197,35.2303466796875,493.48261284138033,109.42405022515192,146.9883066813151,232.6834445525375,109.92201063368056,125.40289306640625
VIDEO_7377811070636920096,10.5,156.55193008222165,120.20722029320987,65.29320505401235,156.065521290413,117.71398148148148,61.35411892361111,50.56408465547705,110.0102449845679,72.89950906635802
VIDEO_7480851478555659543,10.733333333333333,696.5459725920192,168.46128363032844,22.990581324248776,506.722410385163,167.4653443832984,24.052751572327043,481.7820099566931,168.56487486897274,22.866875218378755
VIDEO_7388136382436281633,11.466666666666667,713.032568868414,131.41263599537038,92.25731722608025,305.083777115087,110.60174864969136,61.42141830632716,481.7600123649692,131.95732108410493,90.46553385416667
VIDEO_7013121880366255365,5.896551724137931,393.525013920874,118.02661471896701,56.56609598795573,231.69295404858045,125.54302469889323,78.42968241373698,254.71954467161095,124.56723531087239,73.35650634765625
VIDEO_7348717316856712480,11.633333333333335,32.53808256172467,23.39755931712963,202.3163069058642,427.33700637725536,138.03519290123458,73.99829764660494,381.71010575966375,78.4863990162037,146.30496334876543
VIDEO_7468709057516326177,9.733333333333333,17.728338151933798,141.40232494212964,38.369897280092594,229.70479503741268,119.26517891589506,110.93869936342593,85.24260992722793,135.68030767746913,79.06449315200618
VIDEO_7442349120498519329,13.16,358.9180263943142,71.60999891493056,241.46386549207898,808.7764701179149,150.25172254774304,34.52336290147569,177.69543411498773,140.10086568196616,64.59537929958768
VIDEO_7167014945626787078,10.9,554.1980511356873,146.52176215277777,55.42093532986111,311.7262627908165,146.16926432291666,48.55272026909722,596.4050376651611,149.85521701388888,41.01354926215278
VIDEO_7500926454671232278,7.073740407073741,2461.154476795619,123.08752780490451,85.22190856933594,746.2043340669277,135.22433302137586,84.1773681640625,1601.7816301727278,127.95863850911458,82.80337524414062
VIDEO_7348433044216253729,11.678345011678346,46.23553997023887,171.51428915895062,43.887627314814814,40.882201456359425,175.2678833912037,38.60240788966049,47.87543631612426,171.2108415316358,37.37473042052469
VIDEO_7303174310259166497,6.9,2137.904795556953,134.47105999228395,50.71724826388889,856.3834489521676,144.909140625,53.04138213734568,317.36031004672697,131.72634162808643,75.73196855709877
VIDEO_6894530886105042178,9.689655172413794,1285.317444098201,145.20593942901235,66.29024112654321,884.5683795169699,145.10591049382717,62.9872550154321,635.2728059614184,147.8813097993827,57.52868055555555
VIDEO_7326887540705873185,13.833333333333334,650.6763171274791,162.38738335503473,49.231260511610245,719.9899879495302,175.32525126139322,27.273935953776043,770.172881471844,173.30533854166666,27.033260769314236
VIDEO_7590299923803884803,13.133333333333333,1020.6306952449229,143.0340485146605,87.75232831790123,760.8077538139295,135.92601658950616,90.51740596064815,326.2660815800399,143.18546585648147,82.10555073302469
VIDEO_7294284376454532384,10.0,110.77001301913322,147.93873046875,117.34396375868056,64.67537208978041,150.01837890625,50.510830078125,147.6273263888889,7.95037109375,0.22
VIDEO_7200418269629582597,12.0,57.42787663820905,118.67006847993827,41.082817322530865,60.421285686705126,132.3027975501543,59.397202932098764,14.760804395728513,144.5699184992284,55.07917052469136
VIDEO_7545528304237841720,12.766666666666666,809.4788931740944,89.61159336419753,72.6110050154321,452.2775556131246,123.40519145447531,68.33338252314815,466.47371766168175,131.72800106095679,40.24673321759259
VIDEO_7197080264625966341,7.007007007007007,264.33086265643976,109.39474826388889,83.15307956271701,84.36423853598247,153.7159423828125,43.75354682074653,324.19602603547816,149.43802388509116,48.172056410047745
VIDEO_7470532387223407904,11.933333333333334,114.22202096820769,59.15979311342593,102.2154865933642,4.755591714182876,47.36115981867284,136.31147135416666,0.006214312642740962,0.014486882716049383,1.8889472415123456
VIDEO_6800982671657880837,10.566666666666666,149.34024679568128,150.8743711419753,36.20009837962963,248.32734128366246,155.56422067901235,60.57338348765432,178.20521937572337,138.484949845679,63.89812114197531
VIDEO_7216007272311344390,14.838709677419354,177.66858910801264,108.81513165509259,99.92795235339506,28.873356950226782,131.95974488811729,54.42298900462963,,,
VIDEO_7226766521719213338,7.4,784.0536362696405,140.4310831404321,107.45106143904322,8.189490566324945,86.9795278742284,108.82253423996913,10.799357149835279,144.05889371141976,87.69098910108025
VIDEO_7470212560399109398,11.7,110.6267567272881,104.36173394097223,92.49467881944445,100.13335193198404,102.28609157986111,107.60267361111111,0.0,12.0,0.0
VIDEO_6886076315288554754,8.633333333333333,825.5435004389359,112.942393904321,121.77093942901234,685.952208571777,112.10754822530865,122.82330439814815,704.613519597277,114.7635976080247,116.33378472222222
VIDEO_7257874855037586714,14.347681014347682,58.24274930206122,87.26214023919754,49.72515673225308,125.57335020972405,91.7811791087963,80.44491174768518,34.491948989835834,127.54215856481481,57.58288724922839
VIDEO_7173695147639655686,14.433333333333334,739.1703895094118,130.30262044270833,163.2764963107639,1004.1708877152323,96.63031901041667,162.19903537326388,83.95514855205279,83.920166015625,118.56403971354166
VIDEO_7206417246502046981,11.366666666666667,61.4309759851844,133.30533515082465,54.88383992513021,160.29358916366357,119.0508524576823,79.81386142306857,365.59216001802014,106.21806165907118,94.42374844021268
VIDEO_7037757089799818502,11.3,0.0015625,0.045947265625,174.74140625,7.1564376961872895,128.86313802083333,27.961509331597224,26.96109024695879,122.32079535590277,52.28016493055556
VIDEO_7259307845332602139,13.933333333333334,7523.07743721974,123.63953655478394,102.50257619598766,291.03261428694657,132.834006558642,71.41902295524692,2860.1249588490423,131.2760580632716,103.34515769675926
VIDEO_7463516081081027862,11.066666666666666,1440.062349092441,115.47662217881944,122.42349175347222,65.84011392990747,173.01873589409723,36.941257595486114,60.365022578411335,116.396494140625,58.20222547743055
VIDEO_7064244808700726533,9.1,54.749488827033105,178.1324099392361,52.364541015625,35.81354803775741,179.67868815104165,52.20847113715278,23.30217556310465,179.63273763020834,52.07403428819445
VIDEO_7173707401302920453,10.744077410744078,274.43793250837916,97.83296971450618,41.6880965470679,170.0096396913693,125.40043885030865,31.32165557484568,2.5161622200690146,83.84666425540124,59.642672646604936
VIDEO_7250555651993160987,13.113113113113114,1151.208694056841,105.5605502507716,134.64307339891974,308.25845663298094,133.20870273919752,93.37383632330247,597.8802547940643,98.83139371141975,92.27942226080246
VIDEO_7039259712038112518,14.566666666666666,338.3339293797351,160.4513227674696,61.05651177300347,209.55049689649604,169.4744177924262,34.86067199707031,11.980616221132538,210.95711771647134,18.23044670952691
VIDEO_7068298283386506502,7.8,346.7982497803853,132.64842990451388,116.44919270833333,252.37178701772694,124.88490342881944,127.95670572916667,260.3450128926171,121.66832465277778,107.08008355034723
VIDEO_7158468268074749189,11.633333333333333,443.885031456388,138.45317057291666,56.780556640625,501.10331486934035,138.44995768229165,56.57842881944445,258.5086094735875,107.46554470486112,64.33964084201389
VIDEO_6860766213992090886,13.166666666666666,603.3079002524648,116.66726080246913,144.65193287037036,512.7939235796158,118.89795717592592,149.74394290123456,645.0318707846578,122.56210648148148,84.19603780864198
VIDEO_7433817907278269729,11.96,305.99772179159174,131.83460738747553,90.56661434550989,580.6724190941504,71.54972718253968,188.57005089421614,388.7000434786651,82.81623212926723,89.77304848880192
VIDEO_7575902535349816588,10.243576910243577,283.5330341309226,147.47597222222223,85.68927613811728,289.56180939064996,182.1429730902778,58.83213107638889,0.0035325019321287574,1.0021113040123457,0.29346739969135804
VIDEO_7059414649581604102,9.766666666666667,157.86740667686462,156.12115668402777,61.077093098958336,183.39979162143663,207.313671875,16.486590711805555,225.86504204076013,188.99017252604168,23.53231662326389
VIDEO_7040300833019415813,7.841174507841175,457.3633559693778,105.72018941243489,33.89988708496094,483.82629242925447,113.77606201171875,39.12572733561198,494.78121097116554,123.68594360351562,38.26004197862413
VIDEO_7280108212878200096,14.6,35.88385222700364,126.51670862268519,41.8066194058642,30.436909720733787,123.14526234567901,37.770070408950616,4.888770732768821,113.36154803240741,71.1300038580247
VIDEO_7112440653350571269,9.0,1962.2049515229753,112.89437527126736,77.94841003417969,62.58648486472206,121.8486328125,92.40822347005208,901.048949174261,123.43376837836371,99.27799987792969
VIDEO_7067217215925275910,14.233333333333333,384.76830911536985,140.52331271701388,56.84745659722222,449.8372704646911,135.76741102430555,47.709163411458334,364.9698029383894,158.94125217013888,25.433108723958334
VIDEO_7258676118033599771,9.50950950950951,316.4809272968622,97.08261574074074,180.55757523148148,582.8138876409251,102.42544029706791,120.79532744984567,802.4642549151113,107.37149787808642,109.67700569058643
VIDEO_7246825881904139546,14.791666666666666,198.1585394843616,125.91059683451925,80.56173941798941,32.28150322019651,148.2493169585842,88.15462278781244,147.14971719956364,131.38238004013866,80.72958629812078
VIDEO_7224139299594194203,13.16,192.00390673186217,142.9793103780864,66.04409818672839,185.2115031811101,143.7609375,68.32455391589507,181.95006405226863,147.28073398919753,63.49792872299383
VIDEO_7278716528839626016,9.166666666666666,491.90778518394075,131.87169270833334,85.4422580295139,164.48844725935078,150.50802300347223,64.8177810329861,286.9193885039989,146.29864149305556,73.29576822916667
VIDEO_7111254884971744518,13.766666666666667,424.42417875124306,154.99322340223523,76.35526529947917,510.6603417577636,48.502848307291664,124.08594089084201,148.58408771551584,98.26371934678819,84.36475287543402
VIDEO_7153997940774882565,13.12,174.8212610286925,84.88961130401235,63.86300202546296,26.285511117407193,87.95103925540124,71.91370466820987,11.094936638552864,96.98857880015431,67.76915412808641
VIDEO_7161744414979771653,9.6,282.4981008731124,194.43785698784723,5.084595269097222,47.842164379062176,196.55862521701388,4.017976345486111,766.8236115132603,203.13911783854167,5.808387586805556
VIDEO_7334339873127632161,8.48,11.375856481324266,220.6061858603395,4.697216435185185,36.17514322856175,219.5433386381173,4.482565586419753,495.5582821279677,206.3493504050926,7.097170621141975
VIDEO_7093581650163944709,8.033333333333333,157.40036131611458,147.72305447048612,86.75016276041667,22.898579641270338,132.00555230034723,112.08375108506945,236.75023111128513,145.21208658854167,91.387919921875
VIDEO_7524995526518000901,11.633333333333333,3115.6508292863214,119.09834092881944,121.8749609375,3345.227542475918,118.55121202256944,92.65984592013889,0.0,0.0,0.0
VIDEO_7264884699636469025,12.033333333333333,506.1012162978266,131.85471354166665,84.10006293402778,6.096261929141151,151.35789496527778,110.00666124131945,31.585493706078,156.90854926215277,93.40974609375
VIDEO_7543616748017241366,10.366666666666667,3045.273876760388,137.24568238811727,77.4967645640432,1642.570224950385,137.7888348765432,93.63560281635803,741.5624178575304,146.25554928626542,80.3796981095679
VIDEO_6768860777525824773,6.8,168.21013097940246,87.31851466049383,42.627866512345676,75.41709321145056,86.44886188271605,41.47270833333334,81.09134066339792,95.09348958333334,40.486228780864195
VIDEO_7220074643086904581,7.9655172413793105,97.1932712209619,144.08752387152776,31.17721137152778,66.86875758200634,147.6611794704861,30.265383029513888,110.33352209468417,148.28111870659723,29.578971354166665
VIDEO_7386194546062839073,9.5,100.64356722431995,45.43448543595679,155.9355613425926,117.60503670213812,45.50344714506173,157.02128375771605,322.95565413986344,107.81061583719136,113.0878694058642
VIDEO_7468313844230704406,8.466666666666667,653.088738750762,120.88130144032922,90.59980281207133,609.6699580949602,113.08558813443072,102.48196159122085,1000.5973401022851,106.58428669410151,76.87792181069959
VIDEO_7446821670133845270,13.313313313313314,330.1093296360262,44.914153163580245,90.15782166280864,231.91260349393454,47.101133777006176,92.25352575231481,190.33309977437713,50.507077546296294,97.30183256172839
VIDEO_6798648871401819398,13.466666666666667,1113.056828416812,51.910556369357636,14.465464274088541,739.8476799903063,44.83785841200087,17.513195461697048,970.1172548049464,47.46943664550781,15.522696601019966
VIDEO_7306585450305555745,9.90990990990991,34.85759570951015,139.75957802854938,33.02262924382716,881.7710131820679,136.33601755401236,46.180596064814814,20.194274691358025,2.102352912808642,0.0
VIDEO_7550598568415874326,13.266666666666667,21.611049248377025,163.21747504340277,67.44784884982639,27.85326810673247,140.94490898980035,97.29437764485677,9.599036635207241,156.08289591471353,74.93322414822049
VIDEO_7087592356664315141,13.213213213213214,479.67816486512027,97.20792982313368,96.9531962076823,265.6134558765672,113.20296054416232,87.21204630533855,537.7243158859603,153.71009148491754,53.06700303819444
VIDEO_7069799098576112901,9.933333333333334,418.6703458742448,169.73991644965278,92.15553168402778,433.60816962770065,169.95899197048612,91.97376085069445,400.8099074944379,170.35991102430555,91.70987738715277
VIDEO_7340682108735671584,8.24,0.7380160066264773,182.67400414737654,42.70973331404321,377.4259999246396,185.5916150655864,44.93311535493827,460.7991964320267,178.94857060185186,48.77278790509259
VIDEO_7264173669612670240,14.08,318.47799932142135,111.0633627507716,116.20889756944445,94.6402583269868,90.23748312114198,110.7629046103395,123.03720699555524,120.79611786265433,126.09146556712963
VIDEO_7390334004001639713,11.144477811144478,4357.003434597958,140.3624392361111,123.31257330246913,1181.8309832523605,153.14615210262346,118.29008101851852,174.65804542758744,127.97201774691358,102.10828800154322
VIDEO_7344802060019256609,14.366666666666667,260.93653597184175,147.41975983796297,34.76090277777778,104.69834961597994,130.7873577353395,101.79130787037037,,,
VIDEO_7575170897451945238,8.575241908575242,458.67546001104006,140.62171257866754,79.50807359483507,347.8764829628262,150.4735107421875,60.99462381998698,91.40132745530134,161.9364980061849,54.52150132921007
VIDEO_7201579247616494853,10.7,223.71882251121593,137.50862991898148,33.098249421296295,14.423912984839243,178.03441213348765,41.227854938271605,545.3174033084122,135.8038927469136,83.59144868827161
VIDEO_7242237385772240155,6.0,346.5904003805759,138.40210262345678,61.45858940972222,302.75467001698235,138.50239872685185,58.73067226080247,265.2731423611111,4.5923157793209874,91.55270785108024
VIDEO_7075788593930816773,9.333333333333334,114.91921983224258,97.07283528645833,167.61600368923612,181.70518706002764,109.20584743923611,162.68743489583332,135.66921765865632,109.21831597222223,172.38653211805556
VIDEO_7412939421089090849,7.633333333333334,197.66191645083518,131.67140432098765,136.50900607638889,180.1737710862148,137.01239631558641,116.1769458912037,184.01165846826163,135.91690104166668,110.33062355324074
VIDEO_7424512450856357153,8.04,254.26190296816358,132.60838252314815,101.74362268518519,3105.281224394945,117.70020109953704,158.60450472608025,608.6032479720699,138.83737027391976,116.65290653935185
VIDEO_7167386112040684805,8.633333333333333,187.24250212017571,158.33553168402779,24.521967230902778,201.7195898315006,146.88814778645835,30.64954318576389,140.31709684579636,133.77810221354167,49.62668728298611
VIDEO_7369613653626113313,9.6,1016.3558343999832,94.76505642361111,124.48566165123457,489.9441820651827,94.05421296296296,98.95189043209876,464.248700868449,94.0280926890432,87.80057966820988
VIDEO_7104552926231743749,11.0,160.7424290328183,85.36994255913629,92.03271145290799,96.5221489791034,115.78644137912326,95.78434753417969,2153.824485514517,118.4992184109158,155.91468471950955
VIDEO_7436044441170857249,11.48,1129.9819403629128,172.08811611599393,21.300450642903645,19.672690433688622,48.51729498969184,83.71046617296007,15.812455677312377,84.20154486762152,42.94825236002604
VIDEO_7193751547749223685,7.4,341.16362797777305,167.48932725694445,60.57280044367284,229.44895057428215,165.9462823109568,60.05318672839506,217.5022374493446,174.27734953703703,46.87855082947531
VIDEO_7333604507793853728,11.64,30.72126876896616,210.74774787808641,13.12628086419753,18.811171861379886,211.2831495949074,13.681233603395063,8.931672935950976,210.05946180555554,13.320075231481482
VIDEO_7267229404584037638,12.012012012012013,767.0495790709471,67.95450337727864,72.040525648329,1192.9384284710718,73.4901631673177,61.50165473090278,987.8661791762154,74.67385864257812,58.73327128092448
VIDEO_7451629003380755734,7.3,320.8403808385484,196.91853949652779,43.28966688368055,613.4718542755869,199.436572265625,32.63687282986111,620.4131358504637,199.32501193576388,28.751279296875
VIDEO_7322420132649749793,10.966666666666667,3260.6082064768666,147.33624267578125,59.19092135959201,250.2285223666602,127.19951714409723,123.69272359212239,873.1367323100452,153.87675136990018,89.62725490993924
VIDEO_6943534360066804998,8.133333333333333,809.161134077443,172.38841586642795,59.843375311957466,676.455507144513,172.14810519748264,50.08777872721354,497.10666360787724,164.39398701985678,74.74506123860677
VIDEO_7426709076924484897,11.5,961.2961006348139,109.45639612268519,111.49892602237654,290.2608158314721,112.99709731867284,87.10138647762345,467.5075043401753,114.74071132330246,96.67290412808642
VIDEO_7485818484723567894,11.233333333333333,601.5827267617013,125.58717881944445,91.78984700520833,90.52213318315671,129.221953125,59.30699001736111,334.8589764475398,164.45425347222223,44.49424587673611
VIDEO_7203810617180933382,13.966666666666667,10.541672450354724,129.63669222608024,123.9226991705247,76.01163965941844,94.39592930169754,48.330032793209874,80.01875127515171,92.90486207561729,55.70324459876543
VIDEO_7414109220523511073,13.0,198.61718167263544,163.4198509837963,58.884690875771604,169.41493391499506,138.88184558256174,102.108113908179,141.27867761618953,146.5959558256173,89.67603202160494
VIDEO_7214113271018753285,8.4,510.0408195925065,158.67023220486112,62.880413411458335,515.1234689115724,148.3569509548611,73.23347113715278,315.398320194149,98.08342881944445,107.96468532986111
VIDEO_7350221322317761825,8.166666666666666,210.21388067474368,28.041487750771605,243.06519772376544,217.47416618240206,61.02565055941358,194.06854021990742,211.06448205795158,32.05052951388889,234.41060426311728
VIDEO_7305781724238105889,10.7,595.7268587745195,129.2264993248457,70.96715711805555,173.47650442305314,103.75423707561728,92.80001687885803,129.05556277516308,104.1786255787037,117.49581548996913
VIDEO_6793765694619143430,6.533333333333333,403.986585619332,105.40657793209877,89.54375964506173,248.40588146456915,102.19301118827161,83.94920524691358,229.23125481538267,107.17812885802469,71.13398726851852
VIDEO_7518292077080268054,8.375041708375042,1977.4599514071006,118.03220960828993,81.92395358615451,2096.8218951536987,126.3483649359809,114.88155788845486,1530.5171372139437,137.4515669080946,84.49792141384549
VIDEO_6883876793380572417,11.1,797.0513841820987,102.54867669753087,70.9514988425926,618.62686312294,116.34767939814814,54.96200617283951,266.6510936937036,120.88534722222222,44.884980709876544
VIDEO_7335020484637068576,14.916666666666666,486.3509938887796,93.79614101080247,122.55965470679013,114.00419886268624,88.44031442901235,132.92226032021605,285.5255380334553,94.63640142746914,127.54973668981482
VIDEO_7305435593499086112,9.266666666666667,1342.2948968332068,136.211953125,101.51204318576389,1282.5611447241877,120.80779079861111,110.20208116319445,1337.9650280412036,131.583134765625,108.73974500868056
VIDEO_6852640471013920006,9.80980980980981,219.15475780624485,113.35424768518519,92.05011188271605,0.6681519246661142,59.572623456790126,222.47352044753086,516.8812285831405,102.26987461419753,111.67914544753087
VIDEO_7369623012087172384,7.7,383.9048215986196,119.28912037037037,108.18800877700617,715.1333868279677,116.38664207175925,105.56074797453704,91.27753375067482,121.38552324459877,125.85418451003086
VIDEO_7248301740670323995,11.544878211544878,28.953414831239467,72.79107831790124,45.07172501929012,18.5867626347776,107.29425636574074,34.07675733024691,24.648981962426372,91.0516227816358,76.97021749614197
VIDEO_7062415851231677702,7.066666666666666,530.0729148925675,161.30226453993055,27.013276909722222,440.9630045143869,159.08131727430555,26.919016927083334,670.2677774203253,152.2067458767361,25.36557834201389
VIDEO_7454233566264855831,8.433333333333334,562.4619589517806,120.1713986545139,126.26727864583333,429.94800708141565,119.03383680555555,123.91368489583333,555.853717334771,118.1340451388889,110.50520073784722
VIDEO_7075734573933530373,7.333333333333333,188.86071053678606,153.1019064670139,40.67645399305555,138.44762201765909,120.42021809895833,63.097568359375,191.58752064386888,124.69050455729166,84.33422743055556
VIDEO_7459403430122097942,7.733333333333333,278.09401555510624,113.17923611111111,117.531044921875,224.72767344139947,141.48658094618057,67.87243706597222,589.5557984320322,141.31431532118054,99.34424696180555
VIDEO_7361799258107841825,12.512512512512513,346.58126704924575,112.4464559220679,117.9658699845679,925.1298591704294,115.64307146990741,90.83760271990741,1082.1356961276826,118.88686197916667,82.3140909529321
VIDEO_7391864864840387872,12.470804137470804,59.0750805330818,107.30597800925926,116.1225496720679,211.48355886064488,124.61490210262346,126.53133728780864,230.8217309589176,120.53627170138888,126.03699315200618
VIDEO_7314335987033738528,7.340674007340675,209.7958611780312,118.7531785300926,111.2411791087963,135.7072629479649,130.67154417438272,106.61557629243828,168.64033178241988,133.56046006944445,101.91965277777778
VIDEO_7042347189179403525,10.6,82.52023102415933,139.08601019965278,95.38793294270833,141.3759706742922,133.55277126736112,89.08709526909722,196.53074725798498,129.19588758680555,88.35611219618056
VIDEO_7459483581803482390,12.233333333333333,22.461793497386225,132.40481336805556,100.56752748842592,60.21756893418807,153.6309944058642,96.02466194058643,13.569067280720715,120.71019193672839,62.26323302469136
VIDEO_7582921759985356054,13.04,663.4749522092102,92.25203655478396,89.98570408950617,835.3641097539222,134.2797188464506,95.60913387345678,626.7820973075186,135.23609953703703,98.35591483410494
VIDEO_7506824474902433026,7.766666666666667,1757.932397949173,140.83624776204428,129.4222123887804,275.1174055984284,122.75427754720052,50.94345940483941,50.46598461118273,138.5750935872396,22.978929307725693
VIDEO_7036282180816932102,13.666666666666666,1361.4191082988457,162.36036851671008,87.72184922960069,18.88200374209483,171.89144558376736,25.679441663953995,1369.368905204854,163.53184678819446,44.40446641710069
VIDEO_7603412461068291350,11.44,373.5467166880666,133.46937596450618,39.96387827932099,379.73049742974155,126.03834297839506,37.24522135416667,48.027219788462574,143.40737027391975,50.40321855709877
VIDEO_7572223162520177942,9.266666666666667,936.7546401989503,108.27983072916666,50.37340808256173,498.0334788783919,106.78332899305556,80.52291329089506,364.3714698203004,108.5615272955247,46.745722897376545
VIDEO_7318026666939256096,12.05,26.82030557484568,152.65562210648147,33.294607928240744,14.264388502676171,131.57214313271604,55.127710744598765,17.561952143539617,136.06269772376544,59.183598090277776
VIDEO_7165886702580403462,12.6,175.37925336404925,129.27340326003088,85.54942563657407,41.719256353006244,171.68440055941358,85.91574749228396,130.2534317125127,162.78372829861112,81.01134307484568
VIDEO_7193338808870456582,11.96,205.7178351129791,177.72854986496912,13.202103105709876,40.945675625215216,185.47657407407408,7.091927083333333,15.941671444987277,158.5463425925926,21.154623842592592
VIDEO_7079069070078889221,8.366666666666667,431.932509763448,144.98503580729167,77.23793836805555,307.9516210846324,126.09430230034722,99.67606336805555,52.48969915881569,112.82939887152777,100.29792209201389
VIDEO_7333568243367431456,8.066666666666666,478.25629097417925,178.54298900462962,39.30035783179012,368.81756965263844,180.6643422067901,37.43417341820987,280.09278789678507,181.33307436342594,37.27649353780864
VIDEO_7558085942557347094,13.4,96.96504291256507,192.2687432484568,13.083624131944445,114.04294990872333,192.46728732638888,14.564814332561728,54.24791416103235,193.78725694444444,13.230954378858025
