,video_id,R1,G1,B1,W1,R2,G2,B2,W2,R3,G3,B3,W3
0,VIDEO_7602656035161050390,193,207,203,0.5060357142857143,136,154,162,0.34385714285714286,64,83,99,0.15010714285714286
1,VIDEO_7590718903144287510,25,27,32,0.6083928571428572,148,134,112,0.15796428571428572,95,70,62,0.23364285714285715
2,VIDEO_7571821778746592534,223,238,248,0.4570714285714286,90,136,163,0.09235714285714286,183,206,222,0.45057142857142857
3,VIDEO_7569927329154190614,212,213,226,0.22357142857142856,13,65,81,0.28191326530612243,120,147,193,0.494515306122449
4,VIDEO_7566270741134462230,96,110,127,0.2140625,230,231,230,0.5602678571428571,28,36,48,0.22566964285714286
5,VIDEO_7536170254989315350,191,193,196,0.3261904761904762,59,68,84,0.33992559523809524,114,122,137,0.33388392857142857
6,VIDEO_7520640970199698710,62,61,60,0.24816964285714285,190,202,208,0.3676785714285714,133,131,126,0.3841517857142857
7,VIDEO_7496799936558796054,87,108,144,0.5185331632653061,184,190,205,0.3721301020408163,32,40,55,0.10933673469387756
8,VIDEO_7487960173529582870,40,39,39,0.259047619047619,179,187,203,0.5004166666666666,102,97,92,0.2405357142857143
9,VIDEO_7478712216724802838,107,125,153,0.3353061224489796,38,51,76,0.25735969387755103,180,192,211,0.4073341836734694
10,VIDEO_7470850262840691990,27,30,28,0.014523809523809524,149,154,153,0.6081547619047619,64,105,110,0.3773214285714286
11,VIDEO_7424512450856357153,39,77,131,0.47023809523809523,198,215,227,0.2505952380952381,111,145,190,0.2791666666666667
12,VIDEO_7416286728513735968,108,131,154,0.39613095238095236,200,195,191,0.31160714285714286,16,39,52,0.2922619047619048
13,VIDEO_7374727208394411297,45,54,39,0.24172619047619048,116,128,103,0.34035714285714286,191,200,210,0.41791666666666666
14,VIDEO_7361057454454508833,201,212,231,0.6152857142857143,31,44,55,0.1772857142857143,118,136,151,0.20742857142857143
15,VIDEO_7343975400122354977,36,77,92,0.10535714285714286,192,193,193,0.7171875,77,124,139,0.17745535714285715
16,VIDEO_7322847358646078752,95,129,170,0.3925892857142857,211,214,226,0.36183035714285716,21,39,56,0.24558035714285714
17,VIDEO_7311689753676533024,221,219,232,0.6873214285714285,28,35,43,0.16744897959183674,140,137,138,0.1452295918367347
18,VIDEO_7307595143559859488,224,221,233,0.7349821428571428,40,54,59,0.11689285714285715,139,144,151,0.148125
19,VIDEO_7298756408994991393,204,201,200,0.34933035714285715,54,53,41,0.29982142857142857,156,134,107,0.3508482142857143
20,VIDEO_7272755309658098976,28,32,27,0.48502551020408163,127,119,85,0.24543367346938774,144,173,195,0.2695408163265306
21,VIDEO_7226766521719213338,24,34,35,0.20154761904761906,174,192,209,0.3807142857142857,88,113,110,0.41773809523809524
22,VIDEO_7224139299594194203,176,180,186,0.4557857142857143,31,82,113,0.214,129,146,161,0.33021428571428574
23,VIDEO_7208566584535764250,122,119,121,0.3485267857142857,38,18,23,0.21410714285714286,183,185,188,0.4373660714285714
24,VIDEO_7205976379370851589,196,190,184,0.2806887755102041,67,70,83,0.35489795918367345,119,121,136,0.36441326530612245
25,VIDEO_7177404002508803334,120,116,121,0.3179464285714286,47,49,63,0.5064508928571428,197,196,197,0.17560267857142858
26,VIDEO_7164792237543394566,210,194,168,0.21116071428571428,145,108,77,0.20583333333333334,47,54,58,0.5830059523809524
27,VIDEO_7162183685423385862,133,122,129,0.21071428571428572,208,221,237,0.6623883928571429,36,41,61,0.12689732142857144
28,VIDEO_7153997940774882565,74,77,81,0.3241428571428571,232,215,195,0.26010714285714287,21,25,25,0.41575
29,VIDEO_7143619564775968006,198,191,180,0.3848214285714286,135,123,116,0.3294047619047619,58,37,31,0.28577380952380954
30,VIDEO_7138043316087606533,158,201,200,0.2637244897959184,102,159,148,0.46859693877551023,94,86,70,0.26767857142857143
31,VIDEO_7114705253899029765,235,236,240,0.34830357142857143,62,61,28,0.33401785714285714,153,155,98,0.3176785714285714
32,VIDEO_7107270367303044358,154,154,120,0.40525,63,71,56,0.4942142857142857,224,222,217,0.10053571428571428
33,VIDEO_7101685930276293894,37,69,73,0.3510714285714286,220,214,216,0.2943452380952381,149,143,135,0.3545833333333333
34,VIDEO_7096121724990655749,207,204,205,0.3153214285714286,60,43,57,0.3600714285714286,129,122,128,0.32460714285714287
35,VIDEO_7079814734664436998,185,189,202,0.3469260204081633,47,34,34,0.225625,93,95,121,0.42744897959183675
36,VIDEO_7071272731286834437,108,88,156,0.6686904761904762,231,208,228,0.10083333333333333,57,41,78,0.23047619047619047
37,VIDEO_7067569943449046278,75,99,156,0.46267857142857144,44,34,40,0.166875,192,191,196,0.37044642857142857
38,VIDEO_7063121025394855173,230,237,245,0.5544642857142857,120,142,165,0.23004464285714285,44,59,84,0.21549107142857143
39,VIDEO_7023313220278553862,59,64,60,0.24467261904761906,192,199,195,0.30467261904761905,140,141,125,0.4506547619047619
40,VIDEO_7019559155425955077,206,207,201,0.3646785714285714,62,49,38,0.29314285714285715,134,126,117,0.34217857142857144
41,VIDEO_6958797242429934854,211,188,190,0.5575357142857142,147,122,109,0.18639285714285714,67,55,47,0.25607142857142856
42,VIDEO_6940653001791130885,66,83,127,0.5242857142857142,140,160,193,0.32775,13,20,52,0.14796428571428571
43,VIDEO_6927911225066130693,21,20,29,0.1467857142857143,179,185,198,0.51375,100,109,136,0.3394642857142857
44,VIDEO_6896446483080482050,199,200,203,0.3445982142857143,51,56,52,0.3104910714285714,119,125,115,0.3449107142857143
45,VIDEO_6893888228848389377,94,70,47,0.23919642857142856,165,132,102,0.5045982142857143,208,188,166,0.25620535714285714
46,VIDEO_6891645296233794817,73,56,49,0.3027232142857143,223,213,206,0.351875,159,135,119,0.3454017857142857
47,VIDEO_6883561429727726850,32,34,27,0.5207142857142857,185,173,174,0.19424107142857142,97,91,81,0.28504464285714287
48,VIDEO_6876362124260691202,215,212,220,0.4995833333333333,68,64,67,0.17202380952380952,142,138,143,0.32839285714285715
49,VIDEO_6874890977631390978,82,78,84,0.537015306122449,96,142,221,0.3034183673469388,208,200,192,0.15956632653061226
50,VIDEO_6855731886438763781,160,175,211,0.32050595238095236,56,54,44,0.286875,135,130,95,0.39261904761904765
51,VIDEO_6852640471013920006,139,141,154,0.29611607142857144,66,66,56,0.5557142857142857,230,233,237,0.14816964285714285
52,VIDEO_6847902541095668997,43,47,58,0.36717261904761905,133,124,132,0.3980059523809524,213,209,212,0.23482142857142857
53,VIDEO_6802558843114114310,20,27,39,0.16892857142857143,188,198,209,0.71675,123,126,134,0.11432142857142857
54,VIDEO_7603743614157458710,68,71,99,0.2689285714285714,169,178,206,0.32916666666666666,123,128,159,0.40190476190476193
55,VIDEO_7595972634450431254,67,72,73,0.4312053571428571,111,118,122,0.32,189,180,163,0.24879464285714287
56,VIDEO_7587402623129636118,46,40,49,0.26917857142857143,204,207,219,0.42692857142857144,135,121,130,0.30389285714285713
57,VIDEO_7587440240327937302,132,148,169,0.3766964285714286,200,206,212,0.32919642857142856,55,83,115,0.29410714285714284
58,VIDEO_7584845578429828375,73,93,116,0.345,200,202,202,0.32958333333333334,141,150,163,0.3254166666666667
59,VIDEO_7581822570454879510,107,58,25,0.3150357142857143,26,12,6,0.6098571428571429,225,188,136,0.07510714285714286
60,VIDEO_7579299127637363990,113,134,169,0.22767857142857142,214,220,227,0.5645238095238095,25,30,40,0.20779761904761904
61,VIDEO_7580305629634399510,186,197,203,0.26785714285714285,35,35,33,0.3148809523809524,100,106,114,0.4172619047619048
62,VIDEO_7578925701114481942,153,167,197,0.74,77,99,137,0.16919642857142858,219,222,231,0.09080357142857143
63,VIDEO_7577797962017918230,194,196,199,0.44424107142857144,15,83,138,0.406875,153,156,162,0.14888392857142857
64,VIDEO_7576309328584592643,183,193,209,0.48392857142857143,49,52,52,0.17232142857142857,164,172,187,0.34375
65,VIDEO_7575167976853228822,141,142,146,0.20651785714285714,216,221,229,0.4902232142857143,70,73,83,0.30325892857142855
66,VIDEO_7574884067729050902,135,133,140,0.3109821428571429,58,48,55,0.1770982142857143,178,185,195,0.5119196428571429
67,VIDEO_7572598154063990038,188,191,201,0.36428571428571427,43,64,95,0.2724553571428571,130,137,153,0.36325892857142855
68,VIDEO_7567386738709073174,107,110,101,0.49273809523809525,202,177,151,0.256547619047619,33,32,24,0.2507142857142857
69,VIDEO_7566939859156290838,220,223,227,0.613125,44,108,143,0.2415625,124,162,190,0.1453125
70,VIDEO_7565890573115165974,217,216,213,0.35349489795918365,64,55,51,0.3604591836734694,135,122,111,0.28604591836734694
71,VIDEO_7563265888623840534,47,43,41,0.34964285714285714,147,147,148,0.24714285714285714,100,107,116,0.4032142857142857
72,VIDEO_7556999098637880598,131,136,147,0.3480059523809524,216,215,215,0.31836309523809525,37,37,46,0.33363095238095236
73,VIDEO_7551795663772798211,100,90,67,0.7175595238095238,62,127,192,0.1586904761904762,207,206,202,0.12375
74,VIDEO_7549089036447649046,127,103,88,0.3878125,186,171,165,0.201875,50,44,50,0.4103125
75,VIDEO_7547744113433627926,48,50,44,0.45602678571428573,175,188,203,0.2757142857142857,113,115,97,0.2682589285714286
76,VIDEO_7542538735116684566,114,117,125,0.29845238095238097,44,42,43,0.4430357142857143,175,184,191,0.2585119047619048
77,VIDEO_7541326779697564930,131,144,95,0.5481696428571429,138,169,201,0.15339285714285714,67,82,74,0.2984375
78,VIDEO_7539973950877584662,92,92,77,0.21470238095238095,34,30,28,0.6688690476190476,192,196,157,0.11642857142857142
79,VIDEO_7535846854743821590,129,140,148,0.43979591836734694,71,76,65,0.3910459183673469,199,197,198,0.1691581632653061
80,VIDEO_7535846685101149462,121,121,115,0.358,184,186,194,0.28285714285714286,54,56,47,0.35914285714285715
81,VIDEO_7535846060476976406,52,56,42,0.40401785714285715,109,113,108,0.3898511904761905,206,216,218,0.2061309523809524
82,VIDEO_7535476048444558614,70,107,166,0.40669642857142857,150,185,221,0.5005803571428571,23,31,29,0.09272321428571428
83,VIDEO_7535123405562006806,110,135,170,0.49738095238095237,69,57,46,0.2617857142857143,150,184,221,0.24083333333333334
84,VIDEO_7533124404062981398,186,199,219,0.5333482142857143,46,56,67,0.28120535714285716,123,146,181,0.18544642857142857
85,VIDEO_7532382235463339286,179,189,194,0.4174234693877551,32,33,23,0.3401530612244898,110,114,85,0.2424234693877551
86,VIDEO_7528433357093358870,111,104,99,0.19200892857142857,25,28,29,0.4343303571428571,195,205,205,0.3736607142857143
87,VIDEO_7510479503592901910,58,54,46,0.5064285714285715,104,90,69,0.38171428571428573,183,168,161,0.11185714285714286
88,VIDEO_7509512878026788118,121,113,72,0.38558035714285716,15,14,8,0.3817857142857143,179,168,158,0.23263392857142856
89,VIDEO_7504668782045039894,154,183,231,0.2832142857142857,53,71,73,0.3175,106,139,184,0.3992857142857143
90,VIDEO_7495322095065238806,67,49,75,0.30178571428571427,200,204,208,0.3642261904761905,130,132,148,0.33398809523809525
91,VIDEO_7494238893546474774,165,171,180,0.47232142857142856,140,144,152,0.44339285714285714,87,87,94,0.08428571428571428
92,VIDEO_7490222588883422486,103,125,159,0.23875,213,219,226,0.6254017857142857,26,30,40,0.13584821428571428
93,VIDEO_7488220279244623126,94,128,157,0.6775,170,182,203,0.1511309523809524,49,60,72,0.17136904761904762
94,VIDEO_7486138878026321174,103,118,136,0.18327380952380953,175,185,196,0.705654761904762,13,11,16,0.11107142857142857
95,VIDEO_7483898615803612418,19,52,77,0.20339285714285715,130,150,172,0.545625,197,207,216,0.2509821428571429
96,VIDEO_7480918194438278422,187,199,215,0.5659642857142857,37,50,70,0.15092857142857144,117,139,166,0.28310714285714284
97,VIDEO_7480563839319264534,142,180,201,0.4067410714285714,192,215,230,0.44919642857142855,16,41,69,0.1440625
98,VIDEO_7471286673494527254,136,146,161,0.3031845238095238,57,60,70,0.2683035714285714,195,202,211,0.42851190476190476
99,VIDEO_7470532387223407904,50,54,84,0.31510714285714286,15,15,31,0.6521428571428571,194,173,154,0.03275
100,VIDEO_7468709057516326177,179,190,206,0.3131696428571429,40,65,98,0.2888392857142857,97,124,161,0.39799107142857143
101,VIDEO_7468323433714126112,178,186,193,0.5789285714285715,47,54,61,0.19035714285714286,119,127,136,0.2307142857142857
102,VIDEO_7466109584952855840,98,128,165,0.2019642857142857,55,78,111,0.2549404761904762,192,200,210,0.5430952380952381
103,VIDEO_7463198577188146464,35,24,35,0.39591836734693875,121,94,108,0.3541326530612245,187,186,198,0.24994897959183673
104,VIDEO_7458328611213298976,179,189,204,0.6444940476190476,51,53,62,0.13854166666666667,127,133,146,0.21696428571428572
105,VIDEO_7451579890048027937,59,70,95,0.31058035714285714,212,220,230,0.34263392857142855,124,147,184,0.3467857142857143
106,VIDEO_7443846446362774817,54,46,44,0.27291666666666664,112,107,113,0.39422619047619045,179,171,170,0.33285714285714285
107,VIDEO_7436439641298865441,53,42,50,0.32244047619047617,246,242,244,0.38625,145,130,140,0.2913095238095238
108,VIDEO_7423318018853178657,230,245,250,0.4621875,129,116,85,0.3258482142857143,52,51,57,0.21196428571428572
109,VIDEO_7414073681992895776,129,129,126,0.22964285714285715,53,56,57,0.48760714285714285,215,224,235,0.28275
110,VIDEO_7397062762150513952,121,122,116,0.31889285714285714,157,174,203,0.342,45,58,57,0.3391071428571429
111,VIDEO_7395189160081935649,152,160,95,0.41482142857142856,83,88,37,0.3823979591836735,222,226,216,0.20278061224489796
112,VIDEO_7350221322317761825,232,223,216,0.03029761904761905,110,16,121,0.3555357142857143,38,9,47,0.6141666666666666
113,VIDEO_7343530174526377249,118,129,149,0.3095663265306122,38,38,38,0.08332908163265307,196,193,194,0.6071045918367347
114,VIDEO_7336238126651706656,182,187,205,0.15614285714285714,64,10,14,0.4830714285714286,137,84,81,0.36078571428571427
115,VIDEO_7329933240775527713,94,113,142,0.3513392857142857,186,190,201,0.34767857142857145,24,49,80,0.30098214285714286
116,VIDEO_7329526946751089953,107,120,147,0.5067142857142857,175,176,192,0.3702142857142857,26,17,16,0.12307142857142857
117,VIDEO_7316851921288006944,29,47,70,0.1670879120879121,184,192,204,0.3786538461538462,71,109,153,0.45425824175824175
118,VIDEO_7300927450463194400,205,210,227,0.5640561224489796,45,67,115,0.2089795918367347,95,134,186,0.2269642857142857
119,VIDEO_7297177472615861536,144,134,128,0.2993928571428571,227,225,224,0.39003571428571426,69,61,52,0.31057142857142855
120,VIDEO_7296855348714016033,101,130,181,0.4477380952380952,53,47,61,0.33541666666666664,200,212,234,0.2168452380952381
121,VIDEO_7290823677195603233,80,55,52,0.5611904761904762,117,132,156,0.3485714285714286,196,208,212,0.09023809523809524
122,VIDEO_7261565962875358491,100,101,53,0.47610714285714284,175,179,189,0.3747142857142857,234,234,238,0.14917857142857144
123,VIDEO_7260104911830945051,155,121,94,0.30395833333333333,63,58,49,0.4008630952380952,185,198,198,0.2951785714285714
124,VIDEO_7257874855037586714,44,48,39,0.40040816326530615,191,200,215,0.2209438775510204,99,107,111,0.37864795918367344
125,VIDEO_7210751695771553030,50,52,59,0.28316964285714286,98,113,143,0.5029017857142857,194,198,208,0.21392857142857144
126,VIDEO_7193808719287766278,23,22,28,0.2983928571428571,149,160,182,0.3021875,95,114,152,0.3994196428571429
127,VIDEO_7192709681280781574,172,181,197,0.4025595238095238,107,118,140,0.35904761904761906,58,66,83,0.23839285714285716
128,VIDEO_7191884217595219206,116,150,217,0.6195535714285715,32,40,89,0.13598214285714286,193,224,252,0.24446428571428572
129,VIDEO_7190283346373610757,120,128,149,0.1957142857142857,202,204,217,0.24107142857142858,42,66,117,0.5632142857142857
130,VIDEO_7184460864404229381,91,97,55,0.17857142857142858,177,190,212,0.4968452380952381,129,132,82,0.32458333333333333
131,VIDEO_7183681305203330309,26,32,37,0.6468622448979592,133,76,98,0.2947448979591837,183,195,203,0.05839285714285714
132,VIDEO_7171449726158589189,199,217,236,0.6198214285714285,121,134,151,0.22428571428571428,68,79,95,0.15589285714285714
133,VIDEO_7168916057166597382,229,234,244,0.6038095238095238,58,49,50,0.2143452380952381,142,148,160,0.1818452380952381
134,VIDEO_7164397666472873222,119,104,78,0.34116071428571426,204,194,179,0.206875,31,25,19,0.4519642857142857
135,VIDEO_7161354120849427717,93,64,52,0.3232738095238095,235,217,195,0.28735119047619045,186,147,99,0.389375
136,VIDEO_7143175958978186502,151,177,229,0.18271428571428572,70,77,77,0.4546428571428571,115,120,130,0.36264285714285716
137,VIDEO_7132514036276628742,218,195,186,0.2949404761904762,68,65,56,0.3686309523809524,138,127,111,0.3364285714285714
138,VIDEO_7124374690520419590,44,47,34,0.27303571428571427,194,211,219,0.44035714285714284,127,113,83,0.28660714285714284
139,VIDEO_7094270154275605765,134,110,102,0.21799107142857144,217,203,193,0.40200892857142856,52,48,46,0.38
140,VIDEO_6958338154617228549,210,204,198,0.35167857142857145,38,37,32,0.3520357142857143,112,115,107,0.29628571428571426
141,VIDEO_6955364241213771014,100,104,114,0.32239285714285715,185,202,225,0.28325,46,49,41,0.39435714285714285
142,VIDEO_6921604099553119494,40,33,30,0.17002551020408163,6,2,4,0.7386224489795918,116,102,81,0.09135204081632653
143,VIDEO_7604808799404264726,29,39,53,0.2888928571428571,61,126,192,0.5584285714285714,175,203,224,0.15267857142857144
144,VIDEO_7603273994216738070,105,86,139,0.2927142857142857,23,12,34,0.47914285714285715,203,182,219,0.22814285714285715
145,VIDEO_7596993704146046230,44,20,13,0.1564484126984127,203,169,136,0.27009920634920637,98,72,66,0.5734523809523809
146,VIDEO_7593041331174362390,74,81,102,0.29314285714285715,122,132,156,0.61475,191,194,205,0.09210714285714286
147,VIDEO_7589754729350155542,188,181,154,0.17368622448979593,27,20,25,0.5659821428571429,151,95,57,0.26033163265306125
148,VIDEO_7587308013363449121,84,63,68,0.20666666666666667,160,127,103,0.11946428571428572,19,13,19,0.6738690476190476
149,VIDEO_7583720650200730902,93,128,175,0.367984693877551,29,37,57,0.24232142857142858,196,203,220,0.3896938775510204
150,VIDEO_7577768828214512918,183,189,194,0.2239732142857143,46,62,86,0.37973214285714285,46,103,168,0.39629464285714283
151,VIDEO_7575831202117045526,212,214,216,0.5126785714285714,25,37,58,0.3111904761904762,112,128,140,0.1761309523809524
152,VIDEO_7574767270392532246,209,220,232,0.543779761904762,48,39,36,0.15047619047619049,152,148,146,0.3057440476190476
153,VIDEO_7572922723836431638,149,164,169,0.2916964285714286,63,99,125,0.1808482142857143,184,195,196,0.5274553571428572
154,VIDEO_7569206708090850582,61,54,43,0.34288690476190475,63,126,175,0.41651785714285716,152,139,103,0.24059523809523808
155,VIDEO_7568382003330993430,179,188,208,0.1939732142857143,11,10,9,0.6457589285714286,83,75,75,0.16026785714285716
156,VIDEO_7566297785914412310,87,167,240,0.5011904761904762,81,72,41,0.22321428571428573,195,167,116,0.2755952380952381
157,VIDEO_7563724139240885526,4,4,4,0.8666517857142857,150,132,116,0.01669642857142857,52,28,19,0.11665178571428571
158,VIDEO_7556661292233379075,135,101,82,0.4170982142857143,195,180,166,0.25040178571428573,34,26,26,0.3325
159,VIDEO_7553924193562266902,132,118,91,0.3522619047619048,39,46,26,0.5326488095238096,209,220,210,0.11508928571428571
160,VIDEO_7553554500972367107,46,29,28,0.29232142857142857,220,219,218,0.410625,152,130,125,0.2970535714285714
161,VIDEO_7545446733921209622,81,100,80,0.3896428571428571,5,9,9,0.4243112244897959,168,189,203,0.18604591836734694
162,VIDEO_7537707440142454038,61,67,82,0.2935714285714286,193,204,213,0.35044642857142855,130,143,165,0.35598214285714286
163,VIDEO_7480851478555659543,175,180,185,0.91425,25,36,45,0.06721428571428571,112,118,124,0.018535714285714287
164,VIDEO_7478288153153916182,199,200,198,0.3276428571428571,62,104,161,0.4567857142857143,48,51,50,0.21557142857142858
165,VIDEO_7476404323317222658,147,164,169,0.20495535714285715,58,95,122,0.24165178571428572,181,192,192,0.5533928571428571
166,VIDEO_7474625701350509846,88,124,175,0.4078125,188,207,225,0.44040178571428573,44,45,48,0.15178571428571427
167,VIDEO_7473095088948759830,181,179,172,0.26803571428571427,119,89,88,0.2538392857142857,33,19,24,0.478125
168,VIDEO_7471251146288418070,103,99,107,0.37333333333333335,200,194,196,0.18458333333333332,48,36,50,0.44208333333333333
169,VIDEO_7468715378743528736,52,20,35,0.4138095238095238,172,174,189,0.26708333333333334,107,82,99,0.31910714285714287
170,VIDEO_7467231080735690017,74,81,102,0.29175,122,132,157,0.6185357142857143,192,196,206,0.08971428571428572
171,VIDEO_7466117788898315552,117,142,158,0.31692857142857145,58,77,93,0.14767857142857144,183,186,190,0.5353928571428571
172,VIDEO_7465375886779403552,106,97,112,0.39571428571428574,155,155,160,0.36910714285714286,33,20,28,0.23517857142857143
173,VIDEO_7463520186876939552,113,148,172,0.3324404761904762,215,221,220,0.3697916666666667,64,92,114,0.29776785714285714
174,VIDEO_7458325240628661537,35,28,18,0.5944642857142857,159,101,57,0.30714285714285716,216,243,221,0.09839285714285714
175,VIDEO_7456840693982465312,192,199,206,0.4774404761904762,101,131,164,0.2958928571428571,31,52,74,0.22666666666666666
176,VIDEO_7454985264952266016,110,110,121,0.3009375,202,205,207,0.5011160714285714,37,39,45,0.19794642857142858
177,VIDEO_7452758752337399073,142,105,81,0.15580357142857143,205,180,149,0.1709375,69,54,51,0.6732589285714285
178,VIDEO_7452387800818666785,24,63,110,0.38184523809523807,135,184,227,0.31297619047619046,115,116,143,0.3051785714285714
179,VIDEO_7449430237114404128,207,216,219,0.3435714285714286,105,135,159,0.33517857142857144,51,71,90,0.32125
180,VIDEO_7444595106025442593,202,204,204,0.43470238095238095,16,42,80,0.308452380952381,92,120,147,0.25684523809523807
181,VIDEO_7441626192760884513,213,158,76,0.29220238095238094,34,27,20,0.43702380952380954,119,96,69,0.2707738095238095
182,VIDEO_7440465091817999649,104,121,147,0.5794642857142858,158,182,213,0.35110714285714284,37,40,42,0.06942857142857142
183,VIDEO_7437536576072125728,39,37,37,0.3706785714285714,123,168,221,0.34010714285714283,99,106,119,0.2892142857142857
184,VIDEO_7436650165861141792,105,114,133,0.37142857142857144,174,188,203,0.3571785714285714,47,47,60,0.27139285714285716
185,VIDEO_7436403924350864672,131,140,138,0.4785714285714286,76,79,76,0.2802857142857143,177,203,216,0.24114285714285713
186,VIDEO_7436044441170857249,58,67,49,0.19339285714285714,20,29,18,0.6041964285714285,111,119,101,0.20241071428571428
187,VIDEO_7434931188642352417,30,54,68,0.54375,191,204,197,0.17666666666666667,100,122,141,0.27958333333333335
188,VIDEO_7433817907278269729,42,26,10,0.521875,120,81,35,0.41401785714285716,195,187,166,0.06410714285714286
189,VIDEO_7431168865142328608,73,70,56,0.3304166666666667,191,194,178,0.20964285714285713,120,125,116,0.4599404761904762
190,VIDEO_7429720640111791392,123,144,165,0.38205357142857144,198,213,223,0.475,43,63,88,0.14294642857142856
191,VIDEO_7428251635102534945,49,55,50,0.54325,213,231,242,0.17710714285714285,124,128,126,0.27964285714285714
192,VIDEO_7425965869924142369,2,3,4,0.5762142857142857,149,168,166,0.2380357142857143,77,85,70,0.18575
193,VIDEO_7423773390932135201,123,124,138,0.38726190476190475,70,67,78,0.36023809523809525,182,194,209,0.2525
194,VIDEO_7414443436134223137,86,106,128,0.3520535714285714,143,168,192,0.5775892857142857,18,21,32,0.07035714285714285
195,VIDEO_7412540786975231264,200,214,216,0.2171875,36,35,38,0.43870535714285713,116,136,160,0.34410714285714283
196,VIDEO_7410298388022824225,178,193,214,0.5977142857142858,103,91,107,0.24392857142857144,33,30,41,0.15835714285714286
197,VIDEO_7407736509996043553,100,92,119,0.5480357142857143,33,22,20,0.29678571428571426,203,197,185,0.15517857142857142
198,VIDEO_7399196283501628705,26,35,30,0.3939285714285714,177,212,218,0.2859285714285714,107,109,43,0.3201428571428571
199,VIDEO_7394351547376880929,75,91,29,0.37226190476190474,207,211,197,0.4093452380952381,139,148,58,0.21839285714285714
200,VIDEO_7392856168214957345,169,10,24,0.5628214285714286,240,235,235,0.07039285714285715,92,15,23,0.36678571428571427
201,VIDEO_7390632928780340512,152,4,5,0.7605,222,203,201,0.054607142857142854,38,19,15,0.18489285714285714
202,VIDEO_7388867149407849760,45,75,88,0.48732142857142857,220,214,209,0.39739285714285716,237,169,98,0.11528571428571428
203,VIDEO_7387308322162052385,62,71,56,0.34414285714285714,205,198,195,0.35114285714285715,134,131,133,0.3047142857142857
204,VIDEO_7386194546062839073,19,14,14,0.5402678571428572,161,11,6,0.42477678571428573,232,222,216,0.03495535714285714
205,VIDEO_7382166710029208865,249,249,248,0.34639285714285717,179,0,13,0.5929642857142857,69,44,34,0.060642857142857144
206,VIDEO_7381115594076146977,146,139,134,0.3008214285714286,90,63,36,0.4749285714285714,231,223,204,0.22425
207,VIDEO_7379227737271094561,89,86,73,0.4396785714285714,231,230,226,0.16760714285714284,183,0,15,0.39271428571428574
208,VIDEO_7379193504355978528,212,188,178,0.1280952380952381,153,176,83,0.5911309523809524,94,110,42,0.28077380952380954
209,VIDEO_7378467106636991777,139,114,94,0.3065178571428571,172,3,15,0.5442410714285715,240,236,232,0.14924107142857143
210,VIDEO_7377004580510436641,183,175,173,0.5350714285714285,38,43,23,0.30078571428571427,229,45,83,0.16414285714285715
211,VIDEO_7376630682824576289,70,158,213,0.1657142857142857,81,102,45,0.5044047619047619,195,222,220,0.3298809523809524
212,VIDEO_7374412100833250593,71,91,91,0.27667857142857144,220,210,196,0.30160714285714285,148,155,147,0.4217142857142857
213,VIDEO_7374072615356353825,20,30,14,0.44318452380952383,182,185,189,0.11160714285714286,79,94,52,0.4452083333333333
214,VIDEO_7369936386000031009,221,213,196,0.2646428571428571,38,35,25,0.4669345238095238,121,108,89,0.26842261904761905
215,VIDEO_7367273018181160224,116,143,165,0.3175297619047619,63,69,59,0.3480654761904762,162,199,233,0.3344047619047619
216,VIDEO_7366603470272515361,20,19,21,0.5529285714285714,113,120,133,0.30814285714285716,211,204,203,0.13892857142857143
217,VIDEO_7365841944318086432,120,143,143,0.2874642857142857,199,201,201,0.4483214285714286,44,73,69,0.26421428571428573
218,VIDEO_7365161137324805408,164,179,218,0.5025,155,162,101,0.25651785714285713,52,78,45,0.24098214285714287
219,VIDEO_7363657122795490593,111,127,161,0.5465476190476191,43,39,38,0.16139880952380953,192,185,180,0.2920535714285714
220,VIDEO_7361799258107841825,50,63,34,0.3613392857142857,198,198,191,0.2725297619047619,122,138,99,0.3661309523809524
221,VIDEO_7361030582446378272,53,52,33,0.39401785714285714,104,106,94,0.5345089285714286,198,186,185,0.07147321428571428
222,VIDEO_7358723892992642336,138,144,132,0.3360119047619048,55,61,39,0.3594047619047619,200,219,236,0.3045833333333333
223,VIDEO_7356509644170333473,45,45,36,0.5125714285714286,211,221,229,0.19460714285714287,99,133,142,0.29282142857142857
224,VIDEO_7355765566625402144,151,173,194,0.16700892857142857,228,235,243,0.4895535714285714,55,68,34,0.3434375
225,VIDEO_7354275810578140449,176,183,196,0.28119897959183676,42,46,63,0.3632908163265306,83,106,143,0.35551020408163264
226,VIDEO_7354009165796216097,110,111,121,0.3001785714285714,37,39,45,0.1990625,202,205,207,0.5007589285714286
227,VIDEO_7353535610641976609,204,217,227,0.5601785714285714,37,48,55,0.11352678571428572,125,167,202,0.3262946428571429
228,VIDEO_7352233957276044577,113,107,107,0.28464285714285714,204,184,177,0.30869897959183673,31,34,36,0.4066581632653061
229,VIDEO_7351779832969104673,207,207,207,0.30642857142857144,48,58,76,0.2110357142857143,159,163,171,0.4825357142857143
230,VIDEO_7350954462992682272,41,55,67,0.365,192,186,175,0.2337857142857143,92,100,112,0.4012142857142857
231,VIDEO_7350708094302735649,232,235,238,0.4556428571428571,156,163,176,0.38771428571428573,43,49,59,0.15664285714285714
232,VIDEO_7350207537771220256,154,195,226,0.16875,70,109,163,0.684375,41,50,64,0.146875
233,VIDEO_7348717316856712480,30,41,49,0.3909375,192,188,188,0.38941964285714287,197,75,59,0.21964285714285714
234,VIDEO_7348379737519082784,43,35,29,0.45121428571428573,167,128,76,0.35878571428571426,208,214,216,0.19
235,VIDEO_7346110636008475937,37,35,41,0.29164285714285715,163,153,150,0.36214285714285716,75,99,115,0.3462142857142857
236,VIDEO_7345543122400726305,28,26,35,0.5953571428571428,189,168,155,0.17607142857142857,44,81,145,0.22857142857142856
237,VIDEO_7344270149593091361,188,192,196,0.36728571428571427,55,58,64,0.31689285714285714,104,142,154,0.3158214285714286
238,VIDEO_7343256943923858720,101,109,120,0.45592261904761905,191,197,202,0.43970238095238096,13,19,31,0.104375
239,VIDEO_7340916267571858721,197,207,238,0.5863839285714286,34,48,63,0.1984375,129,139,162,0.21517857142857144
240,VIDEO_7338052242651598112,208,217,219,0.33898809523809526,106,136,161,0.3307738095238095,52,72,91,0.3302380952380952
241,VIDEO_7337268516128591136,104,126,164,0.405625,44,48,71,0.33299107142857143,186,196,205,0.26138392857142856
242,VIDEO_7335091592077856032,199,196,191,0.6201339285714286,31,43,55,0.16433035714285715,131,145,158,0.21553571428571427
243,VIDEO_7332835826579164449,160,170,187,0.4282142857142857,10,14,28,0.34489285714285717,61,96,127,0.22689285714285715
244,VIDEO_7331811695360363809,23,23,28,0.07160714285714286,165,173,188,0.7332589285714286,149,124,129,0.19513392857142858
245,VIDEO_7331415350828911904,193,199,206,0.4801190476190476,30,49,70,0.22172619047619047,101,131,164,0.2981547619047619
246,VIDEO_7330883086684622112,27,29,47,0.4976785714285714,217,208,204,0.3894940476190476,125,76,79,0.11282738095238096
247,VIDEO_7329423244992236832,36,29,33,0.4369642857142857,83,126,180,0.4001339285714286,177,183,199,0.1629017857142857
248,VIDEO_7328709134126206241,213,209,218,0.6202678571428571,27,85,126,0.20875,118,150,187,0.17098214285714286
249,VIDEO_7326123173311728929,52,54,70,0.16017857142857142,188,190,199,0.46799107142857144,92,112,148,0.3718303571428571
250,VIDEO_7325724813115346208,192,193,197,0.5608035714285714,67,54,63,0.22125,102,122,154,0.21794642857142857
251,VIDEO_7324696131143847201,60,18,28,0.05398809523809524,226,222,230,0.8300595238095239,142,149,166,0.11595238095238095
252,VIDEO_7324283735749266721,120,135,151,0.1543154761904762,228,227,240,0.648125,34,40,47,0.1975595238095238
253,VIDEO_7323972466445946145,204,204,216,0.8157857142857143,17,30,35,0.09417857142857143,140,144,155,0.09003571428571429
254,VIDEO_7323612868484631840,194,210,225,0.264077380952381,38,48,72,0.4130654761904762,68,132,196,0.32285714285714284
255,VIDEO_7323108113698147616,134,158,191,0.2781547619047619,28,81,117,0.3011309523809524,221,219,228,0.4207142857142857
256,VIDEO_7320909330314775840,48,52,74,0.42547619047619045,69,136,202,0.3273809523809524,197,213,226,0.24714285714285714
257,VIDEO_7320159598290226464,186,191,195,0.29625,56,105,156,0.48082142857142857,42,53,69,0.22292857142857142
258,VIDEO_7319513643534568736,154,137,100,0.3399404761904762,41,67,101,0.38089285714285714,208,201,183,0.2791666666666667
259,VIDEO_7318707614332849441,52,80,117,0.34763392857142855,211,217,221,0.30160714285714285,123,149,174,0.3507589285714286
260,VIDEO_7317664309432077600,192,198,205,0.23491071428571428,53,71,98,0.46306547619047617,107,128,152,0.3020238095238095
261,VIDEO_7317307650499251488,36,44,58,0.24941964285714285,180,199,215,0.4958482142857143,95,121,152,0.25473214285714285
262,VIDEO_7316470398261021985,44,56,73,0.23864285714285716,186,190,194,0.3011785714285714,56,106,158,0.46017857142857144
263,VIDEO_7316159323728661792,132,137,148,0.3575,29,47,59,0.11671428571428571,215,213,221,0.5257857142857143
264,VIDEO_7312076882822909217,162,188,205,0.20265306122448978,67,109,162,0.4969387755102041,90,79,67,0.3004081632653061
265,VIDEO_7311663059695570208,195,199,204,0.24648809523809523,85,117,159,0.4299404761904762,99,82,67,0.32357142857142857
266,VIDEO_7311263969220644129,179,183,197,0.49360714285714286,51,60,80,0.18925,79,114,165,0.3171428571428571
267,VIDEO_7310626433129270560,112,129,158,0.3058571428571429,56,65,85,0.3395714285714286,180,185,200,0.3545714285714286
268,VIDEO_7310258308969991457,107,122,152,0.30726190476190474,47,55,78,0.3288690476190476,176,197,225,0.3638690476190476
269,VIDEO_7309427596553489696,199,180,171,0.2390357142857143,45,54,50,0.5602857142857143,125,110,98,0.20067857142857143
270,VIDEO_7309091598472727840,105,117,146,0.48410714285714285,176,196,218,0.2641071428571429,49,52,73,0.2517857142857143
271,VIDEO_7308758430318071072,10,7,7,0.3342857142857143,185,195,198,0.4789285714285714,124,114,111,0.18678571428571428
272,VIDEO_7306585450305555745,187,193,208,0.29696428571428574,55,72,98,0.32272321428571427,106,132,168,0.3803125
273,VIDEO_7304665669872782625,120,137,159,0.5528869047619047,183,195,207,0.22895833333333335,45,73,109,0.2181547619047619
274,VIDEO_7303586993965960480,185,191,206,0.34479166666666666,57,70,100,0.2847321428571429,117,131,157,0.37047619047619046
275,VIDEO_7303174310259166497,57,66,90,0.31410714285714286,200,199,205,0.32916666666666666,128,131,148,0.3567261904761905
276,VIDEO_7302346370701118752,198,211,231,0.49404761904761907,44,49,56,0.2627380952380952,129,137,148,0.24321428571428572
277,VIDEO_7302041138670619936,102,91,94,0.21517857142857144,13,14,18,0.4121875,156,163,180,0.3726339285714286
278,VIDEO_7301229129314159904,21,30,18,0.5426071428571428,116,125,108,0.24464285714285713,61,71,52,0.21275
279,VIDEO_7300846195444927776,117,110,126,0.22916666666666666,184,187,195,0.6585714285714286,52,50,66,0.11226190476190476
280,VIDEO_7300495910595808545,32,114,137,0.23793367346938776,196,194,210,0.533954081632653,148,157,175,0.22811224489795917
281,VIDEO_7299732621825690912,130,119,124,0.47208333333333335,59,55,62,0.34375,167,175,196,0.18416666666666667
282,VIDEO_7298264093100674336,0,0,1,0.7343928571428572,149,155,164,0.15246428571428572,52,66,88,0.11314285714285714
283,VIDEO_7297134358689860896,188,207,230,0.20464285714285715,131,143,163,0.70925,49,54,60,0.08610714285714285
284,VIDEO_7296115605927644449,114,109,105,0.31325,192,190,185,0.46467857142857144,46,44,45,0.22207142857142856
285,VIDEO_7294901504752782625,190,203,227,0.2864285714285714,37,30,33,0.3676785714285714,109,138,183,0.34589285714285717
286,VIDEO_7294149539781463328,193,205,208,0.36478571428571427,23,43,40,0.4095714285714286,118,109,72,0.22564285714285715
287,VIDEO_7293176268361665824,175,169,187,0.10808035714285714,5,4,5,0.5635267857142857,87,72,90,0.32839285714285715
288,VIDEO_7292048482456587553,27,28,17,0.5433928571428571,214,219,220,0.25285714285714284,109,101,64,0.20375
289,VIDEO_7291300657355689249,41,37,46,0.1332142857142857,216,210,209,0.41595238095238096,109,132,161,0.4508333333333333
290,VIDEO_7290955653349133600,75,55,39,0.4500595238095238,155,120,64,0.4267261904761905,189,183,176,0.12321428571428572
291,VIDEO_7290457107726339360,31,56,71,0.47732142857142856,197,206,197,0.21830357142857143,96,118,137,0.304375
292,VIDEO_7289785625367153952,101,101,32,0.38192857142857145,202,206,203,0.09217857142857143,52,54,14,0.5258928571428572
293,VIDEO_7288326750243704096,108,144,169,0.48696428571428574,60,70,57,0.24184523809523809,172,201,232,0.2711904761904762
294,VIDEO_7287986771483282720,154,191,236,0.4256122448979592,94,133,159,0.3043112244897959,59,68,50,0.2700765306122449
295,VIDEO_7285256841158790433,52,117,163,0.4611071428571429,152,146,136,0.2077857142857143,45,53,53,0.3311071428571429
296,VIDEO_7284876929713442080,154,155,155,0.19517857142857142,85,104,42,0.5161904761904762,47,67,21,0.2886309523809524
297,VIDEO_7283524894585883936,65,85,55,0.3504761904761905,161,190,178,0.36083333333333334,74,155,189,0.28869047619047616
298,VIDEO_7283139399582240032,16,17,16,0.36049107142857145,121,126,104,0.3145089285714286,191,210,231,0.325
299,VIDEO_7282663509505133856,108,135,160,0.2915,196,205,214,0.49664285714285716,31,50,69,0.21185714285714285
300,VIDEO_7281279828307856673,40,36,40,0.22630952380952382,115,113,119,0.3776785714285714,166,169,175,0.3960119047619048
301,VIDEO_7280571511138782496,156,119,83,0.28422619047619047,188,185,173,0.40324404761904764,60,26,37,0.3125297619047619
302,VIDEO_7280108212878200096,225,218,206,0.3859948979591837,29,28,31,0.403265306122449,122,116,107,0.21073979591836733
303,VIDEO_7279032970286009632,127,172,192,0.16455357142857144,90,116,46,0.4533035714285714,6,14,7,0.3821428571428571
304,VIDEO_7277939332831251744,48,56,24,0.44392857142857145,218,213,197,0.08397321428571429,120,134,59,0.4720982142857143
305,VIDEO_7276041559500475680,221,244,241,0.15458333333333332,46,62,38,0.2725,112,110,78,0.5729166666666666
306,VIDEO_7274647533002034465,124,128,126,0.2805,49,55,50,0.5430714285714285,212,230,242,0.17642857142857143
307,VIDEO_7271935381937884448,152,156,96,0.3117857142857143,62,79,44,0.33839285714285716,156,195,233,0.34982142857142856
308,VIDEO_7270111755886415137,204,197,186,0.3576587301587302,63,71,90,0.5136111111111111,244,172,100,0.12873015873015872
309,VIDEO_7269759073967525153,49,65,23,0.3560357142857143,109,123,66,0.4795,191,199,173,0.1644642857142857
310,VIDEO_7265326628274752801,187,198,189,0.36791666666666667,68,73,69,0.3180357142857143,127,137,127,0.314047619047619
311,VIDEO_7264958192017362208,133,159,63,0.6049285714285715,59,65,42,0.2770714285714286,184,186,188,0.118
312,VIDEO_7264173669612670240,121,114,74,0.37514285714285717,51,55,27,0.4767857142857143,211,200,157,0.14807142857142858
313,VIDEO_7262342975752113441,149,120,105,0.26919642857142856,240,225,217,0.20316964285714287,62,44,30,0.5276339285714285
314,VIDEO_7262001980095106337,158,187,240,0.5964285714285714,51,62,45,0.2667857142857143,49,90,136,0.1367857142857143
315,VIDEO_7259455690996075803,207,212,192,0.32242857142857145,55,57,31,0.32410714285714287,129,131,98,0.35346428571428573
316,VIDEO_7259047429796908315,121,121,99,0.28620535714285716,189,173,158,0.42607142857142855,70,77,32,0.2877232142857143
317,VIDEO_7258676118033599771,45,48,22,0.4903571428571429,201,224,234,0.21767857142857142,114,115,73,0.29196428571428573
318,VIDEO_7256066819247623450,86,87,22,0.2716071428571429,155,179,204,0.4436160714285714,96,113,98,0.2847767857142857
319,VIDEO_7254561581449612571,55,64,69,0.4091666666666667,102,118,136,0.2976785714285714,147,171,200,0.2931547619047619
320,VIDEO_7253425216984976667,58,64,82,0.3334285714285714,158,156,156,0.6110357142857142,219,209,214,0.055535714285714285
321,VIDEO_7252685251112176922,71,91,91,0.2744642857142857,220,210,196,0.30278571428571427,148,155,147,0.42275
322,VIDEO_7246768104922008858,143,136,130,0.30310714285714285,91,64,35,0.47635714285714287,230,222,201,0.22053571428571428
323,VIDEO_7245708272181759258,180,208,231,0.14263392857142856,49,66,65,0.42191964285714284,110,141,177,0.43544642857142857
324,VIDEO_7245239505911893274,42,98,130,0.3028571428571429,183,201,226,0.39883928571428573,48,56,10,0.29830357142857145
325,VIDEO_7244550731141844251,175,186,200,0.2240561224489796,72,84,40,0.2939030612244898,113,131,152,0.4820408163265306
326,VIDEO_7242719682128530714,59,60,49,0.3125,202,206,197,0.2588214285714286,108,120,97,0.4286785714285714
327,VIDEO_7242348894435167514,98,114,146,0.38666666666666666,186,181,180,0.2987202380952381,53,52,56,0.3146130952380952
328,VIDEO_7241956873698577691,126,132,80,0.3618154761904762,171,188,201,0.2680952380952381,56,61,30,0.37008928571428573
329,VIDEO_7241209133540609307,125,116,91,0.3472767857142857,150,168,197,0.38986607142857144,52,42,39,0.26285714285714284
330,VIDEO_7239735340737498395,64,67,11,0.38925,141,178,226,0.32257142857142856,67,94,126,0.28817857142857145
331,VIDEO_7239344688006728986,164,158,149,0.28776785714285713,61,48,44,0.3394345238095238,120,107,90,0.37279761904761904
332,VIDEO_7238235896724704538,106,95,85,0.47827380952380955,43,30,29,0.3406547619047619,208,205,202,0.18107142857142858
333,VIDEO_7237872414581935386,110,117,129,0.26363095238095235,47,44,56,0.5273809523809524,171,204,216,0.20898809523809525
334,VIDEO_7237511650532773146,93,133,181,0.46327380952380953,38,56,72,0.3395238095238095,185,206,224,0.19720238095238096
335,VIDEO_7237120496020573467,52,85,130,0.37129464285714286,188,191,198,0.4361607142857143,60,39,34,0.19254464285714284
336,VIDEO_7236760874646637851,93,104,105,0.24691964285714285,180,199,212,0.1603125,40,45,46,0.5927678571428572
337,VIDEO_7236382869650689306,199,207,227,0.28693452380952383,35,41,17,0.33538690476190475,60,91,121,0.3776785714285714
338,VIDEO_7236043111128894747,240,240,236,0.38867857142857143,35,38,47,0.36460714285714285,135,132,138,0.24671428571428572
339,VIDEO_7235651777805290778,91,110,104,0.36910714285714286,47,60,30,0.3950714285714286,184,187,176,0.23582142857142857
340,VIDEO_7235266120414924058,162,179,200,0.26458333333333334,55,58,55,0.35583333333333333,116,116,118,0.37958333333333333
341,VIDEO_7234782434531839258,39,38,23,0.431875,138,139,137,0.18870535714285713,82,87,76,0.37941964285714286
342,VIDEO_7233784589523717402,165,97,24,0.20767857142857143,21,22,12,0.42414285714285715,110,75,13,0.3681785714285714
343,VIDEO_7233472157588753691,179,190,205,0.43807142857142856,49,44,46,0.23264285714285715,132,128,124,0.3292857142857143
344,VIDEO_7233097610821700890,106,106,102,0.2767410714285714,63,55,46,0.7082142857142857,249,249,249,0.015044642857142857
345,VIDEO_7230327665918512411,189,187,177,0.15683035714285715,81,124,184,0.5754910714285715,59,62,66,0.26767857142857143
346,VIDEO_7229342870518385946,68,83,29,0.5903571428571428,171,164,39,0.24629464285714286,166,179,192,0.16334821428571428
347,VIDEO_7228975701066550554,78,77,28,0.4045357142857143,164,173,174,0.44639285714285715,101,103,109,0.14907142857142858
348,VIDEO_7227881339125583131,25,27,15,0.3095833333333333,190,188,190,0.43523809523809526,95,96,107,0.2551785714285714
349,VIDEO_7227547227005209882,20,10,6,0.772797619047619,118,71,32,0.16625,206,182,118,0.06095238095238095
350,VIDEO_7227138868447923482,111,102,83,0.4189880952380952,39,34,28,0.49166666666666664,220,211,183,0.08934523809523809
351,VIDEO_7226734943869750555,102,138,35,0.59125,152,202,227,0.175,48,58,62,0.23375
352,VIDEO_7226428593075752218,158,109,31,0.31089285714285714,61,32,12,0.4579464285714286,231,173,128,0.23116071428571427
353,VIDEO_7226043488738069787,181,185,187,0.40726190476190477,85,61,35,0.4195238095238095,143,120,114,0.1732142857142857
354,VIDEO_7225632323146943771,160,180,198,0.41135714285714287,107,117,82,0.2988571428571429,43,46,37,0.2897857142857143
355,VIDEO_7225296808900152603,88,92,56,0.44407142857142856,241,240,232,0.23807142857142857,155,149,135,0.31785714285714284
356,VIDEO_7224934115089370395,193,184,178,0.38325892857142857,108,100,104,0.28183035714285715,44,44,33,0.3349107142857143
357,VIDEO_7223080468101483781,73,108,131,0.3627232142857143,172,199,214,0.24196428571428572,24,40,56,0.3953125
358,VIDEO_7221875155184733445,24,39,40,0.501,94,108,151,0.2827142857142857,163,169,195,0.21628571428571428
359,VIDEO_7221552853356236037,88,82,95,0.2644047619047619,165,163,165,0.5847023809523809,39,32,39,0.15089285714285713
360,VIDEO_7219686321739123974,150,183,210,0.38877551020408163,95,110,131,0.32961734693877554,212,223,228,0.28160714285714283
361,VIDEO_7218857185764216069,130,127,131,0.4643452380952381,38,48,67,0.3207738095238095,88,93,105,0.2148809523809524
362,VIDEO_7218493650160897306,232,202,208,0.37125,33,28,41,0.1800595238095238,149,172,227,0.4486904761904762
363,VIDEO_7218219061707033882,147,146,149,0.5389732142857143,59,67,84,0.17915178571428572,21,21,23,0.281875
364,VIDEO_7215656408069442822,130,116,118,0.0253125,213,210,205,0.6955803571428572,34,32,32,0.27910714285714283
365,VIDEO_7215124561799449861,170,162,155,0.12276785714285714,246,245,245,0.5688839285714286,39,41,50,0.3083482142857143
366,VIDEO_7214767845383900421,22,29,19,0.341875,179,175,175,0.3774702380952381,118,137,142,0.2806547619047619
367,VIDEO_7213655175318211845,37,67,115,0.3933035714285714,191,195,209,0.27267857142857144,79,108,154,0.33401785714285714
368,VIDEO_7213453348270378246,167,147,145,0.2745238095238095,43,40,43,0.33363095238095236,106,96,94,0.3918452380952381
369,VIDEO_7213053350290459910,41,58,78,0.26142857142857145,118,134,143,0.24648809523809523,198,201,202,0.4920833333333333
370,VIDEO_7211932492914298118,80,124,168,0.2833630952380952,196,201,207,0.4822619047619048,41,74,114,0.234375
371,VIDEO_7211431817205878021,230,228,223,0.19242857142857142,184,167,153,0.47932142857142856,71,68,78,0.32825
372,VIDEO_7211130311667715334,115,105,99,0.3054017857142857,49,44,43,0.37986607142857143,167,182,206,0.31473214285714285
373,VIDEO_7210434710646836485,28,21,38,0.4305952380952381,187,176,171,0.26,134,129,129,0.3094047619047619
374,VIDEO_7209925340557348101,6,7,7,0.5294642857142857,216,218,223,0.27084821428571426,127,117,115,0.1996875
375,VIDEO_7208839545989762309,209,215,227,0.3068571428571429,75,83,102,0.3475357142857143,138,150,174,0.34560714285714284
376,VIDEO_7208539932422425861,86,122,173,0.6461904761904762,32,33,40,0.26785714285714285,208,204,206,0.08595238095238095
377,VIDEO_7207350500419702022,209,191,178,0.35085714285714287,40,34,36,0.3384285714285714,106,105,110,0.3107142857142857
378,VIDEO_7204907848449527045,164,174,192,0.2582738095238095,37,41,58,0.2305952380952381,82,113,162,0.5111309523809524
379,VIDEO_7203810617180933382,44,49,63,0.19973214285714286,104,103,110,0.6679464285714286,120,168,233,0.13232142857142856
380,VIDEO_7203048812351327494,193,193,192,0.08200892857142857,7,3,2,0.6119196428571428,99,74,42,0.30607142857142855
381,VIDEO_7202313398300724485,152,156,164,0.7364880952380952,97,112,133,0.25523809523809526,11,10,13,0.008273809523809524
382,VIDEO_7201579247616494853,9,9,14,0.26125,188,190,192,0.46810714285714283,79,104,135,0.27064285714285713
383,VIDEO_7198831282984324358,99,117,140,0.3445,32,47,68,0.21425,163,164,167,0.44125
384,VIDEO_7198189694750838022,57,37,34,0.2896173469387755,198,208,218,0.5184693877551021,142,110,114,0.19191326530612246
385,VIDEO_7197445468585037062,207,216,229,0.5416071428571428,61,121,163,0.24994047619047619,102,61,52,0.20845238095238094
386,VIDEO_7196711667420384517,55,113,182,0.44638392857142856,178,180,187,0.1578125,24,65,104,0.3958035714285714
387,VIDEO_7195937456271691014,138,126,122,0.41791666666666666,59,47,47,0.33324404761904763,210,180,150,0.2488392857142857
388,VIDEO_7195215450970606853,115,154,184,0.47714285714285715,71,99,129,0.2113392857142857,176,189,199,0.3115178571428571
389,VIDEO_7192298503878577413,91,127,174,0.26504464285714285,37,38,41,0.2794642857142857,212,211,217,0.4554910714285714
390,VIDEO_7191848035784117510,210,189,164,0.294,63,49,54,0.3016785714285714,139,135,146,0.40432142857142855
391,VIDEO_7188587993752702213,101,111,128,0.3462142857142857,35,44,41,0.37389285714285714,186,193,199,0.27989285714285717
392,VIDEO_7184844462525287685,206,2,22,0.04619047619047619,196,197,179,0.08702380952380952,44,54,67,0.8667857142857143
393,VIDEO_7184090635018784005,52,73,105,0.19307142857142856,202,205,205,0.51675,116,137,164,0.29017857142857145
394,VIDEO_7183009043407965445,80,112,122,0.5760714285714286,201,189,167,0.11799107142857143,80,73,32,0.3059375
395,VIDEO_7181547992061676805,176,176,176,0.25107142857142856,55,59,67,0.4326190476190476,104,110,120,0.3163095238095238
396,VIDEO_7179688144382512390,28,30,37,0.41660714285714284,182,188,197,0.34214285714285714,102,114,135,0.24125
397,VIDEO_7177655896699325702,217,211,217,0.638545918367347,71,113,135,0.19239795918367347,25,53,69,0.16905612244897958
398,VIDEO_7176917454893911301,111,139,173,0.28869047619047616,190,198,206,0.5060714285714286,44,67,101,0.20523809523809525
399,VIDEO_7172555111879757062,18,3,7,0.6025,182,116,100,0.11426020408163265,105,52,47,0.28323979591836734
400,VIDEO_7164772525006720262,168,185,209,0.34385714285714286,48,40,43,0.3234642857142857,127,134,143,0.33267857142857143
401,VIDEO_7143162692004482310,176,188,211,0.29639880952380954,43,67,58,0.3383333333333333,110,129,149,0.36526785714285714
402,VIDEO_7137227107456879877,75,77,81,0.19325892857142857,195,198,210,0.3819642857142857,137,140,153,0.42477678571428573
403,VIDEO_7135716231218318597,29,36,22,0.37775,193,197,196,0.3588928571428571,79,84,74,0.26335714285714285
404,VIDEO_7133481707449142533,194,206,213,0.44279761904761905,69,91,34,0.3433333333333333,120,136,85,0.21386904761904763
405,VIDEO_7130906655885102341,193,192,179,0.25083333333333335,131,141,113,0.5275595238095238,52,57,52,0.22160714285714286
406,VIDEO_7130612533437762821,138,114,79,0.31526785714285716,198,195,179,0.3417410714285714,79,63,34,0.34299107142857144
407,VIDEO_7129505006046170373,96,121,153,0.36345238095238097,171,187,204,0.3642261904761905,36,47,50,0.27232142857142855
408,VIDEO_7127182082568113413,122,131,136,0.2954017857142857,188,190,190,0.3892857142857143,49,58,61,0.3153125
409,VIDEO_7116439198285958405,119,121,81,0.3310969387755102,186,183,167,0.37594387755102043,53,46,27,0.2929591836734694
410,VIDEO_7113851055355596038,64,73,57,0.31523809523809526,120,154,191,0.4444345238095238,133,132,62,0.24032738095238096
411,VIDEO_7112440653350571269,125,140,92,0.32776785714285717,50,65,47,0.2825,135,167,203,0.38973214285714286
412,VIDEO_7108997263912979717,66,92,54,0.4592410714285714,178,190,191,0.13013392857142858,136,161,62,0.410625
413,VIDEO_7104552926231743749,120,136,161,0.3417142857142857,215,220,223,0.2004642857142857,72,85,47,0.45782142857142855
414,VIDEO_7103816728982916357,1,2,0,0.26191964285714286,148,159,171,0.4191964285714286,102,104,33,0.31888392857142855
415,VIDEO_7101649191662882053,126,150,188,0.33916666666666667,64,80,51,0.4995833333333333,189,207,227,0.16125
416,VIDEO_7100934148864494854,130,147,50,0.3016964285714286,132,170,213,0.374375,61,83,20,0.32392857142857145
417,VIDEO_7098701138203069702,185,185,184,0.37875,75,88,38,0.24885714285714286,81,112,160,0.37239285714285714
418,VIDEO_7095721528142155014,121,95,107,0.30583333333333335,197,189,189,0.3943452380952381,23,22,22,0.29982142857142857
419,VIDEO_7088619536202648837,104,127,153,0.2732142857142857,152,183,214,0.3535357142857143,48,63,81,0.37325
420,VIDEO_7078227199463066886,96,151,181,0.14616071428571428,31,92,135,0.3265625,206,205,212,0.5272767857142857
421,VIDEO_7077571361660521733,34,44,56,0.12792857142857142,224,217,224,0.6017857142857143,168,161,171,0.2702857142857143
422,VIDEO_7070162555695615237,147,124,111,0.3497619047619048,208,209,207,0.4299107142857143,49,35,30,0.22032738095238094
423,VIDEO_7068640088774741254,113,114,118,0.42502551020408164,185,199,220,0.4738775510204082,31,31,41,0.10109693877551021
424,VIDEO_7067063225736580357,36,31,40,0.25414285714285717,197,172,163,0.3627142857142857,112,111,125,0.3831428571428571
425,VIDEO_7059301793574046982,67,126,190,0.620625,31,40,52,0.11401785714285714,149,194,235,0.26535714285714285
426,VIDEO_7041273346830454022,115,152,184,0.3899553571428571,60,78,99,0.2858482142857143,184,201,209,0.32419642857142855
427,VIDEO_7040300833019415813,120,104,107,0.45613095238095236,70,69,60,0.2638095238095238,164,162,160,0.2800595238095238
428,VIDEO_7036035511869246725,43,37,37,0.2367142857142857,200,165,158,0.32153571428571426,105,107,113,0.44175
429,VIDEO_7013121880366255365,107,111,84,0.23857142857142857,163,169,175,0.5358035714285714,46,53,24,0.225625
430,VIDEO_6969101040918465798,210,219,236,0.18703571428571428,56,73,53,0.60175,58,143,193,0.21121428571428572
431,VIDEO_7532594185912847638,121,132,125,0.53625,184,204,223,0.2516964285714286,57,62,54,0.21205357142857142
432,VIDEO_7524347836541046038,68,74,47,0.32107142857142856,158,175,200,0.40330357142857143,135,131,76,0.275625
433,VIDEO_7518292077080268054,123,141,93,0.41066964285714286,166,189,211,0.2736160714285714,75,92,51,0.3157142857142857
434,VIDEO_7508716246301510914,203,202,204,0.2171875,34,38,34,0.2188392857142857,121,129,99,0.5639732142857142
435,VIDEO_7506795063012232470,38,49,39,0.389,176,184,184,0.14285714285714285,110,122,72,0.46814285714285714
436,VIDEO_7506217095441435926,121,133,114,0.40745535714285713,72,80,57,0.3438839285714286,170,182,191,0.2486607142857143
437,VIDEO_7505058159258504470,189,207,216,0.2528061224489796,65,81,49,0.4994387755102041,119,129,116,0.24775510204081633
438,VIDEO_7502082897935928598,87,107,87,0.29770833333333335,7,14,13,0.4722321428571429,173,195,210,0.2300595238095238
439,VIDEO_7500926454671232278,183,166,137,0.4160714285714286,131,117,89,0.4384523809523809,56,52,33,0.14547619047619048
440,VIDEO_7495455289882184982,72,46,40,0.5219642857142858,229,205,174,0.08392857142857142,169,115,95,0.3941071428571429
441,VIDEO_7490268698918309142,55,66,82,0.2654285714285714,198,198,200,0.37242857142857144,124,130,139,0.36214285714285716
442,VIDEO_7486391346727537942,8,9,12,0.48332142857142857,202,202,205,0.2950357142857143,111,104,96,0.22164285714285714
443,VIDEO_7479158367873748246,115,136,161,0.1844345238095238,199,205,209,0.4982440476190476,42,58,82,0.3173214285714286
444,VIDEO_7478407463675481366,22,35,53,0.20814285714285713,113,167,218,0.5591785714285714,70,98,137,0.23267857142857143
445,VIDEO_7472755159945252118,74,105,146,0.15985714285714286,184,194,205,0.5948571428571429,30,58,98,0.24528571428571427
446,VIDEO_7467247804717550870,134,149,183,0.43342261904761903,47,83,151,0.40970238095238093,201,206,227,0.156875
447,VIDEO_7459483581803482390,222,197,174,0.18148809523809523,86,85,93,0.5360714285714285,233,140,101,0.2824404761904762
448,VIDEO_7457155091238259990,190,194,205,0.31589285714285714,116,126,150,0.49975,45,44,41,0.18435714285714286
449,VIDEO_7455422115802565910,73,25,39,0.18601190476190477,7,2,4,0.6612202380952381,163,55,89,0.15276785714285715
450,VIDEO_7450928915159190806,143,160,183,0.4317857142857143,72,86,109,0.3680357142857143,206,210,209,0.20017857142857143
451,VIDEO_7448354400998853910,186,175,156,0.28964285714285715,59,57,63,0.2953571428571429,110,114,125,0.415
452,VIDEO_7447200750096223510,57,81,114,0.32675,200,198,193,0.3237857142857143,123,134,151,0.3494642857142857
453,VIDEO_7446429495948594454,133,149,176,0.24925,72,103,146,0.21982142857142858,202,202,205,0.5309285714285714
454,VIDEO_7444926040855661846,166,186,211,0.4186309523809524,91,117,154,0.4710714285714286,48,60,76,0.11029761904761905
455,VIDEO_7443866656956255510,120,139,155,0.3563392857142857,23,27,33,0.1822767857142857,84,102,120,0.46138392857142857
456,VIDEO_7440567441777757472,89,110,139,0.3469387755102041,54,75,107,0.48604591836734695,174,168,166,0.16701530612244897
457,VIDEO_7439661735742557472,108,122,139,0.35915816326530614,175,183,189,0.5026020408163265,57,64,71,0.13823979591836735
458,VIDEO_7439269165111725345,196,208,223,0.8020535714285715,41,47,57,0.0615625,124,126,137,0.13638392857142856
459,VIDEO_7436892906801073441,191,175,164,0.2278125,110,82,61,0.3502232142857143,27,23,22,0.42196428571428574
460,VIDEO_7421851827794152737,131,135,134,0.2819642857142857,210,218,222,0.4446875,52,53,53,0.27334821428571426
461,VIDEO_7418157210896698657,3,5,5,0.49642857142857144,148,184,209,0.19630952380952382,73,103,115,0.30726190476190474
462,VIDEO_7269755991049260320,101,106,103,0.2648809523809524,204,216,230,0.49273809523809525,42,44,43,0.2423809523809524
463,VIDEO_7253058884762537242,59,64,49,0.34339285714285717,201,204,202,0.2976488095238095,129,133,114,0.3589583333333333
464,VIDEO_7252274964206832923,63,37,35,0.2923660714285714,170,171,170,0.3084375,116,104,96,0.39919642857142856
465,VIDEO_7250832194392886554,124,125,113,0.42125,197,200,199,0.20314285714285715,60,53,53,0.37560714285714286
466,VIDEO_7245283945619655963,108,125,76,0.42973214285714284,38,47,39,0.39514880952380954,155,180,200,0.17511904761904762
467,VIDEO_7239748390974704922,170,172,188,0.4068452380952381,15,197,190,0.18857142857142858,51,76,90,0.40458333333333335
468,VIDEO_7226711933150432538,158,162,127,0.2586607142857143,226,227,227,0.37638392857142855,38,58,47,0.36495535714285715
469,VIDEO_7202909898219326725,105,133,160,0.2823809523809524,161,171,184,0.4705357142857143,51,76,122,0.24708333333333332
470,VIDEO_7192172787723783430,120,151,185,0.2982440476190476,211,213,220,0.34958333333333336,54,80,108,0.35217261904761904
471,VIDEO_7148719596487363845,174,180,192,0.49410714285714286,35,35,41,0.185,98,105,114,0.32089285714285715
472,VIDEO_7510326060676975894,198,167,147,0.321547619047619,66,33,30,0.33726190476190476,154,75,61,0.3411904761904762
473,VIDEO_7494590607797554454,38,48,62,0.3183035714285714,85,124,170,0.46383928571428573,195,205,218,0.21785714285714286
474,VIDEO_7494205664135236886,134,135,141,0.16455357142857144,206,219,235,0.6147321428571428,55,52,55,0.22071428571428572
475,VIDEO_7483554122663234838,48,103,177,0.37192857142857144,25,43,68,0.15446428571428572,207,215,227,0.47360714285714284
476,VIDEO_7475642830430522646,142,140,136,0.2514732142857143,63,60,59,0.31870535714285714,211,214,217,0.4298214285714286
477,VIDEO_7471186366500539670,68,59,61,0.14125,186,198,208,0.7390357142857142,133,133,140,0.11971428571428572
478,VIDEO_7467520617160396054,161,145,134,0.33422619047619045,65,46,41,0.2538095238095238,206,211,218,0.4119642857142857
479,VIDEO_7464890614258158870,219,220,224,0.5155059523809524,72,60,60,0.29288690476190476,148,142,142,0.19160714285714286
480,VIDEO_7463516081081027862,200,196,193,0.29932142857142857,47,44,52,0.34689285714285717,100,127,163,0.35378571428571426
481,VIDEO_7460568175726398742,63,36,39,0.3935119047619048,202,203,203,0.287797619047619,135,134,138,0.3186904761904762
482,VIDEO_7458380266004843798,203,209,218,0.6374489795918368,89,82,87,0.09517857142857143,164,166,175,0.26737244897959184
483,VIDEO_7456101045601570070,27,37,47,0.1302232142857143,187,186,201,0.32848214285714283,119,129,149,0.5412946428571429
484,VIDEO_7453132168940915991,91,127,170,0.49489285714285713,42,45,59,0.1707857142857143,177,186,199,0.33432142857142855
485,VIDEO_7453016788465454358,55,51,53,0.17654761904761904,177,181,186,0.6433035714285714,121,118,118,0.18014880952380952
486,VIDEO_7452742967695002902,67,118,189,0.40717261904761903,174,174,185,0.2970833333333333,52,67,112,0.2957440476190476
487,VIDEO_7444856032486116630,113,105,107,0.20540178571428572,47,39,39,0.5674107142857143,183,186,197,0.2271875
488,VIDEO_7439301301864877344,214,215,223,0.4733630952380952,61,48,50,0.31967261904761907,138,129,129,0.2069642857142857
489,VIDEO_7397696022975188257,133,138,113,0.35468253968253965,72,70,62,0.3491666666666667,209,206,200,0.29615079365079366
490,VIDEO_7395222817677085985,153,186,218,0.46401785714285715,41,42,37,0.19913690476190476,108,122,82,0.3368452380952381
491,VIDEO_7384844059896057120,27,25,15,0.5018452380952381,202,217,231,0.19351190476190477,110,123,113,0.30464285714285716
492,VIDEO_7384476119744974112,118,133,118,0.3233214285714286,212,209,195,0.1970357142857143,47,61,46,0.47964285714285715
493,VIDEO_7384098121715813664,124,117,104,0.2475,31,33,31,0.43294642857142857,175,186,206,0.31955357142857144
494,VIDEO_7379994182741429536,199,183,167,0.33657738095238093,55,30,18,0.2925892857142857,161,112,65,0.37083333333333335
495,VIDEO_7371436708778315041,95,108,55,0.47291666666666665,140,147,160,0.20913690476190477,42,46,37,0.3179464285714286
496,VIDEO_7369882061445926177,63,98,47,0.4323214285714286,38,43,27,0.48575892857142855,190,196,160,0.08191964285714286
497,VIDEO_7361717788299250976,80,96,119,0.269375,132,179,228,0.5336160714285715,24,22,26,0.19700892857142857
498,VIDEO_7351084194061126945,54,52,55,0.24599489795918367,194,204,218,0.5165816326530612,129,126,127,0.2374234693877551
499,VIDEO_7343665662876781856,35,40,54,0.26353571428571426,178,196,217,0.46585714285714286,89,122,165,0.2706071428571429
500,VIDEO_7333568243367431456,144,154,169,0.10808035714285714,61,69,84,0.0684375,183,193,209,0.8234821428571428
501,VIDEO_7332865581789629729,123,91,70,0.32389285714285715,204,188,173,0.18339285714285714,47,25,15,0.4927142857142857
502,VIDEO_7332521954538245408,73,125,177,0.56325,196,200,205,0.24135714285714285,36,38,43,0.19539285714285715
503,VIDEO_7325764964172467489,116,107,102,0.18571428571428572,37,24,21,0.3857738095238095,186,192,200,0.42851190476190476
504,VIDEO_7282668264617004321,123,145,164,0.4155229591836735,69,68,48,0.3436862244897959,204,210,218,0.2407908163265306
505,VIDEO_7273016085954317600,193,184,168,0.26114795918367345,53,55,46,0.3936224489795918,121,120,95,0.3452295918367347
506,VIDEO_7261658279900744987,166,186,218,0.3923809523809524,38,39,24,0.36104166666666665,124,117,110,0.24657738095238096
507,VIDEO_7259307845332602139,70,79,51,0.35577380952380955,149,155,88,0.40735119047619045,207,204,168,0.236875
508,VIDEO_7252374564108274970,69,133,182,0.19047619047619047,97,95,52,0.5761904761904761,196,191,195,0.23333333333333334
509,VIDEO_7252271385467161882,104,99,103,0.34669642857142857,16,21,21,0.3803125,227,213,218,0.27299107142857143
510,VIDEO_7251996103178997018,170,166,131,0.4185714285714286,66,63,42,0.44307142857142856,82,158,233,0.13835714285714285
511,VIDEO_7249813717225950490,65,57,41,0.36700396825396825,135,117,80,0.3427777777777778,193,177,145,0.29021825396825396
512,VIDEO_7249677053153283354,182,182,179,0.3322420634920635,64,56,51,0.30087301587301585,131,116,103,0.3668849206349206
513,VIDEO_7249312172956732698,235,237,241,0.2913541666666667,154,137,128,0.4180952380952381,66,59,56,0.29055059523809523
514,VIDEO_7246805127942737178,139,128,92,0.38160714285714287,146,175,209,0.29678571428571426,56,52,40,0.32160714285714287
515,VIDEO_7246672390841715995,54,44,42,0.24030357142857142,165,166,168,0.4819107142857143,133,114,105,0.2777857142857143
516,VIDEO_7246343164108295450,69,45,29,0.3908482142857143,200,202,209,0.18513392857142857,94,118,145,0.42401785714285717
517,VIDEO_7246301041979886875,79,71,57,0.2770714285714286,210,209,218,0.35485714285714287,149,154,159,0.36807142857142855
518,VIDEO_7245182525016935707,115,137,91,0.38166666666666665,48,64,22,0.397202380952381,189,201,207,0.22113095238095237
519,VIDEO_7244559099352976666,4,6,8,0.4343452380952381,192,208,225,0.4030952380952381,130,126,116,0.16255952380952382
520,VIDEO_7242237385772240155,180,175,177,0.42428571428571427,2,1,1,0.35845238095238097,74,79,65,0.21726190476190477
521,VIDEO_7241878874672385306,180,204,213,0.21922619047619046,58,68,27,0.4328571428571429,120,140,67,0.34791666666666665
522,VIDEO_7236674356540165402,164,164,171,0.35892857142857143,39,38,35,0.40710714285714283,120,110,104,0.2339642857142857
523,VIDEO_7221070563538717957,240,235,235,0.18696428571428572,104,90,67,0.3391071428571429,145,173,202,0.4739285714285714
524,VIDEO_7216240671097736454,196,189,206,0.39549107142857143,32,37,41,0.40017857142857144,118,136,166,0.20433035714285713
525,VIDEO_7216007272311344390,66,43,35,0.37923469387755104,206,186,180,0.24778061224489795,149,110,94,0.372984693877551
526,VIDEO_7215611067286703366,202,201,215,0.28904761904761905,122,137,162,0.35220238095238093,65,62,67,0.35875
527,VIDEO_7210806075354811654,92,106,135,0.25669642857142855,43,48,59,0.17729166666666665,182,186,201,0.5660119047619048
528,VIDEO_7205961411942468870,92,122,166,0.3085357142857143,205,206,216,0.31985714285714284,23,33,48,0.37160714285714286
529,VIDEO_7205134218328902917,22,30,31,0.2016326530612245,190,190,201,0.5788775510204082,82,98,126,0.21948979591836734
530,VIDEO_7191896362630302981,56,49,47,0.47185714285714286,115,118,129,0.31735714285714284,188,192,215,0.2107857142857143
531,VIDEO_7190655063470116101,44,60,89,0.12321428571428572,184,187,206,0.3360119047619048,74,110,157,0.5407738095238095
532,VIDEO_7176549919933664517,87,71,54,0.3329761904761905,227,222,227,0.28101190476190474,153,131,118,0.3860119047619048
533,VIDEO_7164417550791494918,31,49,76,0.46267857142857144,172,164,189,0.3341581632653061,132,87,77,0.20316326530612244
534,VIDEO_7163942959916895493,41,59,45,0.28077380952380954,248,242,244,0.4394642857142857,157,145,136,0.27976190476190477
535,VIDEO_7161307348827426053,229,222,219,0.45203571428571426,80,64,51,0.3617142857142857,154,135,120,0.18625
536,VIDEO_7158890098770119942,39,40,44,0.46589285714285716,192,185,187,0.1988095238095238,97,99,103,0.33529761904761907
537,VIDEO_7152911692282809606,33,52,68,0.12263392857142857,176,179,193,0.3929017857142857,58,113,152,0.48446428571428574
538,VIDEO_7137955446320565510,48,37,21,0.2708163265306123,224,203,185,0.28377551020408165,131,103,76,0.44540816326530613
539,VIDEO_7125703838497131781,111,108,93,0.31760714285714287,188,177,191,0.44442857142857145,40,44,23,0.2379642857142857
540,VIDEO_7115325407318052102,77,178,205,0.20779761904761904,82,89,26,0.5703571428571429,163,203,220,0.2218452380952381
541,VIDEO_7114675214583155973,61,43,34,0.35046428571428573,199,190,198,0.4800357142857143,153,112,113,0.1695
542,VIDEO_7114309168302984454,135,125,113,0.46264285714285713,47,26,18,0.3068214285714286,218,219,221,0.2305357142857143
543,VIDEO_7110099088661548293,109,130,163,0.345,89,95,40,0.47964285714285715,181,182,181,0.17535714285714285
544,VIDEO_7107863534549110022,186,189,202,0.42595238095238097,30,32,19,0.33827380952380953,123,104,97,0.23577380952380952
545,VIDEO_7096387117462359302,65,88,17,0.5797321428571428,208,178,17,0.38627976190476193,169,203,216,0.03398809523809524
546,VIDEO_7094149805496159494,188,201,202,0.25997448979591836,138,123,103,0.4003826530612245,59,40,40,0.33964285714285714
547,VIDEO_7091569180054490373,211,208,219,0.21142857142857144,88,87,61,0.3661785714285714,123,142,161,0.4223928571428571
548,VIDEO_7085631257542954246,146,173,229,0.23952380952380953,51,51,44,0.43714285714285717,128,126,106,0.3233333333333333
549,VIDEO_7080545682058169605,49,73,119,0.24669642857142857,196,190,196,0.5158928571428572,54,48,36,0.23741071428571428
550,VIDEO_7076134412487855366,206,190,183,0.14529761904761904,40,31,22,0.41619047619047617,136,103,80,0.43851190476190477
551,VIDEO_7072774694214044934,86,106,144,0.41725,175,172,176,0.3012142857142857,45,62,91,0.2815357142857143
552,VIDEO_7070176633931549958,105,99,117,0.48529761904761903,186,180,194,0.1986904761904762,52,51,73,0.31601190476190477
553,VIDEO_7069805338601606406,189,191,210,0.5939880952380953,78,70,74,0.21729166666666666,131,131,143,0.1887202380952381
554,VIDEO_7067959925141474565,32,38,55,0.29325,112,124,161,0.5435,181,192,222,0.16325
555,VIDEO_7067578500101803269,175,179,185,0.3867857142857143,44,67,82,0.37754464285714284,88,117,135,0.23566964285714287
556,VIDEO_7057846707651939590,48,46,59,0.2522767857142857,202,203,210,0.2809375,114,135,157,0.4667857142857143
557,VIDEO_7051617295818362117,181,186,205,0.47095238095238096,151,157,174,0.39130952380952383,86,88,105,0.13773809523809524
558,VIDEO_7040071170363788550,188,181,200,0.7176785714285714,140,132,150,0.0825,167,158,176,0.19982142857142857
559,VIDEO_7036282180816932102,235,218,216,0.4305059523809524,63,62,65,0.22080357142857143,167,154,153,0.3486904761904762
560,VIDEO_6944298636553604358,229,214,204,0.2845238095238095,56,38,29,0.34770833333333334,176,145,118,0.36776785714285715
561,VIDEO_6943534360066804998,38,52,72,0.18049107142857143,230,228,237,0.49464285714285716,121,146,180,0.32486607142857143
562,VIDEO_6940187794534960389,216,217,230,0.5724107142857143,47,46,51,0.2611160714285714,140,148,161,0.1664732142857143
563,VIDEO_6919872357288971521,40,45,62,0.17660714285714285,191,186,200,0.46438775510204083,85,102,140,0.3590051020408163
564,VIDEO_7597370054556011798,11,9,10,0.45867857142857144,217,119,122,0.2654642857142857,101,70,77,0.27585714285714286
565,VIDEO_7591860205567151382,74,111,155,0.4198928571428571,177,182,188,0.26575,20,56,94,0.31435714285714284
566,VIDEO_7590299923803884803,99,119,152,0.3620238095238095,164,181,211,0.37535714285714283,40,47,66,0.26261904761904764
567,VIDEO_7587833111010954518,175,196,213,0.4108928571428571,85,123,159,0.4743452380952381,41,39,44,0.11476190476190476
568,VIDEO_7587702184708558102,79,33,45,0.2547857142857143,199,208,227,0.6063571428571428,141,133,144,0.13885714285714285
569,VIDEO_7586610643130764566,79,105,137,0.5347767857142857,200,203,203,0.1977232142857143,37,55,80,0.2675
570,VIDEO_7580401530428394775,131,131,127,0.341875,29,36,49,0.3275297619047619,199,205,199,0.3305952380952381
571,VIDEO_7579238923172547842,170,177,183,0.4173809523809524,76,83,89,0.27166666666666667,228,231,231,0.310952380952381
572,VIDEO_7572235624627899670,49,49,67,0.25139285714285714,200,191,189,0.3530357142857143,100,98,117,0.3955714285714286
573,VIDEO_7572223162520177942,136,130,116,0.4042410714285714,62,60,59,0.4273214285714286,189,193,190,0.1684375
574,VIDEO_7572210786991344918,25,17,18,0.5107908163265306,218,197,180,0.2175765306122449,104,86,77,0.27163265306122447
575,VIDEO_7572210750937107734,113,91,80,0.3028571428571429,225,205,187,0.22755102040816327,31,22,21,0.4695918367346939
576,VIDEO_7569964600523853078,180,193,212,0.32385714285714284,62,85,124,0.3637142857142857,117,138,171,0.31242857142857144
577,VIDEO_7565230748026899734,156,164,172,0.47639880952380953,54,52,55,0.15967261904761904,192,201,211,0.36392857142857143
578,VIDEO_7558085942557347094,165,164,155,0.14007142857142857,207,208,198,0.7898214285714286,101,93,88,0.07010714285714285
579,VIDEO_7556260834817723670,62,59,51,0.4388214285714286,209,221,229,0.3798214285714286,156,165,177,0.18135714285714286
580,VIDEO_7555760932794764566,44,25,19,0.49389285714285713,217,218,223,0.28825,165,101,55,0.21785714285714286
581,VIDEO_7554403190200945942,119,123,127,0.10664285714285714,45,44,36,0.42657142857142855,176,186,197,0.4667857142857143
582,VIDEO_7553663983383858454,147,178,211,0.5084821428571429,82,79,64,0.20851190476190476,148,138,108,0.2830059523809524
583,VIDEO_7549175046128831766,157,143,111,0.259047619047619,142,172,199,0.4741666666666667,78,76,64,0.2667857142857143
584,VIDEO_7547707789863406870,129,148,122,0.4607589285714286,177,192,172,0.42544642857142856,59,73,58,0.11379464285714286
585,VIDEO_7542515768215211286,131,165,200,0.38089285714285714,59,68,74,0.2964030612244898,123,132,108,0.3227040816326531
586,VIDEO_7538370537211432214,110,130,139,0.34135714285714286,46,48,51,0.2185,164,189,206,0.44014285714285717
587,VIDEO_7538076349500689666,65,74,48,0.1655952380952381,136,147,121,0.4068452380952381,155,193,234,0.42755952380952383
588,VIDEO_7535840388725378306,134,196,229,0.3213988095238095,120,129,106,0.34538690476190476,39,51,56,0.33321428571428574
589,VIDEO_7529912051498552598,65,61,47,0.44723214285714286,126,120,105,0.35220238095238093,200,198,186,0.20056547619047618
590,VIDEO_7528398053666016534,199,186,177,0.43535714285714283,63,55,44,0.18244047619047618,93,105,128,0.38220238095238096
591,VIDEO_7523190975850679554,134,154,130,0.3842857142857143,87,96,75,0.3800595238095238,190,208,219,0.2356547619047619
592,VIDEO_7518400955877199127,117,148,188,0.4330952380952381,65,78,50,0.23616071428571428,205,204,201,0.33074404761904763
593,VIDEO_7517305745210232086,65,67,27,0.3176428571428571,136,147,105,0.4251785714285714,186,196,203,0.2571785714285714
594,VIDEO_7516934430083091734,196,206,210,0.3211428571428571,147,152,132,0.3692857142857143,74,78,55,0.30957142857142855
595,VIDEO_7515834191922072854,126,125,115,0.2839285714285714,58,60,61,0.4265625,185,190,202,0.28950892857142857
596,VIDEO_7514700901009886486,133,146,139,0.2030357142857143,55,67,54,0.33982142857142855,194,203,220,0.45714285714285713
597,VIDEO_7512478582627732758,128,136,91,0.22339285714285714,198,200,205,0.39254464285714286,76,84,37,0.3840625
598,VIDEO_7508723396641852694,145,156,99,0.4268571428571429,77,78,42,0.38257142857142856,207,210,199,0.19057142857142856
599,VIDEO_7506824474902433026,189,180,186,0.3039880952380952,57,66,51,0.31464285714285717,118,122,111,0.3813690476190476
600,VIDEO_7500939642972212502,9,10,9,0.3463839285714286,90,97,80,0.37120535714285713,164,177,189,0.2824107142857143
601,VIDEO_7491219464474856727,155,169,188,0.6838095238095238,95,132,179,0.2610119047619048,55,73,104,0.05517857142857143
602,VIDEO_7486043762590895382,171,180,198,0.39788690476190475,78,112,168,0.4105357142857143,22,29,48,0.19157738095238094
603,VIDEO_7483888039303843094,63,86,141,0.1912797619047619,85,130,195,0.37080357142857145,168,177,199,0.4379166666666667
604,VIDEO_7483430893965626646,194,189,190,0.33557539682539683,114,133,155,0.48876984126984124,22,48,67,0.1756547619047619
605,VIDEO_7479068329584364823,73,107,165,0.3066785714285714,39,49,71,0.07975,153,163,182,0.6135714285714285
606,VIDEO_7477287305078934786,130,139,154,0.3200595238095238,196,194,195,0.4452380952380952,57,80,111,0.23470238095238094
607,VIDEO_7475273206497086742,53,89,128,0.28073979591836734,134,161,189,0.36160714285714285,217,222,227,0.3576530612244898
608,VIDEO_7474850979473640726,183,190,201,0.6543452380952381,49,51,56,0.07261904761904762,142,149,166,0.27303571428571427
609,VIDEO_7473874393719000342,125,135,153,0.21785714285714286,192,199,206,0.3586607142857143,70,84,106,0.42348214285714286
610,VIDEO_7467999174936644886,191,196,206,0.40232142857142855,61,71,91,0.3753125,133,140,154,0.22236607142857143
611,VIDEO_7467185543240109345,97,119,160,0.5006071428571428,144,175,214,0.43164285714285716,46,53,72,0.06775
612,VIDEO_7466084820825787680,157,170,183,0.7521938775510204,68,73,82,0.11961734693877552,113,118,128,0.12818877551020408
613,VIDEO_7465291116045208865,178,190,210,0.5476275510204082,125,134,152,0.2951785714285714,53,61,75,0.1571938775510204
614,VIDEO_7464875419959921952,177,191,214,0.8515625,63,71,85,0.07227678571428571,111,121,139,0.07616071428571429
615,VIDEO_7459384907962305825,214,212,217,0.36111607142857144,61,64,88,0.3654910714285714,135,138,154,0.27339285714285716
616,VIDEO_7447515391426825504,198,208,217,0.4579464285714286,45,54,64,0.2819940476190476,139,146,153,0.2600595238095238
617,VIDEO_7444957131670949142,85,99,125,0.35482142857142857,15,13,23,0.28524553571428574,134,169,210,0.3599330357142857
618,VIDEO_7444192177149742358,119,128,147,0.2586785714285714,194,198,205,0.4044642857142857,56,69,88,0.33685714285714285
619,VIDEO_7439254923365059873,59,59,63,0.22826530612244897,190,206,228,0.586045918367347,114,121,134,0.18568877551020407
620,VIDEO_7437476740533865761,59,84,126,0.37021103896103896,179,191,211,0.3255844155844156,113,135,171,0.30420454545454545
621,VIDEO_7431201197672975648,87,95,112,0.1615625,186,201,227,0.5757142857142857,229,238,251,0.26272321428571427
622,VIDEO_7429721456851864864,43,48,44,0.3374553571428571,198,200,198,0.33982142857142855,135,136,116,0.32272321428571427
623,VIDEO_7426709076924484897,104,104,93,0.32667857142857143,157,181,216,0.3681785714285714,55,51,39,0.30514285714285716
624,VIDEO_7425904564697632032,201,208,198,0.5988928571428571,56,58,54,0.10146428571428572,165,157,145,0.29964285714285716
625,VIDEO_7415546238927523104,61,69,47,0.31692857142857145,132,145,103,0.4595714285714286,215,212,186,0.2235
626,VIDEO_7402923905754746145,37,40,36,0.29347222222222225,150,173,208,0.46416666666666667,127,124,90,0.2423611111111111
627,VIDEO_7401059521860209952,149,158,107,0.40410714285714283,58,66,45,0.40523809523809523,138,174,224,0.1906547619047619
628,VIDEO_7400010201476123937,188,198,172,0.25583333333333336,113,150,210,0.4421825396825397,82,98,85,0.30198412698412697
629,VIDEO_7396981634572078369,45,67,59,0.23991071428571428,51,139,134,0.5441964285714286,159,197,224,0.21589285714285714
630,VIDEO_7396708038398266656,193,195,207,0.3364285714285714,58,48,57,0.33553571428571427,142,140,147,0.32803571428571426
631,VIDEO_7394757283214806305,113,118,117,0.23541666666666666,42,44,36,0.4993452380952381,184,194,211,0.2652380952380952
632,VIDEO_7393953054967581985,81,99,72,0.3531547619047619,138,159,184,0.29446428571428573,137,155,75,0.3523809523809524
633,VIDEO_7393260705048268065,49,106,185,0.46898809523809526,94,89,70,0.3542261904761905,166,176,187,0.1767857142857143
634,VIDEO_7392879054988397856,76,86,74,0.3860119047619048,78,126,188,0.36157738095238096,170,179,189,0.25241071428571427
635,VIDEO_7388136382436281633,127,137,95,0.3325714285714286,140,173,217,0.39917857142857144,34,39,31,0.26825
636,VIDEO_7385258008760028448,125,144,89,0.3767142857142857,174,193,217,0.25407142857142856,55,74,27,0.3692142857142857
637,VIDEO_7382840415893998880,72,84,62,0.3304532967032967,190,197,212,0.3045879120879121,124,135,137,0.3649587912087912
638,VIDEO_7381446389819018529,237,242,242,0.10870535714285715,83,89,62,0.5641964285714286,177,181,178,0.3270982142857143
639,VIDEO_7369943098031443233,92,94,101,0.3789732142857143,208,198,194,0.33464285714285713,38,38,44,0.2863839285714286
640,VIDEO_7357327030335114528,108,122,143,0.2948660714285714,188,195,204,0.5246875,38,40,48,0.18044642857142856
641,VIDEO_7355500880721939744,137,152,175,0.22942857142857143,69,90,126,0.41910714285714284,190,200,214,0.35146428571428573
642,VIDEO_7354375095868984608,103,120,149,0.33208333333333334,35,45,64,0.1688095238095238,156,171,196,0.49910714285714286
643,VIDEO_7350265065762819360,32,50,87,0.1535267857142857,164,173,194,0.5045535714285714,60,98,160,0.3419196428571429
644,VIDEO_7348433044216253729,205,206,212,0.6620357142857143,95,113,167,0.29410714285714284,72,71,84,0.04385714285714286
645,VIDEO_7345082142235413793,65,86,129,0.2423809523809524,165,173,189,0.5084821428571429,101,126,171,0.24913690476190475
646,VIDEO_7344271684406349088,73,86,122,0.3653896103896104,194,196,218,0.3941883116883117,162,164,188,0.24042207792207793
647,VIDEO_7342531903209114913,55,83,126,0.3402197802197802,197,205,220,0.24771978021978022,123,144,179,0.4120604395604396
648,VIDEO_7342403362714914080,196,200,213,0.34364285714285714,69,78,102,0.41714285714285715,145,151,167,0.2392142857142857
649,VIDEO_7340682108735671584,193,209,228,0.39208333333333334,57,71,86,0.09178571428571429,160,175,194,0.5161309523809524
650,VIDEO_7338384626773216545,111,130,158,0.12232142857142857,187,196,205,0.7258441558441558,54,73,103,0.15183441558441557
651,VIDEO_7337687297132973344,63,71,87,0.09839285714285714,151,159,174,0.5784642857142858,118,125,141,0.3231428571428571
652,VIDEO_7337328365147295009,74,30,48,0.26026785714285716,194,196,207,0.4003125,116,100,124,0.3394196428571429
653,VIDEO_7336662438282120481,74,96,145,0.24071428571428571,21,29,55,0.33370535714285715,112,157,230,0.42558035714285714
654,VIDEO_7336480513269583136,101,105,126,0.24794642857142857,165,165,180,0.6320535714285714,21,21,33,0.12
655,VIDEO_7336193209883839776,226,230,235,0.8523214285714286,55,51,47,0.11178571428571428,151,145,137,0.03589285714285714
656,VIDEO_7335348681832418593,163,164,171,0.3660357142857143,39,69,120,0.4213571428571429,199,199,205,0.21260714285714286
657,VIDEO_7335020484637068576,167,177,200,0.17112244897959183,21,29,48,0.20975765306122449,74,96,146,0.6191198979591837
658,VIDEO_7333604507793853728,209,214,220,0.9667857142857142,167,168,156,0.026785714285714284,70,74,67,0.0064285714285714285
659,VIDEO_7332775399883033888,67,20,121,0.20324404761904763,15,9,17,0.7425595238095238,144,121,130,0.05419642857142857
660,VIDEO_7332156358902500640,211,216,223,0.8941964285714286,61,62,61,0.05455357142857143,159,160,157,0.05125
661,VIDEO_7331017914612567329,44,86,148,0.23577380952380952,95,123,180,0.6995238095238095,187,192,210,0.06470238095238096
662,VIDEO_7329087770905840928,117,136,164,0.3711607142857143,206,219,233,0.1465625,135,154,181,0.4822767857142857
663,VIDEO_7327632037437820193,47,127,208,0.6270238095238095,34,104,179,0.35428571428571426,155,175,203,0.01869047619047619
664,VIDEO_7326887540705873185,196,199,205,0.6678869047619047,44,59,82,0.12235119047619047,148,153,162,0.20976190476190476
665,VIDEO_7324339550283664672,147,161,184,0.8330059523809524,29,39,54,0.044642857142857144,84,94,111,0.12235119047619047
666,VIDEO_7323194315415588129,195,194,198,0.3178125,126,130,142,0.393125,40,65,109,0.2890625
667,VIDEO_7322866542985710881,32,53,84,0.20808035714285714,180,186,195,0.40982142857142856,92,113,144,0.3820982142857143
668,VIDEO_7321969929564065057,115,106,110,0.2841369047619048,207,185,169,0.18191964285714285,59,56,70,0.5339434523809524
669,VIDEO_7318769443222359329,12,78,144,0.5819047619047619,202,211,202,0.31351190476190477,68,83,95,0.10458333333333333
670,VIDEO_7318026666939256096,126,130,146,0.32357142857142857,46,55,64,0.1431547619047619,162,165,181,0.5332738095238095
671,VIDEO_7317653042533305633,189,194,202,0.44125,144,149,158,0.49638392857142855,40,35,36,0.06236607142857143
672,VIDEO_7317290713673190688,198,204,209,0.3568571428571429,92,122,155,0.35375,30,77,121,0.2893928571428571
673,VIDEO_7316431760194096416,38,46,71,0.17836309523809524,126,161,212,0.43601190476190477,159,195,241,0.385625
674,VIDEO_7314335987033738528,60,100,159,0.530952380952381,187,191,201,0.39375,19,27,46,0.07529761904761904
675,VIDEO_7314256868556213537,184,184,185,0.7627232142857143,114,113,113,0.14285714285714285,55,50,49,0.09441964285714285
676,VIDEO_7310606511775026464,99,98,100,0.3350595238095238,169,170,178,0.4373214285714286,25,29,33,0.2276190476190476
677,VIDEO_7308389510113512737,28,5,45,0.5288571428571428,88,21,157,0.40735714285714286,189,139,223,0.06378571428571428
678,VIDEO_7306457226254781729,206,197,208,0.4750595238095238,70,64,70,0.22613095238095238,139,131,139,0.2988095238095238
679,VIDEO_7304693853758491936,37,56,80,0.24771428571428572,193,207,215,0.29328571428571426,70,125,158,0.459
680,VIDEO_7302352085796916513,185,185,186,0.2980714285714286,69,66,70,0.40817857142857145,132,128,128,0.29375
681,VIDEO_7297157611294706976,153,167,191,0.7396938775510205,36,36,36,0.15658163265306121,93,99,109,0.10372448979591836
682,VIDEO_7296501143700606241,106,133,165,0.4692857142857143,197,207,213,0.35450892857142857,37,46,69,0.17620535714285715
683,VIDEO_7277906809787059489,212,146,64,0.44105357142857143,76,30,21,0.3903392857142857,220,232,220,0.16860714285714284
684,VIDEO_7261564389075995930,207,209,218,0.25388392857142855,121,118,124,0.46239583333333334,55,38,51,0.2837202380952381
685,VIDEO_7261562285791956251,117,117,122,0.4079464285714286,49,38,47,0.2998469387755102,197,202,215,0.29220663265306124
686,VIDEO_7261499359819336986,70,9,8,0.6260416666666667,241,186,157,0.034761904761904765,163,28,7,0.33919642857142857
687,VIDEO_7215238321247751430,50,68,103,0.1974702380952381,217,218,224,0.4875297619047619,126,145,171,0.315
688,VIDEO_7211565992852475141,47,60,86,0.3018452380952381,184,194,214,0.23142857142857143,89,116,163,0.46672619047619046
689,VIDEO_7202617948983315717,200,199,206,0.39569940476190474,48,46,61,0.35139880952380953,115,96,106,0.25290178571428573
690,VIDEO_7199586123952311557,228,228,229,0.1824107142857143,71,85,107,0.4201785714285714,146,152,160,0.3974107142857143
691,VIDEO_7195225752541875462,131,145,175,0.4195714285714286,217,217,221,0.2657857142857143,171,177,197,0.31464285714285717
692,VIDEO_7193338808870456582,199,199,195,0.4884375,140,145,153,0.21714285714285714,178,179,179,0.29441964285714284
693,VIDEO_7192237337412177157,151,169,193,0.4692857142857143,221,226,232,0.3581547619047619,81,133,174,0.1725595238095238
694,VIDEO_7182218891702127877,133,149,164,0.2642857142857143,226,226,225,0.5234821428571429,71,93,117,0.21223214285714287
695,VIDEO_7179637090932509958,58,56,61,0.3810357142857143,230,219,218,0.28732142857142856,141,129,135,0.33164285714285713
696,VIDEO_7173707401302920453,104,95,101,0.470875,196,194,205,0.22569642857142858,26,16,22,0.30342857142857144
697,VIDEO_7169948893805825285,214,218,222,0.482827380952381,72,122,169,0.30122023809523807,146,162,177,0.21595238095238095
698,VIDEO_7164769032430767365,211,223,235,0.4376785714285714,61,72,79,0.25442857142857145,131,159,179,0.30789285714285713
699,VIDEO_7163552631053503749,161,117,194,0.3194642857142857,28,38,87,0.22977678571428573,85,76,146,0.4507589285714286
700,VIDEO_7162174902865251589,54,52,53,0.3790357142857143,219,227,234,0.37242857142857144,139,141,145,0.24853571428571428
701,VIDEO_7155814731897376006,137,128,112,0.334234693877551,200,207,206,0.2798469387755102,65,49,43,0.3859183673469388
702,VIDEO_7146479472022277381,43,53,74,0.3935416666666667,78,111,144,0.4104761904761905,172,194,205,0.19598214285714285
703,VIDEO_7145813168818900229,156,183,219,0.21494047619047618,67,71,56,0.3933333333333333,130,142,107,0.39172619047619045
704,VIDEO_7130620750842678533,180,192,211,0.31974489795918365,60,74,94,0.2713520408163265,95,130,166,0.40890306122448977
705,VIDEO_7088705916027063557,153,154,168,0.23574404761904763,215,214,221,0.7013988095238095,58,52,64,0.06285714285714286
706,VIDEO_7087822626005060870,125,117,119,0.2604761904761905,229,208,188,0.5383630952380952,26,27,29,0.20116071428571428
707,VIDEO_7084890005491010821,159,168,189,0.725,61,87,124,0.2454761904761905,187,24,21,0.029523809523809525
708,VIDEO_7081140277083213062,205,203,210,0.5716517857142858,112,119,144,0.3595089285714286,63,58,59,0.06883928571428571
709,VIDEO_7079069070078889221,23,44,78,0.2696875,200,198,200,0.5284375,69,99,140,0.201875
710,VIDEO_7077597820538146053,133,148,172,0.39595238095238094,79,70,92,0.21523809523809523,201,205,214,0.3888095238095238
711,VIDEO_7076423248698690822,86,102,131,0.26271428571428573,189,185,187,0.4303571428571429,41,38,51,0.30692857142857144
712,VIDEO_7075788593930816773,189,197,201,0.047723214285714285,71,129,178,0.5925,40,88,138,0.35977678571428573
713,VIDEO_7073510812542913798,89,117,144,0.24511904761904763,160,166,169,0.4270833333333333,38,63,92,0.32779761904761906
714,VIDEO_7073157554024566021,80,101,139,0.2181377551020408,188,194,207,0.5194642857142857,38,72,120,0.2623979591836735
715,VIDEO_7071521897082621189,225,225,227,0.4871785714285714,73,79,108,0.09567857142857143,137,148,176,0.41714285714285715
716,VIDEO_7070550742880292101,33,34,43,0.2275,198,195,196,0.5275595238095238,105,107,120,0.24494047619047618
717,VIDEO_7067217215925275910,135,143,155,0.4293877551020408,218,217,216,0.32066326530612244,74,85,103,0.24994897959183673
718,VIDEO_7064489288125189382,136,153,184,0.3671875,32,36,54,0.023392857142857142,159,172,195,0.6094196428571429
719,VIDEO_7063459529668742406,116,116,131,0.31285714285714283,194,192,200,0.5785714285714286,26,27,41,0.10857142857142857
720,VIDEO_7062023531764256006,39,44,59,0.21095238095238095,214,213,213,0.476875,121,129,143,0.31217261904761906
721,VIDEO_7061519229182315781,140,136,157,0.5579017857142857,67,55,54,0.23473214285714286,187,195,210,0.20736607142857144
722,VIDEO_7060887870688529670,229,227,230,0.5996071428571429,142,148,160,0.34625,52,52,57,0.054142857142857145
723,VIDEO_7059414649581604102,215,210,217,0.8054017857142857,100,25,37,0.037723214285714284,127,142,169,0.156875
724,VIDEO_7057560274424958214,217,217,217,0.5264642857142857,39,74,122,0.39467857142857143,174,176,185,0.07885714285714286
725,VIDEO_7055714634526969093,220,219,219,0.58875,105,62,60,0.15892857142857142,149,162,187,0.2523214285714286
726,VIDEO_7055321327174946054,39,43,51,0.3286904761904762,159,162,175,0.43952380952380954,199,201,212,0.2317857142857143
727,VIDEO_7054948838716493061,224,229,236,0.3601530612244898,66,60,69,0.14436224489795918,156,169,189,0.495484693877551
728,VIDEO_7053545705868152069,154,133,132,0.4855952380952381,88,72,69,0.34041666666666665,223,210,205,0.17398809523809525
729,VIDEO_7052727837165505797,234,236,237,0.15989285714285714,124,131,142,0.31575,182,187,191,0.5243571428571429
730,VIDEO_7045558641969073414,163,164,181,0.4002678571428571,73,74,97,0.19833333333333333,227,223,229,0.4013988095238095
731,VIDEO_7039259712038112518,74,82,104,0.16599489795918368,211,213,223,0.5395408163265306,161,172,191,0.29446428571428573
732,VIDEO_7038189746484563205,191,196,206,0.3943452380952381,1,1,1,0.2844940476190476,109,126,148,0.3211607142857143
733,VIDEO_7019307301299424518,165,167,186,0.08223214285714285,94,94,108,0.04994047619047619,212,215,236,0.867827380952381
734,VIDEO_7014030961486630149,131,119,104,0.2751190476190476,213,205,197,0.2929761904761905,43,44,39,0.4319047619047619
735,VIDEO_7001083090462346501,192,132,69,0.21914285714285714,173,198,214,0.52,39,33,36,0.26085714285714284
736,VIDEO_6994481888182144262,174,171,166,0.2925595238095238,102,101,93,0.36892857142857144,34,35,36,0.33851190476190474
737,VIDEO_6982843678305897734,175,168,138,0.23748626373626375,52,48,27,0.42840659340659343,115,111,79,0.3341071428571429
738,VIDEO_6972416280762649861,64,65,55,0.4715625,209,213,214,0.19401785714285713,110,114,95,0.3344196428571429
739,VIDEO_6963197595422346502,121,130,108,0.39107142857142857,58,59,50,0.3400892857142857,192,196,195,0.2688392857142857
740,VIDEO_6959192993014287622,185,182,182,0.42925,87,103,129,0.3845,46,45,58,0.18625
741,VIDEO_6952049416425590022,199,210,223,0.4861785714285714,52,61,79,0.03835714285714286,130,158,189,0.47546428571428573
742,VIDEO_6921227616347327749,220,224,223,0.5627678571428572,146,149,163,0.34226190476190477,63,68,75,0.0949702380952381
743,VIDEO_6919824999914245381,173,186,209,0.497,10,48,101,0.22764285714285715,29,82,147,0.27535714285714286
744,VIDEO_7597116010528902422,154,180,239,0.4157142857142857,100,100,124,0.30704081632653063,192,175,199,0.27724489795918367
745,VIDEO_7548437152137350422,119,112,109,0.3179910714285714,177,193,208,0.29830357142857145,42,44,48,0.38370535714285714
746,VIDEO_7545851939586723094,71,76,62,0.44653571428571426,74,127,191,0.24325,176,169,140,0.3102142857142857
747,VIDEO_7537717748512705814,148,180,226,0.20544642857142856,190,160,123,0.42023809523809524,85,80,77,0.37431547619047617
748,VIDEO_7530943991257386262,22,27,25,0.48791666666666667,161,178,175,0.2924404761904762,79,79,65,0.21964285714285714
749,VIDEO_7528439846218550550,94,64,48,0.22789285714285715,164,173,183,0.14725,1,1,1,0.6248571428571429
750,VIDEO_7524285666692271382,71,88,93,0.4806547619047619,20,20,18,0.37294642857142857,148,162,185,0.14639880952380951
751,VIDEO_7519058140860583190,1,1,0,0.6229464285714286,168,188,213,0.16901785714285714,65,78,72,0.2080357142857143
752,VIDEO_7515407893357759766,72,80,107,0.15714285714285714,0,1,1,0.7404017857142857,183,185,190,0.10245535714285714
753,VIDEO_7511669950990290198,0,0,0,0.6951071428571428,204,193,190,0.12642857142857142,66,64,61,0.17846428571428571
754,VIDEO_7496845046814166294,117,141,172,0.4131845238095238,199,213,228,0.2987202380952381,38,48,61,0.28809523809523807
755,VIDEO_7475687308797299990,194,194,194,0.46422619047619046,68,68,68,0.1775297619047619,156,156,156,0.3582440476190476
756,VIDEO_7470159373935856918,69,64,72,0.06017857142857143,215,220,229,0.2955357142857143,146,157,174,0.6442857142857142
757,VIDEO_7459403430122097942,77,121,176,0.45875,209,219,225,0.3726190476190476,40,46,57,0.16863095238095238
758,VIDEO_7458331354212666646,12,15,23,0.3765,201,200,204,0.3467142857142857,98,105,120,0.2767857142857143
759,VIDEO_7455305851092389142,211,211,211,0.4072142857142857,94,94,94,0.2701071428571429,158,158,158,0.3226785714285714
760,VIDEO_7451629003380755734,205,215,225,0.7965476190476191,65,20,46,0.07220238095238095,125,138,154,0.13125
761,VIDEO_7450432979526012182,150,166,186,0.261,204,217,229,0.39485714285714285,86,102,127,0.34414285714285714
762,VIDEO_7439731424854379809,30,29,33,0.25392857142857145,206,206,207,0.6570089285714286,131,124,114,0.0890625
763,VIDEO_7438288130567949601,31,30,54,0.8514285714285714,218,226,227,0.06988095238095238,133,130,103,0.07869047619047619
764,VIDEO_7434514141697625377,145,74,16,0.26625,236,179,130,0.26517857142857143,201,129,50,0.4685714285714286
765,VIDEO_7433411068988280097,105,135,198,0.4382440476190476,58,55,61,0.38107142857142856,190,160,132,0.18068452380952382
766,VIDEO_7414109220523511073,121,132,169,0.2331547619047619,206,214,236,0.565297619047619,41,40,71,0.20154761904761906
767,VIDEO_7410754655682153761,158,165,113,0.2667857142857143,139,167,219,0.3845982142857143,62,73,60,0.34861607142857143
768,VIDEO_7407843953539583265,15,12,11,0.4540625,173,193,200,0.2346875,114,97,90,0.31125
769,VIDEO_7400379104962284832,119,132,156,0.49477678571428574,68,58,59,0.3116517857142857,215,205,202,0.19357142857142856
770,VIDEO_7395950056001572128,82,93,35,0.31785714285714284,119,157,218,0.3815357142857143,163,173,87,0.30060714285714285
771,VIDEO_7393316600922885409,86,54,55,0.3765625,192,189,203,0.2970089285714286,174,114,101,0.3264285714285714
772,VIDEO_7372168611449900321,101,170,203,0.49056122448979594,21,36,42,0.285765306122449,223,235,241,0.2236734693877551
773,VIDEO_7358820174952172832,42,49,77,0.5185714285714286,191,199,214,0.20720238095238094,90,110,146,0.27422619047619046
774,VIDEO_7356608348030012704,3,3,3,0.6596071428571428,143,185,201,0.16592857142857143,73,89,81,0.1744642857142857
775,VIDEO_7354350552693656864,37,26,25,0.19273809523809524,190,205,232,0.40839285714285717,86,111,155,0.3988690476190476
776,VIDEO_7350310562586283297,4,6,7,0.18553571428571428,195,208,223,0.415625,54,90,128,0.39883928571428573
777,VIDEO_7343666836812123424,116,145,204,0.21205357142857142,206,216,236,0.48732142857142857,74,90,129,0.300625
778,VIDEO_7332509276432289057,69,89,105,0.38607142857142857,164,169,172,0.3472321428571429,102,119,135,0.26669642857142856
779,VIDEO_7325862287540096289,149,151,158,0.41435714285714287,47,53,67,0.25610714285714287,199,209,212,0.32953571428571427
780,VIDEO_7324725007391804705,213,216,240,0.5536011904761905,84,128,183,0.3204464285714286,17,29,45,0.12595238095238095
781,VIDEO_7309107806202842400,126,129,134,0.4459438775510204,196,201,210,0.3291071428571429,45,51,58,0.22494897959183674
782,VIDEO_7306559173217488160,177,185,203,0.46525,114,120,136,0.32135714285714284,44,45,55,0.21339285714285713
783,VIDEO_7261996739446590753,106,111,114,0.35364285714285715,30,30,33,0.21232142857142858,171,172,167,0.4340357142857143
784,VIDEO_7260814503728696602,41,42,44,0.2917142857142857,187,192,201,0.42410714285714285,115,119,114,0.28417857142857145
785,VIDEO_7254588789559938330,56,58,68,0.32757142857142857,102,114,133,0.3386071428571429,169,175,180,0.33382142857142855
786,VIDEO_7606001119243881750,56,81,107,0.16691964285714286,166,190,216,0.37892857142857145,70,151,192,0.4541517857142857
787,VIDEO_7604886753471761686,162,176,193,0.5851785714285714,45,49,53,0.14541666666666667,204,217,228,0.2694047619047619
788,VIDEO_7601164093910715670,97,142,205,0.2782142857142857,171,201,234,0.056428571428571425,61,107,171,0.6653571428571429
789,VIDEO_7587442936376233238,193,200,215,0.5833928571428572,39,60,115,0.29794642857142856,82,126,190,0.11866071428571429
790,VIDEO_7578256886286322966,44,50,64,0.2576785714285714,204,212,221,0.32953571428571427,82,124,161,0.4127857142857143
791,VIDEO_7566676756199951638,64,109,176,0.7506547619047619,220,226,233,0.1125595238095238,49,39,43,0.1367857142857143
792,VIDEO_7560707094018542870,179,186,194,0.42091836734693877,93,126,158,0.3004081632653061,49,90,127,0.2786734693877551
793,VIDEO_7545046455229205782,199,202,198,0.3888095238095238,42,38,35,0.251547619047619,118,123,129,0.35964285714285715
794,VIDEO_7529427220335496450,208,188,168,0.36111607142857144,143,132,99,0.44924107142857145,58,48,61,0.18964285714285714
795,VIDEO_7516624091097337110,60,62,61,0.3934285714285714,163,180,165,0.42114285714285715,218,28,16,0.18542857142857141
796,VIDEO_7504627479449963798,46,60,84,0.38223214285714285,169,194,223,0.3628571428571429,138,114,67,0.25491071428571427
797,VIDEO_7494230009050139926,178,188,208,0.5555357142857142,45,43,50,0.26785714285714285,110,110,121,0.17660714285714285
798,VIDEO_7491322585624349974,42,57,90,0.3153214285714286,220,218,219,0.3475357142857143,102,129,161,0.33714285714285713
799,VIDEO_7486129539827928342,184,195,215,0.6617559523809524,61,94,146,0.2679166666666667,22,32,53,0.07032738095238095
800,VIDEO_7485773090555956503,197,207,224,0.8028571428571428,59,76,95,0.0675,142,154,171,0.12964285714285714
801,VIDEO_7484928854029634838,13,69,130,0.28714285714285714,212,224,236,0.4582738095238095,33,94,165,0.25458333333333333
802,VIDEO_7481596789448117526,182,182,180,0.7367142857142858,138,140,144,0.1380357142857143,58,67,79,0.12525
803,VIDEO_7478735064881237270,181,183,186,0.3461989795918367,33,32,45,0.24607142857142858,97,111,133,0.4077295918367347
804,VIDEO_7348766265927814432,123,9,149,0.3701785714285714,40,0,79,0.5791785714285714,218,187,231,0.05064285714285714
805,VIDEO_7346541062267079968,39,44,63,0.20417857142857143,185,192,210,0.37935714285714284,112,127,160,0.41646428571428573
806,VIDEO_7343923844316548384,70,101,150,0.20800595238095237,186,190,206,0.6513095238095238,27,47,85,0.14068452380952381
807,VIDEO_7303884823578397984,116,94,98,0.2694047619047619,185,170,164,0.4708333333333333,21,22,34,0.25976190476190475
808,VIDEO_7291237498506743072,147,121,56,0.42836309523809524,186,171,162,0.2529166666666667,70,56,33,0.3187202380952381
809,VIDEO_7263733416292617505,86,114,157,0.3418452380952381,134,164,200,0.41729166666666667,58,64,49,0.24086309523809524
810,VIDEO_7256464845132827931,94,116,129,0.35484375,182,188,194,0.2585491071428571,63,35,34,0.38660714285714287
811,VIDEO_7219294434465238298,27,8,74,0.5178698979591837,221,185,236,0.031122448979591835,60,16,148,0.4510076530612245
812,VIDEO_7217888414631283995,116,100,116,0.2794464285714286,39,36,63,0.5351964285714286,204,197,204,0.18535714285714286
813,VIDEO_7215515219164990746,139,136,166,0.40825255102040814,78,79,107,0.20058673469387756,186,170,192,0.3911607142857143
814,VIDEO_7212344637523283205,92,20,124,0.44571428571428573,32,4,43,0.5304120879120879,218,184,230,0.023873626373626375
815,VIDEO_7211165738957163782,216,212,175,0.26157142857142857,42,46,57,0.2315,98,134,182,0.5069285714285714
816,VIDEO_7207862806899592453,212,213,218,0.23717261904761905,66,71,80,0.3757440476190476,137,140,149,0.38708333333333333
817,VIDEO_7206682386531110149,56,66,87,0.21800595238095238,124,132,146,0.4266964285714286,193,198,207,0.35529761904761903
818,VIDEO_7206680972555750661,8,5,13,0.6527380952380952,198,192,191,0.08113095238095239,67,61,73,0.26613095238095236
819,VIDEO_7040810874281479430,124,147,180,0.32068452380952384,199,210,227,0.6104761904761905,70,80,108,0.06883928571428571
820,VIDEO_7039252769894616326,29,33,43,0.046892857142857146,138,142,161,0.3542142857142857,200,197,216,0.5988928571428571
821,VIDEO_7039005707844308229,25,28,39,0.48279761904761903,203,212,225,0.23666666666666666,99,110,138,0.2805357142857143
822,VIDEO_7038707297396198661,56,67,69,0.3293269230769231,196,211,225,0.19603021978021978,109,139,166,0.47464285714285714
823,VIDEO_7036326405155638533,103,135,171,0.5487087912087912,182,198,213,0.2452335164835165,46,58,80,0.2060576923076923
824,VIDEO_7033466696245497093,35,25,35,0.04904761904761905,190,202,220,0.8713690476190477,119,115,124,0.07958333333333334
825,VIDEO_7026774067223055621,148,161,187,0.35101190476190475,21,27,42,0.3137202380952381,75,85,106,0.3352678571428571
826,VIDEO_7022596866374192390,178,185,210,0.33200892857142855,27,104,158,0.29098214285714286,69,142,192,0.3770089285714286
827,VIDEO_7007863408129215749,174,188,206,0.30985714285714283,128,114,116,0.3204642857142857,46,46,61,0.3696785714285714
828,VIDEO_7004414493086240006,181,183,198,0.47236607142857145,59,59,69,0.0378125,209,210,222,0.4898214285714286
829,VIDEO_6821547365887905030,114,138,156,0.3104166666666667,166,186,205,0.6378869047619048,44,46,39,0.051696428571428574
830,VIDEO_6814175723704683782,197,205,216,0.3339285714285714,62,69,62,0.33285714285714285,120,141,155,0.33321428571428574
831,VIDEO_7584519298459176214,93,93,108,0.37238095238095237,36,26,27,0.49470238095238095,203,181,158,0.13291666666666666
832,VIDEO_7579293926796922134,109,95,122,0.4170833333333333,42,35,56,0.2717857142857143,197,148,135,0.3111309523809524
833,VIDEO_7540185950714875158,43,43,55,0.43488095238095237,108,121,158,0.4582738095238095,204,213,219,0.10684523809523809
834,VIDEO_7533680078866238742,77,113,164,0.2936989795918367,87,80,49,0.4113775510204082,170,174,157,0.2949234693877551
835,VIDEO_7529820615637847318,94,102,76,0.3705952380952381,177,172,144,0.3330654761904762,32,35,24,0.2963392857142857
836,VIDEO_7517676181366295830,53,56,66,0.3703214285714286,235,237,234,0.281,150,150,139,0.34867857142857145
837,VIDEO_7490984274049469718,188,198,209,0.3351339285714286,49,77,111,0.3298214285714286,158,168,180,0.33504464285714286
838,VIDEO_7490119511731965206,192,200,204,0.4881547619047619,49,69,93,0.2966666666666667,84,115,148,0.21517857142857144
839,VIDEO_7481977420220779798,214,206,192,0.276875,72,56,47,0.20616071428571428,102,152,167,0.5169642857142858
840,VIDEO_7479081271746989334,171,189,174,0.4564642857142857,39,45,58,0.26103571428571426,94,124,135,0.2825
841,VIDEO_7478417820376812822,39,52,78,0.3627232142857143,191,189,190,0.29330357142857144,78,114,160,0.3439732142857143
842,VIDEO_7475816575975623958,146,155,170,0.5380357142857143,69,75,83,0.16360119047619048,187,200,216,0.29836309523809523
843,VIDEO_7471349532496842006,42,52,71,0.09178571428571429,194,212,224,0.3585267857142857,107,143,181,0.5496875
844,VIDEO_7471348371962334486,194,187,185,0.4768452380952381,61,109,170,0.2575595238095238,62,54,37,0.2655952380952381
845,VIDEO_7470212560399109398,154,157,175,0.3389285714285714,37,51,84,0.3251428571428571,73,94,129,0.3359285714285714
846,VIDEO_7468313844230704406,42,42,55,0.3196428571428571,191,202,212,0.21875,115,123,141,0.4616071428571429
847,VIDEO_7438966885879696662,48,47,51,0.33098214285714284,190,201,213,0.4133482142857143,107,110,117,0.25566964285714283
848,VIDEO_7418133778406657313,64,43,57,0.2322142857142857,106,132,165,0.5954642857142857,181,169,189,0.17232142857142857
849,VIDEO_7415589341981986080,53,53,48,0.22235119047619048,204,210,216,0.4251785714285714,77,118,165,0.3524702380952381
850,VIDEO_7415541670361500961,162,167,175,0.4148809523809524,112,117,133,0.44744047619047617,44,37,46,0.13767857142857143
851,VIDEO_7414059508630031648,165,186,216,0.5300892857142857,53,33,37,0.2863988095238095,109,125,155,0.18351190476190476
852,VIDEO_7413699830469397793,190,199,209,0.34023809523809523,71,73,74,0.24482142857142858,135,141,149,0.4149404761904762
853,VIDEO_7413269884840267040,48,48,53,0.11,199,211,231,0.32229166666666664,101,128,178,0.5677083333333334
854,VIDEO_7412939421089090849,104,145,190,0.4467261904761905,68,104,152,0.34125,177,192,215,0.21202380952380953
855,VIDEO_7410359060681297184,175,196,204,0.2508035714285714,41,42,44,0.24333333333333335,80,123,166,0.5058630952380953
856,VIDEO_7400784701633416481,166,200,227,0.44689285714285715,29,43,43,0.29346428571428573,103,131,161,0.2596428571428571
857,VIDEO_7379167807679761697,196,179,181,0.3383035714285714,68,69,60,0.28419642857142857,129,126,116,0.3775
858,VIDEO_7353226118662589728,70,76,92,0.12845238095238096,144,151,169,0.45553571428571427,193,202,219,0.41601190476190475
859,VIDEO_7344802060019256609,91,110,139,0.4315178571428571,31,31,36,0.11607142857142858,189,188,185,0.4524107142857143
860,VIDEO_7326857703958105376,118,126,157,0.24931122448979592,13,12,19,0.27308673469387756,65,70,94,0.4776020408163265
861,VIDEO_7324421973612825889,108,98,95,0.30738095238095237,175,162,150,0.36354166666666665,59,50,45,0.3290773809523809
862,VIDEO_7315824288173493536,118,129,149,0.4421428571428571,190,198,205,0.46950892857142856,51,15,31,0.08834821428571428
863,VIDEO_7296417264591441185,178,188,197,0.4390178571428571,62,48,49,0.3266071428571429,244,248,249,0.234375
864,VIDEO_7296124478130572577,125,121,125,0.18585714285714286,197,210,232,0.5269642857142857,45,43,46,0.28717857142857145
865,VIDEO_7296075013734616353,199,208,224,0.24272321428571428,26,23,29,0.41660714285714284,85,105,138,0.34066964285714285
866,VIDEO_7295785443528920352,140,178,227,0.42541666666666667,39,66,110,0.19101190476190477,81,122,181,0.38357142857142856
867,VIDEO_7294200756586958113,190,211,237,0.29974025974025975,22,26,36,0.1725487012987013,87,116,167,0.527711038961039
868,VIDEO_7288261263757446433,83,120,148,0.5043154761904762,46,52,55,0.20401785714285714,198,198,196,0.2916666666666667
869,VIDEO_7278716528839626016,87,114,157,0.3445982142857143,204,205,218,0.39852678571428574,38,45,64,0.256875
870,VIDEO_7255981234374069530,182,190,197,0.2729761904761905,86,89,59,0.35369047619047617,82,124,189,0.37333333333333335
871,VIDEO_7246825881904139546,187,198,217,0.28432142857142856,58,59,35,0.2531785714285714,159,138,110,0.4625
872,VIDEO_7238904736253054234,153,158,146,0.48392857142857143,30,39,27,0.18553571428571428,104,115,83,0.33053571428571427
873,VIDEO_7219646733901450502,46,57,81,0.273125,115,136,168,0.3915625,180,191,209,0.3353125
874,VIDEO_7214862934139260166,135,121,122,0.3351530612244898,201,206,215,0.3902551020408163,60,45,47,0.2745918367346939
875,VIDEO_7214113271018753285,71,121,159,0.18523809523809523,52,46,51,0.3530952380952381,174,186,194,0.46166666666666667
876,VIDEO_7213795540574735621,50,35,42,0.2780357142857143,194,184,163,0.2604642857142857,80,108,153,0.4615
877,VIDEO_7210834532591963398,48,76,118,0.3286071428571429,194,201,212,0.27725,123,138,163,0.39414285714285713
878,VIDEO_7208933349933452550,152,163,180,0.7137857142857142,42,34,32,0.1447857142857143,104,89,78,0.14142857142857143
879,VIDEO_7208551637869268230,147,147,147,0.43638392857142855,214,218,224,0.24571428571428572,71,73,86,0.31790178571428573
880,VIDEO_7203684040606633222,47,61,85,0.26202380952380955,187,192,204,0.4692857142857143,127,135,150,0.2686904761904762
881,VIDEO_7183332234605268250,132,141,155,0.4525,190,196,203,0.36583333333333334,79,87,103,0.18166666666666667
882,VIDEO_7175881254233967878,145,184,232,0.38370535714285714,26,25,34,0.0921875,93,140,207,0.5241071428571429
883,VIDEO_7171408287785782533,202,204,214,0.34214285714285714,48,55,76,0.23361607142857144,119,138,172,0.4242410714285714
884,VIDEO_7168426884852747526,155,177,212,0.5392559523809524,48,54,65,0.20238095238095238,107,129,160,0.25836309523809525
885,VIDEO_7158057918431120645,79,88,109,0.24558035714285714,179,187,198,0.4735267857142857,3,3,4,0.28089285714285717
886,VIDEO_7146624079615790341,33,28,38,0.23611607142857144,61,97,153,0.5955803571428572,199,204,211,0.16830357142857144
887,VIDEO_7123931386964184326,121,121,83,0.3798214285714286,23,31,20,0.3453826530612245,201,187,163,0.27479591836734696
888,VIDEO_7120944943270530309,192,67,52,0.27458333333333335,99,136,171,0.38863095238095235,67,62,49,0.3367857142857143
889,VIDEO_7116158724288400645,131,116,78,0.5570238095238095,182,188,194,0.26839285714285716,28,33,19,0.17458333333333334
890,VIDEO_7081711774084484358,137,144,151,0.3623928571428571,189,201,215,0.4599642857142857,79,74,81,0.17764285714285713
891,VIDEO_7079095510904229126,103,122,145,0.36778571428571427,185,193,203,0.35260714285714284,50,51,61,0.27960714285714283
892,VIDEO_7073916316566031622,176,185,203,0.3809438775510204,73,113,170,0.28198979591836737,29,64,116,0.33706632653061225
893,VIDEO_7065372841423801605,178,203,216,0.4102579365079365,45,57,59,0.23668650793650794,136,159,172,0.35305555555555557
894,VIDEO_7064507087086161157,214,209,201,0.36528061224489794,37,70,120,0.5053061224489795,147,146,148,0.12941326530612246
895,VIDEO_7060539961459641605,102,132,170,0.33558035714285717,193,198,199,0.24790178571428573,52,74,107,0.41651785714285716
896,VIDEO_7050043192732912901,104,144,207,0.72375,15,29,59,0.044566326530612245,59,104,172,0.23168367346938776
897,VIDEO_7042694987141745926,159,176,207,0.39171428571428574,220,235,251,0.36389285714285713,79,92,115,0.24439285714285713
898,VIDEO_7012661937477537030,71,89,134,0.4400595238095238,206,211,233,0.4403869047619048,37,36,55,0.11955357142857143
899,VIDEO_6994839726846971142,10,10,12,0.2747857142857143,172,188,200,0.3068214285714286,100,104,100,0.4183928571428571
900,VIDEO_6979673025503366405,138,148,164,0.44023809523809526,51,61,70,0.23595238095238094,185,189,197,0.3238095238095238
901,VIDEO_6963263758630194437,75,155,189,0.19389285714285714,80,73,53,0.4734285714285714,184,180,167,0.33267857142857143
902,VIDEO_6958424996964355334,171,169,185,0.18691558441558442,32,38,48,0.18568181818181817,224,220,232,0.6274025974025974
903,VIDEO_6922868220890254597,61,37,26,0.36728316326530613,135,114,93,0.4275,212,188,163,0.20521683673469387
904,VIDEO_6899015791086210306,205,203,206,0.2794642857142857,18,17,24,0.4483035714285714,114,126,155,0.27223214285714287
905,VIDEO_6896055761982639362,166,156,145,0.30413690476190475,38,36,42,0.28886904761904764,212,206,198,0.4069940476190476
906,VIDEO_6895747396404284674,64,54,50,0.2481377551020408,193,184,175,0.27908163265306124,159,108,71,0.472780612244898
907,VIDEO_6895292772857826562,206,203,195,0.44114795918367344,45,34,33,0.3082780612244898,147,115,89,0.25057397959183675
908,VIDEO_6887883845954178305,163,128,106,0.2894047619047619,231,221,218,0.3602579365079365,59,48,53,0.3503373015873016
909,VIDEO_6883876793380572417,7,11,17,0.2625974025974026,194,201,211,0.39673701298701297,78,99,127,0.3406655844155844
910,VIDEO_6883389583271185666,64,98,122,0.41,208,204,203,0.21357142857142858,114,150,171,0.37642857142857145
911,VIDEO_6876369843591941377,149,153,162,0.25839285714285715,208,215,227,0.5158928571428572,63,57,59,0.2257142857142857
912,VIDEO_6869621825035357441,160,168,181,0.42539285714285713,67,83,106,0.26203571428571426,191,200,211,0.31257142857142856
913,VIDEO_6864806467329903878,56,63,46,0.25892857142857145,194,193,121,0.37455357142857143,125,128,95,0.3665178571428571
914,VIDEO_6834056379355991301,128,116,92,0.5261785714285714,46,54,42,0.3276428571428571,172,169,156,0.14617857142857144
915,VIDEO_6798648871401819398,2,2,3,0.7128869047619047,192,196,201,0.16392857142857142,118,116,118,0.12318452380952381
916,VIDEO_6798641094109269253,78,95,127,0.5199489795918367,29,28,31,0.10676020408163266,190,192,199,0.3732908163265306
917,VIDEO_7551820830615899414,117,132,154,0.3960204081632653,192,195,210,0.40558673469387757,54,59,62,0.19839285714285715
918,VIDEO_7330293520395275553,169,179,196,0.5613690476190476,122,131,149,0.42160714285714285,21,23,40,0.017023809523809524
919,VIDEO_7323224822169750816,146,120,122,0.4425,175,178,196,0.30101190476190476,64,51,55,0.25648809523809524
920,VIDEO_7309113734360780064,208,205,205,0.487,101,105,123,0.34185714285714286,30,29,41,0.17114285714285715
921,VIDEO_7307663369090207009,213,157,81,0.38,128,94,62,0.27485714285714286,66,43,35,0.34514285714285714
922,VIDEO_7306870694137187616,150,164,186,0.2170982142857143,44,43,51,0.10174107142857143,172,185,208,0.6811607142857142
923,VIDEO_7306460792310877472,181,168,145,0.2819642857142857,58,49,43,0.2945238095238095,117,106,90,0.42351190476190476
924,VIDEO_7305781724238105889,86,112,155,0.41628571428571426,165,181,202,0.2115,47,49,73,0.3722142857142857
925,VIDEO_7299777182828645664,68,87,118,0.1718452380952381,157,167,185,0.4442261904761905,114,130,152,0.38392857142857145
926,VIDEO_7297256040544931105,171,177,198,0.4014285714285714,196,202,226,0.48860714285714285,154,158,178,0.10996428571428571
927,VIDEO_7279078872455384352,147,139,134,0.39566964285714284,38,52,52,0.17482142857142857,209,206,207,0.4295089285714286
928,VIDEO_7272402191233584417,191,196,209,0.4926785714285714,58,61,46,0.3261607142857143,125,122,118,0.18116071428571429
929,VIDEO_7265677943228075296,29,95,115,0.3761904761904762,130,179,224,0.37976190476190474,156,124,124,0.24404761904761904
930,VIDEO_7265242959048723745,49,122,204,0.3742857142857143,61,63,66,0.39346938775510204,175,180,185,0.23224489795918368
931,VIDEO_7264519435086466336,173,191,222,0.552202380952381,93,110,122,0.18125,29,55,55,0.26654761904761903
932,VIDEO_7262363967157226785,54,73,44,0.24096428571428571,215,209,200,0.29185714285714287,113,135,102,0.46717857142857144
933,VIDEO_7261965250864467232,194,177,159,0.32388392857142856,64,39,20,0.3208482142857143,123,127,75,0.35526785714285714
934,VIDEO_7260420548553887002,213,216,224,0.46620535714285716,91,148,162,0.4550892857142857,55,75,69,0.07870535714285715
935,VIDEO_7225641498249891099,81,93,103,0.28125,206,208,202,0.07214285714285715,31,41,56,0.6466071428571428
936,VIDEO_7225245362678762779,144,170,179,0.34089285714285716,24,30,40,0.07221428571428572,197,202,215,0.5868928571428571
937,VIDEO_7224177146263063835,175,184,213,0.8425510204081633,101,110,127,0.06545918367346938,13,19,26,0.09198979591836735
938,VIDEO_7221550036172213509,20,16,25,0.3780357142857143,163,176,196,0.3770918367346939,87,96,104,0.24487244897959184
939,VIDEO_7214886818368490758,187,194,211,0.46851190476190474,27,49,76,0.24869047619047618,104,121,150,0.282797619047619
940,VIDEO_7213794863630912773,117,129,154,0.2463095238095238,184,191,207,0.7273214285714286,37,49,61,0.02636904761904762
941,VIDEO_7210067304095173893,190,200,216,0.46860714285714283,94,116,146,0.37585714285714283,21,38,55,0.15553571428571428
942,VIDEO_7209259784263060742,114,133,156,0.2799642857142857,192,198,206,0.5183928571428571,42,52,72,0.20164285714285715
943,VIDEO_7208590550348434694,70,96,141,0.32416666666666666,183,192,208,0.51625,72,48,43,0.15958333333333333
944,VIDEO_7204870147855748357,181,184,199,0.430952380952381,23,30,41,0.2061904761904762,87,95,117,0.3628571428571429
945,VIDEO_7200418269629582597,232,235,227,0.4492857142857143,147,107,76,0.21151785714285715,13,12,19,0.33919642857142857
946,VIDEO_7197448084119506182,198,196,207,0.3126785714285714,11,61,106,0.12896428571428573,159,160,172,0.5583571428571429
947,VIDEO_7197086542479854854,108,136,182,0.5125595238095239,44,59,76,0.32895833333333335,179,193,216,0.15848214285714285
948,VIDEO_7195607365813636357,196,200,216,0.66275,35,49,74,0.11289285714285714,105,129,168,0.22435714285714287
949,VIDEO_7193751547749223685,191,201,218,0.6364285714285715,43,63,110,0.20672619047619048,124,139,167,0.1568452380952381
950,VIDEO_7192254185969044742,87,125,191,0.44310714285714287,30,42,68,0.05360714285714286,108,151,220,0.5032857142857143
951,VIDEO_7191515883330669830,119,147,182,0.34306547619047617,57,91,132,0.24717261904761906,188,200,220,0.40976190476190477
952,VIDEO_7189927984172666118,99,105,147,0.029523809523809525,15,37,82,0.1718452380952381,135,166,223,0.7986309523809524
953,VIDEO_7185200340310969605,233,213,218,0.4820535714285714,58,29,50,0.16071428571428573,162,129,168,0.35723214285714283
954,VIDEO_7184831364422814981,122,135,162,0.37154761904761907,23,18,27,0.2911309523809524,197,206,221,0.33732142857142855
955,VIDEO_7184457014217657606,157,180,192,0.6421875,76,76,84,0.029464285714285714,195,209,213,0.3283482142857143
956,VIDEO_7174022295978003717,52,94,139,0.29696428571428574,117,142,169,0.33398809523809525,188,191,194,0.36904761904761907
957,VIDEO_7161523791154236677,102,106,125,0.2475,21,22,34,0.5446875,196,211,232,0.2078125
958,VIDEO_7130169267454070021,44,113,169,0.3596785714285714,75,83,71,0.35210714285714284,168,173,180,0.2882142857142857
959,VIDEO_7125392158063955205,106,143,202,0.2626339285714286,115,123,76,0.45566964285714284,210,210,208,0.28169642857142857
960,VIDEO_7113472331917298949,76,87,56,0.3110267857142857,173,181,188,0.27035714285714285,127,118,111,0.41861607142857143
961,VIDEO_7078216427131473157,40,29,41,0.07232142857142858,194,194,202,0.5065625,21,91,137,0.42111607142857144
962,VIDEO_7070486062182731013,39,48,91,0.30797619047619046,190,203,217,0.3382142857142857,63,105,160,0.3538095238095238
963,VIDEO_7050156581652106502,91,102,115,0.44160714285714286,30,33,39,0.11071428571428571,201,204,209,0.4476785714285714
964,VIDEO_6927547229486058757,148,154,185,0.3731122448979592,34,29,46,0.2456377551020408,217,217,227,0.38125
965,VIDEO_6913929490305420545,194,195,209,0.7695918367346939,88,85,97,0.0748469387755102,139,140,155,0.15556122448979592
966,VIDEO_6896455617523813633,152,160,182,0.4670714285714286,89,103,134,0.26867857142857143,194,200,223,0.26425
967,VIDEO_6894530886105042178,92,102,134,0.3842857142857143,173,181,200,0.5549553571428572,218,51,67,0.060758928571428575
968,VIDEO_6886076315288554754,34,40,60,0.09803571428571428,185,190,205,0.26517857142857143,58,97,154,0.6367857142857143
969,VIDEO_6885984385670122753,141,144,161,0.467780612244898,46,71,107,0.36306122448979594,214,219,229,0.1691581632653061
970,VIDEO_6885735124013550850,37,59,90,0.23424107142857142,162,175,192,0.3986160714285714,86,119,162,0.36714285714285716
971,VIDEO_6880792115329142018,229,226,228,0.6641071428571429,14,13,14,0.045535714285714284,178,162,168,0.29035714285714287
972,VIDEO_6880117942432959746,174,183,197,0.63125,15,73,147,0.20567857142857143,52,117,182,0.16307142857142856
973,VIDEO_6875699019520298242,112,131,176,0.29885204081632655,205,207,226,0.42698979591836733,26,75,132,0.2741581632653061
974,VIDEO_6875610422578351362,185,196,207,0.20839285714285713,59,79,70,0.6087202380952381,122,140,153,0.18288690476190475
975,VIDEO_6860766213992090886,37,124,160,0.3294940476190476,130,167,217,0.2975,99,109,98,0.37300595238095235
976,VIDEO_6834420537545084166,155,136,118,0.52275,63,59,60,0.18946428571428572,188,190,197,0.2877857142857143
977,VIDEO_6825975879940820230,169,190,219,0.31611607142857145,49,58,52,0.28950892857142857,109,141,188,0.394375
978,VIDEO_6750983141873224966,67,87,126,0.26671428571428574,130,140,170,0.35310714285714284,183,180,200,0.3801785714285714
979,VIDEO_6739804771013774597,209,209,221,0.26964285714285713,138,145,175,0.4961309523809524,71,94,139,0.23422619047619048
980,VIDEO_7606360801234013462,33,37,55,0.20544642857142856,105,140,193,0.6586607142857143,180,202,229,0.13589285714285715
981,VIDEO_7603412461068291350,108,117,127,0.37191964285714285,60,68,77,0.3048214285714286,170,178,184,0.32325892857142857
982,VIDEO_7602968538319539478,210,203,225,0.467,52,44,51,0.09017857142857143,127,131,169,0.4428214285714286
983,VIDEO_7594911702613773590,174,178,186,0.5152857142857142,78,101,138,0.3811428571428571,34,38,44,0.10357142857142858
984,VIDEO_7593727684606168342,168,169,170,0.8609375,65,56,55,0.12334821428571428,249,249,248,0.015714285714285715
985,VIDEO_7593661214027156758,0,0,0,0.6695833333333333,114,148,197,0.3061309523809524,47,47,64,0.024285714285714285
986,VIDEO_7593403675297467651,186,205,222,0.48,60,62,73,0.24351190476190476,157,170,184,0.27648809523809526
987,VIDEO_7592281951206133014,153,184,212,0.1579017857142857,27,55,85,0.4635714285714286,70,106,152,0.3785267857142857
988,VIDEO_7592263862284586263,51,60,71,0.40414285714285714,188,192,193,0.21289285714285713,117,140,163,0.3829642857142857
989,VIDEO_7590184087122660630,170,143,132,0.10299107142857143,12,10,12,0.7109375,89,68,63,0.18607142857142858
990,VIDEO_7587134900852100374,15,12,16,0.6463775510204082,201,208,211,0.18252551020408164,111,101,106,0.17109693877551022
991,VIDEO_7587070120556580118,93,84,96,0.35496428571428573,10,7,12,0.5485714285714286,160,151,167,0.09646428571428571
992,VIDEO_7584105481719844118,166,171,198,0.6832738095238096,232,226,222,0.19577380952380952,36,37,59,0.12095238095238095
993,VIDEO_7583420207629225238,103,100,132,0.5505952380952381,34,27,41,0.1624404761904762,188,134,118,0.2869642857142857
994,VIDEO_7581507576219618582,74,90,115,0.5851339285714285,137,150,167,0.2290625,209,217,222,0.18580357142857143
995,VIDEO_7580065942730738966,193,201,210,0.2679910714285714,112,136,162,0.3208482142857143,39,71,109,0.41116071428571427
996,VIDEO_7579287270092459286,177,209,222,0.07214285714285715,45,43,44,0.20544642857142856,134,126,121,0.7224107142857142
997,VIDEO_7577374333048196374,63,110,174,0.7109821428571429,110,170,234,0.2635416666666667,30,50,84,0.025476190476190475
998,VIDEO_7577096797580053782,49,51,66,0.21455357142857143,177,201,232,0.3187946428571429,141,162,193,0.4666517857142857
999,VIDEO_7577088828171734294,178,201,229,0.5577380952380953,46,53,63,0.1949404761904762,132,149,175,0.24732142857142858
1000,VIDEO_7575170897451945238,172,189,212,0.6204910714285714,122,134,154,0.18294642857142857,33,40,54,0.1965625
1001,VIDEO_7575105754374458646,94,116,134,0.35735119047619046,19,36,57,0.36104166666666665,176,192,203,0.28160714285714283
1002,VIDEO_7574759080368114966,190,202,216,0.31032738095238094,116,124,148,0.554702380952381,46,51,57,0.1349702380952381
1003,VIDEO_7572605667299708182,135,143,162,0.24589285714285714,67,67,78,0.3335714285714286,188,206,231,0.4205357142857143
1004,VIDEO_7571893908754451734,198,206,208,0.4194897959183673,105,28,28,0.22979591836734695,129,150,152,0.3507142857142857
1005,VIDEO_7571134268403895574,23,20,23,0.26803571428571427,94,101,120,0.35910714285714285,197,196,202,0.37285714285714283
1006,VIDEO_7566941841996647702,19,13,15,0.514375,185,170,167,0.200625,128,62,61,0.285
1007,VIDEO_7566313596351778070,42,87,136,0.3939285714285714,31,32,41,0.17101190476190475,185,194,202,0.4350595238095238
1008,VIDEO_7565953021411216662,54,53,59,0.4302232142857143,198,214,227,0.41017857142857145,125,131,139,0.15959821428571427
1009,VIDEO_7564069366606679318,185,191,198,0.41901785714285716,106,107,112,0.23459821428571428,206,213,221,0.3463839285714286
1010,VIDEO_7494193739187916054,59,51,48,0.2205952380952381,219,221,220,0.5361309523809524,167,159,150,0.24327380952380953
1011,VIDEO_7493955664008498454,34,33,41,0.08357142857142857,187,203,221,0.6904285714285714,102,105,114,0.226
1012,VIDEO_7493248933460741378,123,97,98,0.15851190476190477,196,201,211,0.6663392857142857,46,139,190,0.1751488095238095
1013,VIDEO_7485818484723567894,32,33,48,0.2532142857142857,198,209,223,0.5768571428571428,130,121,145,0.16992857142857143
1014,VIDEO_7484305196332436758,211,203,195,0.29577380952380955,117,122,152,0.4567857142857143,52,62,90,0.24744047619047618
1015,VIDEO_7483220883759303959,193,203,217,0.6129642857142857,48,31,39,0.14507142857142857,119,130,152,0.24196428571428572
1016,VIDEO_7482898265906646294,66,68,91,0.3942857142857143,4,3,8,0.4475,139,134,144,0.15821428571428572
1017,VIDEO_7480938335133863190,173,187,206,0.5869642857142857,159,173,192,0.40214285714285714,82,90,101,0.010892857142857143
1018,VIDEO_7480244111207976214,114,122,155,0.4574404761904762,62,71,99,0.24988095238095237,199,199,207,0.29267857142857145
1019,VIDEO_7476157177149803798,184,191,195,0.475625,51,49,62,0.2775892857142857,133,138,144,0.24678571428571427
1020,VIDEO_7463500754318347542,212,213,216,0.6422619047619048,42,41,41,0.2144047619047619,151,132,112,0.14333333333333334
1021,VIDEO_7459503727737687318,202,213,225,0.28165178571428573,37,78,131,0.43758928571428574,101,140,188,0.2807589285714286
1022,VIDEO_7458336545490193686,174,197,224,0.6113520408163265,46,53,66,0.19849489795918368,121,132,152,0.1901530612244898
1023,VIDEO_7451599218545970454,206,207,206,0.18039285714285713,49,52,59,0.19839285714285715,118,123,127,0.6212142857142857
1024,VIDEO_7429021024517229857,43,37,59,0.44953571428571426,178,170,180,0.1987857142857143,111,95,121,0.35167857142857145
1025,VIDEO_7421927684965502240,42,41,43,0.3555952380952381,200,202,206,0.3651785714285714,130,121,116,0.27922619047619046
1026,VIDEO_7421838132624002336,51,55,63,0.16852678571428573,192,207,227,0.6879464285714286,107,112,123,0.1435267857142857
1027,VIDEO_7418230327207939360,109,118,132,0.19678571428571429,39,46,62,0.2953928571428571,180,175,177,0.5078214285714285
1028,VIDEO_7348413567797841185,127,153,184,0.32476190476190475,23,71,126,0.3935119047619048,206,220,236,0.28172619047619046
1029,VIDEO_7345515480288922912,48,34,35,0.4507857142857143,202,218,241,0.42646428571428574,151,121,119,0.12275
1030,VIDEO_7345144791094660384,162,191,223,0.36892857142857144,18,80,153,0.2792857142857143,95,134,191,0.3517857142857143
1031,VIDEO_7342536344561896737,51,36,51,0.3921428571428571,105,119,152,0.28433035714285715,211,219,229,0.3235267857142857
1032,VIDEO_7340684346040290593,165,175,196,0.46053571428571427,27,27,49,0.3389285714285714,116,119,137,0.2005357142857143
1033,VIDEO_7338070752501026081,110,83,95,0.17904761904761904,199,209,222,0.604077380952381,24,20,28,0.216875
1034,VIDEO_7329560864518901024,215,221,227,0.5055714285714286,40,62,82,0.24471428571428572,103,126,143,0.24971428571428572
1035,VIDEO_7327333280297127201,55,74,111,0.45029761904761906,184,196,210,0.3938690476190476,103,128,164,0.15583333333333332
1036,VIDEO_7324741085438397729,209,214,215,0.37473214285714285,68,81,100,0.2507738095238095,147,154,163,0.37449404761904764
1037,VIDEO_7319902152686718241,210,218,229,0.5406428571428571,91,123,167,0.17260714285714285,34,63,104,0.28675
1038,VIDEO_7312851563037330721,50,86,136,0.34214285714285714,32,35,46,0.19741071428571427,210,217,226,0.4604464285714286
1039,VIDEO_7302473271067397409,61,60,55,0.2435267857142857,207,195,182,0.33102678571428573,169,137,109,0.42544642857142856
1040,VIDEO_7301350531325365537,160,155,157,0.18903571428571428,218,217,215,0.7279642857142857,58,50,50,0.083
1041,VIDEO_7298393830204640545,138,163,182,0.18607142857142858,31,36,46,0.16642857142857143,178,211,235,0.6475
1042,VIDEO_7296889866002910497,73,68,67,0.2941666666666667,221,221,220,0.40958333333333335,130,124,124,0.29625
1043,VIDEO_7296154996683410720,95,95,134,0.38931122448979594,205,191,216,0.31173469387755104,31,22,29,0.2989540816326531
1044,VIDEO_7294659855434911008,117,115,120,0.6280357142857143,24,22,25,0.06595238095238096,158,153,151,0.30601190476190476
1045,VIDEO_7294284376454532384,169,184,197,0.40629464285714284,2,3,5,0.2740625,58,119,159,0.3196428571428571
1046,VIDEO_7293541624359996704,157,162,172,0.2654464285714286,75,73,80,0.24955357142857143,210,220,233,0.485
1047,VIDEO_7293173989143366945,62,52,47,0.1905952380952381,134,130,138,0.5407738095238095,201,210,208,0.26863095238095236
1048,VIDEO_7291678102948810016,187,193,200,0.608125,29,26,29,0.1203125,65,90,119,0.2715625
1049,VIDEO_7290947930108857633,193,205,216,0.16047619047619047,77,95,123,0.3916071428571429,140,156,178,0.4479166666666667
1050,VIDEO_7287983702959869217,27,85,155,0.5896428571428571,198,213,230,0.19226190476190477,113,150,197,0.2180952380952381
1051,VIDEO_7286863155026808096,114,140,172,0.23654761904761903,216,223,228,0.5496130952380952,40,71,111,0.2138392857142857
1052,VIDEO_7278768931857354016,148,169,191,0.21385714285714286,23,92,141,0.4557857142857143,218,219,227,0.33035714285714285
1053,VIDEO_7264884699636469025,182,200,224,0.48428571428571426,48,93,153,0.32360119047619046,102,139,188,0.19211309523809525
1054,VIDEO_7262465807949647136,50,58,56,0.2586309523809524,98,142,207,0.37666666666666665,193,200,159,0.36470238095238094
1055,VIDEO_7239729661788359962,207,211,215,0.2785714285714286,71,76,75,0.42596428571428574,155,158,165,0.29546428571428573
1056,VIDEO_7228976565445512475,83,118,170,0.3160267857142857,71,50,63,0.2591517857142857,183,188,202,0.42482142857142857
1057,VIDEO_7221177538855423258,37,61,102,0.32160714285714287,116,138,175,0.3389285714285714,177,189,208,0.3394642857142857
1058,VIDEO_7216365794093976838,43,34,51,0.37008928571428573,189,199,229,0.44651785714285713,118,113,137,0.18339285714285714
1059,VIDEO_7215252214514715909,161,161,166,0.4436160714285714,18,18,21,0.2621428571428571,20,61,117,0.2942410714285714
1060,VIDEO_7210817231368785158,181,178,179,0.6887142857142857,76,73,69,0.11946428571428572,133,130,132,0.19182142857142856
1061,VIDEO_7210074063765638406,201,209,221,0.3146875,55,38,37,0.36857142857142855,142,144,151,0.31674107142857144
1062,VIDEO_7208952610336820485,66,64,74,0.35214285714285715,195,199,215,0.4361904761904762,117,118,128,0.21166666666666667
1063,VIDEO_7207842110316268805,107,105,105,0.6080357142857142,68,72,80,0.19101190476190477,197,178,148,0.20095238095238097
1064,VIDEO_7204874673367125254,130,124,116,0.15775510204081633,170,167,167,0.5763775510204082,44,52,67,0.2658673469387755
1065,VIDEO_7204395621468392709,69,55,58,0.3557440476190476,162,184,213,0.31205357142857143,110,119,140,0.33220238095238097
1066,VIDEO_7203763760538897669,187,176,172,0.4348511904761905,60,65,88,0.3256845238095238,116,124,149,0.2394642857142857
1067,VIDEO_7203019203857665286,176,196,229,0.3473809523809524,28,36,77,0.3032142857142857,81,113,180,0.3494047619047619
1068,VIDEO_7202277032938540294,110,146,194,0.4326785714285714,30,65,114,0.2213392857142857,191,199,218,0.34598214285714285
1069,VIDEO_7199677935949778181,171,177,187,0.41517857142857145,105,120,143,0.36910714285714286,40,46,55,0.21571428571428572
1070,VIDEO_7198558888940113158,96,142,158,0.32625,202,202,205,0.374,41,76,92,0.29975
1071,VIDEO_7198194674354457861,44,135,165,0.44157142857142856,106,48,62,0.3683214285714286,205,202,203,0.19010714285714286
1072,VIDEO_7197080264625966341,120,138,155,0.44803571428571426,45,75,90,0.22553571428571428,178,193,208,0.3264285714285714
1073,VIDEO_7194859372227480838,164,134,113,0.3848214285714286,104,43,42,0.5155357142857143,218,201,192,0.09964285714285714
1074,VIDEO_7192617192850984198,61,55,51,0.5879761904761904,195,197,182,0.12666666666666668,119,123,115,0.28535714285714286
1075,VIDEO_7190456972418862342,173,183,203,0.6242410714285714,35,57,96,0.15450892857142856,123,133,155,0.22125
1076,VIDEO_7188189006851575046,101,116,158,0.3989285714285714,197,198,203,0.2488095238095238,27,57,99,0.3522619047619048
1077,VIDEO_7187436390131453190,117,119,128,0.47729166666666667,186,187,192,0.25032738095238094,31,36,49,0.2723809523809524
1078,VIDEO_7184459390143974662,133,123,116,0.42507142857142854,182,167,155,0.28510714285714284,56,53,50,0.28982142857142856
1079,VIDEO_7183477138249485594,63,42,46,0.22485714285714287,8,4,6,0.6404642857142857,151,103,107,0.13467857142857143
1080,VIDEO_7182978974253944069,43,49,62,0.2342857142857143,197,217,237,0.47039285714285717,117,123,140,0.29532142857142857
1081,VIDEO_7177417414542429445,188,197,206,0.3273214285714286,45,74,114,0.35988095238095236,113,135,161,0.31279761904761905
1082,VIDEO_7173695147639655686,75,125,185,0.4625,183,206,225,0.2092857142857143,28,28,45,0.32821428571428574
1083,VIDEO_7172507378498260229,183,206,217,0.34010714285714283,17,61,123,0.3229642857142857,102,130,150,0.3369285714285714
1084,VIDEO_7170730138965970181,93,122,171,0.5011479591836735,32,42,61,0.09056122448979592,152,176,220,0.40829081632653064
1085,VIDEO_7168935772777614597,75,82,88,0.19455357142857144,180,205,230,0.4916517857142857,130,139,144,0.31379464285714287
1086,VIDEO_7165165100075093253,43,35,46,0.18810714285714286,159,91,91,0.3762142857142857,141,129,156,0.4356785714285714
1087,VIDEO_7162123924233358598,195,201,211,0.2989732142857143,121,131,150,0.5644196428571429,56,56,65,0.13660714285714284
1088,VIDEO_7150676745937587462,116,122,144,0.22863095238095238,196,196,209,0.4438988095238095,31,49,86,0.3274702380952381
1089,VIDEO_7145110811000835333,130,135,155,0.5423809523809524,57,69,102,0.21035714285714285,196,197,201,0.24726190476190477
1090,VIDEO_7142874586755976454,28,48,81,0.297,186,182,185,0.3623928571428571,61,101,158,0.34060714285714283
1091,VIDEO_7141029212244233478,30,35,36,0.27514285714285713,113,112,90,0.3965714285714286,153,173,190,0.3282857142857143
1092,VIDEO_7125076892729756933,85,90,76,0.40517857142857144,145,148,149,0.3712755102040816,210,213,212,0.22354591836734694
1093,VIDEO_7122480993948159238,152,177,207,0.3111607142857143,103,121,147,0.5061607142857143,41,47,53,0.18267857142857144
1094,VIDEO_7095777172513721605,135,149,169,0.47785714285714287,33,29,31,0.12517857142857142,179,193,209,0.3969642857142857
1095,VIDEO_7094187420819803398,130,147,172,0.2955357142857143,54,61,81,0.23514285714285715,177,197,223,0.46932142857142856
1096,VIDEO_7093581650163944709,79,113,162,0.1770982142857143,192,200,215,0.5442857142857143,37,70,119,0.2786160714285714
1097,VIDEO_7090931568486763781,152,162,179,0.4899107142857143,182,193,210,0.39166666666666666,48,46,61,0.11842261904761905
1098,VIDEO_7083155569812589829,180,193,215,0.3901428571428571,36,67,113,0.3367142857142857,143,158,184,0.27314285714285713
1099,VIDEO_7082286078417259782,95,113,147,0.35404761904761906,39,33,43,0.2919047619047619,156,172,199,0.35404761904761906
1100,VIDEO_7078325137698770181,35,25,35,0.5033571428571428,172,202,223,0.20257142857142857,110,103,117,0.2940714285714286
1101,VIDEO_7076526059344104709,103,114,134,0.68625,32,42,60,0.135,181,178,179,0.17875
1102,VIDEO_7075734573933530373,41,47,65,0.3607142857142857,191,196,204,0.4510969387755102,89,105,133,0.18818877551020408
1103,VIDEO_7073511726888635653,194,193,198,0.355280612244898,24,39,72,0.3818877551020408,70,89,127,0.2628316326530612
1104,VIDEO_7073146702995279110,99,118,149,0.32775974025974025,40,52,74,0.27230519480519483,179,187,196,0.3999350649350649
1105,VIDEO_7069799098576112901,220,228,243,0.23779761904761904,77,128,163,0.2511111111111111,139,180,216,0.5110912698412698
1106,VIDEO_7068682786437139718,120,125,131,0.4564285714285714,182,183,182,0.4170357142857143,49,40,22,0.12653571428571428
1107,VIDEO_7068298283386506502,63,117,179,0.15982142857142856,196,200,210,0.45166666666666666,19,56,112,0.3885119047619048
1108,VIDEO_7065713702833638662,116,110,114,0.3062797619047619,56,49,55,0.27708333333333335,183,190,204,0.41663690476190474
1109,VIDEO_7063127157068844294,119,119,128,0.23565934065934066,35,49,77,0.40156593406593405,187,185,186,0.36277472527472526
1110,VIDEO_7062740749992971526,91,93,106,0.37180357142857146,171,167,168,0.3923214285714286,44,29,29,0.235875
1111,VIDEO_7061974363939261701,139,138,144,0.4463010204081633,216,214,214,0.38676020408163264,58,53,56,0.16693877551020408
1112,VIDEO_7059302103713402117,27,73,141,0.27279761904761907,183,185,196,0.41776785714285714,100,134,178,0.3094345238095238
1113,VIDEO_7058313871718714629,32,49,83,0.37385714285714283,172,179,194,0.3507142857142857,56,100,161,0.2754285714285714
1114,VIDEO_7057548200625917190,52,68,95,0.29196428571428573,160,158,163,0.5017045454545455,16,14,18,0.20633116883116884
1115,VIDEO_7057200753470950661,81,97,124,0.4874107142857143,173,185,199,0.41482142857142856,40,39,45,0.09776785714285714
1116,VIDEO_7055610539749199109,181,187,196,0.319375,95,124,162,0.34238839285714284,37,63,103,0.33823660714285714
1117,VIDEO_7054582233989958917,199,202,208,0.3493928571428571,99,146,200,0.2599642857142857,54,92,139,0.3906428571428571
1118,VIDEO_7054222416247000325,185,193,204,0.18915816326530613,31,29,38,0.30428571428571427,86,117,164,0.5065561224489796
1119,VIDEO_7051571825989422342,209,209,225,0.3809821428571429,19,81,147,0.39723214285714287,103,142,193,0.22178571428571428
1120,VIDEO_7046370407758286085,75,81,92,0.49470238095238095,36,43,58,0.3344642857142857,133,137,138,0.17083333333333334
1121,VIDEO_7043834307458141446,75,74,80,0.4332142857142857,215,201,177,0.23800595238095237,138,130,128,0.3287797619047619
1122,VIDEO_7043009038623329541,152,177,211,0.3164732142857143,72,61,67,0.19977678571428573,189,206,230,0.48375
1123,VIDEO_7042347189179403525,187,192,205,0.24642857142857144,66,87,120,0.34810714285714284,108,142,182,0.4054642857142857
1124,VIDEO_7041969079246245126,193,203,219,0.6654910714285714,40,30,42,0.1096875,62,98,145,0.22482142857142856
1125,VIDEO_7041603482742230278,206,214,216,0.3520357142857143,95,126,152,0.5733928571428571,29,31,43,0.07457142857142857
1126,VIDEO_7040105390410960133,134,153,177,0.7369642857142857,52,59,76,0.14508928571428573,90,99,117,0.11794642857142858
1127,VIDEO_7039780337739730181,142,154,174,0.9394196428571429,64,60,64,0.052946428571428575,243,245,237,0.007633928571428571
1128,VIDEO_7038638363686997254,105,132,165,0.3975892857142857,181,194,207,0.2779464285714286,48,64,89,0.3244642857142857
1129,VIDEO_7037974894553894150,180,183,204,0.42375,93,87,91,0.44660714285714287,166,149,139,0.12964285714285714
1130,VIDEO_7037757089799818502,76,73,73,0.40637987012987015,245,244,246,0.1743344155844156,131,133,141,0.41928571428571426
1131,VIDEO_7037532518978964741,57,62,80,0.3138988095238095,166,186,213,0.4160714285714286,98,104,121,0.2700297619047619
1132,VIDEO_7036807584111709445,88,104,129,0.4439642857142857,39,49,70,0.23339285714285715,170,173,180,0.3226428571428571
1133,VIDEO_7028978217117682949,58,57,59,0.20351190476190475,199,210,216,0.1725,121,133,150,0.6239880952380953
1134,VIDEO_7026756047805205766,221,227,228,0.6055803571428572,34,36,38,0.29285714285714287,129,140,129,0.1015625
1135,VIDEO_7025927416061250821,177,186,201,0.35982142857142857,38,39,47,0.2585969387755102,111,121,141,0.3815816326530612
1136,VIDEO_7020800251950927109,76,99,135,0.3967857142857143,180,181,185,0.19535714285714287,115,132,163,0.40785714285714286
1137,VIDEO_7018826174767942918,116,122,130,0.3317063492063492,64,67,73,0.49257936507936506,192,192,194,0.1757142857142857
1138,VIDEO_7018383080205356293,173,207,228,0.823125,68,45,69,0.08272321428571429,116,131,153,0.09415178571428572
1139,VIDEO_7001054542804667653,185,185,191,0.4557589285714286,60,66,81,0.16339285714285715,117,129,153,0.3808482142857143
1140,VIDEO_6943540424141491461,64,69,88,0.19989285714285715,181,169,158,0.3271428571428571,133,115,116,0.4729642857142857
1141,VIDEO_6935817751898426629,109,137,179,0.3757142857142857,31,62,113,0.4062142857142857,207,211,222,0.21807142857142858
1142,VIDEO_6927665892457237765,124,129,158,0.3416666666666667,182,174,182,0.3212202380952381,80,82,112,0.33711309523809524
1143,VIDEO_6796364077095472389,171,171,176,0.4382142857142857,21,40,74,0.49110714285714285,170,36,26,0.07067857142857142
1144,VIDEO_6796363351816555782,21,38,75,0.5089285714285714,192,192,193,0.24967857142857142,98,112,135,0.24139285714285713
1145,VIDEO_6795606002222796037,237,165,108,0.5208928571428572,35,48,70,0.33,79,94,119,0.14910714285714285
1146,VIDEO_6794470373212589317,157,134,106,0.1324107142857143,203,209,210,0.7854017857142858,84,76,64,0.0821875
1147,VIDEO_6793765694619143430,111,126,147,0.41208333333333336,57,43,38,0.41422619047619047,201,196,184,0.1736904761904762
1148,VIDEO_6793347939294072069,6,112,177,0.42578571428571427,228,234,239,0.46482142857142855,165,145,157,0.10939285714285714
1149,VIDEO_6792133610360065285,198,194,194,0.4147321428571429,65,70,84,0.13413690476190476,128,131,141,0.45113095238095235
1150,VIDEO_6792131260543225094,54,106,167,0.2244047619047619,178,189,200,0.456875,13,51,100,0.3187202380952381
1151,VIDEO_7597437745258073400,168,189,214,0.5555631868131868,49,58,68,0.20721153846153847,126,143,164,0.23722527472527472
1152,VIDEO_7595900789546044684,29,58,93,0.25186224489795916,102,130,160,0.46785714285714286,187,200,209,0.280280612244898
1153,VIDEO_7593820955810598156,138,161,162,0.7183928571428572,14,24,26,0.16592857142857143,72,94,96,0.11567857142857142
1154,VIDEO_7593673061476420920,174,199,222,0.4694047619047619,50,56,66,0.21696428571428572,128,141,156,0.3136309523809524
1155,VIDEO_7586689516153343288,36,42,48,0.3763988095238095,180,195,211,0.2130654761904762,107,117,128,0.4105357142857143
1156,VIDEO_7584927758497697035,125,164,172,0.3459285714285714,36,48,48,0.22725,190,207,206,0.4268214285714286
1157,VIDEO_7580037763580415244,202,208,225,0.38845238095238094,22,29,52,0.4051190476190476,99,102,125,0.20642857142857143
1158,VIDEO_7578641094464867595,34,43,48,0.094,193,215,221,0.7690357142857143,122,147,153,0.1369642857142857
1159,VIDEO_7577087400501857592,186,198,207,0.6002380952380952,48,49,54,0.20580357142857142,119,126,131,0.19395833333333334
1160,VIDEO_7575902535349816588,62,125,155,0.20660714285714285,216,228,223,0.6360714285714286,30,44,55,0.15732142857142858
1161,VIDEO_7570044496004533516,123,128,121,0.23665178571428572,26,25,26,0.46464285714285714,195,202,200,0.2987053571428571
1162,VIDEO_7569526874024512780,0,0,0,0.6778571428571428,127,123,122,0.2780952380952381,88,80,81,0.04404761904761905
1163,VIDEO_7565955844764863755,39,81,129,0.4542857142857143,201,210,217,0.36336309523809524,126,147,168,0.18235119047619047
1164,VIDEO_7559134249731853579,129,136,163,0.5619047619047619,180,166,191,0.4068452380952381,61,66,81,0.03125
1165,VIDEO_7553173878785297720,75,77,72,0.5001785714285715,214,218,224,0.30839285714285714,124,128,122,0.19142857142857142
1166,VIDEO_7545528304237841720,134,130,112,0.35619047619047617,45,43,43,0.4023511904761905,162,186,212,0.24145833333333333
1167,VIDEO_7537787296209259782,184,198,179,0.22191964285714286,125,139,88,0.3921428571428571,63,72,43,0.3859375
1168,VIDEO_7527665793501318456,98,124,154,0.19982142857142857,32,62,105,0.37540178571428573,200,206,208,0.42477678571428573
1169,VIDEO_7524995526518000901,177,174,144,0.3042142857142857,57,120,195,0.26671428571428574,86,93,68,0.42907142857142855
1170,VIDEO_7520150754858896645,93,134,174,0.47164285714285714,179,196,200,0.19742857142857143,50,62,63,0.3309285714285714
1171,VIDEO_7517644986310020408,118,127,88,0.2800297619047619,149,176,200,0.42375,53,63,45,0.2962202380952381
1172,VIDEO_7488241037907905797,64,73,86,0.4480654761904762,123,132,138,0.3113095238095238,174,178,168,0.240625
1173,VIDEO_7479794065983147269,130,139,153,0.31736607142857143,179,189,204,0.5315625,60,66,78,0.15107142857142858
1174,VIDEO_7470863926922579205,185,193,204,0.4469642857142857,47,69,101,0.18669642857142857,139,149,164,0.3663392857142857
1175,VIDEO_7463089844516965637,128,134,135,0.3223214285714286,31,36,41,0.10178571428571428,182,188,186,0.5758928571428571
1176,VIDEO_7461940902890605829,57,112,165,0.28089285714285717,174,182,186,0.5407142857142857,45,70,99,0.17839285714285713
1177,VIDEO_7426721230721453318,139,136,147,0.03857142857142857,181,180,192,0.9308928571428572,81,78,87,0.030535714285714284
1178,VIDEO_7415576931577433349,95,97,109,0.32788690476190474,32,27,32,0.3645535714285714,178,178,185,0.3075595238095238
1179,VIDEO_7349173304613162246,125,138,174,0.3218214285714286,195,198,219,0.2991785714285714,71,84,117,0.379
1180,VIDEO_7348384350297165061,137,144,169,0.2569642857142857,25,25,34,0.32761904761904764,223,215,217,0.41541666666666666
1181,VIDEO_7346623546229099781,161,168,194,0.6779166666666666,65,67,81,0.11375,130,127,148,0.20833333333333334
1182,VIDEO_7345477638619778309,49,51,46,0.2262797619047619,204,207,212,0.5020535714285714,115,133,156,0.27166666666666667
1183,VIDEO_7341020687345192197,118,129,170,0.3618154761904762,46,46,61,0.08842261904761904,213,213,221,0.5497619047619048
1184,VIDEO_7333701921573850374,27,25,60,0.4945,87,90,132,0.3744642857142857,199,199,210,0.13103571428571428
1185,VIDEO_7332928025517903109,59,60,83,0.17964285714285713,215,219,239,0.7540625,119,117,142,0.06629464285714286
1186,VIDEO_7329985883539541253,48,97,153,0.4653316326530612,161,180,205,0.4835969387755102,60,20,29,0.05107142857142857
1187,VIDEO_7329596850804100358,143,142,153,0.14542857142857143,53,54,67,0.16867857142857143,211,212,222,0.6858928571428572
1188,VIDEO_7328066217929985286,27,34,53,0.20004464285714285,209,209,209,0.23700892857142858,122,148,182,0.5629464285714286
1189,VIDEO_7325861199604665606,53,54,56,0.503125,185,199,224,0.29191964285714284,103,106,114,0.20495535714285715
1190,VIDEO_7323237610665544966,200,206,224,0.3920982142857143,124,136,175,0.34464285714285714,69,76,111,0.2632589285714286
1191,VIDEO_7320606856995523846,176,194,214,0.5332589285714285,133,150,166,0.33066964285714284,74,86,95,0.13607142857142857
1192,VIDEO_7319511492888366342,211,212,222,0.6921428571428572,51,53,66,0.16585714285714287,141,140,150,0.142
1193,VIDEO_7267229404584037638,26,30,35,0.4960267857142857,169,171,173,0.21191964285714285,63,75,89,0.2920535714285714
1194,VIDEO_7221953102184779013,34,54,81,0.05255952380952381,218,221,232,0.6539880952380952,175,178,187,0.29345238095238096
1195,VIDEO_7217463144069844230,65,54,44,0.2754017857142857,194,191,194,0.38839285714285715,156,127,82,0.33620535714285715
1196,VIDEO_7214396955810680069,198,208,218,0.3558928571428571,118,135,157,0.4674642857142857,37,44,64,0.17664285714285713
1197,VIDEO_7207818125402852613,0,0,0,0.17226190476190475,32,42,48,0.6930654761904762,159,173,174,0.13467261904761904
1198,VIDEO_7201892299112992005,210,212,220,0.555,103,122,178,0.4188095238095238,24,24,35,0.02619047619047619
1199,VIDEO_7199338065867934982,19,16,16,0.9066964285714286,229,220,213,0.03877976190476191,141,92,40,0.05452380952380952
1200,VIDEO_7198947136300403974,197,199,196,0.7167261904761905,36,36,36,0.22092261904761903,132,137,140,0.06235119047619048
1201,VIDEO_7197470706416815365,203,206,220,0.4,60,53,62,0.2074404761904762,139,146,176,0.3925595238095238
1202,VIDEO_7189955800851320070,101,119,154,0.4398214285714286,51,62,85,0.3591785714285714,182,192,214,0.201
1203,VIDEO_7189175939098561798,150,152,156,0.1915,58,59,55,0.46375,220,233,242,0.34475
1204,VIDEO_7187448552354794758,64,66,93,0.3768452380952381,201,176,159,0.2649702380952381,139,118,128,0.3581845238095238
1205,VIDEO_7185872343988702470,164,110,99,0.21924107142857144,204,205,204,0.5054464285714285,78,35,43,0.2753125
1206,VIDEO_7184475894335950085,196,200,214,0.32511904761904764,56,76,106,0.3104315476190476,141,146,162,0.36444940476190474
1207,VIDEO_7182983364293430533,19,19,19,0.5135714285714286,198,198,198,0.2515178571428571,91,91,91,0.23491071428571428
1208,VIDEO_7179319229924084997,149,147,154,0.4029081632653061,93,92,100,0.19706632653061223,188,185,190,0.4000255102040816
1209,VIDEO_7176635190469512453,119,116,117,0.09017857142857143,197,194,196,0.7118571428571429,51,48,49,0.1979642857142857
1210,VIDEO_7175864609029491974,42,45,57,0.3656845238095238,196,195,200,0.29988095238095236,121,123,134,0.3344345238095238
1211,VIDEO_7174823379453644037,160,160,160,0.4269047619047619,100,100,101,0.3342559523809524,28,28,28,0.23883928571428573
1212,VIDEO_7087984641864502534,197,200,214,0.2547857142857143,94,132,176,0.4382142857142857,50,54,78,0.307
1213,VIDEO_7087653844863208709,105,85,87,0.37276785714285715,42,22,36,0.5005357142857143,191,174,159,0.12669642857142857
1214,VIDEO_7087592356664315141,47,49,50,0.1771565934065934,210,212,216,0.4378434065934066,92,121,148,0.385
1215,VIDEO_7086527236471311622,191,195,203,0.3487142857142857,75,122,159,0.5177142857142857,33,43,57,0.13357142857142856
1216,VIDEO_7086144769222511877,154,165,186,0.6751190476190476,100,113,126,0.19625,41,42,51,0.12863095238095237
1217,VIDEO_7086111451965869317,31,34,46,0.3464285714285714,125,140,162,0.38542857142857145,195,199,204,0.2681428571428571
1218,VIDEO_7085748815449312517,15,16,28,0.3577142857142857,134,141,154,0.3394285714285714,58,68,102,0.3028571428571429
1219,VIDEO_7085404371671846150,192,210,218,0.6919642857142857,37,43,47,0.1496875,165,181,189,0.15834821428571427
1220,VIDEO_7085367737178000646,181,184,198,0.2999702380952381,93,119,169,0.4087202380952381,57,57,85,0.2913095238095238
1221,VIDEO_7084552539126926597,106,94,108,0.373125,46,31,37,0.49973214285714285,206,197,194,0.12714285714285714
1222,VIDEO_7083526112558517510,171,179,199,0.5996785714285714,116,134,158,0.27767857142857144,39,52,70,0.12264285714285714
1223,VIDEO_7083159832185933061,185,201,218,0.21071428571428572,52,78,124,0.4004017857142857,117,141,188,0.38888392857142856
1224,VIDEO_7082386924677205253,45,53,70,0.28660714285714284,200,197,201,0.3952380952380952,84,118,158,0.3181547619047619
1225,VIDEO_7082037036730813701,170,181,200,0.7304166666666667,54,39,51,0.13202380952380952,109,111,125,0.1375595238095238
1226,VIDEO_7081701013891157253,35,38,49,0.15513392857142858,147,152,163,0.7433928571428572,91,97,105,0.10147321428571429
1227,VIDEO_7081323710442917125,103,133,153,0.2000595238095238,170,180,198,0.616875,48,55,66,0.1830654761904762
1228,VIDEO_7081276473687985413,157,160,169,0.7764880952380953,67,79,96,0.18279761904761904,65,153,233,0.04071428571428572
1229,VIDEO_7080583186522098949,151,155,167,0.5342261904761905,34,36,44,0.3336904761904762,75,84,102,0.13208333333333333
1230,VIDEO_7080535307816291589,155,166,183,0.5404464285714285,30,33,67,0.1654017857142857,89,113,154,0.29415178571428574
1231,VIDEO_7079836018203020549,5,11,9,0.8184077380952381,214,199,172,0.04074404761904762,67,62,53,0.14084821428571428
1232,VIDEO_7079418950315969798,55,58,69,0.3102232142857143,93,128,159,0.52125,205,214,225,0.16852678571428573
1233,VIDEO_7079071645771500806,173,189,206,0.5694047619047619,32,76,123,0.2494047619047619,71,127,181,0.18119047619047618
1234,VIDEO_7078352231413697797,169,187,205,0.7301785714285715,33,42,52,0.20291666666666666,105,120,132,0.06690476190476191
1235,VIDEO_7077597321667546373,125,137,154,0.3863690476190476,39,56,95,0.22678571428571428,183,189,203,0.3868452380952381
1236,VIDEO_7076502785742720261,173,189,203,0.39413690476190477,132,124,119,0.3158035714285714,68,56,56,0.2900595238095238
1237,VIDEO_7076131060420988165,43,43,57,0.25214285714285717,72,125,157,0.2532142857142857,159,170,186,0.49464285714285716
1238,VIDEO_7074644027190103302,63,78,98,0.23933035714285714,193,205,240,0.36848214285714287,152,168,197,0.3921875
1239,VIDEO_7073906588079246598,71,105,134,0.2355612244897959,178,183,202,0.5640816326530612,37,47,41,0.20035714285714284
1240,VIDEO_7073547434244328709,18,20,30,0.06459821428571429,194,195,205,0.6128571428571429,43,67,129,0.32254464285714285
1241,VIDEO_7073513732395044102,56,104,166,0.2839285714285714,188,200,215,0.5232589285714285,42,38,56,0.1928125
1242,VIDEO_7072780188018380038,51,41,50,0.4199837662337662,172,170,175,0.21892857142857142,123,92,89,0.3610876623376623
1243,VIDEO_7072060893818899717,181,193,214,0.2794642857142857,53,55,63,0.18992857142857142,145,154,174,0.5306071428571428
1244,VIDEO_7071272326746230021,16,17,19,0.40725,174,169,164,0.29964285714285716,87,88,86,0.29310714285714284
1245,VIDEO_7070907935722917126,189,193,206,0.40775,31,58,94,0.348,83,112,162,0.24425
1246,VIDEO_7070569241413422342,35,45,52,0.20113095238095238,140,149,165,0.71625,86,95,105,0.08261904761904762
1247,VIDEO_7070218376328563973,161,138,197,0.34273809523809523,24,23,37,0.10970238095238095,95,96,156,0.5475595238095238
1248,VIDEO_7069844079122599173,98,111,123,0.18523809523809523,153,164,185,0.6935119047619047,40,42,50,0.12125
1249,VIDEO_7068731699701484806,121,114,104,0.2845535714285714,36,31,29,0.5975446428571428,198,202,203,0.11790178571428571
1250,VIDEO_7067985901011373317,20,59,101,0.18111607142857142,67,122,187,0.4823660714285714,133,173,219,0.33651785714285715
1251,VIDEO_7067623396279930117,6,41,67,0.365952380952381,194,202,209,0.6005952380952381,84,105,122,0.033452380952380956
1252,VIDEO_7066474035613388037,151,162,182,0.23139880952380953,188,203,225,0.5535714285714286,58,59,73,0.21502976190476192
1253,VIDEO_7065769954695564550,118,106,142,0.48482142857142857,29,18,36,0.165625,167,115,131,0.3495535714285714
1254,VIDEO_7064650116321250566,109,138,213,0.3389732142857143,57,71,140,0.021964285714285714,81,113,197,0.6390625
1255,VIDEO_7064585014561754373,56,55,66,0.2211607142857143,234,239,247,0.2538392857142857,149,160,182,0.525
1256,VIDEO_7064244808700726533,178,185,215,0.9233035714285714,45,34,66,0.0571875,113,122,149,0.019508928571428573
1257,VIDEO_7063505399307144454,224,230,237,0.39791666666666664,31,66,94,0.4192261904761905,115,154,187,0.18285714285714286
1258,VIDEO_7062046390570061061,204,219,229,0.5993154761904762,39,55,70,0.1854761904761905,123,141,154,0.21520833333333333
1259,VIDEO_7061663961090936070,165,169,190,0.6947857142857143,31,32,42,0.05971428571428571,71,95,139,0.2455
1260,VIDEO_7061273234259610885,116,158,196,0.43970238095238096,167,194,218,0.4745238095238095,42,65,93,0.08577380952380953
1261,VIDEO_7060513660975844614,57,104,126,0.3042261904761905,223,222,224,0.4332142857142857,127,178,198,0.2625595238095238
1262,VIDEO_7060191695681375493,42,48,62,0.2930654761904762,207,212,219,0.22901785714285713,80,121,160,0.47791666666666666
1263,VIDEO_7059832468412583173,172,181,197,0.4805714285714286,54,119,164,0.3792142857142857,52,34,55,0.1402142857142857
1264,VIDEO_7059747853035441414,40,44,45,0.20032142857142857,78,123,149,0.48014285714285715,182,185,188,0.3195357142857143
1265,VIDEO_7059442492080491781,45,45,58,0.2887202380952381,82,122,172,0.4869047619047619,165,179,204,0.224375
1266,VIDEO_7059081815985818886,87,51,32,0.4010714285714286,202,123,67,0.29946428571428574,140,138,136,0.29946428571428574
1267,VIDEO_7058348964306783493,66,101,139,0.2841741071428571,105,147,220,0.5199330357142857,14,51,92,0.19589285714285715
1268,VIDEO_7057221943623306501,61,122,177,0.45285714285714285,23,42,72,0.1725,176,184,205,0.37464285714285717
1269,VIDEO_7056858947935915270,203,171,196,0.36375,137,141,183,0.6119196428571428,80,73,95,0.024330357142857143
1270,VIDEO_7056423267564899590,206,198,196,0.32955357142857145,63,115,168,0.394375,58,45,33,0.2760714285714286
1271,VIDEO_7054964457310539013,34,57,95,0.3874642857142857,132,180,228,0.2735,89,131,187,0.3390357142857143
1272,VIDEO_7054255399968476422,121,110,145,0.46714285714285714,47,37,59,0.234375,181,161,164,0.29848214285714286
1273,VIDEO_7053886455805955333,159,171,187,0.3909285714285714,45,42,54,0.2772142857142857,107,117,132,0.33185714285714285
1274,VIDEO_7053136217717607686,87,130,175,0.4050357142857143,184,191,206,0.4099285714285714,42,63,94,0.18503571428571428
1275,VIDEO_7041160388334980357,228,233,239,0.6392091836734693,48,52,51,0.18301020408163265,117,135,153,0.17778061224489797
1276,VIDEO_7038692809985051909,61,58,60,0.26698979591836736,204,201,205,0.6091836734693877,124,124,125,0.1238265306122449
1277,VIDEO_6980696986135710981,106,127,100,0.3532589285714286,137,175,219,0.4262053571428571,51,65,51,0.22053571428571428
1278,VIDEO_6946128715000663301,169,165,164,0.1267091836734694,244,243,244,0.8162882653061224,80,73,70,0.05700255102040816
1279,VIDEO_6945377653587266822,204,214,222,0.7225892857142857,86,106,111,0.07678571428571429,151,184,196,0.200625
1280,VIDEO_6934012329067597061,26,45,62,0.3064732142857143,106,118,157,0.4283482142857143,206,155,194,0.26517857142857143
1281,VIDEO_6926459852134845701,39,42,49,0.27291666666666664,190,195,208,0.4388690476190476,85,109,150,0.2882142857142857
1282,VIDEO_6921676134212029701,190,194,209,0.7012857142857143,135,136,141,0.19832142857142857,76,77,80,0.10039285714285714
1283,VIDEO_6918691694791691525,173,174,161,0.39107142857142857,83,122,123,0.41785714285714287,20,23,24,0.19107142857142856
1284,VIDEO_6897900291631402242,107,117,136,0.19851190476190475,188,197,212,0.5186309523809524,41,47,53,0.28285714285714286
1285,VIDEO_6895288761354112258,63,78,100,0.3041964285714286,204,198,196,0.37666666666666665,129,139,155,0.31913690476190476
1286,VIDEO_6876847536938749185,46,51,58,0.23989285714285713,193,205,224,0.4389642857142857,133,142,157,0.3211428571428571
1287,VIDEO_7598953535165959426,138,155,170,0.11964285714285715,167,190,206,0.8316517857142857,26,26,36,0.04870535714285714
1288,VIDEO_7598574537407548694,181,191,197,0.3146130952380952,64,78,99,0.3281845238095238,139,150,160,0.35720238095238094
1289,VIDEO_7597422827196763414,147,159,170,0.5857142857142857,199,216,232,0.28950892857142857,41,43,46,0.12477678571428572
1290,VIDEO_7596412614402460950,121,134,152,0.15892857142857142,159,178,204,0.6879910714285714,66,74,84,0.15308035714285714
1291,VIDEO_7594160012247797014,101,117,147,0.6212202380952381,179,182,192,0.23979166666666665,43,51,65,0.13898809523809524
1292,VIDEO_7593664206210157827,121,127,133,0.1419642857142857,158,169,185,0.7591666666666667,109,103,48,0.09886904761904762
1293,VIDEO_7591891163175554326,144,150,159,0.40754464285714287,192,194,197,0.15223214285714284,72,106,153,0.44022321428571426
1294,VIDEO_7587478416618736918,116,130,145,0.20760714285714285,58,31,39,0.11914285714285715,166,180,193,0.67325
1295,VIDEO_7586630099286510870,146,162,180,0.6716964285714285,63,73,79,0.13348214285714285,187,204,221,0.19482142857142856
1296,VIDEO_7580000663845850390,103,132,162,0.467202380952381,189,208,224,0.4555952380952381,22,31,43,0.07720238095238095
1297,VIDEO_7578151818585328918,180,190,200,0.33145833333333335,31,35,43,0.11842261904761905,118,131,148,0.5501190476190476
1298,VIDEO_7576319921030827286,154,156,158,0.21950892857142856,48,72,105,0.42026785714285714,198,198,195,0.3602232142857143
1299,VIDEO_7575110522522144022,134,147,158,0.5124107142857143,45,51,58,0.23995535714285715,188,198,211,0.24763392857142857
1300,VIDEO_7570012092829748502,77,103,135,0.5520357142857143,206,204,197,0.07746428571428571,96,145,194,0.3705
1301,VIDEO_7566632651352853782,26,23,41,0.2284642857142857,174,189,205,0.5523928571428571,128,140,161,0.21914285714285714
1302,VIDEO_7553223847730777346,193,200,203,0.5642857142857143,77,78,77,0.1619047619047619,136,136,135,0.27380952380952384
1303,VIDEO_7523154104273915158,50,52,52,0.2958418367346939,169,178,163,0.38461734693877553,114,117,104,0.3195408163265306
1304,VIDEO_7520582757412556054,47,55,70,0.14160714285714285,214,213,211,0.20299107142857142,99,112,135,0.6554017857142858
1305,VIDEO_7495368561821535510,137,149,166,0.30060714285714285,55,76,104,0.304,197,207,218,0.39539285714285716
1306,VIDEO_7493891893026180374,144,156,169,0.5829336734693877,55,65,73,0.15492346938775511,187,206,225,0.2621428571428571
1307,VIDEO_7491632736105450774,131,139,157,0.24657738095238096,186,190,200,0.6749404761904761,56,63,85,0.07848214285714286
1308,VIDEO_7486822725684792599,152,160,168,0.6103571428571428,205,218,227,0.22564285714285715,72,77,82,0.164
1309,VIDEO_7483098002547100950,173,175,176,0.42232142857142857,50,39,44,0.2686904761904762,105,108,114,0.30898809523809523
1310,VIDEO_7481624954484690198,169,189,207,0.46125,51,49,49,0.2850595238095238,120,135,146,0.2536904761904762
1311,VIDEO_7477935287646063894,224,226,230,0.4904910714285714,135,160,187,0.42482142857142857,57,62,73,0.0846875
1312,VIDEO_7473224176086584598,172,180,195,0.3427678571428571,40,43,56,0.17616071428571428,137,145,164,0.4810714285714286
1313,VIDEO_7471566242168491286,205,209,211,0.30738095238095237,140,144,151,0.33380952380952383,93,104,125,0.3588095238095238
1314,VIDEO_7471289820795374870,101,118,147,0.3476190476190476,35,46,64,0.19232142857142856,184,190,203,0.4600595238095238
1315,VIDEO_7470495287212084503,98,105,116,0.19283163265306122,186,194,203,0.49278061224489794,145,153,163,0.3143877551020408
1316,VIDEO_7469067273794456854,53,66,83,0.18678571428571428,117,140,166,0.5375357142857143,188,196,204,0.27567857142857144
1317,VIDEO_7466514918137728278,181,189,200,0.6406428571428572,41,47,59,0.14189285714285715,111,121,138,0.21746428571428572
1318,VIDEO_7466106459403701526,90,109,136,0.19178571428571428,136,172,218,0.7248214285714286,34,49,67,0.08339285714285714
1319,VIDEO_7465714414814137623,203,204,207,0.25086309523809525,68,60,63,0.34154761904761904,153,153,157,0.4075892857142857
1320,VIDEO_7453069595327384865,163,158,173,0.10622023809523809,14,67,112,0.4635714285714286,205,198,208,0.43020833333333336
1321,VIDEO_7447538385993895201,188,197,204,0.32839285714285715,83,97,108,0.3330714285714286,132,146,157,0.3385357142857143
1322,VIDEO_7447184186034654496,47,42,46,0.2025,163,165,170,0.51375,90,87,89,0.28375
1323,VIDEO_7446341554735828256,147,170,204,0.49707142857142855,73,80,73,0.07635714285714286,163,191,229,0.42657142857142855
1324,VIDEO_7399975638112783649,121,146,172,0.5126785714285714,176,187,206,0.3069642857142857,59,87,115,0.18035714285714285
1325,VIDEO_7390334004001639713,151,175,92,0.36810714285714285,71,93,37,0.32739285714285715,181,203,207,0.3045
1326,VIDEO_7372132003078032672,112,113,115,0.48478571428571426,18,18,18,0.23869642857142856,187,190,191,0.27651785714285715
1327,VIDEO_7351073088601148704,221,224,227,0.18428571428571427,131,145,159,0.5947619047619047,46,55,72,0.22095238095238096
1328,VIDEO_7343970143497653537,138,152,174,0.12892857142857142,225,233,241,0.7204761904761905,46,63,90,0.1505952380952381
1329,VIDEO_7341738165746634017,41,57,87,0.327984693877551,119,135,158,0.3277551020408163,205,208,210,0.34426020408163266
1330,VIDEO_7340356860299496736,158,168,185,0.7383214285714286,56,60,71,0.10332142857142858,119,126,141,0.15835714285714286
1331,VIDEO_7333562774750088480,44,41,49,0.21960714285714286,190,205,212,0.5959642857142857,141,125,120,0.18442857142857144
1332,VIDEO_7327710709201014049,52,103,146,0.4014285714285714,144,182,208,0.4574404761904762,22,39,60,0.14113095238095238
1333,VIDEO_7323667240933444896,86,92,100,0.7823571428571429,159,160,155,0.17607142857142857,26,25,31,0.04157142857142857
1334,VIDEO_7321012358594235681,173,187,212,0.6150595238095238,38,44,54,0.21464285714285714,111,120,137,0.17029761904761906
1335,VIDEO_7319919643378912544,49,59,74,0.4974404761904762,10,15,25,0.3757738095238095,140,141,137,0.12678571428571428
1336,VIDEO_7318832237842156832,4,3,4,0.7705357142857143,202,194,190,0.1138095238095238,98,100,62,0.1156547619047619
1337,VIDEO_7315822267781467424,59,63,74,0.3415625,27,31,41,0.6468303571428572,198,199,205,0.011607142857142858
1338,VIDEO_7309133635578236192,124,136,158,0.48526785714285714,39,47,66,0.19924107142857142,189,196,206,0.3154910714285714
1339,VIDEO_7307971449870994720,188,200,215,0.38625,50,48,54,0.1326190476190476,144,158,179,0.4811309523809524
1340,VIDEO_7303968237966904609,74,68,59,0.23101190476190475,194,198,204,0.5204166666666666,131,125,120,0.24857142857142858
1341,VIDEO_7297205575501270304,181,195,213,0.6483035714285714,56,56,38,0.2002232142857143,118,124,119,0.15147321428571428
1342,VIDEO_7291228337123511585,42,38,43,0.477780612244898,125,130,141,0.4734438775510204,249,249,249,0.048775510204081635
1343,VIDEO_7286830586478578976,140,101,82,0.26125,199,212,227,0.44504464285714285,35,32,30,0.2937053571428571
1344,VIDEO_7283105183352016160,205,204,196,0.30294642857142856,138,147,146,0.6246875,62,69,74,0.07236607142857143
1345,VIDEO_7274897399045246241,162,184,202,0.4803125,27,28,23,0.20209821428571428,111,119,102,0.31758928571428574
1346,VIDEO_7267879991004761376,63,69,52,0.3645357142857143,183,196,219,0.30925,93,131,164,0.32621428571428573
1347,VIDEO_7261958198775532832,71,86,59,0.3360714285714286,172,183,157,0.3382142857142857,97,151,193,0.32571428571428573
