id,aspect_ratio,video_duration,release_year,text_len,nb_hashtags,nb_emojis,nb_mentions,hashtag_density,emoji_density,feat_meteo,feat_cta,feat_action,lang_lang_detected_de,lang_lang_detected_en,lang_lang_detected_es,lang_lang_detected_fr,lang_lang_detected_it,lang_lang_detected_unknown
7602656035161050390,0.56,13,2026,64,5,1,0,0.07692307692307693,0.015384615384615385,0,0,1,0.0,1.0,0.0,0.0,0.0,0.0
7590718903144287510,0.56,12,2026,68,5,1,0,0.07246376811594203,0.014492753623188406,0,0,0,0.0,1.0,0.0,0.0,0.0,0.0
7571821778746592534,0.56,13,2025,61,5,2,0,0.08064516129032258,0.03225806451612903,0,0,1,0.0,1.0,0.0,0.0,0.0,0.0
7569927329154190614,0.56,7,2025,67,4,2,0,0.058823529411764705,0.029411764705882353,1,0,1,0.0,1.0,0.0,0.0,0.0,0.0
7566270741134462230,0.56,8,2025,66,5,1,0,0.07462686567164178,0.014925373134328358,1,0,0,0.0,1.0,0.0,0.0,0.0,0.0
7536170254989315350,0.56,12,2025,78,6,3,0,0.0759493670886076,0.0379746835443038,1,0,1,0.0,1.0,0.0,0.0,0.0,0.0
7520640970199698710,0.56,10,2025,86,6,2,0,0.06896551724137931,0.022988505747126436,0,0,0,0.0,1.0,0.0,0.0,0.0,0.0
7496799936558796054,0.56,14,2025,75,5,1,0,0.06578947368421052,0.013157894736842105,0,0,1,1.0,0.0,0.0,0.0,0.0,0.0
7487960173529582870,0.56,8,2025,120,5,3,0,0.04132231404958678,0.024793388429752067,1,0,0,1.0,0.0,0.0,0.0,0.0,0.0
7478712216724802838,0.56,14,2025,92,7,2,0,0.07526881720430108,0.021505376344086023,0,0,1,1.0,0.0,0.0,0.0,0.0,0.0
7470850262840691990,0.56,8,2025,111,8,2,0,0.07142857142857142,0.017857142857142856,0,1,1,1.0,0.0,0.0,0.0,0.0,0.0
7424512450856357153,0.56,8,2024,82,7,2,0,0.08433734939759036,0.024096385542168676,1,0,1,1.0,0.0,0.0,0.0,0.0,0.0
7416286728513735968,0.56,7,2024,102,6,1,0,0.05825242718446602,0.009708737864077669,1,1,0,1.0,0.0,0.0,0.0,0.0,0.0
7374727208394411297,0.56,8,2024,152,11,2,0,0.0718954248366013,0.013071895424836602,1,0,0,1.0,0.0,0.0,0.0,0.0,0.0
7361057454454508833,0.56,10,2024,88,5,2,0,0.056179775280898875,0.02247191011235955,1,0,0,1.0,0.0,0.0,0.0,0.0,0.0
7343975400122354977,0.56,9,2024,190,14,2,0,0.07329842931937172,0.010471204188481676,1,0,1,1.0,0.0,0.0,0.0,0.0,0.0
7322847358646078752,0.56,11,2024,268,13,2,2,0.048327137546468404,0.007434944237918215,1,0,0,1.0,0.0,0.0,0.0,0.0,0.0
7311689753676533024,0.56,8,2023,204,17,2,0,0.08292682926829269,0.00975609756097561,1,0,0,1.0,0.0,0.0,0.0,0.0,0.0
7307595143559859488,0.56,10,2023,221,15,3,1,0.06756756756756757,0.013513513513513514,1,0,1,1.0,0.0,0.0,0.0,0.0,0.0
7298756408994991393,0.56,9,2023,199,14,2,0,0.07,0.01,1,1,1,1.0,0.0,0.0,0.0,0.0,0.0
7272755309658098976,0.56,14,2023,201,12,5,0,0.0594059405940594,0.024752475247524754,1,1,0,1.0,0.0,0.0,0.0,0.0,0.0
7226766521719213338,0.56,7,2023,198,13,2,0,0.06532663316582915,0.010050251256281407,1,0,1,1.0,0.0,0.0,0.0,0.0,0.0
7224139299594194203,0.56,13,2023,173,8,3,0,0.04597701149425287,0.017241379310344827,1,1,1,1.0,0.0,0.0,0.0,0.0,0.0
7208566584535764250,0.56,11,2023,172,13,3,0,0.07514450867052024,0.017341040462427744,1,0,1,1.0,0.0,0.0,0.0,0.0,0.0
7205976379370851589,0.56,9,2023,228,15,4,0,0.06550218340611354,0.017467248908296942,1,1,1,1.0,0.0,0.0,0.0,0.0,0.0
7177404002508803334,0.56,8,2022,153,12,1,0,0.07792207792207792,0.006493506493506494,1,0,1,1.0,0.0,0.0,0.0,0.0,0.0
7164792237543394566,0.56,6,2022,88,3,2,0,0.033707865168539325,0.02247191011235955,1,0,0,1.0,0.0,0.0,0.0,0.0,0.0
7162183685423385862,0.56,14,2022,119,8,1,0,0.06666666666666667,0.008333333333333333,1,0,1,1.0,0.0,0.0,0.0,0.0,0.0
7153997940774882565,0.56,13,2022,122,8,2,0,0.06504065040650407,0.016260162601626018,1,0,0,1.0,0.0,0.0,0.0,0.0,0.0
7143619564775968006,0.56,7,2022,92,6,2,0,0.06451612903225806,0.021505376344086023,1,0,0,1.0,0.0,0.0,0.0,0.0,0.0
7138043316087606533,0.56,14,2022,130,7,2,0,0.05343511450381679,0.015267175572519083,1,0,0,1.0,0.0,0.0,0.0,0.0,0.0
7114705253899029765,0.56,12,2022,179,10,1,0,0.05555555555555555,0.005555555555555556,1,0,0,0.0,1.0,0.0,0.0,0.0,0.0
7107270367303044358,0.56,12,2022,84,6,2,0,0.07058823529411765,0.023529411764705882,1,0,0,1.0,0.0,0.0,0.0,0.0,0.0
7101685930276293894,0.56,7,2022,128,3,3,0,0.023255813953488372,0.023255813953488372,1,0,0,1.0,0.0,0.0,0.0,0.0,0.0
7096121724990655749,0.56,10,2022,119,7,2,0,0.058333333333333334,0.016666666666666666,1,0,0,0.0,1.0,0.0,0.0,0.0,0.0
7079814734664436998,0.56,14,2022,149,5,1,0,0.03333333333333333,0.006666666666666667,0,0,0,1.0,0.0,0.0,0.0,0.0,0.0
7071272731286834437,0.56,7,2022,104,6,1,0,0.05714285714285714,0.009523809523809525,1,0,1,1.0,0.0,0.0,0.0,0.0,0.0
7067569943449046278,0.56,9,2022,89,5,1,0,0.05555555555555555,0.011111111111111112,0,0,1,1.0,0.0,0.0,0.0,0.0,0.0
7063121025394855173,0.56,9,2022,110,7,2,0,0.06306306306306306,0.018018018018018018,1,0,1,1.0,0.0,0.0,0.0,0.0,0.0
7023313220278553862,0.56,13,2021,93,5,2,0,0.05319148936170213,0.02127659574468085,0,0,0,1.0,0.0,0.0,0.0,0.0,0.0
7019559155425955077,0.56,13,2021,120,6,2,0,0.049586776859504134,0.01652892561983471,0,0,0,1.0,0.0,0.0,0.0,0.0,0.0
6958797242429934854,0.56,11,2021,88,5,1,0,0.056179775280898875,0.011235955056179775,1,0,0,0.0,1.0,0.0,0.0,0.0,0.0
6940653001791130885,0.56,11,2021,99,8,1,0,0.08,0.01,1,0,0,0.0,1.0,0.0,0.0,0.0,0.0
6927911225066130693,0.56,8,2021,145,9,1,0,0.06164383561643835,0.00684931506849315,1,0,0,0.0,1.0,0.0,0.0,0.0,0.0
6896446483080482050,0.56,8,2020,148,6,2,0,0.040268456375838924,0.013422818791946308,1,0,0,0.0,1.0,0.0,0.0,0.0,0.0
6893888228848389377,0.56,8,2020,134,6,2,0,0.044444444444444446,0.014814814814814815,1,0,0,0.0,1.0,0.0,0.0,0.0,0.0
6891645296233794817,0.56,9,2020,106,6,1,0,0.056074766355140186,0.009345794392523364,1,0,0,0.0,1.0,0.0,0.0,0.0,0.0
6883561429727726850,0.56,8,2020,129,6,1,0,0.046153846153846156,0.007692307692307693,0,0,0,0.0,1.0,0.0,0.0,0.0,0.0
6876362124260691202,0.56,12,2020,77,5,1,0,0.0641025641025641,0.01282051282051282,1,0,0,0.0,1.0,0.0,0.0,0.0,0.0
6874890977631390978,0.56,14,2020,139,5,2,0,0.03571428571428571,0.014285714285714285,1,0,0,0.0,1.0,0.0,0.0,0.0,0.0
6855731886438763781,0.56,12,2020,121,6,1,0,0.04918032786885246,0.00819672131147541,0,0,0,0.0,1.0,0.0,0.0,0.0,0.0
6852640471013920006,0.56,9,2020,108,6,1,0,0.05504587155963303,0.009174311926605505,0,0,0,0.0,1.0,0.0,0.0,0.0,0.0
6847902541095668997,0.56,13,2020,121,7,2,0,0.05737704918032787,0.01639344262295082,1,0,0,0.0,1.0,0.0,0.0,0.0,0.0
6802558843114114310,0.56,10,2020,149,3,1,0,0.02,0.006666666666666667,1,0,0,0.0,1.0,0.0,0.0,0.0,0.0
7603743614157458710,0.57,7,2026,12,0,1,0,0.0,0.07692307692307693,1,0,0,0.0,1.0,0.0,0.0,0.0,0.0
7595972634450431254,0.56,9,2026,46,0,2,0,0.0,0.0425531914893617,1,0,1,0.0,1.0,0.0,0.0,0.0,0.0
7587402623129636118,0.57,11,2025,309,4,4,3,0.012903225806451613,0.012903225806451613,1,0,1,0.0,1.0,0.0,0.0,0.0,0.0
7587440240327937302,0.57,13,2025,297,4,3,3,0.013422818791946308,0.010067114093959731,1,1,1,0.0,1.0,0.0,0.0,0.0,0.0
7584845578429828375,0.57,13,2025,519,4,6,4,0.007692307692307693,0.011538461538461539,0,1,1,0.0,1.0,0.0,0.0,0.0,0.0
7581822570454879510,0.56,10,2025,204,4,1,2,0.01951219512195122,0.004878048780487805,1,0,0,0.0,1.0,0.0,0.0,0.0,0.0
7579299127637363990,0.56,8,2025,109,4,1,2,0.03636363636363636,0.00909090909090909,0,0,1,0.0,1.0,0.0,0.0,0.0,0.0
7580305629634399510,0.56,7,2025,100,2,2,2,0.019801980198019802,0.019801980198019802,0,0,1,0.0,1.0,0.0,0.0,0.0,0.0
7578925701114481942,0.57,8,2025,477,4,3,2,0.008368200836820083,0.006276150627615063,1,1,1,0.0,0.0,0.0,1.0,0.0,0.0
7577797962017918230,0.57,9,2025,207,4,3,3,0.019230769230769232,0.014423076923076924,1,0,1,0.0,1.0,0.0,0.0,0.0,0.0
7576309328584592643,0.57,6,2025,107,4,3,2,0.037037037037037035,0.027777777777777776,1,0,0,0.0,1.0,0.0,0.0,0.0,0.0
7575167976853228822,0.56,8,2025,122,4,4,2,0.032520325203252036,0.032520325203252036,1,0,0,0.0,1.0,0.0,0.0,0.0,0.0
7574884067729050902,0.56,8,2025,158,4,2,2,0.025157232704402517,0.012578616352201259,1,0,0,0.0,1.0,0.0,0.0,0.0,0.0
7572598154063990038,0.57,9,2025,118,4,3,2,0.03361344537815126,0.025210084033613446,1,0,1,0.0,1.0,0.0,0.0,0.0,0.0
7567386738709073174,0.56,7,2025,127,4,2,2,0.03125,0.015625,0,0,0,0.0,1.0,0.0,0.0,0.0,0.0
7566939859156290838,0.56,9,2025,229,4,2,2,0.017391304347826087,0.008695652173913044,0,1,0,0.0,1.0,0.0,0.0,0.0,0.0
7565890573115165974,0.56,14,2025,143,4,4,2,0.027777777777777776,0.027777777777777776,1,0,0,0.0,1.0,0.0,0.0,0.0,0.0
7563265888623840534,0.56,7,2025,166,4,2,3,0.023952095808383235,0.011976047904191617,1,0,0,0.0,1.0,0.0,0.0,0.0,0.0
7556999098637880598,0.56,12,2025,316,4,3,3,0.012618296529968454,0.00946372239747634,1,0,0,0.0,1.0,0.0,0.0,0.0,0.0
7551795663772798211,0.56,6,2025,164,4,3,2,0.024242424242424242,0.01818181818181818,0,0,0,0.0,1.0,0.0,0.0,0.0,0.0
7549089036447649046,0.56,8,2025,149,4,2,3,0.02666666666666667,0.013333333333333334,0,0,0,0.0,1.0,0.0,0.0,0.0,0.0
7547744113433627926,0.56,9,2025,160,4,0,2,0.024844720496894408,0.0,0,0,0,0.0,1.0,0.0,0.0,0.0,0.0
7542538735116684566,0.56,13,2025,114,4,2,2,0.034782608695652174,0.017391304347826087,1,0,0,0.0,0.0,0.0,1.0,0.0,0.0
7541326779697564930,0.56,11,2025,386,4,6,3,0.0103359173126615,0.015503875968992248,0,0,1,0.0,0.0,0.0,1.0,0.0,0.0
7539973950877584662,0.56,7,2025,225,6,3,2,0.02654867256637168,0.01327433628318584,0,0,1,0.0,1.0,0.0,0.0,0.0,0.0
7535846854743821590,0.56,14,2025,181,4,2,3,0.02197802197802198,0.01098901098901099,0,0,0,0.0,1.0,0.0,0.0,0.0,0.0
7535846685101149462,0.56,11,2025,454,4,3,2,0.008791208791208791,0.006593406593406593,0,1,0,0.0,0.0,0.0,1.0,0.0,0.0
7535846060476976406,0.56,12,2025,174,4,1,2,0.022857142857142857,0.005714285714285714,0,0,0,0.0,1.0,0.0,0.0,0.0,0.0
7535476048444558614,0.56,8,2025,459,4,8,3,0.008695652173913044,0.017391304347826087,1,1,0,0.0,0.0,0.0,1.0,0.0,0.0
7535123405562006806,0.56,6,2025,422,4,3,4,0.009456264775413711,0.0070921985815602835,0,1,0,0.0,0.0,0.0,1.0,0.0,0.0
7533124404062981398,0.56,8,2025,175,4,2,2,0.022727272727272728,0.011363636363636364,0,0,0,0.0,1.0,0.0,0.0,0.0,0.0
7532382235463339286,0.56,14,2025,192,4,1,3,0.02072538860103627,0.0051813471502590676,0,0,0,0.0,1.0,0.0,0.0,0.0,0.0
7528433357093358870,0.56,11,2025,762,4,5,2,0.005242463958060288,0.00655307994757536,1,1,0,0.0,1.0,0.0,0.0,0.0,0.0
7510479503592901910,0.56,14,2025,142,4,1,2,0.027972027972027972,0.006993006993006993,0,0,0,0.0,1.0,0.0,0.0,0.0,0.0
7509512878026788118,0.56,11,2025,543,4,8,3,0.007352941176470588,0.014705882352941176,1,1,0,0.0,0.0,0.0,1.0,0.0,0.0
7504668782045039894,0.56,6,2025,286,4,3,2,0.013937282229965157,0.010452961672473868,0,1,0,0.0,0.0,0.0,1.0,0.0,0.0
7495322095065238806,0.56,7,2025,377,4,2,4,0.010582010582010581,0.005291005291005291,0,0,1,0.0,0.0,0.0,1.0,0.0,0.0
7494238893546474774,0.56,12,2025,124,4,1,2,0.032,0.008,1,0,0,0.0,0.0,0.0,1.0,0.0,0.0
7490222588883422486,0.56,8,2025,182,4,1,3,0.02185792349726776,0.00546448087431694,0,0,1,0.0,0.0,0.0,1.0,0.0,0.0
7488220279244623126,0.56,6,2025,290,4,3,0,0.013745704467353952,0.010309278350515464,0,0,0,0.0,0.0,0.0,1.0,0.0,0.0
7486138878026321174,0.56,13,2025,255,4,2,3,0.015625,0.0078125,0,1,1,0.0,0.0,0.0,1.0,0.0,0.0
7483898615803612418,0.56,6,2025,178,4,1,4,0.0223463687150838,0.00558659217877095,0,0,1,0.0,1.0,0.0,0.0,0.0,0.0
7480918194438278422,0.56,10,2025,178,5,2,4,0.027932960893854747,0.0111731843575419,1,0,1,0.0,1.0,0.0,0.0,0.0,0.0
7480563839319264534,0.56,11,2025,193,4,1,3,0.020618556701030927,0.005154639175257732,1,0,1,0.0,0.0,0.0,1.0,0.0,0.0
7471286673494527254,0.56,13,2025,161,3,1,3,0.018518518518518517,0.006172839506172839,0,1,1,0.0,0.0,0.0,1.0,0.0,0.0
7470532387223407904,0.56,11,2025,530,5,3,2,0.009416195856873822,0.005649717514124294,0,0,0,0.0,0.0,0.0,1.0,0.0,0.0
7468709057516326177,0.56,9,2025,341,6,2,2,0.017543859649122806,0.005847953216374269,0,0,1,0.0,0.0,0.0,1.0,0.0,0.0
7468323433714126112,0.56,13,2025,235,5,2,3,0.0211864406779661,0.00847457627118644,1,1,1,0.0,0.0,0.0,1.0,0.0,0.0
7466109584952855840,0.56,7,2025,201,6,2,3,0.0297029702970297,0.009900990099009901,0,1,0,0.0,0.0,0.0,1.0,0.0,0.0
7463198577188146464,0.56,14,2025,574,6,0,4,0.010434782608695653,0.0,0,1,1,0.0,0.0,0.0,1.0,0.0,0.0
7458328611213298976,0.56,12,2025,162,5,1,2,0.03067484662576687,0.006134969325153374,1,1,0,0.0,0.0,0.0,1.0,0.0,0.0
7451579890048027937,0.56,9,2024,279,5,2,2,0.017857142857142856,0.007142857142857143,1,0,1,0.0,0.0,0.0,1.0,0.0,0.0
7443846446362774817,0.56,12,2024,348,6,6,2,0.017191977077363897,0.017191977077363897,1,0,0,0.0,0.0,0.0,1.0,0.0,0.0
7436439641298865441,0.56,9,2024,48,3,2,0,0.061224489795918366,0.04081632653061224,1,0,0,0.0,0.0,0.0,1.0,0.0,0.0
7423318018853178657,0.56,11,2024,115,5,2,2,0.04310344827586207,0.017241379310344827,1,0,1,0.0,0.0,0.0,1.0,0.0,0.0
7414073681992895776,0.56,11,2024,189,10,2,0,0.05263157894736842,0.010526315789473684,1,0,0,0.0,0.0,0.0,1.0,0.0,0.0
7397062762150513952,0.56,10,2024,92,2,4,1,0.021505376344086023,0.043010752688172046,1,0,0,0.0,0.0,0.0,1.0,0.0,0.0
7395189160081935649,0.56,14,2024,127,1,1,0,0.0078125,0.0078125,0,0,0,0.0,0.0,0.0,1.0,0.0,0.0
7350221322317761825,0.56,8,2024,141,2,0,0,0.014084507042253521,0.0,0,0,0,0.0,0.0,0.0,1.0,0.0,0.0
7343530174526377249,0.56,14,2024,81,4,3,0,0.04878048780487805,0.036585365853658534,1,0,1,0.0,1.0,0.0,0.0,0.0,0.0
7336238126651706656,0.56,10,2024,60,5,1,0,0.08196721311475409,0.01639344262295082,0,0,1,0.0,1.0,0.0,0.0,0.0,0.0
7329933240775527713,0.56,13,2024,287,4,1,3,0.013888888888888888,0.003472222222222222,0,0,0,0.0,0.0,0.0,1.0,0.0,0.0
7329526946751089953,0.56,12,2024,111,5,0,0,0.044642857142857144,0.0,1,0,0,0.0,0.0,0.0,1.0,0.0,0.0
7316851921288006944,0.56,13,2023,578,29,4,4,0.05008635578583765,0.0069084628670120895,1,0,1,0.0,1.0,0.0,0.0,0.0,0.0
7300927450463194400,0.56,14,2023,133,5,3,0,0.03731343283582089,0.022388059701492536,1,0,1,0.0,0.0,0.0,1.0,0.0,0.0
7297177472615861536,0.56,10,2023,128,7,2,2,0.05426356589147287,0.015503875968992248,1,0,0,0.0,0.0,0.0,1.0,0.0,0.0
7296855348714016033,0.56,8,2023,80,6,2,0,0.07407407407407407,0.024691358024691357,1,0,0,0.0,1.0,0.0,0.0,0.0,0.0
7290823677195603233,0.56,7,2023,119,5,1,0,0.041666666666666664,0.008333333333333333,1,0,0,0.0,0.0,0.0,1.0,0.0,0.0
7261565962875358491,0.56,10,2023,150,5,1,2,0.033112582781456956,0.006622516556291391,0,0,0,0.0,0.0,0.0,1.0,0.0,0.0
7260104911830945051,0.56,13,2023,218,5,1,3,0.0228310502283105,0.0045662100456621,0,1,0,0.0,0.0,0.0,1.0,0.0,0.0
7257874855037586714,0.56,14,2023,151,6,2,2,0.039473684210526314,0.013157894736842105,0,0,0,0.0,0.0,1.0,0.0,0.0,0.0
7210751695771553030,0.56,10,2023,147,5,3,3,0.033783783783783786,0.02027027027027027,1,0,1,0.0,0.0,0.0,1.0,0.0,0.0
7193808719287766278,0.56,8,2023,123,3,2,2,0.024193548387096774,0.016129032258064516,0,0,1,0.0,0.0,0.0,1.0,0.0,0.0
7192709681280781574,0.56,9,2023,94,5,3,2,0.05263157894736842,0.031578947368421054,1,0,0,0.0,0.0,0.0,0.0,0.0,1.0
7191884217595219206,0.56,9,2023,69,4,2,0,0.05714285714285714,0.02857142857142857,1,0,1,0.0,0.0,0.0,1.0,0.0,0.0
7190283346373610757,0.56,6,2023,123,5,2,2,0.04032258064516129,0.016129032258064516,1,0,1,0.0,0.0,0.0,1.0,0.0,0.0
7184460864404229381,0.56,7,2023,106,1,2,2,0.009345794392523364,0.018691588785046728,1,0,0,0.0,0.0,0.0,1.0,0.0,0.0
7183681305203330309,0.56,14,2023,111,2,1,0,0.017857142857142856,0.008928571428571428,0,0,0,0.0,0.0,0.0,1.0,0.0,0.0
7171449726158589189,0.56,6,2022,89,6,2,0,0.06666666666666667,0.022222222222222223,1,0,1,0.0,0.0,0.0,1.0,0.0,0.0
7168916057166597382,0.56,7,2022,96,3,3,2,0.030927835051546393,0.030927835051546393,1,0,0,0.0,0.0,0.0,1.0,0.0,0.0
7164397666472873222,0.56,7,2022,68,4,1,0,0.057971014492753624,0.014492753623188406,1,0,0,0.0,0.0,0.0,1.0,0.0,0.0
7161354120849427717,0.56,7,2022,66,4,3,0,0.05970149253731343,0.04477611940298507,0,0,0,0.0,0.0,1.0,0.0,0.0,0.0
7143175958978186502,0.56,10,2022,85,3,5,2,0.03488372093023256,0.05813953488372093,0,0,0,0.0,0.0,0.0,0.0,0.0,1.0
7132514036276628742,0.56,9,2022,96,3,1,2,0.030927835051546393,0.010309278350515464,0,0,0,0.0,0.0,0.0,1.0,0.0,0.0
7124374690520419590,0.56,6,2022,83,7,1,0,0.08333333333333333,0.011904761904761904,0,0,0,0.0,0.0,0.0,1.0,0.0,0.0
7094270154275605765,0.56,9,2022,89,4,2,1,0.044444444444444446,0.022222222222222223,0,0,0,0.0,1.0,0.0,0.0,0.0,0.0
6958338154617228549,0.79,14,2021,123,7,0,0,0.056451612903225805,0.0,0,0,0,0.0,0.0,0.0,1.0,0.0,0.0
6955364241213771014,0.56,11,2021,96,5,2,0,0.05154639175257732,0.020618556701030927,0,0,0,0.0,0.0,0.0,1.0,0.0,0.0
6921604099553119494,0.56,14,2021,110,2,3,2,0.018018018018018018,0.02702702702702703,0,0,0,0.0,0.0,0.0,1.0,0.0,0.0
7604808799404264726,0.56,11,2026,74,5,3,0,0.06666666666666667,0.04,1,0,1,0.0,1.0,0.0,0.0,0.0,0.0
7603273994216738070,0.56,11,2026,515,5,6,2,0.009689922480620155,0.011627906976744186,0,1,0,0.0,1.0,0.0,0.0,0.0,0.0
7596993704146046230,0.56,9,2026,142,4,0,0,0.027972027972027972,0.0,1,0,1,0.0,1.0,0.0,0.0,0.0,0.0
7593041331174362390,0.56,13,2026,115,5,1,0,0.04310344827586207,0.008620689655172414,1,0,0,0.0,1.0,0.0,0.0,0.0,0.0
7589754729350155542,0.56,14,2025,352,5,0,0,0.014164305949008499,0.0,1,0,0,0.0,1.0,0.0,0.0,0.0,0.0
7587308013363449121,0.56,12,2025,204,4,4,0,0.01951219512195122,0.01951219512195122,0,0,0,0.0,1.0,0.0,0.0,0.0,0.0
7583720650200730902,0.56,14,2025,125,3,0,0,0.023809523809523808,0.0,0,1,1,0.0,1.0,0.0,0.0,0.0,0.0
7577768828214512918,0.56,9,2025,98,3,0,0,0.030303030303030304,0.0,1,0,1,1.0,0.0,0.0,0.0,0.0,0.0
7575831202117045526,0.56,7,2025,289,5,2,0,0.017241379310344827,0.006896551724137931,1,0,1,0.0,1.0,0.0,0.0,0.0,0.0
7574767270392532246,0.56,13,2025,178,5,3,0,0.027932960893854747,0.01675977653631285,1,0,0,0.0,1.0,0.0,0.0,0.0,0.0
7572922723836431638,0.56,9,2025,132,5,1,0,0.03759398496240601,0.007518796992481203,0,0,1,0.0,1.0,0.0,0.0,0.0,0.0
7569206708090850582,0.56,13,2025,210,4,0,0,0.018957345971563982,0.0,1,0,0,0.0,1.0,0.0,0.0,0.0,0.0
7568382003330993430,0.56,8,2025,108,3,0,0,0.027522935779816515,0.0,0,0,0,0.0,1.0,0.0,0.0,0.0,0.0
7566297785914412310,0.56,6,2025,133,4,0,0,0.029850746268656716,0.0,1,0,0,1.0,0.0,0.0,0.0,0.0,0.0
7563724139240885526,0.56,8,2025,86,3,1,0,0.034482758620689655,0.011494252873563218,0,0,0,0.0,1.0,0.0,0.0,0.0,0.0
7556661292233379075,0.56,9,2025,277,4,1,0,0.014388489208633094,0.0035971223021582736,0,0,0,0.0,1.0,0.0,0.0,0.0,0.0
7553924193562266902,0.56,13,2025,168,3,2,0,0.01775147928994083,0.011834319526627219,1,0,0,0.0,1.0,0.0,0.0,0.0,0.0
7553554500972367107,0.56,9,2025,362,4,3,0,0.011019283746556474,0.008264462809917356,1,0,0,0.0,1.0,0.0,0.0,0.0,0.0
7545446733921209622,0.56,14,2025,443,5,2,0,0.01126126126126126,0.0045045045045045045,0,0,0,0.0,1.0,0.0,0.0,0.0,0.0
7537707440142454038,0.56,12,2025,459,5,6,0,0.010869565217391304,0.013043478260869565,1,0,1,0.0,1.0,0.0,0.0,0.0,0.0
7480851478555659543,0.57,10,2025,88,5,0,0,0.056179775280898875,0.0,0,0,1,0.0,1.0,0.0,0.0,0.0,0.0
7478288153153916182,0.56,10,2025,61,4,2,0,0.06451612903225806,0.03225806451612903,1,0,1,0.0,1.0,0.0,0.0,0.0,0.0
7476404323317222658,0.56,10,2025,85,6,0,0,0.06976744186046512,0.0,0,0,1,0.0,1.0,0.0,0.0,0.0,0.0
7474625701350509846,0.56,8,2025,100,4,0,0,0.039603960396039604,0.0,0,0,1,0.0,1.0,0.0,0.0,0.0,0.0
7473095088948759830,0.56,9,2025,58,3,1,0,0.05084745762711865,0.01694915254237288,0,0,0,0.0,1.0,0.0,0.0,0.0,0.0
7471251146288418070,0.56,8,2025,54,3,1,0,0.05454545454545454,0.01818181818181818,0,1,0,0.0,1.0,0.0,0.0,0.0,0.0
7468715378743528736,0.56,8,2025,293,8,2,0,0.027210884353741496,0.006802721088435374,1,1,0,0.0,1.0,0.0,0.0,0.0,0.0
7467231080735690017,0.56,13,2025,316,8,2,0,0.025236593059936908,0.006309148264984227,1,0,0,0.0,1.0,0.0,0.0,0.0,0.0
7466117788898315552,0.56,12,2025,247,9,4,0,0.036290322580645164,0.016129032258064516,1,1,1,0.0,1.0,0.0,0.0,0.0,0.0
7465375886779403552,0.56,8,2025,0,0,0,0,0.0,0.0,0,0,0,0.0,0.0,0.0,0.0,0.0,1.0
7463520186876939552,0.56,14,2025,294,8,4,0,0.02711864406779661,0.013559322033898305,1,0,1,0.0,1.0,0.0,0.0,0.0,0.0
7458325240628661537,0.56,13,2025,432,11,2,0,0.025404157043879907,0.004618937644341801,0,0,0,0.0,1.0,0.0,0.0,0.0,0.0
7456840693982465312,0.56,9,2025,302,9,3,0,0.0297029702970297,0.009900990099009901,1,0,1,0.0,1.0,0.0,0.0,0.0,0.0
7454985264952266016,0.56,11,2025,384,11,3,0,0.02857142857142857,0.007792207792207792,1,0,1,0.0,1.0,0.0,0.0,0.0,0.0
7452758752337399073,0.56,9,2024,305,8,3,0,0.026143790849673203,0.00980392156862745,1,1,1,0.0,1.0,0.0,0.0,0.0,0.0
7452387800818666785,0.56,7,2024,313,8,3,0,0.025477707006369428,0.009554140127388535,1,0,0,0.0,1.0,0.0,0.0,0.0,0.0
7449430237114404128,0.56,9,2024,317,10,3,0,0.031446540880503145,0.009433962264150943,1,1,1,0.0,1.0,0.0,0.0,0.0,0.0
7444595106025442593,0.56,8,2024,354,10,3,0,0.028169014084507043,0.008450704225352112,1,1,1,0.0,1.0,0.0,0.0,0.0,0.0
7441626192760884513,0.56,9,2024,518,11,4,0,0.02119460500963391,0.007707129094412331,1,1,1,0.0,1.0,0.0,0.0,0.0,0.0
7440465091817999649,0.56,11,2024,152,6,3,0,0.0392156862745098,0.0196078431372549,1,0,0,0.0,1.0,0.0,0.0,0.0,0.0
7437536576072125728,0.56,12,2024,283,9,1,0,0.03169014084507042,0.0035211267605633804,0,0,0,0.0,1.0,0.0,0.0,0.0,0.0
7436650165861141792,0.56,10,2024,147,6,5,0,0.04054054054054054,0.033783783783783786,1,0,1,0.0,1.0,0.0,0.0,0.0,0.0
7436403924350864672,0.56,10,2024,178,8,2,0,0.0446927374301676,0.0111731843575419,0,0,0,0.0,1.0,0.0,0.0,0.0,0.0
7436044441170857249,0.56,11,2024,341,11,2,0,0.03216374269005848,0.005847953216374269,0,0,0,0.0,1.0,0.0,0.0,0.0,0.0
7434931188642352417,0.56,9,2024,357,11,2,0,0.030726256983240222,0.00558659217877095,1,0,0,0.0,1.0,0.0,0.0,0.0,0.0
7433817907278269729,0.56,11,2024,271,11,1,0,0.04044117647058824,0.003676470588235294,0,0,0,0.0,1.0,0.0,0.0,0.0,0.0
7431168865142328608,0.56,12,2024,150,7,2,0,0.046357615894039736,0.013245033112582781,0,0,0,0.0,1.0,0.0,0.0,0.0,0.0
7429720640111791392,0.56,6,2024,377,11,3,0,0.0291005291005291,0.007936507936507936,1,0,0,0.0,1.0,0.0,0.0,0.0,0.0
7428251635102534945,0.56,14,2024,340,10,2,0,0.02932551319648094,0.005865102639296188,0,0,0,0.0,1.0,0.0,0.0,0.0,0.0
7425965869924142369,0.56,11,2024,175,6,2,0,0.03409090909090909,0.011363636363636364,1,0,0,0.0,1.0,0.0,0.0,0.0,0.0
7423773390932135201,0.56,12,2024,332,6,2,0,0.018018018018018018,0.006006006006006006,1,1,0,0.0,1.0,0.0,0.0,0.0,0.0
7414443436134223137,0.57,8,2024,107,7,1,0,0.06481481481481481,0.009259259259259259,1,0,0,1.0,0.0,0.0,0.0,0.0,0.0
7412540786975231264,0.56,8,2024,140,7,2,0,0.04964539007092199,0.014184397163120567,0,0,0,0.0,1.0,0.0,0.0,0.0,0.0
7410298388022824225,0.56,10,2024,116,9,0,0,0.07692307692307693,0.0,0,0,1,0.0,1.0,0.0,0.0,0.0,0.0
7407736509996043553,0.56,7,2024,93,6,1,0,0.06382978723404255,0.010638297872340425,1,0,0,0.0,1.0,0.0,0.0,0.0,0.0
7399196283501628705,0.56,14,2024,115,6,2,0,0.05172413793103448,0.017241379310344827,0,0,0,0.0,1.0,0.0,0.0,0.0,0.0
7394351547376880929,0.56,14,2024,249,8,2,0,0.032,0.008,0,0,0,0.0,1.0,0.0,0.0,0.0,0.0
7392856168214957345,0.56,11,2024,172,8,2,0,0.046242774566473986,0.011560693641618497,1,0,0,0.0,1.0,0.0,0.0,0.0,0.0
7390632928780340512,0.56,11,2024,183,7,2,0,0.03804347826086957,0.010869565217391304,1,0,0,0.0,1.0,0.0,0.0,0.0,0.0
7388867149407849760,0.56,11,2024,120,7,2,0,0.05785123966942149,0.01652892561983471,1,0,0,0.0,1.0,0.0,0.0,0.0,0.0
7387308322162052385,0.56,10,2024,133,7,1,0,0.05223880597014925,0.007462686567164179,0,0,0,0.0,1.0,0.0,0.0,0.0,0.0
7386194546062839073,0.56,9,2024,194,9,2,0,0.046153846153846156,0.010256410256410256,1,0,0,1.0,0.0,0.0,0.0,0.0,0.0
7382166710029208865,0.56,12,2024,138,7,1,0,0.050359712230215826,0.007194244604316547,0,0,1,0.0,1.0,0.0,0.0,0.0,0.0
7381115594076146977,0.56,10,2024,209,7,2,0,0.03333333333333333,0.009523809523809525,1,0,0,0.0,1.0,0.0,0.0,0.0,0.0
7379227737271094561,0.56,14,2024,168,9,1,0,0.05325443786982249,0.005917159763313609,0,0,0,0.0,1.0,0.0,0.0,0.0,0.0
7379193504355978528,0.56,7,2024,120,6,2,0,0.049586776859504134,0.01652892561983471,0,0,0,0.0,1.0,0.0,0.0,0.0,0.0
7378467106636991777,0.56,11,2024,176,9,1,0,0.05084745762711865,0.005649717514124294,0,0,0,0.0,1.0,0.0,0.0,0.0,0.0
7377004580510436641,0.56,10,2024,100,6,2,0,0.0594059405940594,0.019801980198019802,0,0,1,0.0,1.0,0.0,0.0,0.0,0.0
7376630682824576289,0.56,13,2024,114,7,1,0,0.06086956521739131,0.008695652173913044,0,0,0,0.0,1.0,0.0,0.0,0.0,0.0
7374412100833250593,0.56,13,2024,107,7,2,0,0.06481481481481481,0.018518518518518517,0,0,0,0.0,1.0,0.0,0.0,0.0,0.0
7374072615356353825,0.56,14,2024,125,7,3,0,0.05555555555555555,0.023809523809523808,0,0,0,0.0,1.0,0.0,0.0,0.0,0.0
7369936386000031009,0.56,13,2024,110,6,3,0,0.05405405405405406,0.02702702702702703,1,1,0,1.0,0.0,0.0,0.0,0.0,0.0
7367273018181160224,0.56,13,2024,92,6,2,0,0.06451612903225806,0.021505376344086023,0,0,0,0.0,1.0,0.0,0.0,0.0,0.0
7366603470272515361,0.56,11,2024,152,11,2,0,0.0718954248366013,0.013071895424836602,0,0,1,0.0,1.0,0.0,0.0,0.0,0.0
7365841944318086432,0.56,11,2024,138,7,2,0,0.050359712230215826,0.014388489208633094,1,0,0,0.0,1.0,0.0,0.0,0.0,0.0
7365161137324805408,0.56,8,2024,117,7,4,0,0.059322033898305086,0.03389830508474576,0,0,0,0.0,0.0,0.0,0.0,1.0,0.0
7363657122795490593,0.56,12,2024,119,7,3,0,0.058333333333333334,0.025,1,1,0,0.0,1.0,0.0,0.0,0.0,0.0
7361799258107841825,0.56,12,2024,117,7,2,0,0.059322033898305086,0.01694915254237288,0,0,0,0.0,1.0,0.0,0.0,0.0,0.0
7361030582446378272,0.56,8,2024,154,7,3,0,0.04516129032258064,0.01935483870967742,1,1,0,0.0,1.0,0.0,0.0,0.0,0.0
7358723892992642336,0.56,6,2024,124,9,1,0,0.072,0.008,0,0,0,0.0,1.0,0.0,0.0,0.0,0.0
7356509644170333473,0.56,10,2024,111,7,3,0,0.0625,0.026785714285714284,0,0,0,0.0,1.0,0.0,0.0,0.0,0.0
7355765566625402144,0.56,10,2024,153,8,2,0,0.05194805194805195,0.012987012987012988,0,0,1,0.0,1.0,0.0,0.0,0.0,0.0
7354275810578140449,0.56,14,2024,141,10,1,0,0.07042253521126761,0.007042253521126761,0,1,1,0.0,1.0,0.0,0.0,0.0,0.0
7354009165796216097,0.56,11,2024,119,7,3,0,0.058333333333333334,0.025,0,0,1,0.0,1.0,0.0,0.0,0.0,0.0
7353535610641976609,0.56,9,2024,120,6,3,0,0.049586776859504134,0.024793388429752067,0,0,1,0.0,1.0,0.0,0.0,0.0,0.0
7352233957276044577,0.56,14,2024,107,6,3,0,0.05555555555555555,0.027777777777777776,0,0,0,0.0,1.0,0.0,0.0,0.0,0.0
7351779832969104673,0.56,13,2024,149,8,3,0,0.05333333333333334,0.02,0,0,1,0.0,1.0,0.0,0.0,0.0,0.0
7350954462992682272,0.56,13,2024,138,8,3,0,0.05755395683453238,0.02158273381294964,1,0,1,0.0,1.0,0.0,0.0,0.0,0.0
7350708094302735649,0.56,13,2024,122,6,1,0,0.04878048780487805,0.008130081300813009,1,0,0,1.0,0.0,0.0,0.0,0.0,0.0
7350207537771220256,0.56,9,2024,129,8,3,0,0.06153846153846154,0.023076923076923078,0,0,1,0.0,1.0,0.0,0.0,0.0,0.0
7348717316856712480,0.56,11,2024,90,6,2,0,0.06593406593406594,0.02197802197802198,0,0,0,0.0,1.0,0.0,0.0,0.0,0.0
7348379737519082784,0.56,12,2024,124,6,2,0,0.048,0.016,1,0,0,0.0,1.0,0.0,0.0,0.0,0.0
7346110636008475937,0.56,14,2024,116,7,2,0,0.05982905982905983,0.017094017094017096,1,0,1,0.0,1.0,0.0,0.0,0.0,0.0
7345543122400726305,0.56,14,2024,111,7,2,0,0.0625,0.017857142857142856,0,0,1,0.0,1.0,0.0,0.0,0.0,0.0
7344270149593091361,0.56,10,2024,135,8,2,0,0.058823529411764705,0.014705882352941176,0,0,1,0.0,1.0,0.0,0.0,0.0,0.0
7343256943923858720,0.56,12,2024,116,7,2,0,0.05982905982905983,0.017094017094017096,0,0,1,0.0,1.0,0.0,0.0,0.0,0.0
7340916267571858721,0.56,8,2024,115,6,2,0,0.05172413793103448,0.017241379310344827,0,0,1,0.0,1.0,0.0,0.0,0.0,0.0
7338052242651598112,0.56,9,2024,121,7,3,0,0.05737704918032787,0.02459016393442623,0,0,1,1.0,0.0,0.0,0.0,0.0,0.0
7337268516128591136,0.58,8,2024,154,8,2,0,0.05161290322580645,0.012903225806451613,0,0,1,0.0,1.0,0.0,0.0,0.0,0.0
7335091592077856032,0.56,11,2024,121,8,2,0,0.06557377049180328,0.01639344262295082,0,0,1,0.0,1.0,0.0,0.0,0.0,0.0
7332835826579164449,0.56,14,2024,139,7,2,0,0.05,0.014285714285714285,0,0,1,1.0,0.0,0.0,0.0,0.0,0.0
7331811695360363809,0.56,9,2024,110,7,3,0,0.06306306306306306,0.02702702702702703,0,0,1,0.0,1.0,0.0,0.0,0.0,0.0
7331415350828911904,0.56,9,2024,115,6,2,0,0.05172413793103448,0.017241379310344827,0,0,1,0.0,1.0,0.0,0.0,0.0,0.0
7330883086684622112,0.56,12,2024,129,7,2,0,0.05384615384615385,0.015384615384615385,1,0,1,0.0,1.0,0.0,0.0,0.0,0.0
7329423244992236832,0.56,8,2024,113,8,3,0,0.07017543859649122,0.02631578947368421,0,0,1,0.0,1.0,0.0,0.0,0.0,0.0
7328709134126206241,0.56,8,2024,127,8,1,0,0.0625,0.0078125,0,0,1,0.0,1.0,0.0,0.0,0.0,0.0
7326123173311728929,0.56,10,2024,147,7,3,2,0.0472972972972973,0.02027027027027027,0,0,1,1.0,0.0,0.0,0.0,0.0,0.0
7325724813115346208,0.56,10,2024,130,7,4,2,0.05343511450381679,0.030534351145038167,0,0,1,0.0,1.0,0.0,0.0,0.0,0.0
7324696131143847201,0.56,12,2024,154,7,2,0,0.04516129032258064,0.012903225806451613,0,0,1,0.0,1.0,0.0,0.0,0.0,0.0
7324283735749266721,0.56,12,2024,147,6,1,1,0.04054054054054054,0.006756756756756757,0,0,1,0.0,1.0,0.0,0.0,0.0,0.0
7323972466445946145,0.56,11,2024,103,7,1,0,0.0673076923076923,0.009615384615384616,0,1,1,0.0,1.0,0.0,0.0,0.0,0.0
7323612868484631840,0.56,12,2024,137,11,0,0,0.07971014492753623,0.0,0,0,1,0.0,1.0,0.0,0.0,0.0,0.0
7323108113698147616,0.56,12,2024,141,7,2,0,0.04929577464788732,0.014084507042253521,0,0,1,0.0,1.0,0.0,0.0,0.0,0.0
7320909330314775840,0.56,6,2024,156,10,2,0,0.06369426751592357,0.012738853503184714,0,0,1,0.0,1.0,0.0,0.0,0.0,0.0
7320159598290226464,0.56,11,2024,145,8,2,0,0.0547945205479452,0.0136986301369863,1,0,1,0.0,1.0,0.0,0.0,0.0,0.0
7319513643534568736,0.56,6,2024,127,9,2,0,0.0703125,0.015625,0,0,1,0.0,1.0,0.0,0.0,0.0,0.0
7318707614332849441,0.56,10,2023,137,7,2,0,0.050724637681159424,0.014492753623188406,0,0,1,1.0,0.0,0.0,0.0,0.0,0.0
7317664309432077600,0.56,13,2023,121,9,2,0,0.07377049180327869,0.01639344262295082,0,0,1,0.0,1.0,0.0,0.0,0.0,0.0
7317307650499251488,0.56,11,2023,140,8,2,0,0.05673758865248227,0.014184397163120567,0,0,1,0.0,1.0,0.0,0.0,0.0,0.0
7316470398261021985,0.56,11,2023,128,8,1,0,0.06201550387596899,0.007751937984496124,0,1,1,0.0,1.0,0.0,0.0,0.0,0.0
7316159323728661792,0.56,10,2023,122,8,2,0,0.06504065040650407,0.016260162601626018,0,1,1,0.0,0.0,1.0,0.0,0.0,0.0
7312076882822909217,0.56,14,2023,154,7,2,0,0.04516129032258064,0.012903225806451613,1,0,1,1.0,0.0,0.0,0.0,0.0,0.0
7311663059695570208,0.56,7,2023,117,8,1,0,0.06779661016949153,0.00847457627118644,0,0,0,0.0,1.0,0.0,0.0,0.0,0.0
7311263969220644129,0.56,14,2023,107,6,1,0,0.05555555555555555,0.009259259259259259,1,0,0,0.0,1.0,0.0,0.0,0.0,0.0
7310626433129270560,0.56,13,2023,102,6,1,0,0.05825242718446602,0.009708737864077669,0,0,0,0.0,1.0,0.0,0.0,0.0,0.0
7310258308969991457,0.56,9,2023,119,7,2,0,0.058333333333333334,0.016666666666666666,1,0,0,0.0,1.0,0.0,0.0,0.0,0.0
7309427596553489696,0.56,10,2023,106,6,2,0,0.056074766355140186,0.018691588785046728,1,0,0,1.0,0.0,0.0,0.0,0.0,0.0
7309091598472727840,0.56,7,2023,124,7,1,0,0.056,0.008,0,0,0,1.0,0.0,0.0,0.0,0.0,0.0
7308758430318071072,0.56,8,2023,136,8,5,0,0.058394160583941604,0.0364963503649635,1,0,1,0.0,1.0,0.0,0.0,0.0,0.0
7306585450305555745,0.56,9,2023,110,7,2,0,0.06306306306306306,0.018018018018018018,0,0,1,0.0,1.0,0.0,0.0,0.0,0.0
7304665669872782625,0.56,12,2023,129,8,2,0,0.06153846153846154,0.015384615384615385,1,0,1,0.0,1.0,0.0,0.0,0.0,0.0
7303586993965960480,0.56,12,2023,107,6,2,0,0.05555555555555555,0.018518518518518517,0,0,0,0.0,1.0,0.0,0.0,0.0,0.0
7303174310259166497,0.56,6,2023,113,7,2,0,0.06140350877192982,0.017543859649122806,1,0,1,0.0,1.0,0.0,0.0,0.0,0.0
7302346370701118752,0.56,6,2023,118,7,2,0,0.058823529411764705,0.01680672268907563,1,0,0,0.0,1.0,0.0,0.0,0.0,0.0
7302041138670619936,0.56,9,2023,106,7,1,0,0.06542056074766354,0.009345794392523364,1,1,0,0.0,1.0,0.0,0.0,0.0,0.0
7301229129314159904,0.56,13,2023,113,7,1,0,0.06140350877192982,0.008771929824561403,0,0,0,0.0,1.0,0.0,0.0,0.0,0.0
7300846195444927776,0.56,6,2023,110,8,2,0,0.07207207207207207,0.018018018018018018,0,0,1,0.0,1.0,0.0,0.0,0.0,0.0
7300495910595808545,0.56,14,2023,132,8,3,0,0.06015037593984962,0.022556390977443608,1,0,1,0.0,1.0,0.0,0.0,0.0,0.0
7299732621825690912,0.56,6,2023,115,7,2,0,0.0603448275862069,0.017241379310344827,0,0,1,0.0,1.0,0.0,0.0,0.0,0.0
7298264093100674336,0.56,11,2023,93,7,1,0,0.07446808510638298,0.010638297872340425,0,0,1,0.0,1.0,0.0,0.0,0.0,0.0
7297134358689860896,0.56,10,2023,129,7,2,0,0.05384615384615385,0.015384615384615385,1,0,0,0.0,1.0,0.0,0.0,0.0,0.0
7296115605927644449,0.56,10,2023,147,8,3,0,0.05405405405405406,0.02027027027027027,1,0,0,1.0,0.0,0.0,0.0,0.0,0.0
7294901504752782625,0.56,9,2023,124,8,1,0,0.064,0.008,0,0,1,0.0,1.0,0.0,0.0,0.0,0.0
7294149539781463328,0.56,11,2023,113,6,2,0,0.05263157894736842,0.017543859649122806,1,0,0,0.0,1.0,0.0,0.0,0.0,0.0
7293176268361665824,0.56,8,2023,145,8,1,0,0.0547945205479452,0.00684931506849315,1,0,1,0.0,1.0,0.0,0.0,0.0,0.0
7292048482456587553,0.56,11,2023,123,6,2,1,0.04838709677419355,0.016129032258064516,1,0,0,1.0,0.0,0.0,0.0,0.0,0.0
7291300657355689249,0.46,7,2023,130,7,0,0,0.05343511450381679,0.0,0,0,0,0.0,1.0,0.0,0.0,0.0,0.0
7290955653349133600,0.56,6,2023,99,6,3,0,0.06,0.03,1,0,0,0.0,1.0,0.0,0.0,0.0,0.0
7290457107726339360,0.56,9,2023,131,6,1,0,0.045454545454545456,0.007575757575757576,1,0,0,0.0,1.0,0.0,0.0,0.0,0.0
7289785625367153952,0.56,12,2023,90,6,1,0,0.06593406593406594,0.01098901098901099,0,1,0,0.0,1.0,0.0,0.0,0.0,0.0
7288326750243704096,0.56,6,2023,122,6,1,0,0.04878048780487805,0.008130081300813009,0,0,0,0.0,1.0,0.0,0.0,0.0,0.0
7287986771483282720,0.56,14,2023,93,6,2,0,0.06382978723404255,0.02127659574468085,0,0,0,0.0,1.0,0.0,0.0,0.0,0.0
7285256841158790433,0.56,11,2023,110,6,3,0,0.05405405405405406,0.02702702702702703,0,0,0,0.0,1.0,0.0,0.0,0.0,0.0
7284876929713442080,0.56,9,2023,134,7,2,0,0.05185185185185185,0.014814814814814815,0,0,0,0.0,1.0,0.0,0.0,0.0,0.0
7283524894585883936,0.56,12,2023,103,6,2,0,0.057692307692307696,0.019230769230769232,1,0,0,0.0,1.0,0.0,0.0,0.0,0.0
7283139399582240032,0.56,9,2023,105,7,2,0,0.0660377358490566,0.018867924528301886,0,1,0,0.0,1.0,0.0,0.0,0.0,0.0
7282663509505133856,0.56,11,2023,116,6,2,0,0.05128205128205128,0.017094017094017096,1,0,1,0.0,1.0,0.0,0.0,0.0,0.0
7281279828307856673,0.56,7,2023,114,6,1,0,0.05217391304347826,0.008695652173913044,0,0,0,0.0,1.0,0.0,0.0,0.0,0.0
7280571511138782496,0.56,13,2023,98,6,2,0,0.06060606060606061,0.020202020202020204,0,0,0,0.0,1.0,0.0,0.0,0.0,0.0
7280108212878200096,0.56,14,2023,125,7,1,0,0.05555555555555555,0.007936507936507936,0,0,0,1.0,0.0,0.0,0.0,0.0,0.0
7279032970286009632,0.56,8,2023,116,6,1,0,0.05128205128205128,0.008547008547008548,1,0,0,0.0,1.0,0.0,0.0,0.0,0.0
7277939332831251744,0.56,11,2023,121,7,1,0,0.05737704918032787,0.00819672131147541,0,0,0,0.0,1.0,0.0,0.0,0.0,0.0
7276041559500475680,0.56,9,2023,131,7,2,0,0.05303030303030303,0.015151515151515152,1,0,0,0.0,1.0,0.0,0.0,0.0,0.0
7274647533002034465,0.56,14,2023,115,6,2,0,0.05172413793103448,0.017241379310344827,0,0,1,0.0,1.0,0.0,0.0,0.0,0.0
7271935381937884448,0.56,10,2023,161,9,1,0,0.05555555555555555,0.006172839506172839,1,0,0,0.0,1.0,0.0,0.0,0.0,0.0
7270111755886415137,0.56,9,2023,130,7,1,0,0.05343511450381679,0.007633587786259542,0,0,0,0.0,1.0,0.0,0.0,0.0,0.0
7269759073967525153,0.56,12,2023,210,6,1,0,0.02843601895734597,0.004739336492890996,0,0,0,0.0,1.0,0.0,0.0,0.0,0.0
7265326628274752801,0.56,6,2023,120,6,1,0,0.049586776859504134,0.008264462809917356,0,0,0,0.0,1.0,0.0,0.0,0.0,0.0
7264958192017362208,0.56,11,2023,125,7,2,0,0.05555555555555555,0.015873015873015872,0,0,0,0.0,1.0,0.0,0.0,0.0,0.0
7264173669612670240,0.56,14,2023,108,7,2,0,0.06422018348623854,0.01834862385321101,0,0,1,0.0,1.0,0.0,0.0,0.0,0.0
7262342975752113441,0.56,9,2023,161,8,2,0,0.04938271604938271,0.012345679012345678,1,0,0,0.0,1.0,0.0,0.0,0.0,0.0
7262001980095106337,0.56,7,2023,129,7,1,0,0.05384615384615385,0.007692307692307693,0,0,0,0.0,1.0,0.0,0.0,0.0,0.0
7259455690996075803,0.56,10,2023,143,6,1,0,0.041666666666666664,0.006944444444444444,1,0,0,0.0,1.0,0.0,0.0,0.0,0.0
7259047429796908315,0.56,8,2023,125,6,3,0,0.047619047619047616,0.023809523809523808,1,1,0,0.0,1.0,0.0,0.0,0.0,0.0
7258676118033599771,0.56,9,2023,152,7,2,0,0.0457516339869281,0.013071895424836602,0,0,0,0.0,1.0,0.0,0.0,0.0,0.0
7256066819247623450,0.56,9,2023,142,6,2,0,0.04195804195804196,0.013986013986013986,1,0,0,0.0,1.0,0.0,0.0,0.0,0.0
7254561581449612571,0.56,7,2023,139,7,1,0,0.05,0.007142857142857143,0,0,0,0.0,1.0,0.0,0.0,0.0,0.0
7253425216984976667,0.56,11,2023,131,8,2,0,0.06060606060606061,0.015151515151515152,0,0,1,0.0,1.0,0.0,0.0,0.0,0.0
7252685251112176922,0.56,13,2023,131,7,1,0,0.05303030303030303,0.007575757575757576,0,0,0,0.0,1.0,0.0,0.0,0.0,0.0
7246768104922008858,0.56,10,2023,114,7,2,0,0.06086956521739131,0.017391304347826087,0,0,0,0.0,1.0,0.0,0.0,0.0,0.0
7245708272181759258,0.56,8,2023,141,7,2,0,0.04929577464788732,0.014084507042253521,0,0,1,0.0,1.0,0.0,0.0,0.0,0.0
7245239505911893274,0.56,9,2023,107,7,2,0,0.06481481481481481,0.018518518518518517,0,0,0,0.0,1.0,0.0,0.0,0.0,0.0
7244550731141844251,0.56,14,2023,218,7,4,0,0.0319634703196347,0.0182648401826484,0,0,0,1.0,0.0,0.0,0.0,0.0,0.0
7242719682128530714,0.56,11,2023,112,6,1,0,0.05309734513274336,0.008849557522123894,0,0,0,0.0,1.0,0.0,0.0,0.0,0.0
7242348894435167514,0.56,12,2023,125,6,3,0,0.047619047619047616,0.023809523809523808,1,0,0,0.0,1.0,0.0,0.0,0.0,0.0
7241956873698577691,0.56,13,2023,122,6,2,0,0.04878048780487805,0.016260162601626018,0,0,0,0.0,1.0,0.0,0.0,0.0,0.0
7241209133540609307,0.56,9,2023,164,7,2,0,0.04242424242424243,0.012121212121212121,0,1,0,0.0,1.0,0.0,0.0,0.0,0.0
7239735340737498395,0.56,10,2023,112,6,1,0,0.05309734513274336,0.008849557522123894,0,0,0,0.0,1.0,0.0,0.0,0.0,0.0
7239344688006728986,0.56,13,2023,149,6,4,0,0.04,0.02666666666666667,0,1,0,0.0,1.0,0.0,0.0,0.0,0.0
7238235896724704538,0.56,6,2023,87,6,0,0,0.06818181818181818,0.0,0,0,0,0.0,1.0,0.0,0.0,0.0,0.0
7237872414581935386,0.56,7,2023,193,6,4,0,0.030927835051546393,0.020618556701030927,0,0,0,0.0,1.0,0.0,0.0,0.0,0.0
7237511650532773146,0.56,9,2023,106,6,1,0,0.056074766355140186,0.009345794392523364,0,0,0,0.0,1.0,0.0,0.0,0.0,0.0
7237120496020573467,0.53,8,2023,99,6,1,0,0.06,0.01,0,0,0,0.0,1.0,0.0,0.0,0.0,0.0
7236760874646637851,0.56,9,2023,104,6,1,0,0.05714285714285714,0.009523809523809525,0,0,0,1.0,0.0,0.0,0.0,0.0,0.0
7236382869650689306,0.56,12,2023,103,6,0,0,0.057692307692307696,0.0,0,0,0,0.0,1.0,0.0,0.0,0.0,0.0
7236043111128894747,0.56,11,2023,121,7,1,0,0.05737704918032787,0.00819672131147541,0,0,0,0.0,1.0,0.0,0.0,0.0,0.0
7235651777805290778,0.56,12,2023,120,6,2,0,0.049586776859504134,0.01652892561983471,1,0,0,0.0,1.0,0.0,0.0,0.0,0.0
7235266120414924058,0.56,6,2023,96,7,2,0,0.07216494845360824,0.020618556701030927,0,0,0,0.0,1.0,0.0,0.0,0.0,0.0
7234782434531839258,0.56,9,2023,163,7,6,0,0.042682926829268296,0.036585365853658534,1,0,0,1.0,0.0,0.0,0.0,0.0,0.0
7233784589523717402,1.78,13,2023,112,6,2,0,0.05309734513274336,0.017699115044247787,1,0,0,0.0,1.0,0.0,0.0,0.0,0.0
7233472157588753691,0.56,11,2023,115,6,1,0,0.05172413793103448,0.008620689655172414,0,0,0,0.0,1.0,0.0,0.0,0.0,0.0
7233097610821700890,0.56,8,2023,128,8,1,0,0.06201550387596899,0.007751937984496124,0,0,0,0.0,1.0,0.0,0.0,0.0,0.0
7230327665918512411,0.56,8,2023,149,6,2,0,0.04,0.013333333333333334,1,0,0,0.0,1.0,0.0,0.0,0.0,0.0
7229342870518385946,0.56,9,2023,112,7,3,0,0.061946902654867256,0.02654867256637168,1,0,0,0.0,1.0,0.0,0.0,0.0,0.0
7228975701066550554,0.56,10,2023,140,7,2,0,0.04964539007092199,0.014184397163120567,1,0,0,0.0,1.0,0.0,0.0,0.0,0.0
7227881339125583131,0.56,6,2023,134,7,2,0,0.05185185185185185,0.014814814814814815,1,1,0,0.0,1.0,0.0,0.0,0.0,0.0
7227547227005209882,0.56,8,2023,120,6,2,0,0.049586776859504134,0.01652892561983471,0,0,0,0.0,1.0,0.0,0.0,0.0,0.0
7227138868447923482,0.56,6,2023,105,7,1,0,0.0660377358490566,0.009433962264150943,0,0,0,0.0,0.0,0.0,1.0,0.0,0.0
7226734943869750555,0.56,11,2023,103,6,1,0,0.057692307692307696,0.009615384615384616,0,0,0,0.0,1.0,0.0,0.0,0.0,0.0
7226428593075752218,0.56,10,2023,127,7,2,0,0.0546875,0.015625,0,1,0,0.0,1.0,0.0,0.0,0.0,0.0
7226043488738069787,0.56,6,2023,140,8,2,0,0.05673758865248227,0.014184397163120567,1,1,0,0.0,1.0,0.0,0.0,0.0,0.0
7225632323146943771,0.56,10,2023,119,7,2,0,0.058333333333333334,0.016666666666666666,0,0,0,0.0,1.0,0.0,0.0,0.0,0.0
7225296808900152603,0.56,11,2023,120,7,1,0,0.05785123966942149,0.008264462809917356,1,0,0,0.0,1.0,0.0,0.0,0.0,0.0
7224934115089370395,0.56,8,2023,129,7,1,0,0.05384615384615385,0.007692307692307693,1,0,0,0.0,1.0,0.0,0.0,0.0,0.0
7223080468101483781,0.56,9,2023,90,6,1,0,0.06593406593406594,0.01098901098901099,0,0,0,0.0,1.0,0.0,0.0,0.0,0.0
7221875155184733445,0.56,10,2023,133,7,1,0,0.05223880597014925,0.007462686567164179,0,0,0,0.0,1.0,0.0,0.0,0.0,0.0
7221552853356236037,0.75,13,2023,105,6,1,0,0.05660377358490566,0.009433962264150943,0,0,1,0.0,1.0,0.0,0.0,0.0,0.0
7219686321739123974,0.56,14,2023,98,5,1,0,0.050505050505050504,0.010101010101010102,0,0,0,0.0,1.0,0.0,0.0,0.0,0.0
7218857185764216069,0.56,6,2023,121,7,1,0,0.05737704918032787,0.00819672131147541,0,0,1,0.0,1.0,0.0,0.0,0.0,0.0
7218493650160897306,0.56,7,2023,105,6,1,0,0.05660377358490566,0.009433962264150943,0,0,0,0.0,1.0,0.0,0.0,0.0,0.0
7218219061707033882,0.56,8,2023,114,5,1,0,0.043478260869565216,0.008695652173913044,0,0,1,0.0,1.0,0.0,0.0,0.0,0.0
7215656408069442822,0.56,8,2023,129,7,1,0,0.05384615384615385,0.007692307692307693,0,0,1,0.0,1.0,0.0,0.0,0.0,0.0
7215124561799449861,0.56,8,2023,117,8,1,0,0.06779661016949153,0.00847457627118644,0,0,1,0.0,1.0,0.0,0.0,0.0,0.0
7214767845383900421,0.56,13,2023,97,6,2,0,0.061224489795918366,0.02040816326530612,1,0,0,0.0,1.0,0.0,0.0,0.0,0.0
7213655175318211845,0.57,8,2023,81,6,1,0,0.07317073170731707,0.012195121951219513,0,0,1,0.0,1.0,0.0,0.0,0.0,0.0
7213453348270378246,0.56,7,2023,96,6,1,0,0.061855670103092786,0.010309278350515464,0,0,0,0.0,1.0,0.0,0.0,0.0,0.0
7213053350290459910,0.56,7,2023,126,7,2,0,0.05511811023622047,0.015748031496062992,0,0,1,0.0,1.0,0.0,0.0,0.0,0.0
7211932492914298118,0.56,13,2023,90,6,2,0,0.06593406593406594,0.02197802197802198,0,0,1,0.0,1.0,0.0,0.0,0.0,0.0
7211431817205878021,0.56,12,2023,134,6,2,1,0.044444444444444446,0.014814814814814815,1,0,1,0.0,1.0,0.0,0.0,0.0,0.0
7211130311667715334,0.56,9,2023,102,6,2,0,0.05825242718446602,0.019417475728155338,0,0,0,0.0,1.0,0.0,0.0,0.0,0.0
7210434710646836485,0.56,7,2023,125,6,1,1,0.047619047619047616,0.007936507936507936,0,0,1,0.0,1.0,0.0,0.0,0.0,0.0
7209925340557348101,0.56,8,2023,104,6,0,0,0.05714285714285714,0.0,0,0,0,0.0,1.0,0.0,0.0,0.0,0.0
7208839545989762309,0.56,10,2023,116,7,2,0,0.05982905982905983,0.017094017094017096,0,0,0,0.0,1.0,0.0,0.0,0.0,0.0
7208539932422425861,0.56,6,2023,114,6,1,0,0.05217391304347826,0.008695652173913044,0,0,1,0.0,1.0,0.0,0.0,0.0,0.0
7207350500419702022,0.56,10,2023,102,7,1,0,0.06796116504854369,0.009708737864077669,0,0,0,0.0,1.0,0.0,0.0,0.0,0.0
7204907848449527045,0.56,6,2023,94,6,1,0,0.06315789473684211,0.010526315789473684,0,0,1,0.0,0.0,1.0,0.0,0.0,0.0
7203810617180933382,0.56,13,2023,126,7,1,1,0.05511811023622047,0.007874015748031496,0,0,1,0.0,1.0,0.0,0.0,0.0,0.0
7203048812351327494,0.56,9,2023,123,9,2,0,0.07258064516129033,0.016129032258064516,0,1,1,0.0,1.0,0.0,0.0,0.0,0.0
7202313398300724485,0.56,7,2023,117,7,3,1,0.059322033898305086,0.025423728813559324,1,0,1,0.0,1.0,0.0,0.0,0.0,0.0
7201579247616494853,0.56,10,2023,120,8,2,0,0.06611570247933884,0.01652892561983471,0,0,1,0.0,1.0,0.0,0.0,0.0,0.0
7198831282984324358,0.56,10,2023,154,9,1,0,0.05806451612903226,0.0064516129032258064,0,0,1,0.0,1.0,0.0,0.0,0.0,0.0
7198189694750838022,0.56,14,2023,126,8,1,0,0.06299212598425197,0.007874015748031496,0,0,0,0.0,1.0,0.0,0.0,0.0,0.0
7197445468585037062,0.56,6,2023,131,9,1,0,0.06818181818181818,0.007575757575757576,0,0,1,1.0,0.0,0.0,0.0,0.0,0.0
7196711667420384517,0.56,8,2023,129,7,3,0,0.05384615384615385,0.023076923076923078,0,0,1,0.0,1.0,0.0,0.0,0.0,0.0
7195937456271691014,0.56,13,2023,141,8,2,1,0.056338028169014086,0.014084507042253521,0,0,0,0.0,1.0,0.0,0.0,0.0,0.0
7195215450970606853,0.56,13,2023,125,8,1,0,0.06349206349206349,0.007936507936507936,0,0,1,0.0,1.0,0.0,0.0,0.0,0.0
7192298503878577413,0.56,8,2023,148,9,1,0,0.06040268456375839,0.006711409395973154,0,0,1,0.0,1.0,0.0,0.0,0.0,0.0
7191848035784117510,0.56,11,2023,127,8,3,1,0.0625,0.0234375,0,0,1,0.0,1.0,0.0,0.0,0.0,0.0
7188587993752702213,0.46,10,2023,132,7,1,0,0.05263157894736842,0.007518796992481203,0,0,0,0.0,1.0,0.0,0.0,0.0,0.0
7184844462525287685,0.56,7,2023,117,8,0,0,0.06779661016949153,0.0,0,0,0,0.0,1.0,0.0,0.0,0.0,0.0
7184090635018784005,0.56,10,2023,131,9,2,1,0.06818181818181818,0.015151515151515152,0,0,1,0.0,1.0,0.0,0.0,0.0,0.0
7183009043407965445,0.56,8,2022,175,11,2,1,0.0625,0.011363636363636364,0,0,1,0.0,1.0,0.0,0.0,0.0,0.0
7181547992061676805,0.56,6,2022,132,9,1,0,0.06766917293233082,0.007518796992481203,0,0,0,0.0,1.0,0.0,0.0,0.0,0.0
7179688144382512390,0.56,7,2022,140,9,1,0,0.06382978723404255,0.0070921985815602835,0,0,1,0.0,1.0,0.0,0.0,0.0,0.0
7177655896699325702,0.56,14,2022,157,9,1,2,0.056962025316455694,0.006329113924050633,0,0,1,0.0,1.0,0.0,0.0,0.0,0.0
7176917454893911301,0.56,7,2022,110,6,1,1,0.05405405405405406,0.009009009009009009,0,0,1,0.0,1.0,0.0,0.0,0.0,0.0
7172555111879757062,0.56,14,2022,163,7,2,0,0.042682926829268296,0.012195121951219513,0,0,0,0.0,1.0,0.0,0.0,0.0,0.0
7164772525006720262,0.56,11,2022,291,9,3,0,0.030821917808219176,0.010273972602739725,0,0,0,0.0,1.0,0.0,0.0,0.0,0.0
7143162692004482310,0.56,12,2022,164,7,3,0,0.04242424242424243,0.01818181818181818,0,0,0,0.0,1.0,0.0,0.0,0.0,0.0
7137227107456879877,0.56,9,2022,79,6,2,0,0.075,0.025,1,0,1,0.0,1.0,0.0,0.0,0.0,0.0
7135716231218318597,0.56,10,2022,93,7,1,0,0.07446808510638298,0.010638297872340425,1,0,0,1.0,0.0,0.0,0.0,0.0,0.0
7133481707449142533,0.56,12,2022,100,6,1,0,0.0594059405940594,0.009900990099009901,0,0,0,0.0,1.0,0.0,0.0,0.0,0.0
7130906655885102341,0.56,12,2022,109,9,1,0,0.08181818181818182,0.00909090909090909,0,0,1,0.0,1.0,0.0,0.0,0.0,0.0
7130612533437762821,0.56,9,2022,83,5,2,0,0.05952380952380952,0.023809523809523808,1,0,1,0.0,1.0,0.0,0.0,0.0,0.0
7129505006046170373,0.56,6,2022,140,8,1,0,0.05673758865248227,0.0070921985815602835,0,1,0,0.0,1.0,0.0,0.0,0.0,0.0
7127182082568113413,0.56,9,2022,101,7,1,0,0.06862745098039216,0.00980392156862745,0,0,0,0.0,1.0,0.0,0.0,0.0,0.0
7116439198285958405,0.56,14,2022,153,9,2,0,0.05844155844155844,0.012987012987012988,0,0,0,0.0,1.0,0.0,0.0,0.0,0.0
7113851055355596038,0.56,13,2022,152,7,1,1,0.0457516339869281,0.006535947712418301,0,0,0,0.0,1.0,0.0,0.0,0.0,0.0
7112440653350571269,0.56,9,2022,120,9,2,0,0.0743801652892562,0.01652892561983471,0,0,0,0.0,1.0,0.0,0.0,0.0,0.0
7108997263912979717,0.56,9,2022,122,7,1,0,0.056910569105691054,0.008130081300813009,1,0,0,0.0,1.0,0.0,0.0,0.0,0.0
7104552926231743749,0.56,11,2022,134,8,1,0,0.05925925925925926,0.007407407407407408,0,0,0,1.0,0.0,0.0,0.0,0.0,0.0
7103816728982916357,0.56,8,2022,164,9,2,0,0.05454545454545454,0.012121212121212121,0,1,1,0.0,1.0,0.0,0.0,0.0,0.0
7101649191662882053,0.56,6,2022,132,6,1,0,0.045112781954887216,0.007518796992481203,1,0,1,0.0,1.0,0.0,0.0,0.0,0.0
7100934148864494854,0.56,8,2022,150,11,1,0,0.0728476821192053,0.006622516556291391,1,0,0,1.0,0.0,0.0,0.0,0.0,0.0
7098701138203069702,0.56,11,2022,165,8,2,0,0.04819277108433735,0.012048192771084338,1,0,0,0.0,1.0,0.0,0.0,0.0,0.0
7095721528142155014,0.56,6,2022,114,9,1,0,0.0782608695652174,0.008695652173913044,1,0,0,1.0,0.0,0.0,0.0,0.0,0.0
7088619536202648837,0.56,10,2022,99,6,2,0,0.06,0.02,1,0,0,0.0,1.0,0.0,0.0,0.0,0.0
7078227199463066886,0.56,9,2022,77,5,1,0,0.0641025641025641,0.01282051282051282,0,0,1,0.0,1.0,0.0,0.0,0.0,0.0
7077571361660521733,0.56,11,2022,115,5,1,1,0.04310344827586207,0.008620689655172414,0,0,1,0.0,1.0,0.0,0.0,0.0,0.0
7070162555695615237,0.56,13,2022,102,6,1,0,0.05825242718446602,0.009708737864077669,0,1,0,1.0,0.0,0.0,0.0,0.0,0.0
7068640088774741254,0.56,14,2022,128,6,1,0,0.046511627906976744,0.007751937984496124,0,0,1,0.0,1.0,0.0,0.0,0.0,0.0
7067063225736580357,0.55,12,2022,100,5,1,0,0.04950495049504951,0.009900990099009901,1,0,1,0.0,1.0,0.0,0.0,0.0,0.0
7059301793574046982,0.56,12,2022,135,8,2,0,0.058823529411764705,0.014705882352941176,0,0,0,0.0,1.0,0.0,0.0,0.0,0.0
7041273346830454022,0.56,8,2021,70,4,0,0,0.056338028169014086,0.0,0,0,1,0.0,1.0,0.0,0.0,0.0,0.0
7040300833019415813,0.56,8,2021,79,2,0,0,0.025,0.0,0,1,1,0.0,1.0,0.0,0.0,0.0,0.0
7036035511869246725,0.46,12,2021,70,4,0,0,0.056338028169014086,0.0,0,0,0,0.0,1.0,0.0,0.0,0.0,0.0
7013121880366255365,0.56,6,2021,44,0,0,0,0.0,0.0,0,0,0,0.0,1.0,0.0,0.0,0.0,0.0
6969101040918465798,0.67,10,2021,126,8,1,0,0.06299212598425197,0.007874015748031496,1,0,0,0.0,1.0,0.0,0.0,0.0,0.0
7532594185912847638,0.56,8,2025,96,5,2,0,0.05154639175257732,0.020618556701030927,0,0,1,1.0,0.0,0.0,0.0,0.0,0.0
7524347836541046038,0.56,8,2025,120,7,2,0,0.05785123966942149,0.01652892561983471,0,0,1,1.0,0.0,0.0,0.0,0.0,0.0
7518292077080268054,0.56,8,2025,83,7,3,0,0.08333333333333333,0.03571428571428571,0,0,0,0.0,1.0,0.0,0.0,0.0,0.0
7508716246301510914,0.63,10,2025,109,7,1,0,0.06363636363636363,0.00909090909090909,0,0,0,1.0,0.0,0.0,0.0,0.0,0.0
7506795063012232470,0.56,10,2025,133,7,5,0,0.05223880597014925,0.03731343283582089,1,0,1,1.0,0.0,0.0,0.0,0.0,0.0
7506217095441435926,0.75,8,2025,118,8,3,0,0.06722689075630252,0.025210084033613446,1,0,1,1.0,0.0,0.0,0.0,0.0,0.0
7505058159258504470,0.56,14,2025,197,7,8,0,0.03535353535353535,0.04040404040404041,1,0,0,1.0,0.0,0.0,0.0,0.0,0.0
7502082897935928598,0.56,12,2025,97,6,1,0,0.061224489795918366,0.01020408163265306,0,0,1,1.0,0.0,0.0,0.0,0.0,0.0
7500926454671232278,0.56,7,2025,153,8,1,0,0.05194805194805195,0.006493506493506494,0,0,0,1.0,0.0,0.0,0.0,0.0,0.0
7495455289882184982,0.56,7,2025,167,8,4,0,0.047619047619047616,0.023809523809523808,1,1,1,1.0,0.0,0.0,0.0,0.0,0.0
7490268698918309142,0.56,13,2025,116,8,1,0,0.06837606837606838,0.008547008547008548,1,0,1,1.0,0.0,0.0,0.0,0.0,0.0
7486391346727537942,0.56,12,2025,197,8,7,0,0.04040404040404041,0.03535353535353535,0,0,1,1.0,0.0,0.0,0.0,0.0,0.0
7479158367873748246,0.56,13,2025,165,10,4,0,0.060240963855421686,0.024096385542168676,1,0,1,1.0,0.0,0.0,0.0,0.0,0.0
7478407463675481366,0.56,11,2025,163,9,8,0,0.054878048780487805,0.04878048780487805,1,0,1,1.0,0.0,0.0,0.0,0.0,0.0
7472755159945252118,0.56,10,2025,129,10,3,0,0.07692307692307693,0.023076923076923078,1,0,1,1.0,0.0,0.0,0.0,0.0,0.0
7467247804717550870,0.56,12,2025,136,11,1,0,0.08029197080291971,0.0072992700729927005,1,0,0,1.0,0.0,0.0,0.0,0.0,0.0
7459483581803482390,0.56,12,2025,135,9,1,1,0.0661764705882353,0.007352941176470588,1,0,1,1.0,0.0,0.0,0.0,0.0,0.0
7457155091238259990,0.56,10,2025,135,11,1,0,0.08088235294117647,0.007352941176470588,1,0,1,1.0,0.0,0.0,0.0,0.0,0.0
7455422115802565910,0.56,12,2025,188,10,8,0,0.05291005291005291,0.042328042328042326,0,0,0,1.0,0.0,0.0,0.0,0.0,0.0
7450928915159190806,0.56,8,2024,113,11,8,0,0.09649122807017543,0.07017543859649122,1,0,1,0.0,0.0,0.0,0.0,0.0,1.0
7448354400998853910,0.56,10,2024,130,10,1,1,0.07633587786259542,0.007633587786259542,1,0,1,0.0,1.0,0.0,0.0,0.0,0.0
7447200750096223510,0.56,11,2024,114,8,2,0,0.06956521739130435,0.017391304347826087,1,1,1,1.0,0.0,0.0,0.0,0.0,0.0
7446429495948594454,0.56,10,2024,196,10,3,1,0.050761421319796954,0.015228426395939087,1,0,1,1.0,0.0,0.0,0.0,0.0,0.0
7444926040855661846,0.56,6,2024,136,10,3,0,0.072992700729927,0.021897810218978103,1,1,1,1.0,0.0,0.0,0.0,0.0,0.0
7443866656956255510,0.56,9,2024,190,9,6,0,0.04712041884816754,0.031413612565445025,1,1,1,1.0,0.0,0.0,0.0,0.0,0.0
7440567441777757472,0.46,14,2024,94,8,4,0,0.08421052631578947,0.042105263157894736,1,0,1,1.0,0.0,0.0,0.0,0.0,0.0
7439661735742557472,0.56,14,2024,158,8,3,0,0.050314465408805034,0.018867924528301886,1,0,1,1.0,0.0,0.0,0.0,0.0,0.0
7439269165111725345,0.56,9,2024,131,7,5,0,0.05303030303030303,0.03787878787878788,1,0,1,1.0,0.0,0.0,0.0,0.0,0.0
7436892906801073441,0.46,9,2024,92,7,4,0,0.07526881720430108,0.043010752688172046,1,0,0,1.0,0.0,0.0,0.0,0.0,0.0
7421851827794152737,0.57,8,2024,80,6,1,0,0.07407407407407407,0.012345679012345678,1,0,0,1.0,0.0,0.0,0.0,0.0,0.0
7418157210896698657,0.56,12,2024,75,6,2,0,0.07894736842105263,0.02631578947368421,1,0,0,0.0,1.0,0.0,0.0,0.0,0.0
7269755991049260320,0.56,6,2023,105,5,1,0,0.04716981132075472,0.009433962264150943,0,0,0,0.0,1.0,0.0,0.0,0.0,0.0
7253058884762537242,0.56,12,2023,164,7,2,0,0.04242424242424243,0.012121212121212121,0,0,0,0.0,1.0,0.0,0.0,0.0,0.0
7252274964206832923,0.56,7,2023,156,6,2,0,0.03821656050955414,0.012738853503184714,0,0,0,0.0,1.0,0.0,0.0,0.0,0.0
7250832194392886554,0.56,10,2023,93,6,1,0,0.06382978723404255,0.010638297872340425,0,0,0,0.0,1.0,0.0,0.0,0.0,0.0
7245283945619655963,0.56,12,2023,188,8,1,0,0.042328042328042326,0.005291005291005291,1,0,0,0.0,1.0,0.0,0.0,0.0,0.0
7239748390974704922,0.56,7,2023,113,6,0,0,0.05263157894736842,0.0,1,0,0,0.0,1.0,0.0,0.0,0.0,0.0
7226711933150432538,0.56,8,2023,250,7,3,0,0.027888446215139442,0.01195219123505976,1,0,0,0.0,1.0,0.0,0.0,0.0,0.0
7202909898219326725,0.56,12,2023,145,8,3,0,0.0547945205479452,0.02054794520547945,1,0,1,0.0,1.0,0.0,0.0,0.0,0.0
7192172787723783430,0.56,13,2023,230,6,3,1,0.025974025974025976,0.012987012987012988,1,1,0,0.0,1.0,0.0,0.0,0.0,0.0
7148719596487363845,0.56,6,2022,82,5,3,0,0.060240963855421686,0.03614457831325301,0,0,0,0.0,1.0,0.0,0.0,0.0,0.0
7510326060676975894,0.56,7,2025,142,4,5,0,0.027972027972027972,0.03496503496503497,0,0,0,0.0,0.0,0.0,1.0,0.0,0.0
7494590607797554454,0.56,9,2025,612,6,11,0,0.009787928221859706,0.01794453507340946,1,1,0,0.0,0.0,0.0,1.0,0.0,0.0
7494205664135236886,0.56,8,2025,116,5,1,0,0.042735042735042736,0.008547008547008548,1,0,0,0.0,0.0,0.0,1.0,0.0,0.0
7483554122663234838,0.56,11,2025,110,5,2,0,0.04504504504504504,0.018018018018018018,1,0,1,0.0,0.0,0.0,1.0,0.0,0.0
7475642830430522646,0.56,9,2025,86,5,1,0,0.05747126436781609,0.011494252873563218,1,0,0,0.0,0.0,0.0,1.0,0.0,0.0
7471186366500539670,0.56,10,2025,169,4,3,0,0.023529411764705882,0.01764705882352941,1,0,1,0.0,0.0,0.0,1.0,0.0,0.0
7467520617160396054,0.56,6,2025,144,7,4,0,0.04827586206896552,0.027586206896551724,0,1,1,0.0,0.0,0.0,1.0,0.0,0.0
7464890614258158870,0.56,12,2025,117,6,4,0,0.05084745762711865,0.03389830508474576,1,1,1,0.0,0.0,0.0,1.0,0.0,0.0
7463516081081027862,0.56,11,2025,101,5,2,0,0.049019607843137254,0.0196078431372549,1,0,1,0.0,0.0,0.0,1.0,0.0,0.0
7460568175726398742,0.56,7,2025,359,9,3,0,0.025,0.008333333333333333,0,1,0,0.0,0.0,0.0,1.0,0.0,0.0
7458380266004843798,0.56,14,2025,114,7,3,0,0.06086956521739131,0.02608695652173913,1,0,1,0.0,1.0,0.0,0.0,0.0,0.0
7456101045601570070,0.56,9,2025,141,5,3,0,0.035211267605633804,0.02112676056338028,1,1,1,0.0,0.0,0.0,1.0,0.0,0.0
7453132168940915991,0.56,10,2024,126,0,2,0,0.0,0.015748031496062992,1,0,0,0.0,0.0,0.0,1.0,0.0,0.0
7453016788465454358,0.56,13,2024,201,10,3,0,0.04950495049504951,0.01485148514851485,1,0,1,0.0,0.0,0.0,1.0,0.0,0.0
7452742967695002902,0.56,13,2024,142,6,2,0,0.04195804195804196,0.013986013986013986,0,1,1,0.0,0.0,0.0,1.0,0.0,0.0
7444856032486116630,0.56,9,2024,152,7,3,0,0.0457516339869281,0.0196078431372549,1,0,0,0.0,0.0,0.0,1.0,0.0,0.0
7439301301864877344,0.56,12,2024,119,7,1,0,0.058333333333333334,0.008333333333333333,1,0,0,0.0,0.0,0.0,1.0,0.0,0.0
7397696022975188257,0.56,9,2024,79,4,1,0,0.05,0.0125,0,1,0,0.0,0.0,0.0,1.0,0.0,0.0
7395222817677085985,0.56,6,2024,102,5,1,0,0.04854368932038835,0.009708737864077669,0,1,0,0.0,0.0,0.0,1.0,0.0,0.0
7384844059896057120,0.56,6,2024,50,3,2,0,0.058823529411764705,0.0392156862745098,0,0,0,0.0,1.0,0.0,0.0,0.0,0.0
7384476119744974112,0.56,12,2024,106,6,2,0,0.056074766355140186,0.018691588785046728,1,0,0,0.0,0.0,0.0,1.0,0.0,0.0
7384098121715813664,0.56,14,2024,84,6,2,0,0.07058823529411765,0.023529411764705882,0,1,0,0.0,0.0,0.0,1.0,0.0,0.0
7379994182741429536,0.56,12,2024,96,6,1,0,0.061855670103092786,0.010309278350515464,0,0,0,0.0,0.0,0.0,1.0,0.0,0.0
7371436708778315041,0.56,12,2024,115,6,2,0,0.05172413793103448,0.017241379310344827,0,1,0,0.0,0.0,0.0,1.0,0.0,0.0
7369882061445926177,0.56,8,2024,98,7,2,0,0.0707070707070707,0.020202020202020204,0,0,0,0.0,0.0,0.0,1.0,0.0,0.0
7361717788299250976,0.56,9,2024,129,4,3,1,0.03076923076923077,0.023076923076923078,1,0,0,0.0,0.0,0.0,1.0,0.0,0.0
7351084194061126945,0.56,13,2024,61,4,1,0,0.06451612903225806,0.016129032258064516,1,0,0,0.0,0.0,0.0,1.0,0.0,0.0
7343665662876781856,0.56,11,2024,60,4,2,0,0.06557377049180328,0.03278688524590164,1,0,1,0.0,0.0,0.0,1.0,0.0,0.0
7333568243367431456,0.56,8,2024,60,4,0,0,0.06557377049180328,0.0,0,0,1,0.0,1.0,0.0,0.0,0.0,0.0
7332865581789629729,0.56,11,2024,157,5,1,0,0.03164556962025317,0.006329113924050633,0,0,0,0.0,0.0,0.0,1.0,0.0,0.0
7332521954538245408,0.56,10,2024,80,4,1,0,0.04938271604938271,0.012345679012345678,0,0,0,0.0,0.0,0.0,1.0,0.0,0.0
7325764964172467489,0.56,6,2024,94,7,2,0,0.07368421052631578,0.021052631578947368,1,1,0,0.0,0.0,0.0,1.0,0.0,0.0
7282668264617004321,0.56,14,2023,120,7,1,1,0.05785123966942149,0.008264462809917356,0,1,0,0.0,0.0,0.0,1.0,0.0,0.0
7273016085954317600,0.56,14,2023,210,5,1,0,0.023696682464454975,0.004739336492890996,0,0,0,0.0,0.0,0.0,1.0,0.0,0.0
7261658279900744987,0.56,6,2023,143,5,2,1,0.034722222222222224,0.013888888888888888,0,1,0,0.0,0.0,0.0,1.0,0.0,0.0
7259307845332602139,0.56,13,2023,133,5,1,2,0.03731343283582089,0.007462686567164179,0,0,0,0.0,0.0,0.0,1.0,0.0,0.0
7252374564108274970,0.56,6,2023,133,8,1,0,0.05970149253731343,0.007462686567164179,0,0,0,0.0,0.0,0.0,1.0,0.0,0.0
7252271385467161882,0.56,9,2023,130,5,3,2,0.03816793893129771,0.022900763358778626,1,1,0,0.0,0.0,0.0,1.0,0.0,0.0
7251996103178997018,0.56,10,2023,132,5,2,2,0.03759398496240601,0.015037593984962405,0,0,0,0.0,0.0,0.0,1.0,0.0,0.0
7249813717225950490,0.56,9,2023,117,5,1,1,0.0423728813559322,0.00847457627118644,0,0,0,0.0,0.0,0.0,1.0,0.0,0.0
7249677053153283354,0.56,9,2023,108,6,0,0,0.05504587155963303,0.0,0,0,0,0.0,0.0,0.0,1.0,0.0,0.0
7249312172956732698,0.56,12,2023,132,6,0,1,0.045112781954887216,0.0,0,0,0,0.0,0.0,0.0,1.0,0.0,0.0
7246805127942737178,0.56,6,2023,97,6,3,1,0.061224489795918366,0.030612244897959183,0,0,0,0.0,0.0,0.0,0.0,1.0,0.0
7246672390841715995,0.56,10,2023,146,6,1,0,0.04081632653061224,0.006802721088435374,0,0,0,0.0,0.0,0.0,1.0,0.0,0.0
7246343164108295450,0.56,8,2023,102,6,1,0,0.05825242718446602,0.009708737864077669,0,1,0,0.0,0.0,0.0,1.0,0.0,0.0
7246301041979886875,0.56,10,2023,91,5,1,0,0.05434782608695652,0.010869565217391304,0,1,0,0.0,0.0,0.0,1.0,0.0,0.0
7245182525016935707,0.56,7,2023,73,5,5,0,0.06756756756756757,0.06756756756756757,0,1,1,0.0,0.0,0.0,0.0,0.0,1.0
7244559099352976666,0.56,6,2023,191,9,2,2,0.046875,0.010416666666666666,0,1,0,0.0,0.0,0.0,1.0,0.0,0.0
7242237385772240155,0.56,6,2023,159,8,1,2,0.05,0.00625,0,1,0,0.0,0.0,0.0,1.0,0.0,0.0
7241878874672385306,0.56,6,2023,119,5,2,2,0.041666666666666664,0.016666666666666666,0,0,0,0.0,0.0,0.0,1.0,0.0,0.0
7236674356540165402,0.56,10,2023,127,6,1,0,0.046875,0.0078125,0,0,0,0.0,0.0,0.0,1.0,0.0,0.0
7221070563538717957,0.56,6,2023,74,6,1,0,0.08,0.013333333333333334,0,1,0,0.0,0.0,0.0,1.0,0.0,0.0
7216240671097736454,0.56,8,2023,77,4,1,0,0.05128205128205128,0.01282051282051282,1,0,0,0.0,0.0,0.0,1.0,0.0,0.0
7216007272311344390,0.56,14,2023,170,7,1,2,0.04093567251461988,0.005847953216374269,0,1,0,0.0,0.0,0.0,1.0,0.0,0.0
7215611067286703366,0.56,13,2023,310,12,2,2,0.03858520900321544,0.006430868167202572,1,1,1,0.0,0.0,0.0,1.0,0.0,0.0
7210806075354811654,0.56,12,2023,196,5,2,2,0.025380710659898477,0.01015228426395939,1,0,1,0.0,0.0,0.0,1.0,0.0,0.0
7205961411942468870,0.56,11,2023,255,5,1,2,0.01953125,0.00390625,0,1,1,0.0,0.0,0.0,1.0,0.0,0.0
7205134218328902917,0.56,14,2023,126,5,1,2,0.03937007874015748,0.007874015748031496,1,1,0,0.0,0.0,0.0,1.0,0.0,0.0
7191896362630302981,0.56,10,2023,178,9,1,2,0.05027932960893855,0.00558659217877095,0,1,1,0.0,0.0,0.0,1.0,0.0,0.0
7190655063470116101,0.56,6,2023,169,8,1,3,0.047058823529411764,0.0058823529411764705,0,1,1,0.0,0.0,0.0,1.0,0.0,0.0
7176549919933664517,0.56,7,2022,201,7,1,3,0.034653465346534656,0.0049504950495049506,1,0,0,0.0,0.0,0.0,1.0,0.0,0.0
7164417550791494918,0.56,14,2022,194,6,2,3,0.03076923076923077,0.010256410256410256,0,0,0,0.0,0.0,0.0,1.0,0.0,0.0
7163942959916895493,0.56,6,2022,188,4,2,3,0.021164021164021163,0.010582010582010581,0,0,0,0.0,0.0,0.0,1.0,0.0,0.0
7161307348827426053,0.56,10,2022,178,7,2,3,0.03910614525139665,0.0111731843575419,1,0,1,0.0,0.0,0.0,1.0,0.0,0.0
7158890098770119942,0.56,6,2022,100,7,1,1,0.06930693069306931,0.009900990099009901,0,0,0,0.0,0.0,0.0,0.0,1.0,0.0
7152911692282809606,0.56,9,2022,118,6,2,2,0.05042016806722689,0.01680672268907563,0,0,1,0.0,0.0,0.0,1.0,0.0,0.0
7137955446320565510,0.56,14,2022,114,4,1,1,0.034782608695652174,0.008695652173913044,0,1,0,0.0,0.0,0.0,1.0,0.0,0.0
7125703838497131781,0.56,11,2022,113,6,3,1,0.05263157894736842,0.02631578947368421,0,0,0,0.0,0.0,0.0,1.0,0.0,0.0
7115325407318052102,0.56,8,2022,160,10,1,2,0.062111801242236024,0.006211180124223602,1,0,0,0.0,0.0,0.0,1.0,0.0,0.0
7114675214583155973,0.56,11,2022,90,6,1,0,0.06593406593406594,0.01098901098901099,0,0,0,0.0,1.0,0.0,0.0,0.0,0.0
7114309168302984454,0.56,11,2022,104,5,1,1,0.047619047619047616,0.009523809523809525,0,0,0,0.0,0.0,0.0,1.0,0.0,0.0
7110099088661548293,0.56,14,2022,111,6,1,2,0.05357142857142857,0.008928571428571428,1,1,0,0.0,0.0,0.0,1.0,0.0,0.0
7107863534549110022,0.56,12,2022,115,5,0,1,0.04310344827586207,0.0,1,1,0,0.0,0.0,0.0,1.0,0.0,0.0
7096387117462359302,0.56,13,2022,58,4,1,0,0.06779661016949153,0.01694915254237288,1,0,0,0.0,1.0,0.0,0.0,0.0,0.0
7094149805496159494,0.56,14,2022,100,6,3,1,0.0594059405940594,0.0297029702970297,0,1,0,0.0,0.0,0.0,1.0,0.0,0.0
7091569180054490373,0.56,10,2022,116,4,1,1,0.03418803418803419,0.008547008547008548,0,0,0,0.0,0.0,0.0,1.0,0.0,0.0
7085631257542954246,0.57,6,2022,106,5,1,1,0.04672897196261682,0.009345794392523364,0,1,0,0.0,0.0,0.0,1.0,0.0,0.0
7080545682058169605,0.56,9,2022,78,4,1,2,0.05063291139240506,0.012658227848101266,0,0,1,1.0,0.0,0.0,0.0,0.0,0.0
7076134412487855366,0.56,7,2022,83,5,1,0,0.05952380952380952,0.011904761904761904,1,1,0,0.0,0.0,0.0,1.0,0.0,0.0
7072774694214044934,0.56,14,2022,110,6,1,1,0.05405405405405406,0.009009009009009009,0,0,1,0.0,0.0,0.0,1.0,0.0,0.0
7070176633931549958,0.56,8,2022,111,6,0,1,0.05357142857142857,0.0,0,0,1,0.0,0.0,0.0,1.0,0.0,0.0
7069805338601606406,0.56,12,2022,82,6,2,1,0.07228915662650602,0.024096385542168676,1,0,0,0.0,1.0,0.0,0.0,0.0,0.0
7067959925141474565,0.56,11,2022,115,7,0,2,0.0603448275862069,0.0,0,1,0,0.0,0.0,0.0,1.0,0.0,0.0
7067578500101803269,0.56,11,2022,67,5,2,1,0.07352941176470588,0.029411764705882353,1,0,1,0.0,1.0,0.0,0.0,0.0,0.0
7057846707651939590,0.56,9,2022,122,8,1,1,0.06504065040650407,0.008130081300813009,0,0,1,0.0,0.0,0.0,1.0,0.0,0.0
7051617295818362117,0.56,6,2022,132,8,1,3,0.06015037593984962,0.007518796992481203,1,1,1,0.0,0.0,0.0,0.0,1.0,0.0
7040071170363788550,0.56,12,2021,123,5,1,2,0.04032258064516129,0.008064516129032258,1,0,0,0.0,0.0,0.0,1.0,0.0,0.0
7036282180816932102,0.56,13,2021,78,4,0,1,0.05063291139240506,0.0,1,1,0,0.0,0.0,1.0,0.0,0.0,0.0
6944298636553604358,0.56,13,2021,128,5,2,0,0.03875968992248062,0.015503875968992248,0,0,0,0.0,0.0,0.0,1.0,0.0,0.0
6943534360066804998,0.56,8,2021,105,5,2,0,0.04716981132075472,0.018867924528301886,0,0,1,0.0,0.0,0.0,1.0,0.0,0.0
6940187794534960389,0.56,10,2021,86,6,1,0,0.06896551724137931,0.011494252873563218,1,0,0,0.0,0.0,0.0,1.0,0.0,0.0
6919872357288971521,0.56,14,2021,133,11,1,0,0.08208955223880597,0.007462686567164179,1,1,0,1.0,0.0,0.0,0.0,0.0,0.0
7597370054556011798,0.56,10,2026,164,5,1,0,0.030303030303030304,0.006060606060606061,1,0,0,1.0,0.0,0.0,0.0,0.0,0.0
7591860205567151382,0.56,11,2026,271,5,0,0,0.01838235294117647,0.0,0,0,1,1.0,0.0,0.0,0.0,0.0,0.0
7590299923803884803,0.56,13,2026,225,5,1,0,0.022123893805309734,0.004424778761061947,0,0,0,0.0,1.0,0.0,0.0,0.0,0.0
7587833111010954518,0.56,9,2025,89,5,3,0,0.05555555555555555,0.03333333333333333,0,1,0,0.0,1.0,0.0,0.0,0.0,0.0
7587702184708558102,0.56,11,2025,239,5,7,1,0.020833333333333332,0.029166666666666667,1,0,0,0.0,1.0,0.0,0.0,0.0,0.0
7586610643130764566,0.56,9,2025,123,5,3,0,0.04032258064516129,0.024193548387096774,0,0,1,1.0,0.0,0.0,0.0,0.0,0.0
7580401530428394775,0.56,13,2025,250,5,1,0,0.0199203187250996,0.00398406374501992,0,0,0,1.0,0.0,0.0,0.0,0.0,0.0
7579238923172547842,0.56,14,2025,115,5,4,2,0.04310344827586207,0.034482758620689655,1,0,1,0.0,1.0,0.0,0.0,0.0,0.0
7572235624627899670,0.56,14,2025,97,5,1,0,0.05102040816326531,0.01020408163265306,0,0,1,0.0,1.0,0.0,0.0,0.0,0.0
7572223162520177942,0.56,9,2025,118,5,1,0,0.04201680672268908,0.008403361344537815,0,0,0,0.0,1.0,0.0,0.0,0.0,0.0
7572210786991344918,0.56,14,2025,87,0,0,0,0.0,0.0,0,0,0,1.0,0.0,0.0,0.0,0.0,0.0
7572210750937107734,1.0,14,2025,87,0,0,0,0.0,0.0,0,0,0,1.0,0.0,0.0,0.0,0.0,0.0
7569964600523853078,0.56,10,2025,140,5,0,0,0.03546099290780142,0.0,0,0,1,0.0,1.0,0.0,0.0,0.0,0.0
7565230748026899734,0.56,13,2025,86,5,2,0,0.05747126436781609,0.022988505747126436,1,0,1,0.0,1.0,0.0,0.0,0.0,0.0
7558085942557347094,0.56,13,2025,96,5,4,0,0.05154639175257732,0.041237113402061855,1,0,0,0.0,1.0,0.0,0.0,0.0,0.0
7556260834817723670,0.56,11,2025,138,5,2,0,0.03597122302158273,0.014388489208633094,1,0,0,0.0,1.0,0.0,0.0,0.0,0.0
7555760932794764566,0.56,11,2025,724,5,8,0,0.006896551724137931,0.011034482758620689,1,0,1,1.0,0.0,0.0,0.0,0.0,0.0
7554403190200945942,0.56,10,2025,81,5,2,0,0.06097560975609756,0.024390243902439025,0,0,0,0.0,1.0,0.0,0.0,0.0,0.0
7553663983383858454,0.56,12,2025,157,9,2,0,0.056962025316455694,0.012658227848101266,0,0,0,0.0,1.0,0.0,0.0,0.0,0.0
7549175046128831766,0.56,7,2025,96,6,1,0,0.061855670103092786,0.010309278350515464,0,0,0,1.0,0.0,0.0,0.0,0.0,0.0
7547707789863406870,0.56,9,2025,134,7,1,0,0.05185185185185185,0.007407407407407408,0,0,0,0.0,1.0,0.0,0.0,0.0,0.0
7542515768215211286,0.56,14,2025,99,7,2,0,0.07,0.02,0,0,0,0.0,1.0,0.0,0.0,0.0,0.0
7538370537211432214,0.56,11,2025,100,6,1,0,0.0594059405940594,0.009900990099009901,1,1,0,0.0,1.0,0.0,0.0,0.0,0.0
7538076349500689666,0.56,12,2025,127,7,1,0,0.0546875,0.0078125,0,0,0,0.0,1.0,0.0,0.0,0.0,0.0
7535840388725378306,1.78,13,2025,133,8,1,0,0.05970149253731343,0.007462686567164179,0,0,0,0.0,1.0,0.0,0.0,0.0,0.0
7529912051498552598,0.56,13,2025,115,4,1,0,0.034482758620689655,0.008620689655172414,0,0,0,0.0,1.0,0.0,0.0,0.0,0.0
7528398053666016534,0.56,13,2025,109,5,1,0,0.045454545454545456,0.00909090909090909,0,0,0,0.0,1.0,0.0,0.0,0.0,0.0
7523190975850679554,0.56,7,2025,107,8,0,0,0.07407407407407407,0.0,0,0,0,0.0,1.0,0.0,0.0,0.0,0.0
7518400955877199127,0.56,12,2025,152,7,2,0,0.0457516339869281,0.013071895424836602,0,0,0,0.0,1.0,0.0,0.0,0.0,0.0
7517305745210232086,0.56,11,2025,118,4,1,0,0.03361344537815126,0.008403361344537815,0,0,0,0.0,1.0,0.0,0.0,0.0,0.0
7516934430083091734,0.56,11,2025,114,5,1,0,0.043478260869565216,0.008695652173913044,0,0,0,0.0,1.0,0.0,0.0,0.0,0.0
7515834191922072854,0.56,8,2025,236,7,2,0,0.029535864978902954,0.008438818565400843,0,0,0,1.0,0.0,0.0,0.0,0.0,0.0
7514700901009886486,0.56,6,2025,145,10,2,0,0.0684931506849315,0.0136986301369863,0,0,0,0.0,1.0,0.0,0.0,0.0,0.0
7512478582627732758,0.56,9,2025,154,5,1,0,0.03225806451612903,0.0064516129032258064,1,0,0,0.0,1.0,0.0,0.0,0.0,0.0
7508723396641852694,0.56,10,2025,247,7,0,0,0.028225806451612902,0.0,0,0,0,0.0,1.0,0.0,0.0,0.0,0.0
7506824474902433026,0.56,7,2025,128,6,1,0,0.046511627906976744,0.007751937984496124,0,0,0,0.0,1.0,0.0,0.0,0.0,0.0
7500939642972212502,0.56,8,2025,110,6,0,0,0.05405405405405406,0.0,1,0,0,0.0,1.0,0.0,0.0,0.0,0.0
7491219464474856727,0.56,7,2025,89,5,2,0,0.05555555555555555,0.022222222222222223,0,0,1,1.0,0.0,0.0,0.0,0.0,0.0
7486043762590895382,0.56,12,2025,121,9,1,0,0.07377049180327869,0.00819672131147541,1,0,1,0.0,1.0,0.0,0.0,0.0,0.0
7483888039303843094,0.56,13,2025,129,6,3,0,0.046153846153846156,0.023076923076923078,1,0,1,0.0,1.0,0.0,0.0,0.0,0.0
7483430893965626646,0.8,9,2025,157,5,4,0,0.03164556962025317,0.02531645569620253,1,1,1,1.0,0.0,0.0,0.0,0.0,0.0
7479068329584364823,0.56,11,2025,40,1,2,0,0.024390243902439025,0.04878048780487805,0,0,1,0.0,1.0,0.0,0.0,0.0,0.0
7477287305078934786,0.56,7,2025,106,5,4,0,0.04672897196261682,0.037383177570093455,1,0,1,1.0,0.0,0.0,0.0,0.0,0.0
7475273206497086742,0.56,14,2025,120,4,5,0,0.03305785123966942,0.04132231404958678,1,0,1,0.0,1.0,0.0,0.0,0.0,0.0
7474850979473640726,0.56,7,2025,120,1,1,0,0.008264462809917356,0.008264462809917356,0,0,1,0.0,1.0,0.0,0.0,0.0,0.0
7473874393719000342,0.56,8,2025,51,1,3,0,0.019230769230769232,0.057692307692307696,1,0,1,0.0,1.0,0.0,0.0,0.0,0.0
7467999174936644886,0.8,9,2025,80,3,2,0,0.037037037037037035,0.024691358024691357,0,1,0,1.0,0.0,0.0,0.0,0.0,0.0
7467185543240109345,0.56,10,2025,156,10,2,0,0.06369426751592357,0.012738853503184714,1,0,1,0.0,1.0,0.0,0.0,0.0,0.0
7466084820825787680,0.56,14,2025,136,9,2,0,0.06569343065693431,0.014598540145985401,1,0,1,0.0,1.0,0.0,0.0,0.0,0.0
7465291116045208865,0.56,14,2025,88,6,1,0,0.06741573033707865,0.011235955056179775,1,0,1,0.0,1.0,0.0,0.0,0.0,0.0
7464875419959921952,0.56,8,2025,88,6,1,0,0.06741573033707865,0.011235955056179775,1,0,1,0.0,1.0,0.0,0.0,0.0,0.0
7459384907962305825,0.56,9,2025,134,7,2,0,0.05185185185185185,0.014814814814814815,1,1,1,0.0,1.0,0.0,0.0,0.0,0.0
7447515391426825504,0.56,12,2024,130,5,0,0,0.03816793893129771,0.0,0,0,0,0.0,1.0,0.0,0.0,0.0,0.0
7444957131670949142,0.57,8,2024,203,5,1,0,0.024509803921568627,0.004901960784313725,0,0,0,1.0,0.0,0.0,0.0,0.0,0.0
7444192177149742358,0.56,10,2024,108,8,1,0,0.07339449541284404,0.009174311926605505,0,0,1,0.0,1.0,0.0,0.0,0.0,0.0
7439254923365059873,0.56,14,2024,112,8,1,0,0.07079646017699115,0.008849557522123894,1,0,0,0.0,1.0,0.0,0.0,0.0,0.0
7437476740533865761,0.56,11,2024,195,8,2,0,0.04081632653061224,0.01020408163265306,0,0,1,0.0,1.0,0.0,0.0,0.0,0.0
7431201197672975648,0.56,9,2024,106,9,3,0,0.08411214953271028,0.028037383177570093,0,0,1,0.0,0.0,0.0,0.0,0.0,1.0
7429721456851864864,0.56,9,2024,158,6,1,0,0.03773584905660377,0.006289308176100629,0,1,0,0.0,1.0,0.0,0.0,0.0,0.0
7426709076924484897,0.56,11,2024,106,4,3,0,0.037383177570093455,0.028037383177570093,0,0,0,0.0,1.0,0.0,0.0,0.0,0.0
7425904564697632032,0.56,14,2024,191,10,0,0,0.052083333333333336,0.0,0,0,1,1.0,0.0,0.0,0.0,0.0,0.0
7415546238927523104,0.56,14,2024,228,9,3,0,0.039301310043668124,0.013100436681222707,1,0,1,0.0,1.0,0.0,0.0,0.0,0.0
7402923905754746145,0.56,9,2024,75,4,1,0,0.05263157894736842,0.013157894736842105,0,0,0,0.0,1.0,0.0,0.0,0.0,0.0
7401059521860209952,0.56,13,2024,105,8,1,0,0.07547169811320754,0.009433962264150943,0,0,0,1.0,0.0,0.0,0.0,0.0,0.0
7400010201476123937,0.56,9,2024,69,4,1,0,0.05714285714285714,0.014285714285714285,0,0,0,0.0,1.0,0.0,0.0,0.0,0.0
7396981634572078369,0.56,8,2024,103,4,3,0,0.038461538461538464,0.028846153846153848,0,0,0,1.0,0.0,0.0,0.0,0.0,0.0
7396708038398266656,0.56,14,2024,105,3,1,0,0.02830188679245283,0.009433962264150943,0,1,0,1.0,0.0,0.0,0.0,0.0,0.0
7394757283214806305,0.56,6,2024,175,6,1,0,0.03409090909090909,0.005681818181818182,0,0,0,1.0,0.0,0.0,0.0,0.0,0.0
7393953054967581985,0.56,6,2024,134,9,2,0,0.06666666666666667,0.014814814814814815,0,0,0,0.0,1.0,0.0,0.0,0.0,0.0
7393260705048268065,0.56,6,2024,18,1,0,0,0.05263157894736842,0.0,0,0,0,0.0,0.0,0.0,0.0,0.0,1.0
7392879054988397856,0.56,12,2024,153,5,2,0,0.032467532467532464,0.012987012987012988,0,0,0,0.0,1.0,0.0,0.0,0.0,0.0
7388136382436281633,0.56,11,2024,100,4,3,0,0.039603960396039604,0.0297029702970297,1,0,0,0.0,1.0,0.0,0.0,0.0,0.0
7385258008760028448,0.8,10,2024,239,5,2,0,0.020833333333333332,0.008333333333333333,0,1,0,1.0,0.0,0.0,0.0,0.0,0.0
7382840415893998880,0.8,13,2024,341,5,0,0,0.014619883040935672,0.0,0,1,0,1.0,0.0,0.0,0.0,0.0,0.0
7381446389819018529,0.8,9,2024,218,6,2,0,0.0273972602739726,0.0091324200913242,1,0,0,0.0,1.0,0.0,0.0,0.0,0.0
7369943098031443233,0.57,10,2024,124,3,2,0,0.024,0.016,0,0,0,0.0,1.0,0.0,0.0,0.0,0.0
7357327030335114528,0.56,9,2024,145,6,3,0,0.0410958904109589,0.02054794520547945,0,0,1,1.0,0.0,0.0,0.0,0.0,0.0
7355500880721939744,0.56,10,2024,144,5,1,0,0.034482758620689655,0.006896551724137931,0,0,1,0.0,1.0,0.0,0.0,0.0,0.0
7354375095868984608,0.56,7,2024,72,3,2,0,0.0410958904109589,0.0273972602739726,0,0,1,0.0,1.0,0.0,0.0,0.0,0.0
7350265065762819360,0.56,9,2024,107,6,2,0,0.05555555555555555,0.018518518518518517,1,0,1,0.0,1.0,0.0,0.0,0.0,0.0
7348433044216253729,0.56,11,2024,53,1,1,0,0.018518518518518517,0.018518518518518517,0,0,0,0.0,1.0,0.0,0.0,0.0,0.0
7345082142235413793,0.56,13,2024,78,5,2,0,0.06329113924050633,0.02531645569620253,1,0,1,0.0,1.0,0.0,0.0,0.0,0.0
7344271684406349088,0.56,13,2024,123,6,2,0,0.04838709677419355,0.016129032258064516,0,0,1,0.0,1.0,0.0,0.0,0.0,0.0
7342531903209114913,0.56,13,2024,217,5,4,0,0.022935779816513763,0.01834862385321101,1,0,1,0.0,1.0,0.0,0.0,0.0,0.0
7342403362714914080,0.56,11,2024,83,3,2,0,0.03571428571428571,0.023809523809523808,1,0,1,0.0,1.0,0.0,0.0,0.0,0.0
7340682108735671584,0.56,8,2024,90,5,2,0,0.054945054945054944,0.02197802197802198,0,0,1,0.0,1.0,0.0,0.0,0.0,0.0
7338384626773216545,0.56,11,2024,89,1,3,0,0.011111111111111112,0.03333333333333333,1,0,1,0.0,1.0,0.0,0.0,0.0,0.0
7337687297132973344,0.56,11,2024,233,6,5,0,0.02564102564102564,0.021367521367521368,1,0,1,0.0,1.0,0.0,0.0,0.0,0.0
7337328365147295009,0.56,9,2024,33,1,3,0,0.029411764705882353,0.08823529411764706,0,1,1,0.0,1.0,0.0,0.0,0.0,0.0
7336662438282120481,0.56,9,2024,24,1,1,0,0.04,0.04,0,1,0,0.0,0.0,0.0,0.0,0.0,1.0
7336480513269583136,0.56,6,2024,42,1,1,0,0.023255813953488372,0.023255813953488372,0,0,0,0.0,1.0,0.0,0.0,0.0,0.0
7336193209883839776,0.56,8,2024,251,3,0,0,0.011904761904761904,0.0,0,0,1,0.0,1.0,0.0,0.0,0.0,0.0
7335348681832418593,0.56,10,2024,109,3,1,0,0.02727272727272727,0.00909090909090909,0,1,0,0.0,1.0,0.0,0.0,0.0,0.0
7335020484637068576,0.56,14,2024,259,6,2,0,0.023076923076923078,0.007692307692307693,1,0,0,0.0,1.0,0.0,0.0,0.0,0.0
7333604507793853728,0.56,11,2024,200,3,1,0,0.014925373134328358,0.004975124378109453,0,0,1,0.0,1.0,0.0,0.0,0.0,0.0
7332775399883033888,0.56,12,2024,257,5,3,0,0.01937984496124031,0.011627906976744186,1,0,1,1.0,0.0,0.0,0.0,0.0,0.0
7332156358902500640,0.56,7,2024,89,4,2,0,0.044444444444444446,0.022222222222222223,0,0,1,0.0,1.0,0.0,0.0,0.0,0.0
7331017914612567329,0.56,9,2024,64,4,1,0,0.06153846153846154,0.015384615384615385,0,1,1,0.0,1.0,0.0,0.0,0.0,0.0
7329087770905840928,0.56,11,2024,64,4,3,0,0.06153846153846154,0.046153846153846156,1,0,1,0.0,1.0,0.0,0.0,0.0,0.0
7327632037437820193,0.56,12,2024,231,5,2,0,0.021551724137931036,0.008620689655172414,0,0,1,1.0,0.0,0.0,0.0,0.0,0.0
7326887540705873185,0.56,13,2024,100,4,4,1,0.039603960396039604,0.039603960396039604,1,0,1,0.0,1.0,0.0,0.0,0.0,0.0
7324339550283664672,0.56,13,2024,66,2,2,0,0.029850746268656716,0.029850746268656716,1,0,1,0.0,1.0,0.0,0.0,0.0,0.0
7323194315415588129,0.56,9,2024,117,4,4,1,0.03389830508474576,0.03389830508474576,0,0,1,0.0,1.0,0.0,0.0,0.0,0.0
7322866542985710881,0.56,9,2024,65,4,1,0,0.06060606060606061,0.015151515151515152,0,0,1,0.0,1.0,0.0,0.0,0.0,0.0
7321969929564065057,0.56,14,2024,225,5,6,0,0.022123893805309734,0.02654867256637168,1,0,1,0.0,1.0,0.0,0.0,0.0,0.0
7318769443222359329,0.56,7,2023,156,1,3,0,0.006369426751592357,0.01910828025477707,1,0,0,0.0,1.0,0.0,0.0,0.0,0.0
7318026666939256096,0.56,12,2023,92,5,0,0,0.053763440860215055,0.0,1,0,1,0.0,1.0,0.0,0.0,0.0,0.0
7317653042533305633,0.56,10,2023,94,6,1,0,0.06315789473684211,0.010526315789473684,0,0,1,0.0,1.0,0.0,0.0,0.0,0.0
7317290713673190688,0.56,11,2023,98,5,3,0,0.050505050505050504,0.030303030303030304,0,0,1,0.0,1.0,0.0,0.0,0.0,0.0
7316431760194096416,0.56,12,2023,217,6,5,0,0.027522935779816515,0.022935779816513763,1,1,1,0.0,1.0,0.0,0.0,0.0,0.0
7314335987033738528,0.56,7,2023,68,6,0,0,0.08695652173913043,0.0,1,0,1,0.0,0.0,0.0,0.0,0.0,1.0
7314256868556213537,0.56,8,2023,86,3,3,0,0.034482758620689655,0.034482758620689655,1,0,1,0.0,1.0,0.0,0.0,0.0,0.0
7310606511775026464,0.56,11,2023,32,1,3,0,0.030303030303030304,0.09090909090909091,0,0,0,0.0,1.0,0.0,0.0,0.0,0.0
7308389510113512737,0.56,10,2023,57,2,1,0,0.034482758620689655,0.017241379310344827,0,0,0,0.0,1.0,0.0,0.0,0.0,0.0
7306457226254781729,0.56,7,2023,39,1,3,0,0.025,0.075,1,0,0,0.0,1.0,0.0,0.0,0.0,0.0
7304693853758491936,0.56,12,2023,133,6,2,0,0.04477611940298507,0.014925373134328358,1,0,0,1.0,0.0,0.0,0.0,0.0,0.0
7302352085796916513,0.56,11,2023,54,5,2,0,0.09090909090909091,0.03636363636363636,1,0,0,0.0,0.0,0.0,0.0,0.0,1.0
7297157611294706976,0.56,7,2023,64,5,0,0,0.07692307692307693,0.0,1,0,0,0.0,0.0,0.0,0.0,0.0,1.0
7296501143700606241,0.56,11,2023,126,5,1,0,0.03937007874015748,0.007874015748031496,0,0,1,0.0,1.0,0.0,0.0,0.0,0.0
7277906809787059489,0.56,10,2023,132,8,0,0,0.06015037593984962,0.0,0,0,0,1.0,0.0,0.0,0.0,0.0,0.0
7261564389075995930,0.56,12,2023,100,6,1,0,0.0594059405940594,0.009900990099009901,0,0,0,0.0,1.0,0.0,0.0,0.0,0.0
7261562285791956251,0.56,14,2023,134,4,0,0,0.02962962962962963,0.0,0,0,0,0.0,1.0,0.0,0.0,0.0,0.0
7261499359819336986,0.56,13,2023,105,5,2,0,0.04716981132075472,0.018867924528301886,0,0,0,0.0,1.0,0.0,0.0,0.0,0.0
7215238321247751430,0.56,14,2023,144,8,1,0,0.05517241379310345,0.006896551724137931,1,0,1,0.0,1.0,0.0,0.0,0.0,0.0
7211565992852475141,0.56,7,2023,121,4,1,0,0.03278688524590164,0.00819672131147541,0,1,0,0.0,1.0,0.0,0.0,0.0,0.0
7202617948983315717,0.56,14,2023,148,3,1,0,0.020134228187919462,0.006711409395973154,0,0,1,0.0,1.0,0.0,0.0,0.0,0.0
7199586123952311557,0.56,6,2023,199,6,2,0,0.03,0.01,1,0,0,0.0,1.0,0.0,0.0,0.0,0.0
7195225752541875462,0.56,11,2023,133,6,1,0,0.04477611940298507,0.007462686567164179,0,0,1,0.0,1.0,0.0,0.0,0.0,0.0
7193338808870456582,0.56,11,2023,116,9,0,0,0.07692307692307693,0.0,1,0,1,0.0,1.0,0.0,0.0,0.0,0.0
7192237337412177157,0.56,12,2023,112,8,1,0,0.07079646017699115,0.008849557522123894,0,0,1,0.0,1.0,0.0,0.0,0.0,0.0
7182218891702127877,0.56,11,2022,68,4,0,0,0.057971014492753624,0.0,0,0,1,0.0,1.0,0.0,0.0,0.0,0.0
7179637090932509958,0.56,12,2022,91,3,1,1,0.03260869565217391,0.010869565217391304,0,0,0,0.0,1.0,0.0,0.0,0.0,0.0
7173707401302920453,0.56,10,2022,92,5,0,0,0.053763440860215055,0.0,0,0,0,1.0,0.0,0.0,0.0,0.0,0.0
7169948893805825285,0.56,14,2022,109,3,0,0,0.02727272727272727,0.0,0,0,1,0.0,1.0,0.0,0.0,0.0,0.0
7164769032430767365,0.56,14,2022,29,2,0,0,0.06666666666666667,0.0,0,0,0,0.0,0.0,0.0,0.0,0.0,1.0
7163552631053503749,0.56,11,2022,147,9,1,0,0.060810810810810814,0.006756756756756757,0,0,0,0.0,1.0,0.0,0.0,0.0,0.0
7162174902865251589,0.56,13,2022,40,2,0,0,0.04878048780487805,0.0,0,0,0,0.0,1.0,0.0,0.0,0.0,0.0
7155814731897376006,0.56,14,2022,95,7,0,0,0.07291666666666667,0.0,0,0,0,1.0,0.0,0.0,0.0,0.0,0.0
7146479472022277381,0.56,14,2022,125,8,3,1,0.06349206349206349,0.023809523809523808,1,0,0,0.0,0.0,0.0,0.0,0.0,1.0
7145813168818900229,0.56,12,2022,155,9,2,0,0.057692307692307696,0.01282051282051282,0,0,0,1.0,0.0,0.0,0.0,0.0,0.0
7130620750842678533,0.56,14,2022,89,4,0,0,0.044444444444444446,0.0,0,1,0,0.0,1.0,0.0,0.0,0.0,0.0
7088705916027063557,0.56,14,2022,101,8,0,0,0.0784313725490196,0.0,1,0,1,0.0,1.0,0.0,0.0,0.0,0.0
7087822626005060870,0.56,14,2022,105,10,0,0,0.09433962264150944,0.0,0,0,1,0.0,1.0,0.0,0.0,0.0,0.0
7084890005491010821,0.56,7,2022,124,10,2,0,0.08,0.016,0,0,1,0.0,1.0,0.0,0.0,0.0,0.0
7081140277083213062,0.56,9,2022,87,9,0,0,0.10227272727272728,0.0,0,0,1,0.0,1.0,0.0,0.0,0.0,0.0
7079069070078889221,0.56,8,2022,87,7,0,0,0.07954545454545454,0.0,0,0,1,0.0,1.0,0.0,0.0,0.0,0.0
7077597820538146053,0.56,12,2022,95,8,1,0,0.08333333333333333,0.010416666666666666,0,0,1,0.0,1.0,0.0,0.0,0.0,0.0
7076423248698690822,0.56,11,2022,97,8,3,0,0.08163265306122448,0.030612244897959183,0,0,1,0.0,1.0,0.0,0.0,0.0,0.0
7075788593930816773,0.56,9,2022,137,6,2,0,0.043478260869565216,0.014492753623188406,1,0,1,0.0,1.0,0.0,0.0,0.0,0.0
7073510812542913798,0.56,12,2022,146,8,3,0,0.05442176870748299,0.02040816326530612,1,0,1,0.0,1.0,0.0,0.0,0.0,0.0
7073157554024566021,0.56,14,2022,109,8,0,0,0.07272727272727272,0.0,1,0,1,0.0,1.0,0.0,0.0,0.0,0.0
7071521897082621189,0.56,11,2022,98,8,1,0,0.08080808080808081,0.010101010101010102,0,0,1,0.0,1.0,0.0,0.0,0.0,0.0
7070550742880292101,0.56,13,2022,118,8,0,0,0.06722689075630252,0.0,0,0,1,0.0,1.0,0.0,0.0,0.0,0.0
7067217215925275910,0.56,14,2022,100,8,0,0,0.07920792079207921,0.0,0,1,1,0.0,1.0,0.0,0.0,0.0,0.0
7064489288125189382,0.56,8,2022,108,6,1,0,0.05504587155963303,0.009174311926605505,0,0,0,0.0,1.0,0.0,0.0,0.0,0.0
7063459529668742406,0.56,10,2022,128,10,0,0,0.07751937984496124,0.0,1,0,1,0.0,1.0,0.0,0.0,0.0,0.0
7062023531764256006,0.56,13,2022,123,10,1,0,0.08064516129032258,0.008064516129032258,0,0,1,0.0,1.0,0.0,0.0,0.0,0.0
7061519229182315781,0.56,10,2022,122,9,2,0,0.07317073170731707,0.016260162601626018,1,0,0,0.0,1.0,0.0,0.0,0.0,0.0
7060887870688529670,0.56,11,2022,140,9,0,2,0.06382978723404255,0.0,0,0,1,0.0,1.0,0.0,0.0,0.0,0.0
7059414649581604102,0.56,9,2022,85,7,0,0,0.08139534883720931,0.0,0,0,1,0.0,1.0,0.0,0.0,0.0,0.0
7057560274424958214,0.56,10,2022,106,8,0,0,0.07476635514018691,0.0,0,1,1,0.0,1.0,0.0,0.0,0.0,0.0
7055714634526969093,0.56,9,2022,119,9,1,0,0.075,0.008333333333333333,0,0,1,0.0,1.0,0.0,0.0,0.0,0.0
7055321327174946054,0.56,12,2022,142,9,1,1,0.06293706293706294,0.006993006993006993,0,0,1,0.0,1.0,0.0,0.0,0.0,0.0
7054948838716493061,0.56,14,2022,132,9,0,0,0.06766917293233082,0.0,0,0,1,0.0,1.0,0.0,0.0,0.0,0.0
7053545705868152069,0.56,8,2022,138,11,0,0,0.07913669064748201,0.0,0,0,1,0.0,1.0,0.0,0.0,0.0,0.0
7052727837165505797,0.56,12,2022,134,8,1,1,0.05925925925925926,0.007407407407407408,1,0,1,0.0,1.0,0.0,0.0,0.0,0.0
7045558641969073414,0.56,14,2021,113,9,1,0,0.07894736842105263,0.008771929824561403,0,1,1,0.0,1.0,0.0,0.0,0.0,0.0
7039259712038112518,0.56,14,2021,137,9,0,0,0.06521739130434782,0.0,1,0,1,1.0,0.0,0.0,0.0,0.0,0.0
7038189746484563205,0.56,12,2021,119,8,3,0,0.06666666666666667,0.025,1,0,0,1.0,0.0,0.0,0.0,0.0,0.0
7019307301299424518,0.56,13,2021,62,4,0,0,0.06349206349206349,0.0,1,1,1,0.0,1.0,0.0,0.0,0.0,0.0
7014030961486630149,0.56,12,2021,222,20,0,0,0.08968609865470852,0.0,0,0,0,0.0,1.0,0.0,0.0,0.0,0.0
7001083090462346501,0.56,14,2021,128,11,1,0,0.08527131782945736,0.007751937984496124,1,0,0,0.0,1.0,0.0,0.0,0.0,0.0
6994481888182144262,0.56,14,2021,117,3,2,0,0.025423728813559324,0.01694915254237288,0,1,0,0.0,1.0,0.0,0.0,0.0,0.0
6982843678305897734,0.56,13,2021,144,11,0,0,0.07586206896551724,0.0,0,0,0,1.0,0.0,0.0,0.0,0.0,0.0
6972416280762649861,0.56,12,2021,146,13,0,0,0.08843537414965986,0.0,0,0,0,0.0,1.0,0.0,0.0,0.0,0.0
6963197595422346502,0.56,11,2021,145,14,0,0,0.0958904109589041,0.0,0,0,0,1.0,0.0,0.0,0.0,0.0,0.0
6959192993014287622,0.56,14,2021,100,8,0,0,0.07920792079207921,0.0,0,0,1,0.0,1.0,0.0,0.0,0.0,0.0
6952049416425590022,0.56,10,2021,142,10,1,0,0.06993006993006994,0.006993006993006993,1,0,0,0.0,1.0,0.0,0.0,0.0,0.0
6921227616347327749,0.56,14,2021,143,10,2,0,0.06944444444444445,0.013888888888888888,1,0,0,0.0,1.0,0.0,0.0,0.0,0.0
6919824999914245381,0.56,11,2021,143,9,3,1,0.0625,0.020833333333333332,1,0,1,0.0,1.0,0.0,0.0,0.0,0.0
7597116010528902422,0.56,14,2026,37,0,1,0,0.0,0.02631578947368421,0,0,0,0.0,0.0,0.0,1.0,0.0,0.0
7548437152137350422,0.56,10,2025,81,5,1,0,0.06097560975609756,0.012195121951219513,0,0,0,0.0,0.0,0.0,1.0,0.0,0.0
7545851939586723094,0.56,10,2025,54,5,1,0,0.09090909090909091,0.01818181818181818,0,0,0,0.0,0.0,0.0,0.0,0.0,1.0
7537717748512705814,0.56,12,2025,83,5,1,0,0.05952380952380952,0.011904761904761904,0,0,0,0.0,0.0,0.0,1.0,0.0,0.0
7530943991257386262,0.56,7,2025,97,8,1,0,0.08163265306122448,0.01020408163265306,0,0,0,0.0,0.0,0.0,1.0,0.0,0.0
7528439846218550550,0.56,14,2025,108,8,2,0,0.07339449541284404,0.01834862385321101,0,1,0,0.0,0.0,0.0,1.0,0.0,0.0
7524285666692271382,0.56,12,2025,71,8,1,0,0.1111111111111111,0.013888888888888888,0,0,0,0.0,0.0,0.0,0.0,0.0,1.0
7519058140860583190,0.56,7,2025,104,8,1,0,0.0761904761904762,0.009523809523809525,0,0,0,0.0,0.0,0.0,1.0,0.0,0.0
7515407893357759766,0.56,11,2025,91,5,1,1,0.05434782608695652,0.010869565217391304,0,0,0,0.0,0.0,1.0,0.0,0.0,0.0
7511669950990290198,0.56,12,2025,119,8,1,0,0.06666666666666667,0.008333333333333333,0,0,0,0.0,0.0,0.0,1.0,0.0,0.0
7496845046814166294,0.56,12,2025,68,5,2,0,0.07246376811594203,0.028985507246376812,0,0,1,0.0,0.0,0.0,1.0,0.0,0.0
7475687308797299990,0.56,13,2025,81,6,1,0,0.07317073170731707,0.012195121951219513,1,0,1,0.0,0.0,0.0,1.0,0.0,0.0
7470159373935856918,0.56,9,2025,81,7,1,0,0.08536585365853659,0.012195121951219513,0,0,0,0.0,0.0,0.0,1.0,0.0,0.0
7459403430122097942,0.56,7,2025,92,5,1,1,0.053763440860215055,0.010752688172043012,0,0,1,0.0,0.0,0.0,1.0,0.0,0.0
7458331354212666646,0.56,10,2025,62,6,1,0,0.09523809523809523,0.015873015873015872,0,0,1,0.0,1.0,0.0,0.0,0.0,0.0
7455305851092389142,0.56,10,2025,63,6,1,0,0.09375,0.015625,0,0,1,0.0,0.0,0.0,0.0,1.0,0.0
7451629003380755734,0.56,7,2024,79,5,1,1,0.0625,0.0125,1,0,0,0.0,0.0,0.0,1.0,0.0,0.0
7450432979526012182,0.56,10,2024,46,5,1,0,0.10638297872340426,0.02127659574468085,0,0,1,0.0,0.0,0.0,0.0,0.0,1.0
7439731424854379809,0.56,8,2024,55,5,1,0,0.08928571428571429,0.017857142857142856,1,0,0,0.0,0.0,0.0,0.0,0.0,1.0
7438288130567949601,0.56,7,2024,107,5,1,0,0.046296296296296294,0.009259259259259259,1,0,1,0.0,0.0,0.0,1.0,0.0,0.0
7434514141697625377,0.56,13,2024,123,5,1,1,0.04032258064516129,0.008064516129032258,0,0,0,0.0,0.0,0.0,1.0,0.0,0.0
7433411068988280097,0.56,13,2024,62,6,3,0,0.09523809523809523,0.047619047619047616,0,0,0,0.0,0.0,0.0,0.0,0.0,1.0
7414109220523511073,0.56,13,2024,94,6,0,0,0.06315789473684211,0.0,0,0,1,0.0,0.0,0.0,1.0,0.0,0.0
7410754655682153761,0.56,8,2024,67,7,2,0,0.10294117647058823,0.029411764705882353,0,0,0,0.0,0.0,0.0,0.0,0.0,1.0
7407843953539583265,0.56,8,2024,58,0,1,0,0.0,0.01694915254237288,0,0,0,0.0,0.0,0.0,1.0,0.0,0.0
7400379104962284832,0.56,9,2024,74,6,0,0,0.08,0.0,0,0,0,0.0,0.0,0.0,1.0,0.0,0.0
7395950056001572128,0.56,11,2024,66,7,3,0,0.1044776119402985,0.04477611940298507,1,0,0,0.0,0.0,0.0,0.0,0.0,1.0
7393316600922885409,0.56,8,2024,101,6,0,0,0.058823529411764705,0.0,0,0,0,0.0,0.0,0.0,1.0,0.0,0.0
7372168611449900321,0.56,14,2024,107,5,2,0,0.046296296296296294,0.018518518518518517,1,0,0,0.0,0.0,0.0,1.0,0.0,0.0
7358820174952172832,0.56,6,2024,49,4,1,0,0.08,0.02,0,0,1,0.0,0.0,0.0,1.0,0.0,0.0
7356608348030012704,0.56,10,2024,111,6,3,2,0.05357142857142857,0.026785714285714284,0,0,0,0.0,0.0,0.0,1.0,0.0,0.0
7354350552693656864,0.56,7,2024,108,5,1,1,0.045871559633027525,0.009174311926605505,0,0,1,0.0,0.0,0.0,1.0,0.0,0.0
7350310562586283297,0.56,9,2024,64,4,1,0,0.06153846153846154,0.015384615384615385,1,0,1,0.0,0.0,0.0,1.0,0.0,0.0
7343666836812123424,0.56,8,2024,73,5,1,0,0.06756756756756757,0.013513513513513514,0,0,1,0.0,0.0,0.0,1.0,0.0,0.0
7332509276432289057,0.56,6,2024,89,5,1,0,0.05555555555555555,0.011111111111111112,1,0,0,0.0,0.0,0.0,1.0,0.0,0.0
7325862287540096289,0.56,10,2024,45,4,1,0,0.08695652173913043,0.021739130434782608,1,0,1,0.0,1.0,0.0,0.0,0.0,0.0
7324725007391804705,0.56,12,2024,64,4,1,0,0.06153846153846154,0.015384615384615385,1,0,1,0.0,0.0,0.0,1.0,0.0,0.0
7309107806202842400,0.56,14,2023,126,4,1,2,0.031496062992125984,0.007874015748031496,1,0,0,0.0,0.0,0.0,1.0,0.0,0.0
7306559173217488160,0.56,14,2023,185,5,2,2,0.026881720430107527,0.010752688172043012,0,0,0,0.0,0.0,0.0,1.0,0.0,0.0
7261996739446590753,0.56,10,2023,81,4,1,0,0.04878048780487805,0.012195121951219513,0,0,0,0.0,0.0,0.0,1.0,0.0,0.0
7260814503728696602,0.56,10,2023,132,7,1,0,0.05263157894736842,0.007518796992481203,0,1,0,0.0,0.0,0.0,1.0,0.0,0.0
7254588789559938330,0.56,10,2023,126,6,2,0,0.047244094488188976,0.015748031496062992,1,0,0,0.0,0.0,0.0,1.0,0.0,0.0
7606001119243881750,0.56,9,2026,79,5,2,0,0.0625,0.025,1,0,1,0.0,0.0,0.0,1.0,0.0,0.0
7604886753471761686,0.56,7,2026,87,4,1,0,0.045454545454545456,0.011363636363636364,1,0,0,0.0,0.0,0.0,1.0,0.0,0.0
7601164093910715670,0.56,9,2026,81,3,2,0,0.036585365853658534,0.024390243902439025,1,0,1,0.0,0.0,0.0,1.0,0.0,0.0
7587442936376233238,0.56,9,2025,82,4,2,0,0.04819277108433735,0.024096385542168676,1,0,0,0.0,0.0,0.0,1.0,0.0,0.0
7578256886286322966,0.56,14,2025,246,4,4,0,0.016194331983805668,0.016194331983805668,1,0,1,0.0,0.0,0.0,1.0,0.0,0.0
7566676756199951638,0.56,6,2025,54,4,1,0,0.07272727272727272,0.01818181818181818,1,0,1,0.0,0.0,0.0,1.0,0.0,0.0
7560707094018542870,0.56,14,2025,86,2,1,0,0.022988505747126436,0.011494252873563218,1,0,0,0.0,0.0,0.0,1.0,0.0,0.0
7545046455229205782,0.56,12,2025,104,0,4,0,0.0,0.0380952380952381,1,0,1,0.0,0.0,0.0,1.0,0.0,0.0
7529427220335496450,0.56,8,2025,214,2,4,0,0.009302325581395349,0.018604651162790697,0,0,0,0.0,0.0,0.0,1.0,0.0,0.0
7516624091097337110,0.56,11,2025,92,2,4,0,0.021505376344086023,0.043010752688172046,1,0,0,0.0,0.0,0.0,1.0,0.0,0.0
7504627479449963798,0.56,12,2025,655,2,14,2,0.003048780487804878,0.021341463414634148,1,0,1,0.0,0.0,0.0,1.0,0.0,0.0
7494230009050139926,0.56,7,2025,135,3,2,0,0.022058823529411766,0.014705882352941176,1,0,1,0.0,1.0,0.0,0.0,0.0,0.0
7491322585624349974,0.56,10,2025,184,3,3,0,0.016216216216216217,0.016216216216216217,0,0,1,0.0,0.0,0.0,1.0,0.0,0.0
7486129539827928342,0.56,13,2025,73,4,1,0,0.05405405405405406,0.013513513513513514,1,0,1,0.0,0.0,0.0,1.0,0.0,0.0
7485773090555956503,0.56,7,2025,60,3,2,0,0.04918032786885246,0.03278688524590164,1,0,1,0.0,0.0,0.0,1.0,0.0,0.0
7484928854029634838,0.56,6,2025,69,3,2,0,0.04285714285714286,0.02857142857142857,1,0,1,0.0,0.0,0.0,1.0,0.0,0.0
7481596789448117526,0.56,10,2025,165,3,3,0,0.018072289156626505,0.018072289156626505,1,0,1,0.0,0.0,0.0,1.0,0.0,0.0
7478735064881237270,0.56,14,2025,700,3,14,1,0.0042796005706134095,0.019971469329529243,1,0,1,0.0,0.0,0.0,1.0,0.0,0.0
7348766265927814432,0.56,11,2024,248,5,2,1,0.020080321285140562,0.008032128514056224,0,1,1,0.0,0.0,0.0,1.0,0.0,0.0
7346541062267079968,0.56,10,2024,166,5,2,0,0.029940119760479042,0.011976047904191617,0,1,1,0.0,0.0,0.0,1.0,0.0,0.0
7343923844316548384,0.56,12,2024,147,4,2,0,0.02702702702702703,0.013513513513513514,0,1,1,0.0,0.0,0.0,1.0,0.0,0.0
7303884823578397984,0.56,6,2023,128,4,3,0,0.031007751937984496,0.023255813953488372,0,0,1,0.0,0.0,0.0,1.0,0.0,0.0
7291237498506743072,0.56,12,2023,358,8,3,0,0.022284122562674095,0.008356545961002786,0,0,0,0.0,0.0,0.0,1.0,0.0,0.0
7263733416292617505,0.56,12,2023,44,4,0,0,0.08888888888888889,0.0,0,0,0,0.0,0.0,0.0,0.0,0.0,1.0
7256464845132827931,0.56,11,2023,32,4,0,0,0.12121212121212122,0.0,0,0,0,0.0,0.0,0.0,0.0,0.0,1.0
7219294434465238298,0.56,14,2023,53,5,0,1,0.09259259259259259,0.0,1,0,0,0.0,0.0,0.0,0.0,0.0,1.0
7217888414631283995,0.56,10,2023,76,5,0,1,0.06493506493506493,0.0,0,0,0,0.0,1.0,0.0,0.0,0.0,0.0
7215515219164990746,0.56,14,2023,26,4,0,0,0.14814814814814814,0.0,1,0,1,0.0,0.0,0.0,0.0,0.0,1.0
7212344637523283205,0.56,13,2023,58,5,0,1,0.0847457627118644,0.0,1,0,0,0.0,0.0,0.0,0.0,0.0,1.0
7211165738957163782,0.56,14,2023,93,6,1,0,0.06382978723404255,0.010638297872340425,1,1,0,0.0,0.0,0.0,1.0,0.0,0.0
7207862806899592453,0.56,12,2023,54,4,0,0,0.07272727272727272,0.0,0,0,1,0.0,1.0,0.0,0.0,0.0,0.0
7206682386531110149,0.56,12,2023,37,5,0,0,0.13157894736842105,0.0,0,0,1,0.0,0.0,0.0,0.0,0.0,1.0
7206680972555750661,0.56,13,2023,20,1,0,0,0.047619047619047616,0.0,0,0,1,0.0,1.0,0.0,0.0,0.0,0.0
7040810874281479430,0.56,12,2021,74,5,2,0,0.06666666666666667,0.02666666666666667,1,0,1,0.0,1.0,0.0,0.0,0.0,0.0
7039252769894616326,0.56,10,2021,52,7,0,0,0.1320754716981132,0.0,0,0,1,0.0,0.0,0.0,0.0,0.0,1.0
7039005707844308229,0.56,9,2021,49,7,0,0,0.14,0.0,1,0,0,0.0,0.0,0.0,0.0,0.0,1.0
7038707297396198661,0.56,13,2021,49,7,0,0,0.14,0.0,1,0,0,0.0,0.0,0.0,0.0,0.0,1.0
7036326405155638533,0.56,13,2021,37,5,0,0,0.13157894736842105,0.0,0,0,1,0.0,0.0,0.0,0.0,0.0,1.0
7033466696245497093,0.56,7,2021,70,5,1,0,0.07042253521126761,0.014084507042253521,0,1,0,0.0,0.0,0.0,1.0,0.0,0.0
7026774067223055621,0.56,13,2021,22,3,0,0,0.13043478260869565,0.0,1,0,0,0.0,0.0,0.0,0.0,0.0,1.0
7022596866374192390,0.56,9,2021,16,2,0,0,0.11764705882352941,0.0,0,0,0,0.0,0.0,0.0,0.0,0.0,1.0
7007863408129215749,0.56,10,2021,36,2,0,0,0.05405405405405406,0.0,0,0,0,0.0,1.0,0.0,0.0,0.0,0.0
7004414493086240006,0.56,10,2021,58,7,0,0,0.11864406779661017,0.0,0,0,1,0.0,0.0,0.0,0.0,0.0,1.0
6821547365887905030,0.56,13,2020,46,2,1,0,0.0425531914893617,0.02127659574468085,0,1,1,0.0,0.0,0.0,1.0,0.0,0.0
6814175723704683782,0.56,13,2020,27,2,1,0,0.07142857142857142,0.03571428571428571,0,0,0,0.0,0.0,0.0,0.0,0.0,1.0
7584519298459176214,0.56,13,2025,96,2,1,0,0.020618556701030927,0.010309278350515464,1,1,0,0.0,0.0,0.0,1.0,0.0,0.0
7579293926796922134,0.56,13,2025,85,2,1,0,0.023255813953488372,0.011627906976744186,0,0,0,0.0,0.0,0.0,1.0,0.0,0.0
7540185950714875158,0.56,7,2025,116,0,0,1,0.0,0.0,0,0,0,0.0,1.0,0.0,0.0,0.0,0.0
7533680078866238742,0.56,14,2025,118,2,3,0,0.01680672268907563,0.025210084033613446,0,1,0,0.0,0.0,0.0,1.0,0.0,0.0
7529820615637847318,0.56,12,2025,58,3,2,0,0.05084745762711865,0.03389830508474576,1,0,0,0.0,1.0,0.0,0.0,0.0,0.0
7517676181366295830,0.56,10,2025,46,2,1,0,0.0425531914893617,0.02127659574468085,0,0,0,0.0,0.0,0.0,1.0,0.0,0.0
7490984274049469718,0.56,8,2025,124,3,2,1,0.024,0.016,0,0,1,0.0,0.0,0.0,1.0,0.0,0.0
7490119511731965206,0.56,12,2025,176,4,3,0,0.022598870056497175,0.01694915254237288,1,0,1,0.0,0.0,0.0,1.0,0.0,0.0
7481977420220779798,0.56,7,2025,195,4,3,1,0.02040816326530612,0.015306122448979591,1,0,1,0.0,0.0,0.0,1.0,0.0,0.0
7479081271746989334,0.56,11,2025,159,3,2,0,0.01875,0.0125,0,0,0,0.0,0.0,0.0,1.0,0.0,0.0
7478417820376812822,0.56,8,2025,122,4,2,0,0.032520325203252036,0.016260162601626018,1,0,1,0.0,0.0,0.0,1.0,0.0,0.0
7475816575975623958,0.56,12,2025,124,4,4,1,0.032,0.032,1,0,1,0.0,0.0,0.0,1.0,0.0,0.0
7471349532496842006,0.56,8,2025,112,0,1,2,0.0,0.008849557522123894,0,0,1,0.0,0.0,0.0,1.0,0.0,0.0
7471348371962334486,0.56,6,2025,15,0,0,0,0.0,0.0,0,0,0,0.0,0.0,0.0,1.0,0.0,0.0
7470212560399109398,0.56,11,2025,152,4,2,2,0.026143790849673203,0.013071895424836602,1,1,1,0.0,0.0,0.0,1.0,0.0,0.0
7468313844230704406,1.12,8,2025,116,4,1,3,0.03418803418803419,0.008547008547008548,0,1,0,0.0,0.0,0.0,1.0,0.0,0.0
7438966885879696662,0.56,8,2024,131,0,4,0,0.0,0.030303030303030304,1,0,1,0.0,0.0,0.0,1.0,0.0,0.0
7418133778406657313,0.56,10,2024,70,0,1,1,0.0,0.014084507042253521,0,0,1,0.0,0.0,0.0,1.0,0.0,0.0
7415589341981986080,0.56,13,2024,73,0,2,1,0.0,0.02702702702702703,0,0,0,0.0,0.0,0.0,1.0,0.0,0.0
7415541670361500961,0.56,6,2024,19,0,1,0,0.0,0.05,1,0,0,0.0,0.0,0.0,1.0,0.0,0.0
7414059508630031648,0.56,13,2024,37,0,2,0,0.0,0.05263157894736842,0,0,0,0.0,0.0,0.0,1.0,0.0,0.0
7413699830469397793,0.56,7,2024,55,0,3,0,0.0,0.05357142857142857,1,0,1,0.0,0.0,0.0,1.0,0.0,0.0
7413269884840267040,0.56,12,2024,41,0,1,0,0.0,0.023809523809523808,0,0,0,0.0,0.0,0.0,1.0,0.0,0.0
7412939421089090849,0.56,7,2024,59,0,2,0,0.0,0.03333333333333333,0,0,0,0.0,0.0,0.0,1.0,0.0,0.0
7410359060681297184,0.56,12,2024,58,2,2,0,0.03389830508474576,0.03389830508474576,1,0,1,0.0,0.0,0.0,1.0,0.0,0.0
7400784701633416481,0.56,10,2024,76,0,3,1,0.0,0.03896103896103896,0,0,0,0.0,0.0,0.0,1.0,0.0,0.0
7379167807679761697,0.56,12,2024,73,3,1,1,0.04054054054054054,0.013513513513513514,0,0,0,0.0,0.0,0.0,1.0,0.0,0.0
7353226118662589728,0.56,7,2024,101,5,4,1,0.049019607843137254,0.0392156862745098,1,0,1,0.0,1.0,0.0,0.0,0.0,0.0
7344802060019256609,0.56,14,2024,109,6,3,1,0.05454545454545454,0.02727272727272727,0,0,1,0.0,0.0,0.0,1.0,0.0,0.0
7326857703958105376,0.56,14,2024,102,4,1,0,0.038834951456310676,0.009708737864077669,1,0,1,0.0,0.0,0.0,1.0,0.0,0.0
7324421973612825889,0.56,12,2024,90,5,1,0,0.054945054945054944,0.01098901098901099,1,0,1,0.0,0.0,0.0,1.0,0.0,0.0
7315824288173493536,0.56,9,2023,117,6,3,0,0.05084745762711865,0.025423728813559324,1,1,1,0.0,0.0,0.0,1.0,0.0,0.0
7296417264591441185,0.56,9,2023,164,5,2,1,0.030303030303030304,0.012121212121212121,0,0,1,0.0,0.0,0.0,1.0,0.0,0.0
7296124478130572577,0.56,10,2023,78,6,1,0,0.0759493670886076,0.012658227848101266,1,0,1,0.0,1.0,0.0,0.0,0.0,0.0
7296075013734616353,0.56,9,2023,109,8,1,0,0.07272727272727272,0.00909090909090909,0,0,1,0.0,0.0,0.0,1.0,0.0,0.0
7295785443528920352,0.56,7,2023,137,3,3,0,0.021739130434782608,0.021739130434782608,1,0,1,0.0,0.0,0.0,1.0,0.0,0.0
7294200756586958113,0.56,11,2023,81,6,2,0,0.07317073170731707,0.024390243902439025,1,0,1,0.0,1.0,0.0,0.0,0.0,0.0
7288261263757446433,0.56,14,2023,102,6,1,0,0.05825242718446602,0.009708737864077669,1,0,1,0.0,1.0,0.0,0.0,0.0,0.0
7278716528839626016,0.56,9,2023,105,4,2,1,0.03773584905660377,0.018867924528301886,1,0,1,0.0,0.0,0.0,1.0,0.0,0.0
7255981234374069530,0.56,7,2023,64,4,1,1,0.06153846153846154,0.015384615384615385,0,0,1,1.0,0.0,0.0,0.0,0.0,0.0
7246825881904139546,0.59,14,2023,124,4,2,1,0.032,0.016,0,0,0,0.0,1.0,0.0,0.0,0.0,0.0
7238904736253054234,0.56,10,2023,99,4,2,0,0.04,0.02,0,0,0,0.0,0.0,0.0,1.0,0.0,0.0
7219646733901450502,0.56,9,2023,49,0,2,0,0.0,0.04,1,0,0,0.0,0.0,0.0,1.0,0.0,0.0
7214862934139260166,0.56,14,2023,92,5,2,0,0.053763440860215055,0.021505376344086023,0,0,1,0.0,0.0,0.0,1.0,0.0,0.0
7214113271018753285,0.56,8,2023,70,5,0,0,0.07042253521126761,0.0,0,0,1,0.0,0.0,0.0,1.0,0.0,0.0
7213795540574735621,0.55,10,2023,93,7,1,0,0.07446808510638298,0.010638297872340425,0,1,1,0.0,1.0,0.0,0.0,0.0,0.0
7210834532591963398,0.56,10,2023,85,5,2,0,0.05813953488372093,0.023255813953488372,1,0,1,0.0,0.0,0.0,1.0,0.0,0.0
7208933349933452550,0.56,10,2023,142,7,2,0,0.04895104895104895,0.013986013986013986,1,0,1,0.0,0.0,0.0,1.0,0.0,0.0
7208551637869268230,1.0,8,2023,95,7,1,0,0.07291666666666667,0.010416666666666666,1,0,1,0.0,1.0,0.0,0.0,0.0,0.0
7203684040606633222,0.56,12,2023,63,4,0,1,0.0625,0.0,0,0,1,0.0,0.0,0.0,1.0,0.0,0.0
7183332234605268250,0.56,6,2022,111,2,2,1,0.017857142857142856,0.017857142857142856,0,0,1,0.0,0.0,0.0,1.0,0.0,0.0
7175881254233967878,0.56,8,2022,62,3,2,0,0.047619047619047616,0.031746031746031744,1,0,0,0.0,0.0,0.0,1.0,0.0,0.0
7171408287785782533,0.56,9,2022,102,5,1,0,0.04854368932038835,0.009708737864077669,1,0,1,0.0,0.0,0.0,1.0,0.0,0.0
7168426884852747526,0.56,12,2022,90,5,2,0,0.054945054945054944,0.02197802197802198,1,0,1,0.0,1.0,0.0,0.0,0.0,0.0
7158057918431120645,0.56,8,2022,0,0,0,0,0.0,0.0,0,0,0,0.0,0.0,0.0,0.0,0.0,1.0
7146624079615790341,0.56,9,2022,86,5,1,0,0.05747126436781609,0.011494252873563218,0,0,1,0.0,0.0,0.0,1.0,0.0,0.0
7123931386964184326,0.56,14,2022,192,3,1,1,0.015544041450777202,0.0051813471502590676,0,0,0,0.0,0.0,0.0,1.0,0.0,0.0
7120944943270530309,0.56,14,2022,71,4,2,0,0.05555555555555555,0.027777777777777776,0,0,0,0.0,0.0,0.0,1.0,0.0,0.0
7116158724288400645,0.56,7,2022,87,6,1,0,0.06818181818181818,0.011363636363636364,0,0,1,0.0,0.0,0.0,1.0,0.0,0.0
7081711774084484358,0.56,10,2022,103,3,1,2,0.028846153846153848,0.009615384615384616,0,0,0,0.0,1.0,0.0,0.0,0.0,0.0
7079095510904229126,0.56,11,2022,73,4,2,1,0.05405405405405406,0.02702702702702703,1,0,1,0.0,0.0,0.0,1.0,0.0,0.0
7073916316566031622,0.56,14,2022,96,5,1,1,0.05154639175257732,0.010309278350515464,1,0,1,0.0,1.0,0.0,0.0,0.0,0.0
7065372841423801605,0.56,9,2022,61,3,1,0,0.04838709677419355,0.016129032258064516,1,0,0,0.0,1.0,0.0,0.0,0.0,0.0
7064507087086161157,0.56,14,2022,67,3,3,0,0.04411764705882353,0.04411764705882353,1,0,0,0.0,0.0,0.0,1.0,0.0,0.0
7060539961459641605,0.56,9,2022,80,4,1,0,0.04938271604938271,0.012345679012345678,1,1,1,0.0,0.0,0.0,1.0,0.0,0.0
7050043192732912901,0.56,14,2022,63,4,1,0,0.0625,0.015625,1,0,1,0.0,1.0,0.0,0.0,0.0,0.0
7042694987141745926,0.56,11,2021,78,4,1,0,0.05063291139240506,0.012658227848101266,1,0,1,0.0,1.0,0.0,0.0,0.0,0.0
7012661937477537030,0.67,14,2021,99,4,3,0,0.04,0.03,1,1,1,0.0,0.0,0.0,1.0,0.0,0.0
6994839726846971142,0.56,13,2021,147,3,2,2,0.02027027027027027,0.013513513513513514,0,0,1,0.0,0.0,0.0,1.0,0.0,0.0
6979673025503366405,0.56,13,2021,150,13,1,0,0.08609271523178808,0.006622516556291391,0,0,0,0.0,0.0,0.0,1.0,0.0,0.0
6963263758630194437,0.56,11,2021,146,13,0,0,0.08843537414965986,0.0,0,1,0,0.0,0.0,0.0,1.0,0.0,0.0
6958424996964355334,0.56,12,2021,141,8,0,0,0.056338028169014086,0.0,0,1,0,0.0,0.0,0.0,1.0,0.0,0.0
6922868220890254597,0.56,14,2021,132,9,0,0,0.06766917293233082,0.0,1,1,0,0.0,0.0,0.0,1.0,0.0,0.0
6899015791086210306,0.56,10,2020,131,6,0,0,0.045454545454545456,0.0,0,0,1,0.0,0.0,0.0,1.0,0.0,0.0
6896055761982639362,0.66,6,2020,148,9,0,0,0.06040268456375839,0.0,0,0,1,1.0,0.0,0.0,0.0,0.0,0.0
6895747396404284674,0.56,7,2020,150,6,0,1,0.039735099337748346,0.0,0,1,1,0.0,0.0,0.0,1.0,0.0,0.0
6895292772857826562,0.56,14,2020,143,6,0,1,0.041666666666666664,0.0,0,0,1,0.0,0.0,0.0,1.0,0.0,0.0
6887883845954178305,0.56,9,2020,133,6,0,1,0.04477611940298507,0.0,1,0,1,0.0,0.0,0.0,1.0,0.0,0.0
6883876793380572417,0.56,11,2020,147,12,1,0,0.08108108108108109,0.006756756756756757,1,0,1,0.0,0.0,0.0,1.0,0.0,0.0
6883389583271185666,0.56,9,2020,80,6,1,0,0.07407407407407407,0.012345679012345678,1,0,0,0.0,1.0,0.0,0.0,0.0,0.0
6876369843591941377,0.56,12,2020,74,4,1,0,0.05333333333333334,0.013333333333333334,1,0,0,0.0,0.0,0.0,1.0,0.0,0.0
6869621825035357441,0.57,11,2020,45,5,0,0,0.10869565217391304,0.0,1,0,0,0.0,0.0,0.0,0.0,0.0,1.0
6864806467329903878,0.57,6,2020,46,4,1,0,0.0851063829787234,0.02127659574468085,0,1,0,0.0,0.0,0.0,0.0,0.0,1.0
6834056379355991301,0.56,13,2020,66,3,1,0,0.04477611940298507,0.014925373134328358,1,0,0,0.0,1.0,0.0,0.0,0.0,0.0
6798648871401819398,0.56,13,2020,74,5,1,0,0.06666666666666667,0.013333333333333334,1,1,1,0.0,1.0,0.0,0.0,0.0,0.0
6798641094109269253,0.56,14,2020,94,4,2,0,0.042105263157894736,0.021052631578947368,1,0,0,0.0,0.0,0.0,1.0,0.0,0.0
7551820830615899414,0.56,14,2025,112,0,2,0,0.0,0.017699115044247787,0,0,0,0.0,0.0,0.0,1.0,0.0,0.0
7330293520395275553,0.56,12,2024,141,13,2,0,0.09154929577464789,0.014084507042253521,1,0,1,0.0,0.0,0.0,0.0,0.0,1.0
7323224822169750816,0.56,6,2024,106,10,0,0,0.09345794392523364,0.0,0,0,1,0.0,0.0,0.0,0.0,0.0,1.0
7309113734360780064,0.56,11,2023,95,9,0,0,0.09375,0.0,1,0,1,0.0,0.0,0.0,0.0,0.0,1.0
7307663369090207009,0.56,11,2023,88,9,0,0,0.10112359550561797,0.0,1,0,1,0.0,0.0,0.0,0.0,0.0,1.0
7306870694137187616,0.56,9,2023,64,6,0,0,0.09230769230769231,0.0,1,0,1,0.0,0.0,0.0,0.0,0.0,1.0
7306460792310877472,0.56,7,2023,60,7,0,0,0.11475409836065574,0.0,1,0,1,0.0,0.0,0.0,0.0,0.0,1.0
7305781724238105889,0.56,10,2023,85,7,0,0,0.08139534883720931,0.0,0,1,1,0.0,0.0,0.0,0.0,0.0,1.0
7299777182828645664,0.56,7,2023,50,5,0,0,0.09803921568627451,0.0,1,0,0,0.0,0.0,0.0,0.0,0.0,1.0
7297256040544931105,0.56,11,2023,58,6,0,0,0.1016949152542373,0.0,1,0,0,0.0,0.0,0.0,0.0,0.0,1.0
7279078872455384352,0.56,9,2023,84,10,0,0,0.11764705882352941,0.0,0,0,0,0.0,0.0,0.0,0.0,0.0,1.0
7272402191233584417,0.56,9,2023,102,11,0,0,0.10679611650485436,0.0,1,0,0,0.0,0.0,0.0,0.0,0.0,1.0
7265677943228075296,0.56,6,2023,134,14,0,0,0.1037037037037037,0.0,0,0,0,0.0,0.0,0.0,0.0,0.0,1.0
7265242959048723745,0.56,14,2023,135,13,0,0,0.09558823529411764,0.0,1,0,0,0.0,0.0,0.0,0.0,0.0,1.0
7264519435086466336,0.56,6,2023,97,11,0,0,0.11224489795918367,0.0,0,0,0,0.0,1.0,0.0,0.0,0.0,0.0
7262363967157226785,0.56,11,2023,103,10,0,0,0.09615384615384616,0.0,0,0,0,0.0,0.0,0.0,0.0,0.0,1.0
7261965250864467232,0.56,9,2023,130,10,0,1,0.07633587786259542,0.0,0,0,0,0.0,1.0,0.0,0.0,0.0,0.0
7260420548553887002,0.56,9,2023,147,13,0,0,0.08783783783783784,0.0,0,0,1,0.0,0.0,0.0,0.0,0.0,1.0
7225641498249891099,0.56,7,2023,157,17,0,0,0.10759493670886076,0.0,0,0,1,0.0,0.0,0.0,0.0,0.0,1.0
7225245362678762779,0.55,10,2023,161,14,2,0,0.08641975308641975,0.012345679012345678,0,0,0,0.0,0.0,0.0,0.0,0.0,1.0
7224177146263063835,0.56,14,2023,141,13,2,0,0.09154929577464789,0.014084507042253521,1,0,0,0.0,0.0,0.0,0.0,0.0,1.0
7221550036172213509,0.56,14,2023,116,11,2,0,0.09401709401709402,0.017094017094017096,1,0,0,0.0,0.0,0.0,0.0,0.0,1.0
7214886818368490758,0.56,7,2023,120,13,0,0,0.10743801652892562,0.0,1,0,1,0.0,0.0,0.0,0.0,0.0,1.0
7213794863630912773,0.56,6,2023,105,13,0,0,0.12264150943396226,0.0,1,0,1,0.0,0.0,0.0,0.0,0.0,1.0
7210067304095173893,0.56,11,2023,190,16,4,0,0.08376963350785341,0.020942408376963352,1,0,1,0.0,1.0,0.0,0.0,0.0,0.0
7209259784263060742,0.55,10,2023,96,8,1,1,0.08247422680412371,0.010309278350515464,1,0,0,0.0,1.0,0.0,0.0,0.0,0.0
7208590550348434694,0.56,6,2023,178,17,0,0,0.09497206703910614,0.0,1,0,1,0.0,0.0,0.0,0.0,0.0,1.0
7204870147855748357,0.56,6,2023,138,13,0,0,0.09352517985611511,0.0,1,1,1,0.0,0.0,0.0,1.0,0.0,0.0
7200418269629582597,0.56,12,2023,156,11,3,0,0.07006369426751592,0.01910828025477707,0,0,0,0.0,0.0,0.0,1.0,0.0,0.0
7197448084119506182,0.56,11,2023,179,17,0,0,0.09444444444444444,0.0,1,0,1,0.0,0.0,0.0,1.0,0.0,0.0
7197086542479854854,0.56,12,2023,105,8,0,0,0.07547169811320754,0.0,0,0,1,0.0,0.0,0.0,1.0,0.0,0.0
7195607365813636357,0.56,10,2023,119,8,0,0,0.06666666666666667,0.0,1,0,1,0.0,0.0,0.0,1.0,0.0,0.0
7193751547749223685,0.56,7,2023,190,9,1,0,0.04712041884816754,0.005235602094240838,1,0,1,0.0,0.0,0.0,1.0,0.0,0.0
7192254185969044742,0.56,10,2023,125,9,3,0,0.07142857142857142,0.023809523809523808,1,0,1,0.0,0.0,0.0,1.0,0.0,0.0
7191515883330669830,0.56,13,2023,116,8,7,0,0.06837606837606838,0.05982905982905983,1,0,1,0.0,1.0,0.0,0.0,0.0,0.0
7189927984172666118,0.56,7,2023,144,8,6,0,0.05517241379310345,0.041379310344827586,1,0,0,0.0,0.0,0.0,1.0,0.0,0.0
7185200340310969605,0.56,6,2023,177,12,0,0,0.06741573033707865,0.0,1,0,1,0.0,0.0,0.0,1.0,0.0,0.0
7184831364422814981,0.56,8,2023,226,18,0,0,0.07929515418502203,0.0,1,0,1,0.0,0.0,0.0,0.0,0.0,1.0
7184457014217657606,0.56,9,2023,131,12,0,0,0.09090909090909091,0.0,0,0,1,0.0,0.0,0.0,0.0,0.0,1.0
7174022295978003717,0.56,14,2022,176,12,1,0,0.06779661016949153,0.005649717514124294,1,0,0,0.0,1.0,0.0,0.0,0.0,0.0
7161523791154236677,0.56,10,2022,105,6,1,0,0.05660377358490566,0.009433962264150943,1,0,0,0.0,1.0,0.0,0.0,0.0,0.0
7130169267454070021,0.56,14,2022,160,9,1,0,0.055900621118012424,0.006211180124223602,0,0,0,0.0,0.0,0.0,1.0,0.0,0.0
7125392158063955205,0.56,9,2022,187,5,0,1,0.026595744680851064,0.0,0,1,0,0.0,0.0,0.0,1.0,0.0,0.0
7113472331917298949,0.56,9,2022,86,5,0,0,0.05747126436781609,0.0,0,0,0,0.0,0.0,0.0,1.0,0.0,0.0
7078216427131473157,0.56,8,2022,63,5,2,0,0.078125,0.03125,0,0,1,0.0,0.0,0.0,1.0,0.0,0.0
7070486062182731013,0.56,13,2022,174,5,4,0,0.02857142857142857,0.022857142857142857,0,1,1,0.0,0.0,0.0,1.0,0.0,0.0
7050156581652106502,0.56,14,2022,116,4,2,1,0.03418803418803419,0.017094017094017096,1,0,1,0.0,0.0,0.0,1.0,0.0,0.0
6927547229486058757,0.56,14,2021,54,2,2,0,0.03636363636363636,0.03636363636363636,0,0,0,0.0,0.0,0.0,1.0,0.0,0.0
6913929490305420545,0.56,14,2021,65,2,1,0,0.030303030303030304,0.015151515151515152,0,0,0,0.0,0.0,0.0,1.0,0.0,0.0
6896455617523813633,0.56,10,2020,95,4,1,0,0.041666666666666664,0.010416666666666666,0,0,0,0.0,0.0,0.0,1.0,0.0,0.0
6894530886105042178,0.56,9,2020,75,7,1,0,0.09210526315789473,0.013157894736842105,0,1,1,0.0,1.0,0.0,0.0,0.0,0.0
6886076315288554754,0.56,8,2020,149,7,1,0,0.04666666666666667,0.006666666666666667,1,1,1,0.0,0.0,0.0,1.0,0.0,0.0
6885984385670122753,0.56,14,2020,22,0,0,1,0.0,0.0,0,0,0,0.0,0.0,0.0,1.0,0.0,0.0
6885735124013550850,0.56,8,2020,91,4,2,0,0.043478260869565216,0.021739130434782608,1,0,1,0.0,0.0,0.0,1.0,0.0,0.0
6880792115329142018,0.56,6,2020,92,7,1,0,0.07526881720430108,0.010752688172043012,1,1,1,0.0,1.0,0.0,0.0,0.0,0.0
6880117942432959746,0.57,11,2020,89,6,1,1,0.06666666666666667,0.011111111111111112,1,0,1,0.0,0.0,0.0,1.0,0.0,0.0
6875699019520298242,0.56,14,2020,97,4,2,0,0.04081632653061224,0.02040816326530612,1,1,1,0.0,0.0,0.0,1.0,0.0,0.0
6875610422578351362,0.56,12,2020,85,3,1,0,0.03488372093023256,0.011627906976744186,0,0,0,0.0,0.0,0.0,1.0,0.0,0.0
6860766213992090886,0.56,13,2020,67,4,1,0,0.058823529411764705,0.014705882352941176,0,0,0,0.0,0.0,0.0,1.0,0.0,0.0
6834420537545084166,0.56,14,2020,69,8,4,0,0.11428571428571428,0.05714285714285714,0,0,1,0.0,0.0,0.0,0.0,0.0,1.0
6825975879940820230,0.56,9,2020,102,1,3,0,0.009708737864077669,0.02912621359223301,0,1,0,0.0,0.0,0.0,1.0,0.0,0.0
6750983141873224966,0.56,10,2019,43,3,2,0,0.06818181818181818,0.045454545454545456,1,0,1,0.0,0.0,0.0,1.0,0.0,0.0
6739804771013774597,1.78,12,2019,131,5,2,0,0.03787878787878788,0.015151515151515152,1,0,1,0.0,0.0,0.0,1.0,0.0,0.0
7606360801234013462,0.56,9,2026,28,0,0,0,0.0,0.0,0,0,0,0.0,0.0,0.0,1.0,0.0,0.0
7603412461068291350,0.56,11,2026,0,0,0,0,0.0,0.0,0,0,0,0.0,0.0,0.0,0.0,0.0,1.0
7602968538319539478,0.56,10,2026,46,0,0,0,0.0,0.0,0,0,0,0.0,0.0,0.0,1.0,0.0,0.0
7594911702613773590,0.56,11,2026,36,0,0,0,0.0,0.0,0,0,0,0.0,0.0,0.0,1.0,0.0,0.0
7593727684606168342,0.56,9,2026,58,0,0,0,0.0,0.0,1,0,0,0.0,0.0,0.0,1.0,0.0,0.0
7593661214027156758,0.56,9,2026,33,0,0,0,0.0,0.0,0,0,0,0.0,0.0,0.0,1.0,0.0,0.0
7593403675297467651,0.56,7,2026,19,0,1,0,0.0,0.05,0,0,0,0.0,0.0,0.0,1.0,0.0,0.0
7592281951206133014,0.56,9,2026,28,0,0,0,0.0,0.0,0,0,0,0.0,0.0,0.0,1.0,0.0,0.0
7592263862284586263,0.56,13,2026,56,0,0,0,0.0,0.0,0,0,1,0.0,0.0,0.0,1.0,0.0,0.0
7590184087122660630,0.56,11,2026,21,0,2,0,0.0,0.09090909090909091,0,0,0,0.0,0.0,0.0,1.0,0.0,0.0
7587134900852100374,0.56,14,2025,71,0,4,0,0.0,0.05555555555555555,0,0,0,0.0,0.0,0.0,1.0,0.0,0.0
7587070120556580118,0.56,10,2025,64,0,0,0,0.0,0.0,0,0,0,0.0,0.0,0.0,1.0,0.0,0.0
7584105481719844118,0.56,13,2025,50,0,0,1,0.0,0.0,0,0,0,0.0,0.0,0.0,1.0,0.0,0.0
7583420207629225238,0.56,12,2025,39,0,0,0,0.0,0.0,0,0,0,0.0,0.0,0.0,1.0,0.0,0.0
7581507576219618582,0.56,9,2025,32,0,0,0,0.0,0.0,0,0,0,0.0,0.0,0.0,1.0,0.0,0.0
7580065942730738966,0.56,10,2025,37,2,0,0,0.05263157894736842,0.0,0,0,1,0.0,0.0,0.0,1.0,0.0,0.0
7579287270092459286,0.56,8,2025,35,0,2,0,0.0,0.05555555555555555,0,0,0,0.0,0.0,0.0,1.0,0.0,0.0
7577374333048196374,0.56,14,2025,47,0,0,0,0.0,0.0,0,0,0,0.0,0.0,0.0,1.0,0.0,0.0
7577096797580053782,0.56,10,2025,39,0,0,0,0.0,0.0,0,0,0,0.0,0.0,0.0,1.0,0.0,0.0
7577088828171734294,0.56,8,2025,49,0,1,0,0.0,0.02,0,0,0,0.0,0.0,0.0,1.0,0.0,0.0
7575170897451945238,0.56,8,2025,0,0,0,0,0.0,0.0,0,0,0,0.0,0.0,0.0,0.0,0.0,1.0
7575105754374458646,0.56,12,2025,22,0,2,0,0.0,0.08695652173913043,0,0,0,0.0,1.0,0.0,0.0,0.0,0.0
7574759080368114966,0.56,12,2025,62,2,1,0,0.031746031746031744,0.015873015873015872,0,0,1,0.0,0.0,0.0,1.0,0.0,0.0
7572605667299708182,0.56,8,2025,73,0,0,0,0.0,0.0,0,0,0,0.0,0.0,0.0,1.0,0.0,0.0
7571893908754451734,0.56,14,2025,43,2,0,0,0.045454545454545456,0.0,0,0,1,0.0,0.0,0.0,1.0,0.0,0.0
7571134268403895574,0.56,10,2025,166,0,9,0,0.0,0.05389221556886228,0,1,0,0.0,0.0,0.0,1.0,0.0,0.0
7566941841996647702,0.56,11,2025,43,0,0,0,0.0,0.0,0,1,0,0.0,0.0,0.0,1.0,0.0,0.0
7566313596351778070,0.56,6,2025,51,0,1,0,0.0,0.019230769230769232,1,0,0,0.0,0.0,0.0,1.0,0.0,0.0
7565953021411216662,0.56,9,2025,43,0,2,0,0.0,0.045454545454545456,0,0,0,0.0,0.0,0.0,1.0,0.0,0.0
7564069366606679318,0.56,8,2025,38,0,2,0,0.0,0.05128205128205128,0,0,0,0.0,0.0,0.0,1.0,0.0,0.0
7494193739187916054,0.56,7,2025,90,3,1,0,0.03296703296703297,0.01098901098901099,1,0,0,0.0,1.0,0.0,0.0,0.0,0.0
7493955664008498454,0.56,10,2025,100,6,3,0,0.0594059405940594,0.0297029702970297,1,0,1,0.0,0.0,0.0,1.0,0.0,0.0
7493248933460741378,0.56,13,2025,75,5,1,0,0.06578947368421052,0.013157894736842105,0,0,1,0.0,0.0,0.0,1.0,0.0,0.0
7485818484723567894,0.56,11,2025,92,3,1,1,0.03225806451612903,0.010752688172043012,0,0,1,0.0,0.0,0.0,1.0,0.0,0.0
7484305196332436758,0.56,7,2025,77,4,1,0,0.05128205128205128,0.01282051282051282,1,0,1,0.0,0.0,0.0,1.0,0.0,0.0
7483220883759303959,0.56,10,2025,80,5,0,0,0.06172839506172839,0.0,0,0,1,0.0,0.0,0.0,1.0,0.0,0.0
7482898265906646294,0.46,11,2025,105,3,1,0,0.02830188679245283,0.009433962264150943,1,0,1,0.0,0.0,0.0,1.0,0.0,0.0
7480938335133863190,0.56,7,2025,69,3,0,0,0.04285714285714286,0.0,0,0,1,0.0,0.0,0.0,1.0,0.0,0.0
7480244111207976214,0.56,6,2025,78,5,2,0,0.06329113924050633,0.02531645569620253,1,0,1,0.0,0.0,1.0,0.0,0.0,0.0
7476157177149803798,0.56,9,2025,78,0,2,3,0.0,0.02531645569620253,0,1,1,0.0,0.0,0.0,1.0,0.0,0.0
7463500754318347542,0.56,13,2025,52,0,3,2,0.0,0.05660377358490566,1,0,0,0.0,0.0,0.0,1.0,0.0,0.0
7459503727737687318,0.56,9,2025,89,5,3,0,0.05555555555555555,0.03333333333333333,1,0,1,0.0,0.0,0.0,1.0,0.0,0.0
7458336545490193686,0.56,14,2025,73,5,2,0,0.06756756756756757,0.02702702702702703,0,0,1,0.0,1.0,0.0,0.0,0.0,0.0
7451599218545970454,0.56,12,2024,64,0,3,0,0.0,0.046153846153846156,0,0,0,0.0,0.0,0.0,1.0,0.0,0.0
7429021024517229857,0.56,12,2024,93,2,2,0,0.02127659574468085,0.02127659574468085,1,0,1,0.0,0.0,0.0,1.0,0.0,0.0
7421927684965502240,0.56,6,2024,49,2,3,0,0.04,0.06,1,0,0,0.0,1.0,0.0,0.0,0.0,0.0
7421838132624002336,0.56,8,2024,64,2,2,0,0.03076923076923077,0.03076923076923077,1,0,0,0.0,0.0,0.0,1.0,0.0,0.0
7418230327207939360,0.56,10,2024,29,2,2,0,0.06666666666666667,0.06666666666666667,0,0,1,0.0,1.0,0.0,0.0,0.0,0.0
7348413567797841185,0.56,7,2024,94,4,1,0,0.042105263157894736,0.010526315789473684,1,0,1,0.0,0.0,0.0,1.0,0.0,0.0
7345515480288922912,0.56,10,2024,92,7,2,0,0.07526881720430108,0.021505376344086023,0,0,1,0.0,0.0,0.0,1.0,0.0,0.0
7345144791094660384,0.56,11,2024,87,6,1,0,0.06818181818181818,0.011363636363636364,0,0,1,0.0,0.0,0.0,1.0,0.0,0.0
7342536344561896737,0.56,8,2024,93,5,1,0,0.05319148936170213,0.010638297872340425,0,1,1,0.0,0.0,0.0,1.0,0.0,0.0
7340684346040290593,0.56,9,2024,92,5,1,1,0.053763440860215055,0.010752688172043012,0,0,1,0.0,0.0,0.0,1.0,0.0,0.0
7338070752501026081,0.56,12,2024,80,5,0,0,0.06172839506172839,0.0,0,0,1,0.0,1.0,0.0,0.0,0.0,0.0
7329560864518901024,0.56,12,2024,0,0,0,0,0.0,0.0,0,0,0,0.0,0.0,0.0,0.0,0.0,1.0
7327333280297127201,0.56,6,2024,108,4,0,2,0.03669724770642202,0.0,0,0,1,0.0,0.0,0.0,1.0,0.0,0.0
7324741085438397729,0.56,12,2024,81,6,2,0,0.07317073170731707,0.024390243902439025,0,0,1,0.0,0.0,1.0,0.0,0.0,0.0
7319902152686718241,0.56,11,2024,102,6,1,0,0.05825242718446602,0.009708737864077669,0,0,1,0.0,0.0,0.0,1.0,0.0,0.0
7312851563037330721,0.56,8,2023,119,3,0,1,0.025,0.0,0,0,0,0.0,0.0,0.0,1.0,0.0,0.0
7302473271067397409,0.56,9,2023,39,0,1,1,0.0,0.025,0,0,0,0.0,0.0,0.0,1.0,0.0,0.0
7301350531325365537,0.56,11,2023,67,3,1,1,0.04411764705882353,0.014705882352941176,0,0,0,0.0,1.0,0.0,0.0,0.0,0.0
7298393830204640545,0.56,11,2023,81,4,0,0,0.04878048780487805,0.0,0,0,1,0.0,0.0,0.0,1.0,0.0,0.0
7296889866002910497,0.56,7,2023,79,4,3,0,0.05,0.0375,1,0,0,0.0,1.0,0.0,0.0,0.0,0.0
7296154996683410720,0.56,14,2023,55,3,0,0,0.05357142857142857,0.0,0,0,0,0.0,1.0,0.0,0.0,0.0,0.0
7294659855434911008,0.87,8,2023,99,5,1,0,0.05,0.01,0,0,1,0.0,0.0,0.0,1.0,0.0,0.0
7294284376454532384,0.56,10,2023,106,5,1,0,0.04672897196261682,0.009345794392523364,0,0,1,0.0,0.0,0.0,1.0,0.0,0.0
7293541624359996704,0.56,8,2023,80,4,4,1,0.04938271604938271,0.04938271604938271,1,0,0,0.0,0.0,0.0,1.0,0.0,0.0
7293173989143366945,0.56,6,2023,69,4,0,0,0.05714285714285714,0.0,0,0,0,0.0,1.0,0.0,0.0,0.0,0.0
7291678102948810016,0.56,9,2023,76,3,0,0,0.03896103896103896,0.0,0,0,1,0.0,0.0,0.0,1.0,0.0,0.0
7290947930108857633,0.56,7,2023,37,4,3,0,0.10526315789473684,0.07894736842105263,0,0,1,0.0,0.0,0.0,0.0,0.0,1.0
7287983702959869217,0.56,12,2023,69,3,0,0,0.04285714285714286,0.0,0,0,1,0.0,0.0,0.0,1.0,0.0,0.0
7286863155026808096,0.56,13,2023,67,5,0,0,0.07352941176470588,0.0,0,0,1,0.0,1.0,0.0,0.0,0.0,0.0
7278768931857354016,0.56,11,2023,32,0,2,0,0.0,0.06060606060606061,1,0,0,0.0,0.0,0.0,1.0,0.0,0.0
7264884699636469025,0.56,12,2023,71,3,1,0,0.041666666666666664,0.013888888888888888,1,0,0,0.0,0.0,0.0,1.0,0.0,0.0
7262465807949647136,0.56,7,2023,23,1,4,0,0.041666666666666664,0.16666666666666666,0,0,0,0.0,0.0,0.0,0.0,0.0,1.0
7239729661788359962,0.56,11,2023,66,4,1,0,0.05970149253731343,0.014925373134328358,0,0,0,0.0,0.0,0.0,1.0,0.0,0.0
7228976565445512475,0.56,8,2023,71,6,1,0,0.08333333333333333,0.013888888888888888,1,0,1,0.0,1.0,0.0,0.0,0.0,0.0
7221177538855423258,0.56,6,2023,88,6,0,0,0.06741573033707865,0.0,0,0,1,0.0,1.0,0.0,0.0,0.0,0.0
7216365794093976838,0.56,9,2023,62,5,0,0,0.07936507936507936,0.0,0,0,1,0.0,1.0,0.0,0.0,0.0,0.0
7215252214514715909,0.56,8,2023,87,5,0,1,0.056818181818181816,0.0,0,0,1,0.0,0.0,0.0,1.0,0.0,0.0
7210817231368785158,0.56,11,2023,83,6,0,1,0.07142857142857142,0.0,1,0,1,0.0,0.0,0.0,1.0,0.0,0.0
7210074063765638406,0.56,9,2023,97,5,3,0,0.05102040816326531,0.030612244897959183,1,0,1,0.0,0.0,0.0,1.0,0.0,0.0
7208952610336820485,0.56,7,2023,94,5,2,0,0.05263157894736842,0.021052631578947368,1,0,1,0.0,0.0,0.0,1.0,0.0,0.0
7207842110316268805,0.56,6,2023,101,4,0,0,0.0392156862745098,0.0,0,0,1,0.0,0.0,0.0,1.0,0.0,0.0
7204874673367125254,0.56,14,2023,116,4,2,1,0.03418803418803419,0.017094017094017096,1,0,1,0.0,0.0,0.0,1.0,0.0,0.0
7204395621468392709,0.56,12,2023,5,0,5,0,0.0,0.8333333333333334,0,0,0,0.0,0.0,0.0,0.0,0.0,1.0
7203763760538897669,0.56,13,2023,116,4,2,1,0.03418803418803419,0.017094017094017096,1,0,1,0.0,0.0,0.0,1.0,0.0,0.0
7203019203857665286,0.56,6,2023,92,2,1,0,0.021505376344086023,0.010752688172043012,1,0,0,0.0,0.0,0.0,1.0,0.0,0.0
7202277032938540294,0.56,8,2023,104,4,1,0,0.0380952380952381,0.009523809523809525,0,1,1,0.0,0.0,0.0,1.0,0.0,0.0
7199677935949778181,0.56,10,2023,104,5,1,0,0.047619047619047616,0.009523809523809525,0,1,1,0.0,0.0,0.0,1.0,0.0,0.0
7198558888940113158,0.56,14,2023,71,5,0,1,0.06944444444444445,0.0,0,0,1,0.0,1.0,0.0,0.0,0.0,0.0
7198194674354457861,0.56,10,2023,22,3,0,0,0.13043478260869565,0.0,0,0,1,0.0,0.0,0.0,0.0,0.0,1.0
7197080264625966341,0.56,7,2023,106,7,2,1,0.06542056074766354,0.018691588785046728,1,0,1,0.0,0.0,0.0,1.0,0.0,0.0
7194859372227480838,0.56,6,2023,87,6,1,1,0.06818181818181818,0.011363636363636364,0,0,1,0.0,1.0,0.0,0.0,0.0,0.0
7192617192850984198,0.56,6,2023,84,6,3,0,0.07058823529411765,0.03529411764705882,1,0,0,0.0,0.0,0.0,0.0,0.0,1.0
7190456972418862342,0.56,8,2023,79,7,2,0,0.0875,0.025,1,0,1,0.0,1.0,0.0,0.0,0.0,0.0
7188189006851575046,0.56,7,2023,126,6,2,2,0.047244094488188976,0.015748031496062992,1,0,1,0.0,0.0,0.0,1.0,0.0,0.0
7187436390131453190,0.51,12,2023,98,6,0,2,0.06060606060606061,0.0,1,0,1,0.0,1.0,0.0,0.0,0.0,0.0
7184459390143974662,0.56,10,2023,66,6,0,0,0.08955223880597014,0.0,0,0,1,0.0,0.0,0.0,1.0,0.0,0.0
7183477138249485594,0.56,10,2023,66,7,1,0,0.1044776119402985,0.014925373134328358,0,0,1,0.0,1.0,0.0,0.0,0.0,0.0
7182978974253944069,0.56,10,2022,99,7,1,0,0.07,0.01,1,0,1,0.0,0.0,0.0,1.0,0.0,0.0
7177417414542429445,0.56,6,2022,90,4,2,2,0.04395604395604396,0.02197802197802198,0,0,1,0.0,0.0,0.0,1.0,0.0,0.0
7173695147639655686,0.56,14,2022,71,4,1,0,0.05555555555555555,0.013888888888888888,0,0,1,0.0,0.0,0.0,1.0,0.0,0.0
7172507378498260229,0.56,10,2022,22,1,0,0,0.043478260869565216,0.0,0,0,0,0.0,1.0,0.0,0.0,0.0,0.0
7170730138965970181,0.56,14,2022,87,4,2,2,0.045454545454545456,0.022727272727272728,0,0,1,0.0,0.0,0.0,1.0,0.0,0.0
7168935772777614597,0.56,8,2022,71,3,3,0,0.041666666666666664,0.041666666666666664,0,0,1,0.0,1.0,0.0,0.0,0.0,0.0
7165165100075093253,0.56,12,2022,8,0,8,0,0.0,0.8888888888888888,0,0,1,0.0,0.0,0.0,0.0,0.0,1.0
7162123924233358598,0.56,8,2022,44,0,2,1,0.0,0.044444444444444446,1,0,0,0.0,0.0,0.0,1.0,0.0,0.0
7150676745937587462,0.56,13,2022,83,3,4,0,0.03571428571428571,0.047619047619047616,1,0,1,0.0,0.0,0.0,1.0,0.0,0.0
7145110811000835333,0.56,7,2022,27,0,0,0,0.0,0.0,0,0,0,0.0,1.0,0.0,0.0,0.0,0.0
7142874586755976454,0.56,11,2022,45,0,2,1,0.0,0.043478260869565216,1,0,0,0.0,0.0,0.0,1.0,0.0,0.0
7141029212244233478,0.56,11,2022,64,4,3,0,0.06153846153846154,0.046153846153846156,1,0,1,0.0,1.0,0.0,0.0,0.0,0.0
7125076892729756933,0.56,14,2022,61,4,2,0,0.06451612903225806,0.03225806451612903,0,0,0,0.0,1.0,0.0,0.0,0.0,0.0
7122480993948159238,0.56,12,2022,85,5,1,0,0.05813953488372093,0.011627906976744186,0,0,0,0.0,0.0,0.0,1.0,0.0,0.0
7095777172513721605,0.56,6,2022,55,4,0,0,0.07142857142857142,0.0,0,0,0,0.0,0.0,0.0,1.0,0.0,0.0
7094187420819803398,0.56,11,2022,68,4,0,0,0.057971014492753624,0.0,0,0,1,0.0,0.0,0.0,1.0,0.0,0.0
7093581650163944709,0.56,8,2022,79,4,1,1,0.05,0.0125,0,0,1,0.0,0.0,0.0,1.0,0.0,0.0
7090931568486763781,0.56,13,2022,92,7,0,0,0.07526881720430108,0.0,0,0,1,0.0,0.0,0.0,1.0,0.0,0.0
7083155569812589829,0.57,11,2022,131,8,0,0,0.06060606060606061,0.0,0,0,1,0.0,0.0,0.0,1.0,0.0,0.0
7082286078417259782,0.56,6,2022,103,9,1,0,0.08653846153846154,0.009615384615384616,0,0,1,0.0,1.0,0.0,0.0,0.0,0.0
7078325137698770181,0.56,10,2022,96,8,1,0,0.08247422680412371,0.010309278350515464,0,0,1,0.0,1.0,0.0,0.0,0.0,0.0
7076526059344104709,0.56,6,2022,103,7,1,0,0.0673076923076923,0.009615384615384616,0,0,1,0.0,0.0,0.0,1.0,0.0,0.0
7075734573933530373,0.56,7,2022,48,3,1,0,0.061224489795918366,0.02040816326530612,0,0,0,1.0,0.0,0.0,0.0,0.0,0.0
7073511726888635653,0.56,14,2022,87,7,0,0,0.07954545454545454,0.0,0,0,1,0.0,0.0,0.0,1.0,0.0,0.0
7073146702995279110,0.56,12,2022,145,7,1,0,0.04794520547945205,0.00684931506849315,0,0,1,0.0,0.0,0.0,1.0,0.0,0.0
7069799098576112901,0.56,10,2022,60,4,0,1,0.06557377049180328,0.0,1,1,1,0.0,0.0,0.0,1.0,0.0,0.0
7068682786437139718,0.56,11,2022,150,8,0,0,0.052980132450331126,0.0,1,0,1,0.0,0.0,0.0,1.0,0.0,0.0
7068298283386506502,0.56,7,2022,107,9,1,0,0.08333333333333333,0.009259259259259259,1,0,1,0.0,0.0,0.0,1.0,0.0,0.0
7065713702833638662,0.56,13,2022,84,8,1,0,0.09411764705882353,0.011764705882352941,1,0,0,0.0,1.0,0.0,0.0,0.0,0.0
7063127157068844294,0.56,13,2022,112,9,1,2,0.07964601769911504,0.008849557522123894,0,0,1,0.0,1.0,0.0,0.0,0.0,0.0
7062740749992971526,0.56,10,2022,125,9,2,3,0.07142857142857142,0.015873015873015872,0,0,1,0.0,1.0,0.0,0.0,0.0,0.0
7061974363939261701,0.56,14,2022,106,9,2,1,0.08411214953271028,0.018691588785046728,1,0,1,0.0,1.0,0.0,0.0,0.0,0.0
7059302103713402117,0.56,13,2022,61,3,2,0,0.04838709677419355,0.03225806451612903,0,0,1,0.0,1.0,0.0,0.0,0.0,0.0
7058313871718714629,0.56,9,2022,88,7,2,1,0.07865168539325842,0.02247191011235955,1,0,1,0.0,1.0,0.0,0.0,0.0,0.0
7057548200625917190,0.56,11,2022,101,8,0,1,0.0784313725490196,0.0,1,0,1,0.0,1.0,0.0,0.0,0.0,0.0
7057200753470950661,0.56,6,2022,79,7,1,0,0.0875,0.0125,1,0,1,0.0,1.0,0.0,0.0,0.0,0.0
7055610539749199109,0.56,10,2022,97,8,2,0,0.08163265306122448,0.02040816326530612,1,0,1,0.0,1.0,0.0,0.0,0.0,0.0
7054582233989958917,0.56,11,2022,113,8,3,0,0.07017543859649122,0.02631578947368421,1,1,0,0.0,1.0,0.0,0.0,0.0,0.0
7054222416247000325,0.56,7,2022,87,7,3,0,0.07954545454545454,0.03409090909090909,1,0,0,0.0,1.0,0.0,0.0,0.0,0.0
7051571825989422342,0.56,8,2022,79,4,1,0,0.05,0.0125,1,0,0,0.0,1.0,0.0,0.0,0.0,0.0
7046370407758286085,0.56,9,2021,92,7,2,1,0.07526881720430108,0.021505376344086023,1,0,1,0.0,1.0,0.0,0.0,0.0,0.0
7043834307458141446,0.56,12,2021,92,6,2,2,0.06451612903225806,0.021505376344086023,1,0,1,0.0,1.0,0.0,0.0,0.0,0.0
7043009038623329541,0.56,8,2021,73,4,1,0,0.05405405405405406,0.013513513513513514,1,0,0,0.0,1.0,0.0,0.0,0.0,0.0
7042347189179403525,0.56,10,2021,78,7,2,0,0.08860759493670886,0.02531645569620253,1,0,1,0.0,1.0,0.0,0.0,0.0,0.0
7041969079246245126,0.56,9,2021,77,7,2,0,0.08974358974358974,0.02564102564102564,1,0,1,0.0,1.0,0.0,0.0,0.0,0.0
7041603482742230278,0.56,13,2021,90,7,2,0,0.07692307692307693,0.02197802197802198,1,0,1,0.0,1.0,0.0,0.0,0.0,0.0
7040105390410960133,0.56,10,2021,86,7,2,0,0.08045977011494253,0.022988505747126436,1,0,1,0.0,1.0,0.0,0.0,0.0,0.0
7039780337739730181,0.56,8,2021,120,7,1,0,0.05785123966942149,0.008264462809917356,1,0,1,0.0,0.0,0.0,1.0,0.0,0.0
7038638363686997254,0.56,12,2021,53,4,3,0,0.07407407407407407,0.05555555555555555,1,0,1,0.0,1.0,0.0,0.0,0.0,0.0
7037974894553894150,0.56,9,2021,45,0,4,0,0.0,0.08695652173913043,1,0,0,0.0,0.0,0.0,1.0,0.0,0.0
7037757089799818502,0.56,11,2021,52,0,1,0,0.0,0.018867924528301886,0,0,0,0.0,0.0,0.0,1.0,0.0,0.0
7037532518978964741,0.56,13,2021,54,3,3,0,0.05454545454545454,0.05454545454545454,1,0,1,0.0,1.0,0.0,0.0,0.0,0.0
7036807584111709445,0.56,11,2021,52,4,4,0,0.07547169811320754,0.07547169811320754,1,0,1,0.0,0.0,0.0,0.0,0.0,1.0
7028978217117682949,0.56,9,2021,85,3,6,0,0.03488372093023256,0.06976744186046512,1,0,1,0.0,1.0,0.0,0.0,0.0,0.0
7026756047805205766,0.56,10,2021,42,0,2,0,0.0,0.046511627906976744,1,0,0,0.0,1.0,0.0,0.0,0.0,0.0
7025927416061250821,0.56,14,2021,44,3,2,0,0.06666666666666667,0.044444444444444446,1,0,1,0.0,1.0,0.0,0.0,0.0,0.0
7020800251950927109,0.56,7,2021,88,4,2,0,0.0449438202247191,0.02247191011235955,0,0,1,0.0,0.0,0.0,1.0,0.0,0.0
7018826174767942918,0.56,9,2021,19,2,1,0,0.1,0.05,0,0,0,0.0,0.0,0.0,0.0,0.0,1.0
7018383080205356293,0.56,9,2021,66,2,0,0,0.029850746268656716,0.0,0,0,0,0.0,0.0,0.0,1.0,0.0,0.0
7001054542804667653,0.56,11,2021,50,3,1,0,0.058823529411764705,0.0196078431372549,0,0,1,0.0,1.0,0.0,0.0,0.0,0.0
6943540424141491461,0.56,10,2021,37,3,1,0,0.07894736842105263,0.02631578947368421,1,0,0,0.0,1.0,0.0,0.0,0.0,0.0
6935817751898426629,0.56,6,2021,54,4,0,0,0.07272727272727272,0.0,0,0,1,0.0,1.0,0.0,0.0,0.0,0.0
6927665892457237765,0.56,13,2021,58,4,1,0,0.06779661016949153,0.01694915254237288,1,0,1,0.0,1.0,0.0,0.0,0.0,0.0
6796364077095472389,0.56,10,2020,49,6,0,0,0.12,0.0,0,0,1,0.0,0.0,0.0,0.0,0.0,1.0
6796363351816555782,0.56,11,2020,44,5,0,0,0.1111111111111111,0.0,0,0,1,0.0,0.0,0.0,0.0,0.0,1.0
6795606002222796037,0.56,9,2020,81,8,1,0,0.0975609756097561,0.012195121951219513,1,0,1,0.0,1.0,0.0,0.0,0.0,0.0
6794470373212589317,0.56,8,2020,39,5,0,0,0.125,0.0,1,0,0,0.0,0.0,0.0,0.0,0.0,1.0
6793765694619143430,0.56,6,2020,34,4,0,0,0.11428571428571428,0.0,1,0,0,0.0,0.0,0.0,0.0,0.0,1.0
6793347939294072069,0.56,11,2020,107,8,1,0,0.07407407407407407,0.009259259259259259,1,0,1,0.0,0.0,0.0,1.0,0.0,0.0
6792133610360065285,0.57,12,2020,89,7,1,0,0.07777777777777778,0.011111111111111112,0,0,1,0.0,0.0,0.0,1.0,0.0,0.0
6792131260543225094,0.55,12,2020,99,10,1,0,0.1,0.01,1,0,1,0.0,0.0,0.0,1.0,0.0,0.0
7597437745258073400,0.56,13,2026,63,3,2,0,0.046875,0.03125,1,0,1,0.0,0.0,0.0,1.0,0.0,0.0
7595900789546044684,0.56,14,2026,60,3,0,0,0.04918032786885246,0.0,0,0,1,0.0,1.0,0.0,0.0,0.0,0.0
7593820955810598156,0.56,13,2026,55,2,2,0,0.03571428571428571,0.03571428571428571,1,0,1,0.0,0.0,0.0,1.0,0.0,0.0
7593673061476420920,0.56,12,2026,59,3,1,0,0.05,0.016666666666666666,0,0,1,0.0,0.0,1.0,0.0,0.0,0.0
7586689516153343288,0.56,12,2025,81,3,1,0,0.036585365853658534,0.012195121951219513,0,0,1,0.0,0.0,0.0,1.0,0.0,0.0
7584927758497697035,1.33,12,2025,18,0,2,0,0.0,0.10526315789473684,1,0,0,0.0,0.0,1.0,0.0,0.0,0.0
7580037763580415244,0.57,6,2025,81,3,1,0,0.036585365853658534,0.012195121951219513,0,0,1,0.0,0.0,1.0,0.0,0.0,0.0
7578641094464867595,0.56,11,2025,52,3,1,0,0.05660377358490566,0.018867924528301886,0,0,1,0.0,0.0,0.0,1.0,0.0,0.0
7577087400501857592,0.56,12,2025,113,3,1,0,0.02631578947368421,0.008771929824561403,0,0,1,0.0,0.0,1.0,0.0,0.0,0.0
7575902535349816588,0.56,10,2025,52,3,1,0,0.05660377358490566,0.018867924528301886,0,0,1,0.0,0.0,0.0,1.0,0.0,0.0
7570044496004533516,0.56,12,2025,210,0,1,0,0.0,0.004739336492890996,1,0,0,0.0,0.0,1.0,0.0,0.0,0.0
7569526874024512780,0.56,13,2025,94,4,1,0,0.042105263157894736,0.010526315789473684,1,0,0,0.0,0.0,0.0,1.0,0.0,0.0
7565955844764863755,0.56,13,2025,60,4,0,0,0.06557377049180328,0.0,0,0,1,0.0,1.0,0.0,0.0,0.0,0.0
7559134249731853579,0.56,7,2025,57,3,1,0,0.05172413793103448,0.017241379310344827,0,0,1,0.0,0.0,1.0,0.0,0.0,0.0
7553173878785297720,0.56,10,2025,117,3,0,0,0.025423728813559324,0.0,0,0,1,0.0,0.0,0.0,1.0,0.0,0.0
7545528304237841720,0.56,12,2025,59,3,1,0,0.05,0.016666666666666666,0,0,0,0.0,1.0,0.0,0.0,0.0,0.0
7537787296209259782,0.56,9,2025,197,2,0,0,0.010101010101010102,0.0,1,0,0,0.0,0.0,1.0,0.0,0.0,0.0
7527665793501318456,0.56,8,2025,41,2,1,0,0.047619047619047616,0.023809523809523808,0,0,1,0.0,0.0,0.0,1.0,0.0,0.0
7524995526518000901,0.56,11,2025,74,3,1,0,0.04,0.013333333333333334,0,0,0,0.0,0.0,0.0,1.0,0.0,0.0
7520150754858896645,0.56,10,2025,61,2,1,0,0.03225806451612903,0.016129032258064516,1,0,1,0.0,1.0,0.0,0.0,0.0,0.0
7517644986310020408,0.56,12,2025,83,3,1,0,0.03571428571428571,0.011904761904761904,0,0,0,0.0,0.0,0.0,1.0,0.0,0.0
7488241037907905797,0.56,13,2025,59,2,2,0,0.03333333333333333,0.03333333333333333,1,0,1,0.0,0.0,1.0,0.0,0.0,0.0
7479794065983147269,0.56,10,2025,43,0,2,0,0.0,0.045454545454545456,1,0,0,0.0,0.0,1.0,0.0,0.0,0.0
7470863926922579205,0.56,9,2025,61,3,0,0,0.04838709677419355,0.0,0,0,1,0.0,1.0,0.0,0.0,0.0,0.0
7463089844516965637,0.56,8,2025,32,2,0,0,0.06060606060606061,0.0,0,0,1,1.0,0.0,0.0,0.0,0.0,0.0
7461940902890605829,0.56,8,2025,55,2,1,0,0.03571428571428571,0.017857142857142856,0,0,1,0.0,1.0,0.0,0.0,0.0,0.0
7426721230721453318,0.59,6,2024,43,3,1,0,0.06818181818181818,0.022727272727272728,1,0,1,0.0,1.0,0.0,0.0,0.0,0.0
7415576931577433349,0.56,12,2024,56,4,2,0,0.07017543859649122,0.03508771929824561,1,0,0,0.0,1.0,0.0,0.0,0.0,0.0
7349173304613162246,0.56,12,2024,118,3,2,0,0.025210084033613446,0.01680672268907563,1,0,1,0.0,0.0,1.0,0.0,0.0,0.0
7348384350297165061,0.56,8,2024,51,2,1,0,0.038461538461538464,0.019230769230769232,0,0,0,0.0,0.0,1.0,0.0,0.0,0.0
7346623546229099781,0.56,9,2024,48,1,3,0,0.02040816326530612,0.061224489795918366,1,0,1,0.0,0.0,0.0,1.0,0.0,0.0
7345477638619778309,0.56,14,2024,95,2,2,0,0.020833333333333332,0.020833333333333332,1,0,0,0.0,0.0,1.0,0.0,0.0,0.0
7341020687345192197,0.56,13,2024,44,0,2,0,0.0,0.044444444444444446,1,0,1,0.0,0.0,1.0,0.0,0.0,0.0
7333701921573850374,0.56,14,2024,790,2,12,7,0.0025284450063211127,0.015170670037926675,1,0,1,0.0,0.0,1.0,0.0,0.0,0.0
7332928025517903109,0.56,11,2024,60,2,1,0,0.03278688524590164,0.01639344262295082,1,0,0,0.0,0.0,1.0,0.0,0.0,0.0
7329985883539541253,0.56,14,2024,115,4,1,0,0.034482758620689655,0.008620689655172414,1,0,0,0.0,0.0,1.0,0.0,0.0,0.0
7329596850804100358,0.56,13,2024,54,3,1,0,0.05454545454545454,0.01818181818181818,0,0,0,0.0,0.0,0.0,1.0,0.0,0.0
7328066217929985286,0.56,11,2024,55,2,1,0,0.03571428571428571,0.017857142857142856,0,0,0,0.0,1.0,0.0,0.0,0.0,0.0
7325861199604665606,0.56,9,2024,50,2,2,0,0.0392156862745098,0.0392156862745098,1,0,0,0.0,1.0,0.0,0.0,0.0,0.0
7323237610665544966,0.56,8,2024,74,6,1,0,0.08,0.013333333333333334,0,0,1,0.0,1.0,0.0,0.0,0.0,0.0
7320606856995523846,0.56,8,2024,131,9,2,0,0.06818181818181818,0.015151515151515152,1,0,0,0.0,0.0,1.0,0.0,0.0,0.0
7319511492888366342,0.56,13,2024,67,2,2,0,0.029411764705882353,0.029411764705882353,0,1,0,0.0,0.0,1.0,0.0,0.0,0.0
7267229404584037638,0.56,12,2023,175,3,2,0,0.017045454545454544,0.011363636363636364,1,0,0,0.0,0.0,1.0,0.0,0.0,0.0
7221953102184779013,0.56,9,2023,83,3,1,0,0.03571428571428571,0.011904761904761904,0,0,0,0.0,0.0,1.0,0.0,0.0,0.0
7217463144069844230,0.56,10,2023,118,2,0,1,0.01680672268907563,0.0,1,0,0,0.0,0.0,1.0,0.0,0.0,0.0
7214396955810680069,0.56,6,2023,54,4,1,0,0.07272727272727272,0.01818181818181818,0,0,1,0.0,0.0,1.0,0.0,0.0,0.0
7207818125402852613,0.56,14,2023,191,4,1,0,0.020833333333333332,0.005208333333333333,0,0,1,0.0,0.0,1.0,0.0,0.0,0.0
7201892299112992005,0.56,7,2023,95,4,1,0,0.041666666666666664,0.010416666666666666,1,0,0,0.0,0.0,1.0,0.0,0.0,0.0
7199338065867934982,0.56,12,2023,108,5,2,0,0.045871559633027525,0.01834862385321101,0,0,1,0.0,0.0,0.0,1.0,0.0,0.0
7198947136300403974,0.56,12,2023,76,2,1,0,0.025974025974025976,0.012987012987012988,0,0,0,0.0,0.0,1.0,0.0,0.0,0.0
7197470706416815365,0.56,6,2023,76,3,0,0,0.03896103896103896,0.0,0,1,0,0.0,0.0,1.0,0.0,0.0,0.0
7189955800851320070,0.56,10,2023,72,2,2,0,0.0273972602739726,0.0273972602739726,1,0,0,0.0,0.0,1.0,0.0,0.0,0.0
7189175939098561798,0.56,10,2023,63,3,1,0,0.046875,0.015625,1,0,0,0.0,0.0,1.0,0.0,0.0,0.0
7187448552354794758,0.56,13,2023,111,3,0,0,0.026785714285714284,0.0,1,0,0,0.0,0.0,1.0,0.0,0.0,0.0
7185872343988702470,0.56,11,2023,49,2,1,0,0.04,0.02,0,0,0,0.0,0.0,1.0,0.0,0.0,0.0
7184475894335950085,0.56,12,2023,76,2,0,0,0.025974025974025976,0.0,0,0,0,0.0,0.0,1.0,0.0,0.0,0.0
7182983364293430533,0.56,9,2022,73,3,2,0,0.04054054054054054,0.02702702702702703,0,0,0,0.0,0.0,1.0,0.0,0.0,0.0
7179319229924084997,0.56,14,2022,86,6,2,0,0.06896551724137931,0.022988505747126436,1,0,1,0.0,0.0,1.0,0.0,0.0,0.0
7176635190469512453,0.56,12,2022,75,3,2,0,0.039473684210526314,0.02631578947368421,1,0,0,0.0,1.0,0.0,0.0,0.0,0.0
7175864609029491974,0.56,14,2022,158,2,1,0,0.012578616352201259,0.006289308176100629,1,1,0,0.0,0.0,1.0,0.0,0.0,0.0
7174823379453644037,0.56,14,2022,72,2,0,0,0.0273972602739726,0.0,0,0,0,0.0,0.0,1.0,0.0,0.0,0.0
7087984641864502534,0.56,11,2022,85,2,1,0,0.023255813953488372,0.011627906976744186,1,0,0,0.0,0.0,1.0,0.0,0.0,0.0
7087653844863208709,0.56,8,2022,80,3,1,0,0.037037037037037035,0.012345679012345678,0,0,1,0.0,0.0,1.0,0.0,0.0,0.0
7087592356664315141,0.56,13,2022,113,3,1,0,0.02631578947368421,0.008771929824561403,1,0,0,0.0,0.0,1.0,0.0,0.0,0.0
7086527236471311622,0.56,12,2022,79,3,2,0,0.0375,0.025,1,0,0,0.0,0.0,1.0,0.0,0.0,0.0
7086144769222511877,0.56,7,2022,92,4,2,0,0.043010752688172046,0.021505376344086023,1,0,1,0.0,0.0,1.0,0.0,0.0,0.0
7086111451965869317,0.56,10,2022,87,4,2,0,0.045454545454545456,0.022727272727272728,1,0,1,0.0,0.0,1.0,0.0,0.0,0.0
7085748815449312517,0.56,10,2022,62,4,2,0,0.06349206349206349,0.031746031746031744,1,0,0,0.0,0.0,1.0,0.0,0.0,0.0
7085404371671846150,0.56,11,2022,58,3,1,0,0.05084745762711865,0.01694915254237288,0,0,1,0.0,0.0,1.0,0.0,0.0,0.0
7085367737178000646,0.56,13,2022,79,3,1,0,0.0375,0.0125,1,0,0,0.0,0.0,1.0,0.0,0.0,0.0
7084552539126926597,0.56,10,2022,70,4,1,0,0.056338028169014086,0.014084507042253521,0,0,1,0.0,0.0,1.0,0.0,0.0,0.0
7083526112558517510,0.56,11,2022,63,3,1,0,0.046875,0.015625,0,0,0,0.0,0.0,1.0,0.0,0.0,0.0
7083159832185933061,0.56,9,2022,92,3,2,0,0.03225806451612903,0.021505376344086023,1,0,0,0.0,0.0,1.0,0.0,0.0,0.0
7082386924677205253,0.56,7,2022,86,3,1,0,0.034482758620689655,0.011494252873563218,1,0,0,0.0,0.0,1.0,0.0,0.0,0.0
7082037036730813701,0.56,7,2022,47,3,3,0,0.0625,0.0625,1,0,0,0.0,0.0,1.0,0.0,0.0,0.0
7081701013891157253,0.56,8,2022,76,3,1,0,0.03896103896103896,0.012987012987012988,1,1,0,0.0,0.0,1.0,0.0,0.0,0.0
7081323710442917125,0.56,12,2022,77,3,2,0,0.038461538461538464,0.02564102564102564,1,0,0,0.0,0.0,1.0,0.0,0.0,0.0
7081276473687985413,0.56,10,2022,125,3,1,0,0.023809523809523808,0.007936507936507936,0,0,1,0.0,0.0,1.0,0.0,0.0,0.0
7080583186522098949,0.56,6,2022,67,3,1,0,0.04411764705882353,0.014705882352941176,0,0,1,0.0,0.0,1.0,0.0,0.0,0.0
7080535307816291589,0.56,8,2022,60,3,1,0,0.04918032786885246,0.01639344262295082,0,0,1,0.0,0.0,1.0,0.0,0.0,0.0
7079836018203020549,0.56,12,2022,71,3,1,0,0.041666666666666664,0.013888888888888888,0,0,0,0.0,0.0,1.0,0.0,0.0,0.0
7079418950315969798,0.56,9,2022,72,3,3,0,0.0410958904109589,0.0410958904109589,0,0,0,0.0,0.0,1.0,0.0,0.0,0.0
7079071645771500806,0.56,7,2022,50,3,1,0,0.058823529411764705,0.0196078431372549,0,0,1,0.0,0.0,1.0,0.0,0.0,0.0
7078352231413697797,0.56,7,2022,61,3,1,0,0.04838709677419355,0.016129032258064516,0,0,0,0.0,0.0,1.0,0.0,0.0,0.0
7077597321667546373,0.56,14,2022,85,4,1,0,0.046511627906976744,0.011627906976744186,1,0,1,0.0,0.0,1.0,0.0,0.0,0.0
7076502785742720261,0.56,12,2022,63,3,2,0,0.046875,0.03125,1,0,0,0.0,0.0,1.0,0.0,0.0,0.0
7076131060420988165,0.56,14,2022,52,3,2,0,0.05660377358490566,0.03773584905660377,1,0,1,0.0,0.0,1.0,0.0,0.0,0.0
7074644027190103302,0.56,10,2022,64,4,2,0,0.06153846153846154,0.03076923076923077,0,0,1,0.0,0.0,1.0,0.0,0.0,0.0
7073906588079246598,0.56,14,2022,63,4,2,0,0.0625,0.03125,0,0,1,0.0,0.0,1.0,0.0,0.0,0.0
7073547434244328709,0.56,8,2022,75,4,2,0,0.05263157894736842,0.02631578947368421,1,0,1,0.0,0.0,1.0,0.0,0.0,0.0
7073513732395044102,0.56,9,2022,69,4,1,0,0.05714285714285714,0.014285714285714285,1,0,1,0.0,0.0,1.0,0.0,0.0,0.0
7072780188018380038,0.56,11,2022,93,3,1,0,0.031914893617021274,0.010638297872340425,0,0,0,0.0,0.0,1.0,0.0,0.0,0.0
7072060893818899717,0.56,10,2022,66,4,1,0,0.05970149253731343,0.014925373134328358,1,0,1,0.0,0.0,1.0,0.0,0.0,0.0
7071272326746230021,0.56,10,2022,52,3,2,0,0.05660377358490566,0.03773584905660377,0,0,1,0.0,0.0,1.0,0.0,0.0,0.0
7070907935722917126,0.56,11,2022,55,4,3,0,0.07142857142857142,0.05357142857142857,1,0,1,0.0,0.0,1.0,0.0,0.0,0.0
7070569241413422342,0.56,6,2022,65,4,3,0,0.06060606060606061,0.045454545454545456,1,0,1,0.0,0.0,1.0,0.0,0.0,0.0
7070218376328563973,0.56,7,2022,76,4,1,0,0.05194805194805195,0.012987012987012988,1,0,1,0.0,0.0,1.0,0.0,0.0,0.0
7069844079122599173,0.56,7,2022,61,4,2,0,0.06451612903225806,0.03225806451612903,1,0,1,0.0,0.0,1.0,0.0,0.0,0.0
7068731699701484806,0.56,10,2022,80,5,2,0,0.06172839506172839,0.024691358024691357,0,0,1,0.0,0.0,1.0,0.0,0.0,0.0
7067985901011373317,0.56,9,2022,61,4,2,0,0.06451612903225806,0.03225806451612903,1,0,1,0.0,0.0,1.0,0.0,0.0,0.0
7067623396279930117,0.56,7,2022,64,4,2,0,0.06153846153846154,0.03076923076923077,1,0,1,0.0,0.0,1.0,0.0,0.0,0.0
7066474035613388037,0.56,13,2022,68,4,2,0,0.057971014492753624,0.028985507246376812,1,0,1,0.0,0.0,1.0,0.0,0.0,0.0
7065769954695564550,0.56,6,2022,56,4,1,0,0.07017543859649122,0.017543859649122806,1,0,0,0.0,0.0,1.0,0.0,0.0,0.0
7064650116321250566,0.56,8,2022,60,5,1,0,0.08196721311475409,0.01639344262295082,1,0,0,1.0,0.0,0.0,0.0,0.0,0.0
7064585014561754373,0.56,8,2022,67,4,2,0,0.058823529411764705,0.029411764705882353,1,0,1,0.0,0.0,1.0,0.0,0.0,0.0
7064244808700726533,0.56,9,2022,70,4,2,0,0.056338028169014086,0.028169014084507043,0,1,1,0.0,0.0,1.0,0.0,0.0,0.0
7063505399307144454,0.56,8,2022,73,3,2,0,0.04054054054054054,0.02702702702702703,1,0,0,0.0,0.0,1.0,0.0,0.0,0.0
7062046390570061061,0.56,12,2022,97,4,2,0,0.04081632653061224,0.02040816326530612,0,0,0,0.0,0.0,1.0,0.0,0.0,0.0
7061663961090936070,0.56,11,2022,77,4,0,0,0.05128205128205128,0.0,0,0,1,0.0,0.0,1.0,0.0,0.0,0.0
7061273234259610885,0.56,6,2022,77,4,2,0,0.05128205128205128,0.02564102564102564,1,0,1,0.0,0.0,1.0,0.0,0.0,0.0
7060513660975844614,0.56,6,2022,68,4,1,0,0.057971014492753624,0.014492753623188406,1,0,1,0.0,0.0,1.0,0.0,0.0,0.0
7060191695681375493,0.56,13,2022,73,4,2,0,0.05405405405405406,0.02702702702702703,0,0,1,0.0,0.0,1.0,0.0,0.0,0.0
7059832468412583173,0.56,11,2022,64,4,2,0,0.06153846153846154,0.03076923076923077,1,0,0,0.0,0.0,1.0,0.0,0.0,0.0
7059747853035441414,0.56,10,2022,73,3,2,0,0.04054054054054054,0.02702702702702703,0,0,0,0.0,0.0,1.0,0.0,0.0,0.0
7059442492080491781,0.56,12,2022,76,4,2,0,0.05194805194805195,0.025974025974025976,0,0,1,0.0,0.0,1.0,0.0,0.0,0.0
7059081815985818886,0.56,6,2022,66,4,2,0,0.05970149253731343,0.029850746268656716,1,0,0,0.0,0.0,1.0,0.0,0.0,0.0
7058348964306783493,0.56,9,2022,59,3,1,0,0.05,0.016666666666666666,0,0,0,0.0,0.0,1.0,0.0,0.0,0.0
7057221943623306501,0.56,11,2022,108,4,2,0,0.03669724770642202,0.01834862385321101,0,0,0,0.0,0.0,1.0,0.0,0.0,0.0
7056858947935915270,0.56,9,2022,65,4,2,0,0.06060606060606061,0.030303030303030304,1,0,0,0.0,0.0,1.0,0.0,0.0,0.0
7056423267564899590,0.56,6,2022,61,3,2,0,0.04838709677419355,0.03225806451612903,0,0,1,0.0,0.0,1.0,0.0,0.0,0.0
7054964457310539013,0.56,11,2022,57,3,3,0,0.05172413793103448,0.05172413793103448,1,0,1,0.0,0.0,1.0,0.0,0.0,0.0
7054255399968476422,0.56,8,2022,69,4,2,0,0.05714285714285714,0.02857142857142857,1,0,0,0.0,0.0,1.0,0.0,0.0,0.0
7053886455805955333,0.56,12,2022,68,3,2,0,0.043478260869565216,0.028985507246376812,1,0,0,0.0,0.0,1.0,0.0,0.0,0.0
7053136217717607686,0.56,11,2022,68,3,2,0,0.043478260869565216,0.028985507246376812,1,0,1,0.0,0.0,1.0,0.0,0.0,0.0
7041160388334980357,0.56,7,2021,55,3,1,0,0.05357142857142857,0.017857142857142856,1,0,0,0.0,0.0,1.0,0.0,0.0,0.0
7038692809985051909,0.56,14,2021,104,6,4,1,0.05714285714285714,0.0380952380952381,1,0,1,0.0,1.0,0.0,0.0,0.0,0.0
6980696986135710981,0.56,9,2021,103,4,2,0,0.038461538461538464,0.019230769230769232,0,1,0,0.0,0.0,1.0,0.0,0.0,0.0
6946128715000663301,0.56,14,2021,84,5,2,1,0.058823529411764705,0.023529411764705882,1,0,1,0.0,0.0,1.0,0.0,0.0,0.0
6945377653587266822,0.8,7,2021,133,5,1,2,0.03731343283582089,0.007462686567164179,0,0,1,0.0,0.0,1.0,0.0,0.0,0.0
6934012329067597061,0.56,9,2021,78,6,0,0,0.0759493670886076,0.0,1,0,1,0.0,1.0,0.0,0.0,0.0,0.0
6926459852134845701,0.56,12,2021,100,6,1,0,0.0594059405940594,0.009900990099009901,1,0,0,0.0,1.0,0.0,0.0,0.0,0.0
6921676134212029701,0.56,10,2021,97,4,2,0,0.04081632653061224,0.02040816326530612,0,0,1,0.0,1.0,0.0,0.0,0.0,0.0
6918691694791691525,0.56,8,2021,106,5,3,1,0.04672897196261682,0.028037383177570093,1,0,0,0.0,0.0,1.0,0.0,0.0,0.0
6897900291631402242,0.56,13,2020,125,11,1,0,0.0873015873015873,0.007936507936507936,1,0,1,0.0,1.0,0.0,0.0,0.0,0.0
6895288761354112258,0.56,13,2020,100,8,0,0,0.07920792079207921,0.0,1,0,1,0.0,1.0,0.0,0.0,0.0,0.0
6876847536938749185,0.56,11,2020,100,5,3,0,0.04950495049504951,0.0297029702970297,1,0,1,0.0,0.0,1.0,0.0,0.0,0.0
7598953535165959426,0.56,8,2026,67,2,2,0,0.029411764705882353,0.029411764705882353,1,0,0,0.0,0.0,1.0,0.0,0.0,0.0
7598574537407548694,0.56,12,2026,31,1,1,0,0.03125,0.03125,1,0,0,0.0,1.0,0.0,0.0,0.0,0.0
7597422827196763414,0.56,9,2026,90,2,1,0,0.02197802197802198,0.01098901098901099,1,0,0,0.0,1.0,0.0,0.0,0.0,0.0
7596412614402460950,0.56,9,2026,84,2,3,0,0.023529411764705882,0.03529411764705882,1,0,1,0.0,0.0,1.0,0.0,0.0,0.0
7594160012247797014,0.56,13,2026,143,0,4,1,0.0,0.027777777777777776,1,0,1,0.0,0.0,1.0,0.0,0.0,0.0
7593664206210157827,0.6,6,2026,99,3,3,0,0.03,0.03,1,0,0,0.0,0.0,1.0,0.0,0.0,0.0
7591891163175554326,0.56,9,2026,110,0,2,0,0.0,0.018018018018018018,1,0,0,0.0,0.0,1.0,0.0,0.0,0.0
7587478416618736918,0.57,12,2025,129,0,2,0,0.0,0.015384615384615385,1,0,0,0.0,0.0,1.0,0.0,0.0,0.0
7586630099286510870,0.56,9,2025,169,4,2,0,0.023529411764705882,0.011764705882352941,1,0,1,0.0,0.0,1.0,0.0,0.0,0.0
7580000663845850390,0.56,6,2025,93,2,2,1,0.02127659574468085,0.02127659574468085,1,0,1,0.0,0.0,1.0,0.0,0.0,0.0
7578151818585328918,0.6,12,2025,137,2,2,0,0.014492753623188406,0.014492753623188406,1,0,0,0.0,0.0,1.0,0.0,0.0,0.0
7576319921030827286,0.56,8,2025,134,2,2,0,0.014814814814814815,0.014814814814814815,1,0,0,0.0,0.0,1.0,0.0,0.0,0.0
7575110522522144022,0.6,9,2025,175,3,3,0,0.017045454545454544,0.017045454545454544,1,0,0,0.0,0.0,1.0,0.0,0.0,0.0
7570012092829748502,0.57,10,2025,124,1,2,0,0.008,0.016,1,0,0,0.0,0.0,1.0,0.0,0.0,0.0
7566632651352853782,0.6,11,2025,132,2,2,0,0.015037593984962405,0.015037593984962405,1,0,0,0.0,0.0,1.0,0.0,0.0,0.0
7553223847730777346,0.56,6,2025,132,2,3,0,0.015037593984962405,0.022556390977443608,1,0,0,0.0,0.0,1.0,0.0,0.0,0.0
7523154104273915158,0.56,14,2025,219,5,3,0,0.022727272727272728,0.013636363636363636,1,0,0,0.0,0.0,1.0,0.0,0.0,0.0
7520582757412556054,0.75,9,2025,140,3,2,0,0.02127659574468085,0.014184397163120567,1,0,0,0.0,0.0,1.0,0.0,0.0,0.0
7495368561821535510,0.56,10,2025,93,1,2,0,0.010638297872340425,0.02127659574468085,0,0,1,0.0,0.0,1.0,0.0,0.0,0.0
7493891893026180374,0.56,14,2025,163,4,2,0,0.024390243902439025,0.012195121951219513,1,0,1,0.0,0.0,1.0,0.0,0.0,0.0
7491632736105450774,0.6,12,2025,188,7,3,0,0.037037037037037035,0.015873015873015872,1,0,1,0.0,0.0,1.0,0.0,0.0,0.0
7486822725684792599,0.56,10,2025,136,2,3,0,0.014598540145985401,0.021897810218978103,1,0,0,0.0,0.0,1.0,0.0,0.0,0.0
7483098002547100950,0.56,6,2025,130,0,2,1,0.0,0.015267175572519083,1,0,1,0.0,0.0,1.0,0.0,0.0,0.0
7481624954484690198,0.56,13,2025,165,2,3,0,0.012048192771084338,0.018072289156626505,1,0,1,0.0,0.0,1.0,0.0,0.0,0.0
7477935287646063894,0.56,8,2025,74,3,1,0,0.04,0.013333333333333334,0,0,1,0.0,0.0,1.0,0.0,0.0,0.0
7473224176086584598,0.56,12,2025,71,1,2,0,0.013888888888888888,0.027777777777777776,0,0,0,0.0,0.0,1.0,0.0,0.0,0.0
7471566242168491286,0.56,7,2025,132,2,2,0,0.015037593984962405,0.015037593984962405,0,0,0,0.0,0.0,1.0,0.0,0.0,0.0
7471289820795374870,0.56,6,2025,130,2,2,0,0.015267175572519083,0.015267175572519083,0,0,0,0.0,0.0,1.0,0.0,0.0,0.0
7470495287212084503,0.6,14,2025,141,2,3,2,0.014084507042253521,0.02112676056338028,1,1,1,0.0,0.0,1.0,0.0,0.0,0.0
7469067273794456854,0.6,10,2025,120,1,2,0,0.008264462809917356,0.01652892561983471,1,0,0,0.0,0.0,1.0,0.0,0.0,0.0
7466514918137728278,0.56,10,2025,88,2,2,0,0.02247191011235955,0.02247191011235955,1,0,0,0.0,0.0,1.0,0.0,0.0,0.0
7466106459403701526,0.56,8,2025,149,2,1,0,0.013333333333333334,0.006666666666666667,1,0,0,0.0,0.0,1.0,0.0,0.0,0.0
7465714414814137623,0.6,13,2025,109,3,2,0,0.02727272727272727,0.01818181818181818,1,0,0,0.0,0.0,1.0,0.0,0.0,0.0
7453069595327384865,0.56,12,2024,96,2,2,0,0.020618556701030927,0.020618556701030927,1,0,1,0.0,0.0,1.0,0.0,0.0,0.0
7447538385993895201,0.56,11,2024,109,2,2,0,0.01818181818181818,0.01818181818181818,1,0,0,0.0,0.0,1.0,0.0,0.0,0.0
7447184186034654496,0.56,7,2024,219,1,3,0,0.004545454545454545,0.013636363636363636,1,0,1,0.0,0.0,1.0,0.0,0.0,0.0
7446341554735828256,0.56,10,2024,83,2,1,0,0.023809523809523808,0.011904761904761904,1,0,0,0.0,0.0,1.0,0.0,0.0,0.0
7399975638112783649,0.56,9,2024,122,3,2,0,0.024390243902439025,0.016260162601626018,1,0,1,0.0,0.0,1.0,0.0,0.0,0.0
7390334004001639713,0.56,11,2024,94,3,1,0,0.031578947368421054,0.010526315789473684,0,0,0,0.0,0.0,1.0,0.0,0.0,0.0
7372132003078032672,0.56,13,2024,97,3,1,0,0.030612244897959183,0.01020408163265306,0,0,0,0.0,0.0,1.0,0.0,0.0,0.0
7351073088601148704,0.56,7,2024,148,3,2,0,0.020134228187919462,0.013422818791946308,1,0,1,0.0,0.0,1.0,0.0,0.0,0.0
7343970143497653537,0.56,13,2024,203,3,2,0,0.014705882352941176,0.00980392156862745,1,0,0,0.0,0.0,1.0,0.0,0.0,0.0
7341738165746634017,0.56,14,2024,65,0,2,0,0.0,0.030303030303030304,1,0,0,0.0,0.0,1.0,0.0,0.0,0.0
7340356860299496736,0.56,11,2024,62,1,2,0,0.015873015873015872,0.031746031746031744,1,0,0,0.0,0.0,1.0,0.0,0.0,0.0
7333562774750088480,0.56,11,2024,154,4,1,1,0.025806451612903226,0.0064516129032258064,1,0,1,0.0,0.0,1.0,0.0,0.0,0.0
7327710709201014049,0.56,6,2024,120,3,4,0,0.024793388429752067,0.03305785123966942,0,0,1,0.0,0.0,1.0,0.0,0.0,0.0
7323667240933444896,0.56,11,2024,75,2,0,0,0.02631578947368421,0.0,0,0,0,0.0,0.0,1.0,0.0,0.0,0.0
7321012358594235681,0.56,7,2024,100,3,1,0,0.0297029702970297,0.009900990099009901,0,0,0,0.0,0.0,1.0,0.0,0.0,0.0
7319919643378912544,0.56,6,2024,177,2,2,0,0.011235955056179775,0.011235955056179775,0,0,0,0.0,0.0,1.0,0.0,0.0,0.0
7318832237842156832,0.56,7,2023,110,0,2,0,0.0,0.018018018018018018,0,0,0,0.0,0.0,1.0,0.0,0.0,0.0
7315822267781467424,0.56,8,2023,216,0,4,0,0.0,0.018433179723502304,0,0,0,0.0,0.0,0.0,1.0,0.0,0.0
7309133635578236192,0.56,9,2023,82,0,3,0,0.0,0.03614457831325301,0,0,0,0.0,0.0,1.0,0.0,0.0,0.0
7307971449870994720,0.56,7,2023,63,2,1,0,0.03125,0.015625,0,0,0,0.0,1.0,0.0,0.0,0.0,0.0
7303968237966904609,0.56,7,2023,118,4,1,0,0.03361344537815126,0.008403361344537815,0,0,0,0.0,0.0,1.0,0.0,0.0,0.0
7297205575501270304,0.56,8,2023,125,3,2,0,0.023809523809523808,0.015873015873015872,1,0,0,0.0,0.0,1.0,0.0,0.0,0.0
7291228337123511585,0.56,14,2023,156,3,3,0,0.01910828025477707,0.01910828025477707,0,0,0,0.0,0.0,1.0,0.0,0.0,0.0
7286830586478578976,0.56,8,2023,147,1,2,0,0.006756756756756757,0.013513513513513514,0,0,0,0.0,0.0,1.0,0.0,0.0,0.0
7283105183352016160,0.56,8,2023,106,2,3,0,0.018691588785046728,0.028037383177570093,1,0,0,0.0,0.0,1.0,0.0,0.0,0.0
7274897399045246241,0.56,8,2023,367,3,3,2,0.008152173913043478,0.008152173913043478,0,0,0,0.0,0.0,1.0,0.0,0.0,0.0
7267879991004761376,0.8,10,2023,269,6,4,0,0.022222222222222223,0.014814814814814815,1,0,0,0.0,0.0,1.0,0.0,0.0,0.0
7261958198775532832,0.56,8,2023,184,4,2,0,0.021621621621621623,0.010810810810810811,0,0,0,0.0,0.0,1.0,0.0,0.0,0.0
