video_id,c_pc1,c_pc2,c_pc3,c_pc4,c_pc5,c_pc7,c_pc17,text_len,nb_hashtags,up_uploader_kitzbuehel_official,up_uploader_megeve_officiel,up_uploader_stanton_arlberg_official,up_uploader_val_thorens,v_pc1,v_pc5,v_pc7
6739804771013774597,-10.952490967077777,-0.3235263744218394,-0.6526086214512172,2.3963289815280024,2.152830030169742,-4.154568124536403,2.29004155356233,131,5,0.0,0.0,0.0,0.0,-18.331470364094923,0.7531873118620689,-2.337262625692921
6750983141873224966,-10.130078203476344,0.5134075690753725,2.1081669664319302,3.352359770993327,2.3428427939843455,-5.989040602048682,0.7307874080501402,43,3,0.0,0.0,0.0,0.0,21.677958808583362,5.114941346799071,6.695779088216216
6792131260543225094,-12.72684638483384,0.22547455014422385,1.419668688170399,4.0894104328044785,0.017146039135574387,-0.8329365318493294,0.4573844280061712,99,10,0.0,0.0,0.0,1.0,2.7648071999239554,-3.554401963050828,-0.8980484778482881
6792133610360065285,-6.5758637385992715,7.466510106374268,-5.562702881215556,3.2769157271246914,0.6995602310581254,-4.390342606909732,2.5968576529195353,89,7,0.0,0.0,0.0,1.0,2.99599121035975,2.283132398352854,1.014642702842326
6793347939294072069,-9.27284812271755,0.13856945598408407,1.9549352538387594,5.129965227812874,-0.7913087939136896,-5.889517726645206,3.4314769227494186,107,8,0.0,0.0,0.0,1.0,4.546051209288135,-0.6719972503196713,0.8248748508081251
6793765694619143430,3.014236991173166,2.9405215426608775,-2.0963574404988026,1.922374870512395,-1.4278977758428915,-4.565625786014273,-3.628502491923836,34,4,0.0,0.0,0.0,1.0,-10.025625374145541,3.4652059968113442,-2.0177995987748334
6794470373212589317,0.5762580416514004,6.588612958539198,-4.341006637231156,2.8640605726436412,1.2467118126276517,-1.1385231898928614,1.4867631762386033,39,5,0.0,0.0,0.0,1.0,-4.390044814325803,-1.4562987271939838,-2.1076240294964204
6795606002222796037,-10.945084083356818,3.0597091439554496,0.943602299072785,6.913270952826099,-0.583145847120487,-0.16756382046755847,-1.6072150428233496,81,8,0.0,0.0,0.0,1.0,3.1783832569607986,3.4882585577556293,-0.5212628236668028
6796363351816555782,-12.852403642645683,0.4951775433768992,2.354949682710212,4.41240879987217,-2.261475535875096,0.3862757642965979,-2.316782088844861,44,5,0.0,0.0,0.0,1.0,-0.47355494380183943,-0.8749815143849071,3.3704614065683502
6796364077095472389,-12.08206107316066,5.101653648479164,2.912938754419007,6.63704988110346,-2.478170628792244,-2.498067877274246,1.6875304428326645,49,6,0.0,0.0,0.0,1.0,6.568730555752827,2.1508586576383513,-0.18981480234662793
6798641094109269253,-7.834340823825686,2.3599942175459816,-0.9037428215434841,3.6768669201305513,-0.05064724187712172,-2.9671772100646203,-0.4898936848846202,94,4,0.0,0.0,0.0,0.0,-6.546284453761627,0.8767108495685032,-3.4115441355417278
6798648871401819398,-1.495745289840788,2.151474825422414,1.2461010045269778,-1.7293435954599259,-0.485706782331165,3.9327266972162085,2.43632736870536,74,5,0.0,0.0,0.0,0.0,3.857893707613375,-3.929691053012897,-1.4325391390713968
6802558843114114310,3.8272574403067963,4.551986924457159,0.3649310163694267,2.1564074181386643,-4.356002213538154,-1.9408973554116995,-0.7890424075919401,149,3,0.0,0.0,0.0,0.0,-4.882026017202236,-1.0610901215058555,0.7838870057015103
6814175723704683782,5.867489528186886,-4.953902361874288,-2.347313742580325,0.1540579639158999,0.8460940729546808,-5.153258254155399,1.5140956107650998,27,2,0.0,0.0,0.0,0.0,6.939179688445319,2.8763839707793184,2.8268326442783915
6821547365887905030,-8.24235734998738,8.34086928740182,-2.4423979976051133,5.836732010418235,-0.8323085366719933,-0.0015377798542289265,1.3255717619382128,46,2,0.0,0.0,0.0,0.0,9.802204342216756,-0.9004035778603647,-1.3444641518183502
6825975879940820230,-3.375932929872404,-11.166147983610607,-2.065566594410218,-1.5004856323500544,6.187457681278977,1.598464430182847,4.154464337028313,102,1,0.0,0.0,0.0,0.0,-0.0943787470495607,-2.182605192772947,-0.7850235114899347
6834056379355991301,3.43275145282853,1.1288034243981069,-6.444134888944265,7.6050236131828255,0.5579591219434015,0.12818172488049828,-2.9711223533007143,66,3,0.0,0.0,0.0,0.0,-5.428966193608436,0.1725301246913097,-0.8544814729854147
6834420537545084166,-0.522729494681687,2.0580363078852892,-2.4580286290670186,8.852935652674773,2.38797409585688,-5.228043191766134,-0.8179905148173857,69,8,0.0,0.0,0.0,0.0,-2.3771044247822957,-0.5198370459549693,-0.6495959635122303
6847902541095668997,7.753791553847744,0.6343201165594455,-1.9550929536187487,5.491953121309688,-2.9781300712201837,-3.201046537599342,-0.07505691619467263,121,7,0.0,0.0,0.0,0.0,-1.6976996504226198,-1.7397750670809689,-0.1222242394019921
6852640471013920006,5.945659864686714,-5.285919271019767,0.27850894297419665,5.601598254519203,-0.5009119184313126,1.3422102674492644,1.038833387322201,108,6,0.0,0.0,0.0,0.0,4.433386978109285,-4.097486470039353,-0.45406065095082765
6855731886438763781,1.027920553420006,-8.556224678812445,2.688638504131843,5.216903948596687,-1.3584313060173134,2.342286334634114,0.22411785080035151,121,6,0.0,0.0,0.0,0.0,-8.888059802696441,-0.37587700215592895,-1.9245115761174503
6860766213992090886,-2.0716519113352625,-11.28421773985674,3.1334944048952225,-2.562221171642765,0.860520387534942,-8.061068514013604,2.76791886844512,67,4,0.0,0.0,0.0,0.0,-2.556619880958945,2.175685516686878,-0.32490750266017593
6864806467329903878,7.240481426009037,1.8349510751557292,-0.6247891271890595,7.586456970363912,-7.004611588761755,-2.089314043255433,0.5993456109621195,46,4,0.0,0.0,0.0,0.0,-6.0472863665811705,-1.9419057174109555,-4.1806109494068835
6869621825035357441,-4.534200843213883,3.4410434517384454,-3.835489371319452,0.7906652756855925,-2.80808929223655,3.2523508125177405,6.261088544252294,45,5,0.0,0.0,0.0,0.0,-2.9968836130478267,-1.8338854676670617,-2.0957630858508636
6874890977631390978,-2.804758953587027,-9.939442579548356,1.1614157014409845,2.299669793118034,11.42060312521422,-3.0951864373743456,-1.1380673312185838,139,5,0.0,0.0,0.0,0.0,-3.8740436334572057,1.327656132898086,-2.4281458728681344
6875610422578351362,-0.7183703175815557,-9.095991703528194,0.01872031831418768,7.373841013971277,1.724140644505978,-1.5266202542615113,1.971727240440108,85,3,0.0,0.0,0.0,0.0,3.065147163723357,-2.664172281512349,0.7131744506291843
6875699019520298242,-9.352343281965165,-2.797727149669518,1.1397312859702093,0.8925782988256886,4.4113170141879525,-5.278397986179399,0.169030143931415,97,4,0.0,0.0,0.0,0.0,15.508197740024322,2.9423467544428292,6.35787933285412
6876362124260691202,6.929561321662596,5.8070362608921196,-9.895206522081551,2.170329010489121,6.316596270121372,-2.816883557708572,-1.775597737971607,77,5,0.0,0.0,0.0,0.0,2.5403026636330734,-5.7177503703645725,-1.2774320461193258
6876369843591941377,2.908222040295072,3.8394068668119523,-3.1770496976654803,-7.270454506747316,1.3489717861301813,-2.6270682119190587,3.737309530953241,74,4,0.0,0.0,0.0,0.0,-6.621544307543679,0.9982773787658293,-0.24384630631278034
6876847536938749185,-0.2804205105042278,2.3364347148243234,-10.546671078995121,-8.252757018005006,3.1921700353548226,2.249619078242904,0.17109896562564836,100,5,0.0,0.0,0.0,0.0,-3.8992306124093794,-0.8773276528651631,-0.9208731452629458
6880117942432959746,-14.051782831289843,0.699127348976289,3.2427209009648013,3.6811460029282,1.6894392653337673,-2.4674380849188915,1.4523515312795823,89,6,0.0,0.0,0.0,0.0,-3.3123133771507174,2.720610947966039,-4.548427429608942
6880792115329142018,3.4319274928169374,3.7032397268441333,7.873430168951649,-2.2512958945485524,7.788074563122526,-3.1043408117713174,0.8031010622872526,92,7,0.0,0.0,0.0,0.0,3.4182375550863315,-0.7108795249037324,-3.536473251222252
6883389583271185666,0.8536915904370979,0.016660550859967416,-6.105510807902984,0.8425689650198311,4.496057640114091,-1.8891532615400426,-1.598094747324654,80,6,0.0,0.0,0.0,0.0,2.9211161598607536,-2.7240319037543936,0.7352648758696754
6883561429727726850,9.740721650054205,-2.4371537647364243,2.066808867715688,0.2751159730371791,3.0496498709861704,2.538586447290338,-2.6070821347021367,129,6,0.0,0.0,0.0,0.0,-0.09150998246598219,-0.8453747063424023,-1.13442021578032
6883876793380572417,-4.481072798187774,-1.990852575132341,-0.20900957422337757,-1.9823350503519845,8.877062507101728,-2.2709627806591333,2.698228031759247,147,12,0.0,0.0,0.0,0.0,2.6433204506985577,-0.5166033092927697,-1.8428050814449062
6885735124013550850,-11.160378498810893,0.6664075915151304,2.185540592356881,2.136794055743058,2.9709318233385305,-0.5962148444998276,1.5570230622878094,91,4,0.0,0.0,0.0,0.0,8.50356114119185,11.353870062298315,-3.9928510132711623
6885984385670122753,6.073764282939956,6.936042928382103,5.872480286530183,-0.39614829901829585,2.1997623497621963,1.1760802639901158,0.2255446192636476,22,0,0.0,0.0,0.0,0.0,6.614391987703086,3.123204620182146,-2.557253448801425
6886076315288554754,-5.060253875951125,3.435491220718055,5.412542059206282,-1.6949612778631054,3.829369585845405,-3.0337981462921153,2.7957444741134947,149,7,0.0,0.0,0.0,0.0,18.202973048929213,7.96330950867541,-0.9721156024233776
6887883845954178305,4.230464621589934,7.493107230758189,-4.852831133521796,-2.5330509984165874,0.20460352524114686,-3.84068814100395,-0.6561015178406943,133,6,0.0,0.0,0.0,0.0,3.5474724570818155,-5.182903518525643,3.0512735606817456
6891645296233794817,9.935298749524918,2.7108224354752615,0.4939029414341649,1.7219055913361019,-0.4413557485364143,-2.8657683512130205,1.1808314732213305,106,6,0.0,0.0,0.0,0.0,-1.9175386547810032,-1.003617043632593,2.0876162562051186
6893888228848389377,9.79245250961504,1.0235713265561748,0.5329088773603051,2.4274731109388954,0.06923525800581593,-1.9585621141581204,2.3325795871793655,134,6,0.0,0.0,0.0,0.0,3.3267383550466056,4.623992541772073,-2.804470165555212
6894530886105042178,-2.170153374987973,1.0286557509262906,-4.06042395757579,0.6457207956849671,8.891799961818577,1.6140908002399772,-2.469748993936972,75,7,0.0,0.0,0.0,0.0,-0.36931390534786496,0.21523082473124688,-4.720081162979839
6895288761354112258,-8.985672703870298,-3.6521940448456447,-1.1795442230640145,-4.917200252608866,1.3132892600437007,-6.322990180078447,-1.990423598575597,100,8,0.0,0.0,0.0,0.0,1.1728174763944497,-0.25364985408492846,4.529708001290715
6895292772857826562,11.016496856244608,1.6231947430123401,7.861559003610082,-2.175770787090728,0.28733356172171093,-2.4371965453771063,-1.8413764352200197,143,6,0.0,0.0,0.0,0.0,-4.972117457873224,-0.8333436447408239,-0.9562207385145649
6895747396404284674,10.06783094085607,1.5264188418109808,4.673474534917486,1.0871256308890578,-0.621213952010078,-2.112244269256049,0.32184783977208736,150,6,0.0,0.0,0.0,0.0,-6.511710648789416,-0.25152384446060533,-2.9490873462462615
6896055761982639362,10.17402846806616,3.03274232862668,3.665116898721973,2.8780413965091567,0.17223039942195498,0.5944291197382991,0.616064894799404,148,9,0.0,0.0,0.0,0.0,-8.41396905948397,-1.314542002437421,-4.304691366288333
6896446483080482050,6.53277985114296,2.28931826239334,-3.5588100469038975,6.294927778561377,4.322147677188517,0.7129480580826304,-0.8023727423954907,148,6,0.0,0.0,0.0,0.0,-0.5519222770405436,-7.496905991405019,-1.8801193816081396
6896455617523813633,2.71649216335389,-1.6611241899832636,2.051832090228852,-2.4594644817655977,4.557817464715069,-1.5045314079909327,1.72961512919737,95,4,0.0,0.0,0.0,0.0,-4.420537558162056,-1.267411244399942,-4.032149487325135
6897900291631402242,-9.821589368216225,2.631159443178712,-1.8740490782238968,-0.711879864483167,-4.258310119100839,1.3688509747398419,3.4730089715315424,125,11,0.0,0.0,0.0,0.0,-5.327872806404178,-2.573258901760815,-2.105809125040873
6899015791086210306,-2.265268087947687,-1.5070546673646503,-2.101994266172439,-1.945341404417946,0.5239486710747128,-0.12835492024671788,1.5295370632470464,131,6,0.0,0.0,0.0,0.0,-12.860013455181859,5.346620448165466,-0.5466150819798958
6913929490305420545,-8.347316343993842,5.048457503136265,-5.361672877073458,-1.207725320745176,-2.9428592865331082,-0.520848134718802,0.4899142640832079,65,2,0.0,0.0,0.0,0.0,3.6496064566708846,1.974467082829263,3.406437462972761
6918691694791691525,-4.488495905392883,1.0002131976301736,-0.9105739962704379,2.856309868057202,0.2482420513521298,-0.9799399845328678,0.6503377326231145,106,5,0.0,0.0,0.0,0.0,6.261603701997052,-6.683717788749398,-2.6147408912562002
6919824999914245381,-4.761958372213477,4.567036475232008,-0.2564414798541043,0.5885895193777634,-1.6414670178117132,-2.1199001739048446,1.187905406144369,143,9,0.0,0.0,1.0,0.0,-8.629407009829999,-0.8991583614634671,-0.12581376992101484
6919872357288971521,-0.11757597710139389,4.578753364009802,-2.9619377623316545,-0.794537651860655,-0.39638058805078075,-0.07402113560580753,-0.2350700766833722,133,11,0.0,1.0,0.0,0.0,1.8344061697369631,-3.4760805757524524,1.5426550410942093
6921227616347327749,0.5265247553412528,3.7340473669499104,-7.4227592920820715,-0.6976835175596559,2.1467750360385796,-0.6136284369457685,2.8359619850290985,143,10,0.0,0.0,1.0,0.0,-7.3127021865455735,-2.966382421843943,0.3561184981059951
6921604099553119494,4.936056069510976,4.236851014032585,-7.4337607884877235,-0.5821941335370552,0.3421468753017263,-2.9137986238220153,-2.0840164985835594,110,2,0.0,0.0,0.0,0.0,-3.9111488644768393,-2.9299763167130886,1.2917381199657545
6921676134212029701,-5.3600142704003195,3.897480658852746,-1.707878406227061,-3.3126009982514697,-0.67654754150169,0.5036789394428931,3.5722536016823456,97,4,0.0,0.0,0.0,0.0,-2.6426908252977803,2.0493792347669717,1.7366629715394584
6922868220890254597,9.670451868182859,5.451698796899443,1.8383129538723944,1.881678224127157,4.373683974930048,-3.6576546653772173,4.297337985326441,132,9,0.0,0.0,0.0,0.0,0.21979876315671784,-2.38589396424572,3.3615270452659263
6926459852134845701,-3.5169344678497367,2.167750951083318,-8.116515457895636,-5.011757503621225,4.014398856351173,2.7409742640640755,1.5924406407418787,100,6,0.0,0.0,0.0,0.0,-6.459449718427714,-4.304423344873803,-3.2221052527586074
6927547229486058757,-6.958313552438066,0.4752020219639357,0.3449562567882628,-3.2711452319942316,-2.3638276590440213,-5.654340910586525,0.35230172796863346,54,2,0.0,0.0,0.0,0.0,7.553803734768416,5.261101776835934,1.7779014951694168
6927665892457237765,-5.358641700916864,5.528885197173378,-5.789067385370215,2.3672710662528993,2.9367082196290415,-1.8515084859184168,-0.4038639666813991,58,4,0.0,0.0,0.0,1.0,-5.791014487330203,-2.475739716955863,-3.5341057797704223
6927911225066130693,-4.485014573513357,0.30289710221969113,1.5529317794436899,1.7163049858009638,4.2274812047411565,-0.9097602134524119,0.6968707094313944,145,9,0.0,0.0,0.0,0.0,-0.7461525557580188,1.383205151427789,-3.9483868791415646
6934012329067597061,-9.70579653524469,-6.684691549200455,-0.9504256167888891,-0.9431980992059505,1.7160690561429903,-0.4135217497837261,-0.387095918003906,78,6,0.0,0.0,0.0,0.0,-5.171439936805053,-2.199973444706063,-2.616128701244426
6935817751898426629,-10.088996523573494,2.0364697518279873,0.7221414398896941,2.1016462158423797,-0.8565225148534477,-3.8078636103666357,2.4836016024049457,54,4,0.0,0.0,0.0,1.0,0.8314992256258122,-1.0315068382566233,-0.5959942174833527
6940187794534960389,2.042191611250067,3.293536635579007,-7.693978834036661,-10.601027879844192,-2.123925817394767,-3.49571280922013,0.5624397197836375,86,6,0.0,1.0,0.0,0.0,-8.067671082235902,-3.278658938632426,-2.6081330706225856
6940653001791130885,-7.498712384472963,0.19577713170783195,0.09134373031445883,2.0964300090302737,1.8068583519118235,-2.445207047049515,-2.287778530617925,99,8,0.0,0.0,0.0,0.0,13.576306296426425,6.458022097621272,-5.950988782218762
6943534360066804998,-9.580792402861704,2.3669725763879192,-0.20626215470174722,-1.3205137110700405,-4.905936597654696,5.908575368099093,-0.322009017024993,105,5,0.0,1.0,0.0,0.0,-2.472544856457646,0.010059823913818556,-2.7509666912972435
6943540424141491461,-9.824047015218976,-0.44722389997623113,-3.6892046380211485,3.4620577256560177,3.8687269203445673,0.1703295696005891,-3.4464761062841376,37,3,0.0,0.0,0.0,1.0,0.01561133401660231,-0.7999821363352306,1.0682851943097103
6944298636553604358,7.14255937882978,-1.2501856161409497,-1.7140340893746016,3.7131064325740835,-3.298203386440198,-3.8766468588176957,-1.7624654767839951,128,5,0.0,1.0,0.0,0.0,3.962127680832391,7.247879392982619,-0.7933608277079743
6945377653587266822,-9.112251135689268,6.987048982777526,-3.040482436934669,2.4550575203598415,-3.4284675927418524,0.9480261553587339,2.5687084426936644,133,5,0.0,0.0,0.0,0.0,-0.21821042188668607,-2.2128384570703283,-2.627878669451427
6946128715000663301,-2.4580923446091165,4.565199476240509,-6.170209091663444,-0.6455746873287553,0.7664241576504601,1.6221239917104564,3.425858291643634,84,5,0.0,0.0,0.0,0.0,-6.440454182709067,-0.9823918645456433,-1.649981715724833
6952049416425590022,-3.953577543865672,-3.9708716681585328,4.268741826603404,-0.7771539004798566,6.893583302329783,-2.5909792010319914,2.891049170127874,142,10,0.0,0.0,1.0,0.0,-5.507414015884416,0.13716385906898923,2.8672245107533967
6955364241213771014,3.370577671411306,-7.6520490594190065,4.234316354275224,0.0766103638385485,4.0638994914670175,-0.034041226706056686,-0.003219822477422177,96,5,0.0,0.0,0.0,0.0,-0.4299022383930245,-2.4749965299121253,5.796322559795062
6958338154617228549,2.3492090969722286,-4.3168097826502825,-3.7736571580228726,6.196422218116776,-1.6930053804580167,0.9537515154329211,0.7810970928175037,123,7,0.0,0.0,0.0,0.0,5.8503753403777985,2.5550062041928348,3.943909178814701
6958424996964355334,-3.8932054377978593,-4.084112701474015,-5.029188882862622,-4.883128965348514,3.1446233013629645,3.8571942871433125,2.4260777272592633,141,8,0.0,0.0,0.0,0.0,-0.21168998032260353,4.032993010956964,1.8195456194270865
6958797242429934854,1.0790855759275555,-11.573460069167895,-3.4822303470596836,3.594026925105777,5.556281977247703,-3.223745516256434,-5.812957180247095,88,5,0.0,0.0,0.0,0.0,-0.0005148874687059845,-0.8119525108804071,-2.039620069142916
6959192993014287622,-6.162307632943602,5.882165201766104,-2.164082209701948,4.03041165208153,-0.7314133090219253,-3.125273769112939,0.09395819664055434,100,8,0.0,0.0,1.0,0.0,-7.714113672353145,1.4112565515468152,-0.5245226035089356
6963197595422346502,3.096496264367479,-6.145526860281891,-3.782430682447361,3.4708537933201793,-1.8164352629340919,1.4190454858426604,0.2780204988161978,145,14,0.0,0.0,1.0,0.0,-5.452098443624023,4.281464876796315,1.1591448302337626
6963263758630194437,5.234719794502234,-5.744567602073953,-6.193881781582623,1.5700643531295726,0.26065647744289067,4.582949221199952,1.0017673218276273,146,13,0.0,0.0,0.0,0.0,-0.022667422876625713,2.8188127269427516,0.2958931714060602
6969101040918465798,-1.8037699536024343,-16.588776057074597,-1.3745706039480143,-4.167872886672978,-0.4033860772254834,2.803498068847154,4.242224936133433,126,8,1.0,0.0,0.0,0.0,-9.630271819245271,0.10863882498269595,-0.019998583698169453
6972416280762649861,5.136650936772458,-2.9167603810021885,-4.007803242813439,-0.17148300874180808,-1.0657559026268293,-4.87795006561896,0.4652659020496172,146,13,0.0,0.0,1.0,0.0,9.342018648203352,2.001668750357148,0.891994395538826
6979673025503366405,6.583231115580242,4.176568743925778,-1.4490329779842592,5.42797987945917,-2.4664877401019187,-2.1416141285922734,-1.60869960552727,150,13,0.0,0.0,0.0,0.0,-1.7722852993741227,-1.6451368973505804,-2.3930805279014074
6980696986135710981,-4.268460490039096,-11.800911703752469,2.8170053094956806,-1.4169180373513486,-1.3199260339516947,-0.2619221598306641,-1.1670391085435103,103,4,0.0,0.0,0.0,0.0,10.033815197657143,2.5431702548725488,0.8818845833146496
6982843678305897734,9.872930002201638,0.31715639642955673,1.9236197281920846,1.5931411714999726,-2.483324232273114,0.7032283200333307,-0.296358910851812,144,11,0.0,0.0,1.0,0.0,2.019105867684342,1.1389294397078116,3.592806093776668
6994481888182144262,-3.3665715293765404,-13.724201494819582,-1.1996413741864809,1.497692018612114,4.759963914626434,-0.8715167595195153,-1.358693141512669,117,3,0.0,0.0,1.0,0.0,-8.690479751764986,-0.7078352510333964,0.18101261708342412
6994839726846971142,2.56291782857163,-6.245159839403819,-0.7291374141686737,3.1671803592274346,0.27437344806034336,-4.501425992128587,-1.5301903184396612,147,3,0.0,0.0,0.0,0.0,11.510013201256402,5.073593563451457,4.870314292350842
7001054542804667653,-10.543280933656293,2.655236597005586,3.0100955189175638,3.5841008502286877,-1.0255412119114942,-1.206893717980892,0.8820745617840023,50,3,0.0,0.0,0.0,1.0,4.45996171962661,1.4609488345347608,0.5247086406410173
7001083090462346501,8.268341450852015,-4.050965897986533,-3.5041784186360356,3.2950077656261483,-1.125900700757783,-3.007798451122149,0.5879420370718856,128,11,0.0,0.0,1.0,0.0,-6.707641726460851,-3.1844294551245835,-4.697894257163495
7004414493086240006,-9.264454132595585,9.196537710816516,-3.0116577223863246,4.954648606728822,-1.0635185445748974,-3.7483430656938745,4.062132695188048,58,7,0.0,0.0,0.0,0.0,-5.806171273648605,5.8081895538015,-1.96773790416179
7007863408129215749,1.9535335869656718,-0.7111649896233565,2.8155633767946866,1.4298632086354985,-1.2683904367479846,-5.091943718245253,0.917363449807873,36,2,0.0,0.0,0.0,0.0,6.140168608570575,1.1954906629584863,-1.1392014022341181
7012661937477537030,-6.2507320948760565,4.071137270094535,-2.4714844987262548,-7.131353134448794,-2.807583432319817,-1.2460857784372128,-0.7930997602434144,99,4,0.0,0.0,0.0,0.0,-8.089667612583373,-0.1348424793799838,0.30714602224409
7013121880366255365,0.16441953878741827,-14.948047741252234,-1.5015402884218256,-2.137418348338386,0.20634202831328766,2.7519956992403527,-0.7078514071003653,44,0,1.0,0.0,0.0,0.0,-1.3847928633180324,1.7590390357441723,-4.849716271830725
7014030961486630149,0.5667470697856175,-8.862927933369836,-1.3296890585396328,2.969499297689492,4.657979622237047,-2.4549530154041945,-0.12730096809621522,222,20,0.0,0.0,1.0,0.0,-11.88035809764532,1.3427564851844505,-0.48571998703451985
7018383080205356293,-4.531186616951728,6.967067698817384,-0.625307742125632,-1.3375810339884988,-4.711676868522526,-1.374236133531271,-1.8265456728607388,66,2,0.0,0.0,0.0,1.0,-7.188667616081838,0.2928644137906185,1.4882886343228123
7018826174767942918,-3.5787234392423963,-0.16010402238494295,-4.875109030239782,2.7328967007365996,2.943487603652231,-4.905828098818372,-0.5081662695796731,19,2,0.0,0.0,0.0,1.0,-1.9284117734117718,1.8752774659327338,-4.474830467276834
7019307301299424518,2.898703650263153,7.157383976296616,-0.7324006850271622,-1.872099258934201,0.9843612505270439,-1.5404365536260698,0.5856972061719711,62,4,0.0,0.0,1.0,0.0,-5.609512864434944,-0.27874769258455023,-2.300178748097228
7019559155425955077,10.04198951705011,0.05902715288036149,-7.149729398269141,4.2488990332931715,-2.6291509186981847,0.938974329990853,2.3902748316765567,120,6,0.0,0.0,0.0,0.0,1.617479738720788,-2.2737820406203433,-1.650429810662466
7020800251950927109,-8.933354838934468,3.529892987777629,-5.066319790834964,3.1674248609765967,6.869130929808168,-1.842479866105725,-1.601754641031052,88,4,0.0,0.0,0.0,1.0,8.862236989395633,0.46544817029486363,3.2195966138516896
7022596866374192390,-5.1639927158761685,4.052427000905869,1.1904381997290108,0.21771092665756664,3.9126715519604836,-6.451669054542674,-1.734819572346285,16,2,0.0,0.0,0.0,0.0,10.323627807228304,2.1463859467064115,6.247433651564811
7023313220278553862,2.0735210211536232,-3.0985120957323424,1.8355576914808358,7.2060887952943995,2.4999595782324255,-0.004906386439819371,-0.5221761063692508,93,5,0.0,0.0,0.0,0.0,6.657870016886265,-1.1208782130663066,3.8657426076890515
7025927416061250821,-3.7198173482868317,0.7407492407025013,-2.7625493819149964,-3.846263561606746,1.0536216834265635,-4.1673145657189385,-0.4442111578040356,44,3,0.0,0.0,0.0,1.0,13.14579129195204,-5.377392067783431,6.952460298845137
7026756047805205766,2.8154455711605038,4.376301486529367,-4.700233103141535,-0.2244673589124252,-4.359638661777983,-2.7019015975104566,-0.9635099262343533,42,0,0.0,0.0,0.0,1.0,-9.801707738521404,4.018650806452113,-2.243170971577091
7026774067223055621,5.156310738866786,6.154353313418964,-2.5520637138824798,-6.127116754081911,2.7469518697141995,1.2242642410649591,1.4457390830631307,22,3,0.0,0.0,0.0,0.0,-8.972525221033674,-0.8140495456690887,-1.0509600017680254
7028978217117682949,-3.53365236859479,-9.080116887215361,0.48344083959792533,-4.117515637257905,-0.26225790286330414,-7.275587837067293,-1.2015793350597368,85,3,0.0,0.0,0.0,1.0,-2.1891175887884624,-0.6642795834775832,0.3300788758063849
7033466696245497093,3.1667325611944066,8.814334596167981,3.6898767510139376,-4.194103928165743,3.578824918776967,-4.2125216364717035,0.8812961871307291,70,5,0.0,0.0,0.0,0.0,7.628867750298518,-5.008517350962124,-1.997768028953312
7036035511869246725,1.5269824460629347,-4.373629580306327,-3.4368652236795896,-0.20450395419564601,-1.2127832995159422,-0.9472802038991806,0.19641168870905798,70,4,1.0,0.0,0.0,0.0,-1.084967922668713,-2.211366444171831,1.3624330481495912
7036282180816932102,7.810953730324695,-0.2846874356767341,-1.2171353858137077,-3.1886356143125436,-3.518303941032029,-2.8835665115067166,-0.4614315294016509,78,4,0.0,1.0,0.0,0.0,2.064002341832148,-3.2988006135843895,-0.6489362067879397
7036326405155638533,-5.060577099797769,-1.8983511090121148,8.249914797055425,-5.401033310970913,-0.33115705316300603,-4.35585240490023,1.1061379362123858,37,5,0.0,0.0,0.0,0.0,1.3714159048757593,10.55300347523043,-5.663416809317876
7036807584111709445,-7.069256516260757,-3.56064597330123,1.7545016580829123,-5.203197067245891,0.1265206939109203,-7.801596276984704,-1.005077555846785,52,4,0.0,0.0,0.0,1.0,2.320861308332757,-3.8330788403091507,-0.7468992561188363
7037532518978964741,3.2886028259985256,4.194094800013051,-4.054204720015336,-10.694666832708121,-1.387391630315639,-4.3926201099967255,-0.18942729691233187,54,3,0.0,0.0,0.0,1.0,2.080674943893628,1.5970492641120075,2.8900660992202343
7037757089799818502,8.63062644336289,2.4896184633025005,-8.028041178984644,1.7352331669961976,0.32423753765842944,0.3718377018470527,0.251593894589367,52,0,0.0,0.0,0.0,1.0,-4.155088745965544,-3.4957799033482035,-1.7935591700060505
7037974894553894150,2.3193812188925516,6.1963620653296045,-5.507890350514327,-0.13126279204808416,-2.759831313033936,0.8504810211049271,-3.231738649823344,45,0,0.0,0.0,0.0,1.0,-5.25763501266362,-0.5750617431697986,2.0051908977893964
7038189746484563205,-10.160986486301933,-4.700042454205017,-1.6014525322391737,-4.585590151263827,3.3720476602588008,-9.086402722513297,-0.5300171836394683,119,8,0.0,0.0,1.0,0.0,-2.0943442385246716,0.8518328056736567,0.6268719409996303
7038638363686997254,-7.309916653779669,-3.280289410372813,2.77176667037352,-7.342266527472154,-3.1371857660536855,-6.471681038198276,-2.2848631690513765,53,4,0.0,0.0,0.0,1.0,4.270314474960185,2.199981204981321,3.4727365022304655
7038692809985051909,-4.747425721968957,5.3490063970907125,-4.831501941658351,-1.740686722681321,0.579934302784377,4.295027385906349,1.1005019621163443,104,6,0.0,0.0,0.0,0.0,-1.5884340838891204,-0.18102211351519742,-1.583369688725728
7038707297396198661,-0.8036157207666672,-3.3105587881142693,6.162129556089535,-6.646223203138625,1.511909029740976,-7.716547428961996,0.22213127322539808,49,7,0.0,0.0,0.0,0.0,-7.815511026044846,-1.0360464404493994,-0.6527804479659238
7039005707844308229,1.7001186105741133,-2.5947991481479984,1.1043845408599338,-4.768452728760278,-3.717595898812331,-2.405580226560427,0.8821876211982616,49,7,0.0,0.0,0.0,0.0,-5.322868954695412,-2.3049447546275617,2.352145734595319
7039252769894616326,-9.221323900513479,6.712986586717621,-3.2591547065504547,4.247433462136699,5.964370804152083,-3.668437755437147,1.6630567885186602,52,7,0.0,0.0,0.0,0.0,-3.6726219680221113,-1.4204233616153954,-0.7968907426264932
7039259712038112518,-11.159821825037183,0.5294301188496976,2.4435632994465646,0.36775249255038134,-3.045959378764676,-3.1236071258816978,1.321145429856403,137,9,0.0,0.0,1.0,0.0,-5.0393459399952825,1.036560490347283,1.2361114440897696
7039780337739730181,-1.9515585847217611,8.867542903093376,-2.8354539541204895,-0.05022411366320925,4.112217576586333,-0.09053566141505438,2.655391037769904,120,7,0.0,0.0,0.0,1.0,-3.0253055414570906,-3.308702048157363,4.181536752436211
7040071170363788550,3.2068969814450043,8.705230881976009,-10.44991444456349,-6.5758126076478405,0.09715619157161526,-0.20597642107310435,5.75472144664829,123,5,0.0,1.0,0.0,0.0,0.8800304527912085,-1.5846018607585608,-0.8222705280966517
7040105390410960133,-0.6948648146726311,6.797229417650372,-7.627771938660971,-6.803739887152372,0.44206152650594516,-2.3419173792162375,-0.2012709409346474,86,7,0.0,0.0,0.0,1.0,-0.6403326178616944,-1.116445700763651,3.2026298092812224
7040300833019415813,5.484381479201008,-9.101997428228742,-0.10065619411604843,-4.926708223769859,-7.304648854189776,-5.659141722627894,-2.7040136641665047,79,2,1.0,0.0,0.0,0.0,-6.272469797534493,-1.423463813594664,0.2988350763476411
7040810874281479430,-6.484803469673658,3.0376102644754166,5.709146053880931,1.8887129238515383,2.2097345212872552,1.7469450518839045,4.315689663331024,74,5,0.0,0.0,0.0,0.0,4.401415536460821,-0.28073634489675714,0.8296694913371219
7041160388334980357,-6.516815162137804,3.7389857973163467,-0.5659559356724847,1.30464060927686,-6.498903404096295,5.148970003410992,3.801304814005372,55,3,0.0,0.0,0.0,0.0,9.906605780705112,-1.8253872949076286,-2.541423155188222
7041273346830454022,-7.498309962240496,-4.044757915557818,-0.03472800646742176,-6.3010184279409165,-3.515428089905258,-0.35726003330457207,-0.09910473247766145,70,4,1.0,0.0,0.0,0.0,2.657198600225052,-1.095309082744137,-1.3606360984477972
7041603482742230278,-9.981269806209262,-2.670717388818133,0.3729957679999534,0.843246274281438,0.7321910366785577,-6.702961420569055,-0.3682445747502882,90,7,0.0,0.0,0.0,1.0,-2.801101566749551,1.0096653715263528,-2.2627523877442473
7041969079246245126,-7.587602639189003,5.914902106719877,1.4417253954244842,4.219436327646937,-5.777615558587769,1.5503596126624322,-0.8452906030897811,77,7,0.0,0.0,0.0,1.0,-3.894894356631098,-3.157782040664195,1.4222851976395499
7042347189179403525,-11.597226437630804,-2.219105022395912,0.3847756498344877,2.541561766308093,1.8921918579600077,-4.186358084054827,-1.2555218246730864,78,7,0.0,0.0,0.0,1.0,-0.4569743277574484,-1.0411085028207778,0.3423961106069634
7042694987141745926,-3.760374949330615,1.6199369694680301,-8.790406622666616,-5.051591268783149,4.344993877088326,3.36708639431319,1.2578291802692687,78,4,0.0,0.0,0.0,0.0,17.421554025481154,-1.4539039599441328,-4.177996000270719
7043009038623329541,-5.574512832343351,7.038053780159406,-1.9074567454739688,2.4950630347234473,-1.4764168729234526,3.1947002364246853,1.255608504507434,73,4,0.0,0.0,0.0,1.0,1.4141323638726107,-0.7465735796503347,-0.6781456607407479
7043834307458141446,-11.595719155354166,-6.285119303628193,-0.02811531200570007,-2.3215305516018407,3.5512222458595817,-2.0109742153466503,-3.973061299990123,92,6,0.0,0.0,0.0,1.0,-5.320630898678459,-2.591307476051359,-2.8670977969304228
7045558641969073414,-4.899286980744399,2.647118371394225,6.0215335170829505,-0.2861065240837437,-0.9658183590530998,-0.3541418981623198,2.7006631123004095,113,9,0.0,0.0,1.0,0.0,0.6881513799218276,-6.0857084667902495,1.250908360867919
7046370407758286085,-10.88803461999943,-7.740738774941853,0.9148932722251653,-2.2872735277376695,3.0327872913623377,-5.977048990253975,-2.34841894143713,92,7,0.0,0.0,0.0,1.0,-6.678172420285993,-1.0316146919278064,-4.667798302482421
7050043192732912901,-0.006761391731072426,4.078856553805699,-0.023382154553096512,-3.4545053001289134,6.9178309664014,7.1258231464598145,1.612029552790769,63,4,0.0,0.0,0.0,0.0,-0.029298427364451134,-3.0022295328268083,-0.024707730294229215
7050156581652106502,-5.357453919795499,6.283493057638526,-1.9931474183632214,2.271215132831389,0.8031786298141375,1.1572927487631965,-1.8254400390090957,116,4,0.0,0.0,0.0,0.0,1.078251266441398,-0.2373930279523329,0.16706111047493769
7051571825989422342,-10.133145016913705,-3.014489171873016,2.5554599736867236,-3.304046451522414,-3.862688572072717,-5.6820200291523335,-0.9063264244139754,79,4,0.0,0.0,0.0,1.0,1.4982537944297758,0.880184266015878,2.6146528543601373
7051617295818362117,-7.196958039247654,4.379166749774488,-2.055945007079925,-3.686952088010667,-4.403172193740433,0.31554437022544707,-1.0998585563914465,132,8,0.0,1.0,0.0,0.0,11.993500087165323,-1.72377751679504,3.5289023466255487
7052727837165505797,-10.629198202981405,4.251754192871991,-2.073156268640989,4.349830532485378,3.2867123024897777,-1.8780811299223943,1.212639943752388,134,8,0.0,0.0,1.0,0.0,-12.612906959682448,3.929118596780497,-1.5836151954366515
7053136217717607686,-8.19304939158697,0.30250002310512986,-2.43668022029773,-3.45625128386158,-0.2399745834366267,2.770504323995723,-1.8124641428643353,68,3,0.0,0.0,0.0,0.0,-1.7416988302058591,1.514378066556363,-2.091301601799825
7053545705868152069,1.5201044392957053,-3.0192287924322714,-3.6129031904765028,-9.722584103590156,-5.521995771279731,-5.1678496339185545,-2.4897194258370767,138,11,0.0,0.0,1.0,0.0,-8.40395561382585,0.9107941842320034,1.2942653698169153
7053886455805955333,-2.8941147684773076,4.552543044172858,-4.2434803003232835,0.2519432321871989,-1.9585036066382004,-1.4332415417930817,-0.3976338436607259,68,3,0.0,0.0,0.0,0.0,6.403936658369717,-0.13549430951797115,7.745482882369299
7054222416247000325,-1.7207926726135798,-3.247043576981995,4.220314829691384,0.8965034371506221,-2.075906567111415,-4.110291154483883,-0.541204911930306,87,7,0.0,0.0,0.0,1.0,-5.543683271981777,1.4081066987036799,-3.4703081946463734
7054255399968476422,-6.435663285939607,-0.3555387107809388,2.9155689973367047,5.033546170403388,-4.508044592811104,-0.8457104015705247,-1.5595346033225401,69,4,0.0,0.0,0.0,0.0,0.6993461529102523,3.771383642589508,0.8947288617819822
7054582233989958917,-11.733873952065467,-2.2850323932869085,3.520203305848549,3.1605133116964907,0.5478309055821486,-2.0789694330055246,-1.5591836860411659,113,8,0.0,0.0,0.0,1.0,7.7709571183886705,-1.5779456073466611,1.4450724311446148
7054948838716493061,-4.947529086431309,3.3340049062077273,5.22071678095631,-0.47176693111230406,-0.05963897717761188,2.5575287307977326,2.223358623096207,132,9,0.0,0.0,1.0,0.0,1.9772327902777727,-0.6923880947928062,0.481723684889088
7054964457310539013,-0.39204521223905014,3.291225795810094,5.054780800953651,-6.542588946881944,4.048049083575715,1.9133950154092287,-1.024683313045565,57,3,0.0,0.0,0.0,0.0,-7.496632439099643,-0.3477358328686042,-3.5310874996472172
7055321327174946054,0.6659463199442036,4.973815922155496,1.2662689943505092,4.917764220689022,-0.6267346869251926,0.104343965716156,0.7319117205779246,142,9,0.0,0.0,1.0,0.0,1.5321065487299534,-2.0847841408125265,2.4283990148502026
7055610539749199109,-8.454003508999618,-3.4194400732215966,-0.24806806720482583,-1.2110178849260465,0.40356008398802407,-5.2252466830874615,-2.1607049714889506,97,8,0.0,0.0,0.0,1.0,7.590506712440077,-3.920249299099749,-0.45941456789213814
7055714634526969093,-1.941613608369419,8.363111210593232,5.442387458710974,2.7323167525351195,-0.725371981564282,4.665065045512162,-1.150466132452833,119,9,0.0,0.0,1.0,0.0,5.713132334516606,-0.6093259243850736,-2.1602746205369865
7056423267564899590,-3.332767725122836,0.05771663593075592,1.414319722643918,2.1208338652467105,-3.5094339792999576,2.8898988284834903,1.7778823497113976,61,3,0.0,0.0,0.0,0.0,12.016655143661788,-2.9844559528703396,-0.8524474044568333
7056858947935915270,-5.317872921841688,9.088722480028355,-5.80446908357862,5.2385260116002526,1.6061932771384768,-0.08862498325285932,-3.148705206269017,65,4,0.0,0.0,0.0,0.0,-6.258073629744443,-1.8929247476204771,-1.9451990957373906
7057200753470950661,-10.344418357502965,-1.4234499098945375,-2.5032840590675103,-2.4032810176853596,2.361571512268766,-4.196979046917284,1.7487588118393564,79,7,0.0,0.0,0.0,1.0,-6.550736337462366,-0.6432941270032572,-4.391873615089103
7057221943623306501,-3.2284300197762748,4.283737289578018,6.363696907913789,-0.5840986481526264,1.642949984905799,0.5784030967934454,0.564980470031715,108,4,0.0,0.0,0.0,0.0,-0.3642452325709813,-2.9856349094757566,0.04298090602558325
7057548200625917190,-1.8119718097732473,2.5112905866070125,-2.0948968647638386,-0.9596487118788523,-2.5698630108433846,-4.578479879422367,-0.4288821830631513,101,8,0.0,0.0,0.0,1.0,-6.197123018418803,1.14476631665405,-0.9812023328510586
7057560274424958214,5.275401673315819,6.216906849767736,-1.2295708128534228,1.025576684551188,5.585293995892363,-0.21411793892805694,2.90120093079205,106,8,0.0,0.0,1.0,0.0,1.6312187236845952,-2.5824124260672447,-1.8788256422825063
7057846707651939590,-3.697559053435283,-4.042698366871342,1.8438637169260388,-4.367334813656125,-3.0142528355984344,2.868530792230307,-0.9377236045900322,122,8,0.0,1.0,0.0,0.0,-6.713999219518347,-2.8556236363699923,-4.215190459138924
7058313871718714629,-12.356364373369358,3.5331727282398293,2.8631261179050087,6.296010983159343,-4.03377101769961,0.6317212930079408,-1.7885177118232294,88,7,0.0,0.0,0.0,1.0,13.954859207168587,3.72622632596336,-0.14803604826741176
7058348964306783493,3.9372145877386244,-2.4417967561705103,1.4650948475966274,1.3381860216033878,1.978454179010401,-3.3711365335504215,-0.17018964142479784,59,3,0.0,0.0,0.0,0.0,0.33824999373986325,-4.144889054743558,-1.180757223961372
7059081815985818886,-0.801043252393304,-1.0094422866011734,-6.841556672424975,0.23347694759161283,3.9209273648756495,-0.7997143710506777,-2.508927293505648,66,4,0.0,0.0,0.0,0.0,-5.850955702254342,-2.5923465202882547,-3.8720434407496622
7059301793574046982,-5.248015116016445,-5.024480968867211,-1.970975244637818,-6.240424292525875,-2.873844035751227,6.560495116178791,2.045263543950434,135,8,1.0,0.0,0.0,0.0,-1.1122254169718298,0.22914909334537845,3.6423483742284617
7059302103713402117,-13.529831334455949,1.6944551665846777,3.296866957207399,4.40916964078669,-1.1608163634066058,-2.717624327271586,0.5344415895732962,61,3,0.0,0.0,0.0,1.0,-3.2520688021343362,0.6259347573531646,1.7070600877015145
7059414649581604102,-1.6674950489798457,8.96470293553704,2.817173731130971,2.5087941455456333,-0.5874053774687543,0.681963634385386,3.7077336731019614,85,7,0.0,0.0,1.0,0.0,2.260382360027297,-1.6755651404735175,-2.6247320209742964
7059442492080491781,5.218064661123105,0.9091955888537131,-0.7635866736859486,4.916135158610219,-3.8689542327442155,-0.5011517772940514,-2.454365884346839,76,4,0.0,0.0,0.0,0.0,12.304494770936925,1.8769844443572459,3.2998230039382883
7059747853035441414,-9.599883432071493,3.4584981100902885,1.506886192257675,1.6236036391717328,-7.080355115735935,4.098281560422332,0.7766880368647622,73,3,0.0,0.0,0.0,0.0,2.8967686350240998,-2.1890245382157505,-1.905752221216548
7059832468412583173,1.9761660857007657,4.8134423439611504,-0.7849575012754769,5.608786761329009,-4.7786471274551365,-2.476687861722318,0.47675256698127483,64,4,0.0,0.0,0.0,0.0,-3.075708749684445,-3.6580214858847344,1.739744032806064
7060191695681375493,-8.932558762878548,1.7627357702524975,2.613111456809066,3.866166443777182,-2.961824279503703,-0.4963609508347038,1.2405164846250967,73,4,0.0,0.0,0.0,0.0,14.90905338718661,2.920297714174736,2.8564826731359623
7060513660975844614,-6.602765054643015,4.721080520211892,3.382527494150761,2.0845494374880076,-1.9821233717882332,-0.05862530839067193,2.953161154914747,68,4,0.0,0.0,0.0,0.0,4.656042058744082,0.4700515092939545,-2.0309221533552884
7060539961459641605,-6.560749559327243,1.1516772751417117,-0.17876821232655987,1.3128464892352492,-1.2342514683665744,-1.4864058100190545,-1.0012584107424827,80,4,0.0,0.0,0.0,0.0,3.388809407860635,-1.3130954763715432,1.0791853742014998
7060887870688529670,-4.3947351590423285,7.032851757441053,4.201808935254791,0.7170305649060882,1.342820923250423,3.145115306908094,1.222989055169154,140,9,0.0,0.0,1.0,0.0,2.5682876208407968,-3.209096235316006,-0.535011658002447
7061273234259610885,1.4438770177367548,2.396942289784463,-2.9984504775609686,0.06017868869095367,-1.261791304835125,-1.3775033802104215,0.27825594689313327,77,4,0.0,0.0,0.0,0.0,-9.186004245403904,-2.073029999458699,-3.705189909702437
7061519229182315781,8.538616530340612,4.281829879618891,-7.560657538995185,-0.8610130583695165,-1.3686999544231697,-1.921779176347561,1.1842012781847826,122,9,0.0,0.0,1.0,0.0,-7.07428736147706,1.6020752024643008,2.6934649227058918
7061663961090936070,-8.964734211090734,3.5447191816013177,4.6496049594280775,1.1203738879123861,0.722985331483946,-0.5273081250178383,3.6443768711272697,77,4,0.0,0.0,0.0,0.0,-4.84419304726203,2.757684213523422,-1.3976872915419096
7061974363939261701,-5.228831218995708,2.1576249223609136,-1.7637363358437528,-3.3915845460646987,-0.8202232836482127,-6.447594417702633,-0.29579666194895093,106,9,0.0,0.0,0.0,1.0,2.351785121064966,-2.6589061815393733,5.440929987887122
7062023531764256006,-1.0944955628730202,-0.7543724746951093,3.578595700652115,-4.116069023686611,1.0393235875061964,0.9028686709694982,1.869761640732898,123,10,0.0,0.0,1.0,0.0,1.2467898077124906,-5.531439287377071,-3.1397929010244674
7062046390570061061,-1.0638588287515143,6.606642190902035,3.874554899323085,3.0348754180444293,-2.4940004232142936,1.5964025452285975,0.3284230731381755,97,4,0.0,0.0,0.0,0.0,8.589541546424044,-2.276000725820609,-0.695288156815149
7062740749992971526,-4.591541791465359,10.156195860922859,1.5098807285074558,3.422191574955037,0.44043327757352146,1.50132697184346,-0.36063754331262454,125,9,0.0,0.0,0.0,1.0,5.874615605939235,-7.641156416444133,-0.9704161373479672
7063121025394855173,-11.015456046242779,0.4409007957856653,4.174932837249958,4.538582586847589,-0.6284977337338484,-0.04091755280666641,-1.1213084591714286,110,7,0.0,0.0,0.0,0.0,-4.008777341044322,-0.8005711417184309,-1.814296955274022
7063127157068844294,-9.221225968609337,3.6679958535913317,-1.6828383761388244,-1.4668005475922459,1.4734128167585236,-5.428853960780575,-2.7950305213906823,112,9,0.0,0.0,0.0,1.0,-4.335327337899562,-0.27674701587999206,-1.229738188994785
7063459529668742406,-2.5703817531441575,5.315998468113646,3.6694104931161915,0.704172553481043,2.037747191849327,2.6897993624311107,0.9627244925309535,128,10,0.0,0.0,1.0,0.0,-3.322051516978467,-3.7212536228916053,-3.875691216626701
7063505399307144454,2.234692640735558,7.015167174477619,7.872402069079918,-1.1634502350784854,3.6179629983849044,3.0484547899664958,-1.681886238312582,73,3,0.0,0.0,0.0,0.0,4.793541024226931,-1.010534817191943,-3.337545183294462
7064244808700726533,-8.713741637290106,4.977089404361442,0.6585616459354866,2.4823005268073683,-7.396923304276805,7.487742853991731,1.8661121370615323,70,4,0.0,0.0,0.0,0.0,-1.0965179108984056,0.9020126621388723,-2.064031962748192
7064489288125189382,3.7335935211512834,5.872422468780477,-0.6742953975244811,0.0491203959567871,3.779966879731292,1.0187933781060776,2.102255263309048,108,6,0.0,0.0,1.0,0.0,1.36103355156877,-4.34132013336703,-0.21139703529405837
7064507087086161157,-7.819470147589782,7.892650449098145,-0.12363596486151415,5.987622032211855,-3.028045983096591,-1.5587448344322468,-0.15398377099014954,67,3,0.0,0.0,0.0,0.0,1.5916018811598867,0.8191060902587476,0.7781514417009611
7064585014561754373,-5.365554543426471,3.085689390980445,-2.507236159299023,-1.1346608288757825,-2.660492310657709,0.3966577881869607,0.11204345849177393,67,4,0.0,0.0,0.0,0.0,3.9884174214638173,4.114415622678691,-1.6272912925918583
7064650116321250566,4.959278431450616,8.038720093782917,-7.8940055757900724,4.3806348261767205,1.1215784005064782,-4.3564244444489155,1.1757176702673664,60,5,0.0,0.0,0.0,0.0,-2.083653483340366,-3.1505449952076883,-0.8363878909946614
7065372841423801605,0.26990974305251636,3.822179988006169,-6.544328938437441,-4.873050539959692,7.080792044343673,5.91433692929494,-2.7541191399517975,61,3,0.0,0.0,0.0,0.0,15.519794803785956,-0.03752637487056144,0.287716407832327
7065713702833638662,8.438138650198919,3.596109799916016,-1.4537635387588441,-0.045654114535185385,1.1103270483687542,-0.9747844678126041,-1.121424945737076,84,8,0.0,0.0,0.0,1.0,10.217358551168482,0.8021853729736307,-3.9602561610387403
7065769954695564550,-5.3883658718590155,-7.580599105207725,-3.975210069385056,-1.6894356906635286,1.964118837123234,0.16264288983452913,-2.1435151067801477,56,4,0.0,0.0,0.0,0.0,-4.209515114059916,-3.2607971157561253,-1.4206416464087983
7066474035613388037,-4.5097141899961315,2.970184392717771,-5.0312143126688715,-4.014446524424803,-1.4242336979911032,2.5844640998630606,1.0740383327310554,68,4,0.0,0.0,0.0,0.0,-8.2878244785295,-1.7344717983314573,-2.8087619003436153
7067063225736580357,-8.544688631309135,-6.195418969771772,0.1920491298515412,-1.3128787679153797,1.098645435020059,0.7875268309774888,-1.3324555636887552,100,5,1.0,0.0,0.0,0.0,-4.560161848764513,-2.7366889978591065,-1.0098543784817273
7067217215925275910,0.5234343796449306,1.7308191558273691,2.7648084371947723,-2.2739501175882952,6.50471290711194,-2.192542206160586,-1.6749856310381241,100,8,0.0,0.0,1.0,0.0,3.3186730852530073,-3.675136265297583,-1.0136819560245438
7067569943449046278,-5.80591395749346,-0.24242199458852703,5.978916027474149,-2.773577942649476,-2.4911603051517144,-2.2735122915569264,1.69401142368364,89,5,0.0,0.0,0.0,0.0,1.0355451968853973,-1.0968564038348516,0.8683165152640253
7067578500101803269,-4.60678845984786,-0.025810171962929535,2.0071483711543987,1.5005135372380407,-4.940829738933179,1.9265378308339496,1.8721586853409822,67,5,0.0,1.0,0.0,0.0,0.19506950808593213,-1.5883024200653568,-1.6319591387365655
7067623396279930117,-5.152257340374471,6.742523005004811,9.65404964514967,-0.18929361615124107,1.806226326968122,1.574111667412093,2.423388214123686,64,4,0.0,0.0,0.0,0.0,-4.148801998174514,2.493240773360689,1.8851588916932527
7067959925141474565,3.732543587843092,1.4266727562897963,-5.898641472549171,0.9426289649174714,0.24442690557001345,-0.4542676443084337,-0.9648620725558882,115,7,0.0,1.0,0.0,0.0,-5.844436934741776,-1.6573528961793202,-3.522394055997228
7067985901011373317,-8.21689791454808,1.7314947267456082,2.1529461311219964,-1.076014984085967,-0.6563515359891241,-3.5243746917843985,-1.9850468916419388,61,4,0.0,0.0,0.0,0.0,-0.17078779462000945,2.0595472914491353,-2.137060442585963
7068298283386506502,-4.765934641643017,4.912574264208625,7.834992756658454,0.24305197482292187,6.9581244563820785,-0.8759727489082354,4.126156594911839,107,9,0.0,0.0,0.0,1.0,-9.246873667221891,0.8704404820368018,-1.3616240395439145
7068640088774741254,-0.7689694292197315,-4.920364481087198,1.6291080721815345,-4.923322472532826,-3.8435159238745538,-3.765315796384667,-0.6820060315132919,128,6,1.0,0.0,0.0,0.0,13.138792870251581,-3.6589807155712326,-0.17038122626233448
7068682786437139718,0.3234155291051504,7.044349010152092,3.407909508713717,1.3707820393970775,9.578932781210904,-3.2449939738736964,-2.033495620817823,150,8,0.0,0.0,0.0,1.0,11.798570101623806,9.723197708123363,-3.3534809149499094
7068731699701484806,10.97580636590824,4.385051033503999,4.687955890138179,-0.7331805385910786,2.652091551667077,-5.9069320368450295,1.3242990711998124,80,5,0.0,0.0,0.0,0.0,5.64340579435813,6.527606650174194,0.3986203244244443
7069799098576112901,-2.3545801699067628,3.8417642165517645,4.085078760882479,0.705173247433677,11.062804138213309,-1.0797868399090105,2.623076935457898,60,4,0.0,0.0,0.0,1.0,12.856545086453346,-0.9010706470803681,0.6351898237292181
7069805338601606406,1.5592565147587416,2.6343454000409188,-3.084824197205049,-0.6037180949614039,-3.1210866946108813,2.759611065196209,-2.8829796784600044,82,6,0.0,1.0,0.0,0.0,-8.253576724030996,-1.3619153430948836,-1.3483745852524591
7069844079122599173,-3.290942901980504,1.3860696449463967,-4.735811626580088,-4.940063792778587,-2.5846900562795065,2.5087854198674577,-1.732711153989944,61,4,0.0,0.0,0.0,0.0,1.8983845436719884,-2.050441972838807,1.5868332193376142
7070162555695615237,8.285266613389924,-0.717901311605728,0.15106156687425218,1.72603804349072,-6.832379753466138,-1.300853871760101,0.6324490452623629,102,6,1.0,0.0,0.0,0.0,-4.879315511765557,2.3917894529298547,-3.671597524750818
7070176633931549958,-2.338513867985601,-2.7275505286562693,-5.52130059291217,5.5153356407826335,7.4442317766241315,-6.512981435353284,-2.432390462984855,111,6,0.0,1.0,0.0,0.0,4.165229972296777,-0.14512896978646087,4.727301292977904
7070218376328563973,-9.325964447861946,-1.1279560155929806,3.5848462987105476,4.0019665776626185,-1.2196462934003653,-1.6417607949757287,0.26389695000143487,76,4,0.0,0.0,0.0,0.0,10.84432879772313,6.234019183518706,-0.8933096165809462
7070486062182731013,-11.285606989001016,-1.0959176919369689,6.198686246824898,1.500567525040484,-2.8018176359241123,1.2279101843319273,3.1500101259760753,174,5,0.0,0.0,0.0,0.0,-7.039508115753794,2.757058070555683,-1.113852141677411
7070550742880292101,-3.9374171404024416,6.416085625411689,5.631276363161557,-0.7551837226969199,1.4115814100481114,2.178853611945559,3.0881304897356427,118,8,0.0,0.0,1.0,0.0,-4.134808973214551,-0.9221694508769571,-3.123018993060188
7070569241413422342,-5.483556633918392,-1.021433602060585,-9.588455838973685,-5.937759943539575,2.420956373938336,5.211445503031373,3.1433987437542092,65,4,0.0,0.0,0.0,0.0,-5.644526482541985,3.9956703306567842,1.6357568831857732
7070907935722917126,-8.506951681080151,2.5828568165962924,-0.5262242481911877,0.2320372370423731,0.00040926986842951875,0.6306431415853634,1.3420767808849245,55,4,0.0,0.0,0.0,0.0,3.6231543171006537,3.3482084112096344,3.0018907706978073
7071272326746230021,9.884244127928119,4.241361764004915,1.932451218496675,2.1666851918405627,1.4210353237386537,-6.372503140039979,4.667578899148701,52,3,0.0,0.0,0.0,0.0,16.766571021282857,6.128720079112342,-0.9709704604608941
7071272731286834437,-0.17144435793879134,1.7205032045775344,3.118371044908147,3.1996325375161767,-0.022342896550236767,0.8703737965628685,0.4999960512636934,104,6,0.0,0.0,0.0,0.0,-8.726159286490912,-0.41418899180744584,-2.7257962812478604
7071521897082621189,-0.5120479969943655,4.413252519452002,4.80740295273932,0.32886062876383937,1.2731543824071423,3.7456012440732964,2.5520480689668195,98,8,0.0,0.0,1.0,0.0,-1.7162439226385149,-6.693243446300428,-1.2419877015073382
7072060893818899717,1.7447091091699898,1.0030248524430965,2.625848862014873,-5.29181609046908,5.3121765192970045,1.1199990884366522,0.15739320211541163,66,4,0.0,0.0,0.0,0.0,-1.6593446092179516,0.6215799837773042,-1.630641342250272
7072774694214044934,-6.61660584728617,0.4843935870597049,1.020055265438268,0.6876351311459055,-0.6081007426710403,-2.352073120017599,2.1622863913143036,110,6,0.0,1.0,0.0,0.0,5.859075332630489,-2.195892335522479,1.6846996913362255
7072780188018380038,5.812852270734977,3.271099805678232,0.630671152653863,5.586598811408452,-5.022648476211154,-2.510199970735799,2.2041554890265167,93,3,0.0,0.0,0.0,0.0,-7.0491820049162826,-2.786849059573107,-2.388310841752883
7073146702995279110,-9.539047401954099,4.7670324836766,0.9162468732244493,3.6702457836536384,-2.711472118981678,-1.5915859505110848,-0.23121518177882758,145,7,0.0,0.0,0.0,1.0,0.8203594636996976,-1.8480923287946576,-2.496543082673761
7073157554024566021,-3.4691221341100267,5.923315824093554,4.24032323308097,2.1325832067174733,6.781438753460072,3.745966092064045,0.7846315456509511,109,8,0.0,0.0,1.0,0.0,3.572298104263646,-5.554037907574695,0.9492363555326693
7073510812542913798,-9.750724056425335,-1.2163989746382782,3.9100688114844733,-2.0512847615655576,4.631481534295327,-0.026391440198441203,2.935219685731081,146,8,0.0,0.0,1.0,0.0,-2.0077573971220124,-1.9485990692754094,-0.11957394689406887
7073511726888635653,-13.193552844456315,0.18914890003278179,1.732264450234609,3.119304490248759,-0.13860795581240162,-2.3920676654663473,-0.9146371491227269,87,7,0.0,0.0,0.0,1.0,-3.2411679476351796,-0.9687957743862435,-3.2924013547738085
7073513732395044102,-7.019881729475972,-0.6073835477485157,-0.6088703145885523,-1.529884293510898,0.46557036527799667,-1.4769530912512228,-0.5830601144987032,69,4,0.0,0.0,0.0,0.0,1.3207767160533253,2.9049534960169923,-1.1407262333876187
7073547434244328709,-5.74114027597145,4.415203721028078,-6.44834713468555,1.9206895440650644,-0.6661977495201958,-0.6205609311658343,0.8907493253159492,75,4,0.0,0.0,0.0,0.0,-3.581894034905047,-0.5477758748374436,-2.4776227338335604
7073906588079246598,-2.5968227078430424,3.1144513950118387,1.4225290921804448,-0.236751961846636,0.2521881239537687,-0.4885742675482059,-0.7926393118782435,63,4,0.0,0.0,0.0,0.0,8.727153331322318,-4.2560890485786835,-0.23112342577586442
7073916316566031622,-9.582461551337984,3.044157073682864,1.642789358601611,3.656985074657477,-1.228634552519988,1.4659775092920222,2.3458006679519987,96,5,0.0,0.0,0.0,0.0,-1.8573290113900125,0.17178773702247957,1.0158819276849897
7074644027190103302,-7.263484792147164,3.7187764287242486,-4.603897418714635,-0.4031251948971802,0.3011513104653109,4.812410951890222,2.4387483212258174,64,4,0.0,0.0,0.0,0.0,6.617406842472631,-7.117681259078567,1.3562289660459095
7075734573933530373,-6.504409497638278,5.912749527347037,0.7529750758837034,4.252835670294533,-2.6277833925541465,1.353597146857452,-4.3162283858593975,48,3,0.0,0.0,0.0,1.0,0.8826456055335187,-7.113620226004018,-7.442241986546016
7075788593930816773,-5.464980974571851,1.65132216405827,-0.11907890286660777,-1.5722909185714808,4.228506537960051,-2.635680601965655,1.6536654631214995,137,6,0.0,0.0,1.0,0.0,-5.856306662270876,-0.09395321585828333,2.056492975628893
7076131060420988165,0.2131661789397858,5.7093899334556495,-0.7014763627526235,-0.10514988017660469,2.0873210247369123,-1.4085640060524556,-0.0464109737389913,52,3,0.0,0.0,0.0,0.0,-3.999072349256694,2.160855480304475,-0.3220456036982552
7076134412487855366,7.7942671058080215,-0.9792671250581708,-1.1245143435753242,0.650079961823684,-5.17644362919911,-3.651200088651904,-2.9893101815349525,83,5,0.0,1.0,0.0,0.0,-3.6194539173354987,2.419918235927031,1.9728027995283899
7076423248698690822,-0.9365278559858276,2.990929164171149,4.270758489492692,0.9602087854735994,3.16699661521068,1.8050667238469156,0.3426988108843068,97,8,0.0,0.0,1.0,0.0,2.9701568730345267,-5.689751514276498,-1.4198286351776628
7076502785742720261,4.811700938033039,1.065622597370499,0.9483189890791612,-5.184470541203827,-1.162338052668193,1.6295320479646438,0.4768586267252007,63,3,0.0,0.0,0.0,0.0,1.8007265584665704,-6.015243802053129,0.9176296578417854
7076526059344104709,-9.39253739974636,4.5870949602202,-4.451294896117546,3.7442348433949255,5.1527308405537955,-1.0354135893865641,-1.6895271735636255,103,7,0.0,0.0,0.0,1.0,10.147458548813713,4.392142219600786,-13.510920303756135
7077571361660521733,-7.3999049155153465,5.917761221295109,-2.1317477148578505,4.480711855276108,-6.133260442513237,0.11275976503253135,3.7502471394897507,115,5,1.0,0.0,0.0,0.0,8.994934622122948,1.528035239879262,4.432172134234675
7077597321667546373,-0.12142941278711608,8.22931089982616,-1.7824186906539001,1.941233778738732,2.0466059014603553,-0.0008641324545000478,0.46474789638524283,85,4,0.0,0.0,0.0,0.0,7.40131767395441,-1.2801980169926857,1.5400286935702356
7077597820538146053,-6.818132888794976,3.7636920624188246,2.304464377876356,3.0058265745479513,1.9917103369946259,-0.0721061067194803,1.1161466987353958,95,8,0.0,0.0,1.0,0.0,-3.5039371239933375,-3.8068381276227226,0.2506984421152716
7078216427131473157,-10.445021643471343,-3.53392094816078,5.0343757352660585,-3.254815832776182,-4.214172911861668,-2.7615194612651,4.55495723645013,63,5,0.0,0.0,0.0,0.0,3.261149845322375,-1.7172019582172358,0.6928821366248902
7078227199463066886,-13.044583723183532,-3.163969026198869,2.921981974116468,-0.041426867705864075,-1.0158410840004781,-3.6645598426176065,2.2764368446261525,77,5,1.0,0.0,0.0,0.0,0.6137093295417336,0.3586117534597569,-0.9563690666557364
7078325137698770181,6.908560183803705,3.404300167296746,0.6197543846541406,4.4212319023651965,-5.33761882235552,-6.344467294351022,-0.11646672948584919,96,8,0.0,0.0,0.0,1.0,1.3565112899551173,6.053260444672705,-1.1811907217914628
7078352231413697797,-4.554845505271441,5.857435210630217,4.0076778481382815,1.231187524627489,2.7935949815571286,3.3362148085889567,4.803082956507945,61,3,0.0,0.0,0.0,0.0,1.4943199057298,-6.9498995571361135,-1.6533581031974045
7079069070078889221,-3.923984298319497,5.782063856631386,5.293466507505967,2.005120550207608,2.202246355718804,1.9585501052473822,1.4269553593001245,87,7,0.0,0.0,1.0,0.0,-8.492887617904941,-0.002536884874243781,-2.056533653320864
7079071645771500806,2.518496327531353,9.106661468470206,3.620261137041535,1.7041611752897305,2.971101829661962,3.364743021098706,-3.1255045563438077,50,3,0.0,0.0,0.0,0.0,2.696162612433908,0.45522752745424055,0.7941295460864676
7079095510904229126,-3.998716510025916,6.621786295259166,0.6210780013789932,4.558222903008138,-2.2496781937106363,-4.423451480322501,3.344222250028275,73,4,0.0,0.0,0.0,0.0,15.19862983891311,-2.063312726727069,1.5798129933749923
7079418950315969798,-5.226265342203296,-0.5192493545129612,2.5408535920166253,1.5454788041673684,-0.08900115526117748,-0.007993414486082078,2.9409055334123435,72,3,0.0,0.0,0.0,0.0,4.419471111633493,-7.194697921482342,0.6330323225004103
7079814734664436998,5.60764226261413,3.221314778261021,4.9517835129340275,-2.7301188860029404,-0.8004366178119797,-0.18238141514847275,-0.6015216085257167,149,5,0.0,0.0,0.0,0.0,-4.94473371957467,-2.460548312602599,0.7710283471124763
7079836018203020549,-5.507041868746867,-0.6454153057992089,-2.0099897231599555,-4.849454641832877,-5.745965586679738,-0.5369976380862981,-1.7474584590610742,71,3,0.0,0.0,0.0,0.0,1.7992420213628613,0.8476114139051447,3.484412707083807
7080535307816291589,1.1527452942006085,7.871777365980696,6.103813758418107,3.374082047202353,3.3796078376961765,0.29811552693218407,-1.288988056060236,60,3,0.0,0.0,0.0,0.0,-11.27535599554743,1.4898301092062884,-0.06101204316721865
7080545682058169605,-8.144059017768226,0.2054805345255171,-2.5662267968407475,1.5363199493608464,-0.6151916700307797,5.715733837602497,-1.6538161495210135,78,4,0.0,1.0,0.0,0.0,-7.72199626963081,1.2516261715047177,0.2543274838178215
7080583186522098949,2.8024728186005774,2.414555287810452,-1.8972010714279897,-6.672480549853692,8.039816777813,3.987046500117089,-0.7682030791965568,67,3,0.0,0.0,0.0,0.0,-11.774490931727595,1.3017883397456154,-0.4452203484496737
7081140277083213062,-0.24856037131433736,6.550464820112047,6.541185837330851,2.5595347278580713,-0.06477664956368932,4.03015616266513,-0.6448138171412919,87,9,0.0,0.0,1.0,0.0,13.146558668037763,-4.484394844492663,1.6689493603522558
7081276473687985413,-4.70822143879353,4.806300723498849,3.1488853134011308,0.6866429968756684,4.3742282123114755,-1.590031083211955,0.8905049285836482,125,3,0.0,0.0,0.0,0.0,2.7022765720038633,5.222504524930754,0.5614385210359517
7081323710442917125,-0.9924900842546729,5.111290132465298,2.139233184224125,-0.6165651950291484,3.633391343530605,1.8997485264509508,-0.2500297451290055,77,3,0.0,0.0,0.0,0.0,4.447046379136483,-0.387479561329388,1.7158600855066146
7081701013891157253,-3.5682328452038488,9.36579112187105,2.49109307068944,1.3211508436778239,0.17118425247900662,1.3979574157104577,-0.8545801842590309,76,3,0.0,0.0,0.0,0.0,9.00997214739956,5.338194196477094,1.2803007861328566
7081711774084484358,5.779510908614101,7.070755671403294,-4.582629194821763,-1.3320236771844114,4.8125364327738325,-1.6174457052278404,-1.1562345075861842,103,3,0.0,0.0,0.0,0.0,21.495493336964426,2.7924485531521808,-1.5827051023966774
7082037036730813701,0.2441649284470292,3.7808304302476023,-2.0208783912308204,-5.715605896754576,2.1796866881274957,-1.4691676597155459,-0.17920461770967666,47,3,0.0,0.0,0.0,0.0,3.9904318286599434,-2.9841775742468735,-1.476111151962696
7082286078417259782,-7.172121974397962,-2.03667068556477,1.1294973554962255,-5.969123608607976,-0.8527001418624895,-8.262347389264269,-1.0251323165698611,103,9,0.0,0.0,0.0,1.0,52.89512006958285,5.47994828852049,-10.499229963371443
7082386924677205253,-11.294145704239966,1.8521487601253708,-2.367131005599703,2.2766368729391058,0.7082061774526872,0.7759774208307423,-3.3175464256131035,86,3,0.0,0.0,0.0,0.0,-8.600192198552685,1.151643535058185,-1.8812404692315894
7083155569812589829,-10.19576250781338,5.034279241690669,-6.674340776184833,3.9293404020782843,3.1906351463094866,0.6113108290021517,-1.7440456248763339,131,8,0.0,0.0,0.0,1.0,9.877050686078748,-2.5907520633777064,-0.24280585394341375
7083159832185933061,2.604209930756474,8.417402124380304,1.1482142661062338,-2.65174297146504,4.324326471893419,-3.4479021600448,-0.377285462143524,92,3,0.0,0.0,0.0,0.0,-5.766267336586357,1.6086094052646784,0.3398400422467006
7083526112558517510,-4.447080776417804,6.71259674783317,6.667446815537355,1.3638988370300797,3.802158229359448,0.7122828548216744,1.3629345660360883,63,3,0.0,0.0,0.0,0.0,-0.0013745099863477315,-2.6261274633643734,-1.713707714189837
7084552539126926597,8.551246547631868,2.9103013340820176,-2.2663855057680142,3.0445767510908364,-4.3787674136630566,-7.066597520374383,3.922337145971356,70,4,0.0,0.0,0.0,0.0,1.009290416743042,1.8995096357037937,-0.8216028216696463
7084890005491010821,0.53530223266409,4.3746538879848265,2.240456378634194,-0.42910281198006384,2.3304596164077402,2.33661708618061,0.2902350937443361,124,10,0.0,0.0,1.0,0.0,0.5644874589610951,-3.8643112996420523,1.7476408979878109
7085367737178000646,1.3747948376390964,5.346231689528837,4.2290344935691415,1.2125897368752494,2.0400437975553,-1.6131889924272833,-1.6207417183844375,79,3,0.0,0.0,0.0,0.0,7.7653335090972,-1.957834474517815,-1.2013694253858018
7085404371671846150,-3.832957621726587,4.18640048454523,3.0730950329377027,4.25937187117964,2.797493171068661,0.18701491012097338,2.8584234405706783,58,3,0.0,0.0,0.0,0.0,5.696845572936367,0.6091919401158612,3.5265942361539215
7085631257542954246,2.869678244089384,-1.9093404545737571,-6.896090923199723,-1.7607011347749972,2.1167531057456137,5.425712589993316,-2.3100288971284773,106,5,0.0,1.0,0.0,0.0,-1.4064811140724627,0.7196639578898303,1.1807172051379446
7085748815449312517,-3.839291142451074,-0.6062951291125439,0.05691815786727323,3.144010347160987,-1.7927862343562013,-2.4636827307235643,-1.1519443505935942,62,4,0.0,0.0,0.0,0.0,-6.090317013973666,-2.29386860025328,-2.8629407593283114
7086111451965869317,-0.7452949053482697,1.59921738186731,3.258964685571702,-1.8630466669934076,5.58092302924935,-1.8079012897463875,-1.813593261990816,87,4,0.0,0.0,0.0,0.0,-6.957039212972802,-2.1108385223764183,-4.315632502379188
7086144769222511877,-0.4401667505910644,4.368370407351324,0.532153230146527,-5.62375786710007,2.5139630274534737,2.2033199589827936,-1.0327575546450507,92,4,0.0,0.0,0.0,0.0,-6.0533484412929255,-1.6171850893534805,-3.592654321940624
7086527236471311622,-9.410773396602393,0.893565693852227,-0.36918838167269746,0.6758920124157679,-1.4840890957161073,-0.8207655867648591,1.317962056899392,79,3,0.0,0.0,0.0,0.0,-6.882177623947491,0.22378574166151027,-3.5621715231624167
7087592356664315141,-7.43697423920857,4.309332351308496,1.7368484535747304,1.1119328871829,3.7346587463693623,-0.39510853168737325,-1.295728477246901,113,3,0.0,0.0,0.0,0.0,1.0509372993190391,1.1051716470996533,4.528983360251676
7087653844863208709,11.289295105258567,4.358208791241603,3.136326370990654,0.16317282606113237,0.7403429932055321,-4.7631650907810625,3.4383278424161485,80,3,0.0,0.0,0.0,0.0,-6.887525966593914,6.173410489898333,-4.437628747882691
7087822626005060870,-2.158144835704994,6.49594180005811,5.268595843966965,3.6475699870772886,-4.604008832647936,5.167081227970011,-0.881296359316104,105,10,0.0,0.0,1.0,0.0,-5.2544201671061685,-4.933470059453488,-3.6028146003619184
7087984641864502534,5.854716735658322,3.210845458620364,5.517448057339805,2.2166509224044217,-2.0403636180395246,-1.1395177060789095,2.2263252094180332,85,2,0.0,0.0,0.0,0.0,1.0949503077769818,-3.3133625947056213,2.117486361620354
7088619536202648837,6.716970522341604,-2.631544555452554,-12.662948217795233,4.769342805017401,4.514136892475348,1.1729808318817339,-1.1939019770779187,99,6,1.0,0.0,0.0,0.0,-5.167652042247231,-1.0571097954123958,-1.3484797513517148
7088705916027063557,-4.701453281173854,3.6747981422237808,3.85714814885896,0.6888321614526409,-1.890406361855335,1.860153220496419,1.8645076437381145,101,8,0.0,0.0,1.0,0.0,1.7409046713157363,-5.392910450251681,-0.2616613894445147
7090931568486763781,-8.02162993135426,3.7877048280769,3.2391162403876845,2.823110905788516,0.6199973326710878,0.40766255035150906,3.6824901875506377,92,7,0.0,0.0,0.0,1.0,-8.69193348189975,4.000112692847216,-2.8520722993249312
7091569180054490373,5.73415941165631,-5.8055984203527995,-0.485219706754612,3.128329667123799,-2.368216677533457,-0.27031563446100815,1.8304188740352987,116,4,0.0,1.0,0.0,0.0,-3.3074121382478867,3.146826647437558,-3.4126081618617854
7093581650163944709,-13.424583309381523,-2.7124869816321695,2.655796670600069,0.1479844924171559,-0.7180098496932479,0.8761004052574897,0.14311181253820388,79,4,0.0,0.0,0.0,1.0,18.465548760359457,2.5057985572166883,-8.258395311336088
7094149805496159494,7.530151799769168,-2.956298834359956,5.729436231706965,-0.7088199104419398,-3.38806914439763,1.083653596923328,1.017001069408717,100,6,0.0,1.0,0.0,0.0,-0.7708879898326786,0.049835805315123674,0.6814572434217654
7094187420819803398,2.3987493928108896,3.8047544354867324,-6.615046296086654,-11.279404089979536,-0.5623035251841304,-7.175001887850812,-2.1367966958118503,68,4,0.0,0.0,0.0,1.0,55.312596038715355,5.532517085498401,-10.522682415774032
7094270154275605765,6.825382895897593,-0.4937302262195431,-1.1734073776232858,4.3322513261326545,-0.5327943565440726,-2.5963411214512573,0.49782661737452166,89,4,0.0,0.0,0.0,0.0,-0.6040339531844665,1.7764312568086402,1.4226913563766694
7095721528142155014,4.149294300923322,-4.859093288934849,-0.8228159624147268,3.6891718983731137,0.7942783410059922,-0.5091448591070268,0.1746795860937705,114,9,1.0,0.0,0.0,0.0,-2.834173653969651,1.992112700884699,0.8668617839688063
7095777172513721605,0.791380531368035,6.027212643565661,-7.814487738946287,0.6640919702358475,2.909890224365346,-4.5031444731123935,1.9816576939572261,55,4,0.0,0.0,0.0,1.0,-3.54254815064045,1.1975986229025455,-2.4200181710542754
7096121724990655749,5.4662089749969,-0.6877717693924781,-0.7136792540278363,4.7143880505372895,-0.8596731947560394,0.5198051844648909,-2.172644708991876,119,7,0.0,0.0,0.0,0.0,8.940771845688001,-5.913204013883149,-1.3612847194518476
7096387117462359302,8.031664769346847,-5.257646912933978,-5.852374208717027,3.263225020450378,-2.7029763125599384,2.0794257455822116,6.743990477894109,58,4,0.0,1.0,0.0,0.0,10.791808352448436,1.3254898617334376,-0.1802689667327144
7098701138203069702,-0.4218893069824449,-9.266194069455342,3.9068620991003757,2.0194378766625873,-4.484053131830598,1.8024008970831342,-0.5659418783334821,165,8,1.0,0.0,0.0,0.0,0.59564939437335,-3.5087273341836944,-0.6498563847988316
7100934148864494854,1.8141234096767063,-11.607274131491307,-5.501317058743206,2.609212163616246,-1.0210997862472853,2.9286686444720953,4.87618874743406,150,11,1.0,0.0,0.0,0.0,-10.151335995303926,0.1301590212030449,-2.247600584491629
7101649191662882053,-0.37182928235073764,-16.219942196139844,-2.5528823372726444,1.6362731183716417,2.1397484120992507,5.055131180643112,1.8285617406699974,132,6,1.0,0.0,0.0,0.0,-9.007484591305657,0.6910489253619088,-1.0276263178173966
7101685930276293894,3.4319595591121757,-2.113234787671223,-0.9570825901351075,4.377570296117613,-0.09205939463717903,-0.4731315325667063,1.436603608155241,128,3,0.0,0.0,0.0,0.0,-8.958039179123405,2.3368723854249613,-0.799077766405277
7103816728982916357,6.426515769339039,-4.928984617755791,-0.6702760580960637,3.8418934794116524,0.09477507494019086,2.459841981388828,0.09433122113083224,164,9,1.0,0.0,0.0,0.0,17.95233311400096,4.700090263523414,-7.899449696346856
7104552926231743749,4.387126840720571,-7.239183865608786,-0.3672583673262693,2.516679485315273,-0.7293307314087878,-1.146998264285936,-0.9999171083720066,134,8,1.0,0.0,0.0,0.0,-3.8119671714448486,-1.1313621549891693,-1.0255611220998515
7107270367303044358,2.6697557891193084,-8.256835681162125,-1.2212213227928883,3.1588256659493936,2.4686641545650616,-4.426351359808201,0.7401618992430326,84,6,0.0,0.0,0.0,0.0,-1.1352326154051553,-0.8590649954438158,1.157042949090006
7107863534549110022,0.6015216549565374,-12.332293529415907,-2.6041950273209893,1.236226597645177,1.3069194808131979,1.1994081857726315,-0.16270854735462437,115,5,0.0,1.0,0.0,0.0,0.5229031883309165,3.63485448226749,1.2814567797741523
7108997263912979717,8.1116880272819,-3.069244384636652,-8.7274133673968,5.214236448444355,0.6322510292438505,2.051266242702372,7.803916450158684,122,7,1.0,0.0,0.0,0.0,-7.36568200437883,-0.10998086566829164,-2.274448336519048
7110099088661548293,-3.3760229832901585,-11.227356159927906,-2.37837121728539,6.158476014066507,8.450732319480029,-4.2117330836352735,-0.8198452291785632,111,6,0.0,1.0,0.0,0.0,5.6909951460027735,0.5089746669553702,-0.5277702664156634
7112440653350571269,0.37947821280306726,-8.585511972041608,0.8579579017324409,1.9318853715264184,-3.5577027340288256,2.005259353442578,1.2338898677845682,120,9,1.0,0.0,0.0,0.0,7.137010612404131,-3.026942130769726,0.46467917877615594
7113472331917298949,0.919230294912221,-8.186918745209228,8.687864801055017,2.0839014778441456,4.560432030750917,-1.8089248553034518,2.497768669819013,86,5,0.0,0.0,0.0,0.0,8.067354471907715,-3.433346829349345,-2.6995878611311577
7113851055355596038,-1.997469746952055,-12.795346515001137,3.166953224130619,2.5947312111614758,-1.672068321906003,2.8134746847716317,1.3723103897213595,152,7,1.0,0.0,0.0,0.0,1.893347440213089,-1.3664210669527947,-1.9024098993683842
7114309168302984454,10.112569028939092,-1.4899258915712799,-2.9473018302386156,-5.462294371871975,-4.276931936418383,-3.712167848630125,-1.4916806332782069,104,5,0.0,1.0,0.0,0.0,4.190301722107792,0.5727551943786555,2.6541026781781025
7114675214583155973,0.8098661559612589,5.029573881949733,2.434659485710465,3.6862263594661826,-7.452263226602489,2.0687976222106403,0.9219901944312758,90,6,0.0,1.0,0.0,0.0,-5.024572243859587,2.5760335726993313,3.1846619329181594
7114705253899029765,4.9421550800961755,-6.718070342336383,-1.18255319954716,5.515349526912316,-2.9095414172107237,0.7396660554845571,2.529249491006832,179,10,0.0,0.0,0.0,0.0,5.074046812650273,0.9290863113353971,2.5401344248293016
7115325407318052102,-4.826088796741644,-12.618685677002452,-0.8214616883034028,5.752455731260962,5.342635877035972,-2.7218717334470184,-3.1345445100773204,160,10,0.0,1.0,0.0,0.0,5.616551857802319,-3.005204612314144,3.4116971486095253
7116158724288400645,0.5683014077772803,-2.9566232122096556,-1.4431171166827284,3.6164461048276477,-3.8321654214811103,6.7582033118628475,-2.0660092492498645,87,6,0.0,0.0,0.0,0.0,11.135691373809719,0.4937458935853784,-5.498327118332868
7116439198285958405,10.153389246675522,0.25922426955452166,1.8255344874046207,2.7104305420991266,0.6267983521698389,0.42740288067331517,-0.1779999535718083,153,9,1.0,0.0,0.0,0.0,7.707310740861872,1.8090480286755577,5.830626128699316
7120944943270530309,5.089548983615921,1.045942433256865,2.8787285967074667,3.084592105092174,-1.471441619924964,1.4859832672004856,-0.01987839055476206,71,4,0.0,0.0,0.0,0.0,-5.387999258929727,1.6375163305765048,0.4067897854903282
7122480993948159238,7.202735872185652,-0.7910501189656065,6.057162124021394,-2.3766706410546483,4.5123857591530365,-3.4027035879313856,-2.291872631418495,85,5,0.0,0.0,0.0,1.0,-0.3138955726266804,0.6919825549566596,0.7680699304805918
7123931386964184326,4.995464383795743,0.09588981017369491,7.251095494364474,2.8910564072969076,3.0957937133741846,3.967237805049673,-0.8111443846574891,192,3,0.0,0.0,0.0,0.0,-2.8099220689353173,2.6523380947894846,-1.3977114944988138
7124374690520419590,7.689051382134266,-3.303157474106929,-2.9662159590743524,1.9388987434213738,1.1395443263914475,-0.7583099912531708,-2.1540042098625576,83,7,0.0,0.0,0.0,0.0,9.616034679295163,1.5236202474762897,0.37540356237339345
7125076892729756933,2.9847490917646526,-6.60437918834826,-6.4899287649584645,6.916912413702806,6.942781313251002,-1.4414558248462475,-3.4503771721591745,61,4,0.0,0.0,0.0,1.0,13.31769834448298,0.41779693551412117,-3.110226937886196
7125392158063955205,0.23221455009412906,-4.383885982382938,2.1802152918047866,6.481303129564376,0.5827940663840039,-5.726958787040109,4.526431782816417,187,5,0.0,0.0,0.0,0.0,-7.660213125297883,6.009760106168371,-4.862836657371904
7125703838497131781,9.483231048651236,-1.5229876981048884,-3.339213286123009,-0.09799749296336817,-2.3064999294072237,-1.5889313158985026,3.809260581179521,113,6,0.0,1.0,0.0,0.0,3.230497593316135,-0.41690182886112886,-0.28014744410348175
7127182082568113413,8.811559283640024,1.0338186750206795,-10.667157498561808,3.0585698440972338,3.1210758930081837,-1.3118422173245745,1.3497042702567918,101,7,1.0,0.0,0.0,0.0,-1.395060246641626,-1.2177897393179506,-1.9843529249827867
7129505006046170373,6.602712092564611,-1.9087998566247493,-1.5218063717487158,3.268294229064787,-4.163951138785369,2.2510932544192963,1.2760761923073927,140,8,1.0,0.0,0.0,0.0,4.923134487551943,-2.007935938292389,-1.3688767046365984
7130169267454070021,-2.188917697667548,-10.160004944770229,0.8679352034785268,6.838459927004002,4.279017434205777,-1.406756586074227,-2.304475140718112,160,9,0.0,0.0,0.0,0.0,-3.856019913538282,1.8095276959409345,0.7127909899646889
7130612533437762821,-2.6276768486369617,-14.109816989395156,-4.599155316847103,5.5420895433855115,5.0941529546190365,-0.06708202288263479,-3.108878009270035,83,5,1.0,0.0,0.0,0.0,-7.186799575797743,-0.3453114578053392,-2.1533879395430513
7130620750842678533,3.07675156203264,-5.429334044244832,3.890167440558825,0.3735318076261344,5.064707848907316,2.0116619737321786,0.4435259578166049,89,4,0.0,0.0,1.0,0.0,-7.162504916919184,2.2564510642825812,-0.4776245736173498
7130906655885102341,1.573381387422914,-3.2344531919677353,-0.4921916336683017,6.986975734566205,-2.0611392654922387,0.05210243933843643,-4.43799724824922,109,9,1.0,0.0,0.0,0.0,-0.5391996632886015,2.9767351202455368,-0.8163043145612996
7132514036276628742,9.34604039173698,-1.4125015332911017,4.169446318412142,-0.09859665893167453,3.423666619831979,2.363394437447223,-0.5354557508287521,96,3,0.0,0.0,0.0,0.0,-0.3583165780156842,0.12407868030217953,0.6055560391967023
7133481707449142533,6.52653907585418,-5.0650949187581435,-6.702551213976934,0.7280924580345259,2.3303249653354055,-0.27354302726133706,4.635280758196471,100,6,1.0,0.0,0.0,0.0,-3.355798857754592,-0.5353105368586131,0.42745495036811737
7135716231218318597,-0.015596287447529434,-16.480461721326407,-1.2578769966755552,-1.9043072074470142,-0.11655849877064546,0.06473187985815686,-0.04065194867450424,93,7,1.0,0.0,0.0,0.0,-4.654553760836367,-4.508704318793127,-1.2492279239088178
7137227107456879877,5.58918594551207,0.156665064896597,-4.929384274132136,-0.3110172000249206,3.9033907254619917,3.25956493590771,1.7117446389337514,79,6,1.0,0.0,0.0,0.0,-0.10859531941328818,-1.0726497233684342,-0.7722255094312739
7137955446320565510,9.174289018575452,0.17725125167780859,-1.3040279626918616,3.3332968235315072,-3.3987555637287055,-2.0018891928096965,-0.2639618303873905,114,4,0.0,1.0,0.0,0.0,-0.7705001193893832,-2.0196194620894707,-3.312347817393554
7138043316087606533,7.786262899750539,0.28585247785098866,1.3570036361564783,2.9444791320117654,2.0998695242936556,-2.9641731796452024,2.733594383644905,130,7,0.0,0.0,0.0,0.0,1.0495151809764451,-2.351749992725492,1.0058818507620197
7141029212244233478,1.2774723210713794,2.439114405207846,4.907451279097159,7.27836461241522,-1.2033475754402554,-0.8125659032216992,0.3329347385301715,64,4,0.0,0.0,0.0,1.0,-9.119315998110082,0.05174693947794868,-3.0614521022948193
7142874586755976454,-5.319736639603027,-0.7880631993043546,0.4466172868033285,0.9337187088801343,0.2972304320880901,-3.047135466029667,2.293457530558328,45,0,0.0,0.0,0.0,1.0,5.19888716112426,1.1040853213627906,0.24789914678716501
7143162692004482310,6.650031640937887,-10.908411367769277,2.023710582858873,-3.0432867703056696,-4.270882538304428,-1.7217070833859325,0.7660035566552889,164,7,1.0,0.0,0.0,0.0,-1.8749803698099097,-0.26347915441660263,2.5590466877725335
7143175958978186502,-0.4123109940049771,-13.166945999683664,-2.9007454156939954,4.48163442355954,4.026287572956509,-0.4378197788237974,-5.556174375131241,85,3,0.0,0.0,0.0,0.0,2.5045014467961026,-0.6671596377015335,2.908471637329202
7143619564775968006,11.301996400895895,0.375007232089931,3.6454570903086077,2.234678139130399,1.0800442377150252,-0.006614886294038122,2.1610982989488203,92,6,0.0,0.0,0.0,0.0,5.509598061950173,-6.441924711234935,-0.6151336425850028
7145110811000835333,-2.2012428784421783,9.581994418999209,-2.1227591307956772,4.641623542310666,0.6688481853493848,-1.3293355822131008,-2.1068670652398103,27,0,0.0,0.0,0.0,1.0,6.531414389950543,-1.294406437868429,-6.765363003745664
7145813168818900229,8.551804981247138,-1.8666368960620734,-0.4731961246146304,0.6209884467174266,3.3627555404680605,3.365364012248569,-0.3534701163618184,155,9,0.0,0.0,1.0,0.0,2.644664643876251,-1.4282448000009755,-0.4112262108507575
7146479472022277381,-9.954172024103322,-10.84700880216439,1.672769868421971,-2.2808158892991743,3.4772306749078896,-2.0486113369337775,-0.3379026915846331,125,8,0.0,0.0,1.0,0.0,-3.856801337815704,-0.5596896070898801,-1.786722255089235
7146624079615790341,8.182003853294,3.3159375099900936,11.033524044418543,-6.930436419152772,-0.17106664667951774,-2.4760445501690906,-2.7150118404899954,86,5,0.0,0.0,0.0,0.0,4.90625816921904,0.03617361410617271,-0.8961943964337151
7148719596487363845,10.24362913067611,1.9730142583634847,2.226516142719236,-2.336469470284925,1.0926539533344752,0.018679007207818957,3.1051583866000954,82,5,0.0,0.0,0.0,0.0,10.135055708458356,7.444161103390816,-3.67368810520092
7150676745937587462,-10.739893339345643,2.6359233089369374,-2.357911660555161,2.499395400492785,3.71105011483271,2.3978991102930416,-1.9907922391636674,83,3,0.0,0.0,0.0,1.0,4.750933676282029,4.9169560580162015,-0.9717803585819106
7152911692282809606,-4.206746419313989,0.1596656797327391,1.602748195675151,-4.148882331606385,-0.8667656054687904,2.201032699130008,0.5711965564658891,118,6,0.0,1.0,0.0,0.0,17.303186108464253,-6.413000473250235,3.2923539524204073
7153997940774882565,4.206040599317345,-4.241290185961593,2.084773160782407,0.30034892425598864,5.24076635976291,1.2844407523085608,-1.748574677018953,122,8,0.0,0.0,0.0,0.0,16.232077494423212,4.0505573912027515,-2.519451399382552
7155814731897376006,5.593234209375114,-7.727721407846859,-1.005533260020653,-0.5090900362842745,0.5482459799116957,3.8082927916410245,2.73146672003466,95,7,0.0,0.0,1.0,0.0,-10.23960643844465,3.4727585487601162,1.7731385448203068
7158057918431120645,-6.143503267876054,-1.7848770849770705,4.147508094398814,-0.9811397767731761,3.2314555391768494,-1.0008792051143416,-0.5832656688315631,0,0,0.0,0.0,0.0,0.0,2.5365789048763814,-8.670009043417018,-4.151827074131895
7158890098770119942,8.852352386009363,-0.2743504769281254,-6.108674651476548,4.370020020117948,3.34717627673662,-0.3664864644389899,-2.298069883179103,100,7,0.0,1.0,0.0,0.0,1.6170790294995734,3.0645020794965894,1.9127000280153974
7161307348827426053,0.8072768226765943,3.395946302090268,-2.171405404033677,-12.313226944109578,-5.122572313718355,-5.250869994542987,-0.7385171498179574,178,7,0.0,1.0,0.0,0.0,-10.853161599275577,0.6142054052716751,1.1278951986673023
7161354120849427717,9.282782817205426,-1.9303899815416241,3.082395558381765,1.9486728351293898,-3.3054390545618997,-1.3629414648272091,-0.5738165853609036,66,4,0.0,0.0,0.0,0.0,19.612701409717484,-10.469360192802228,1.456021650379538
7161523791154236677,1.9533960655380922,-4.92697168477717,0.9802153389725992,6.481724034994402,1.783886018806288,-2.0739607737932664,-0.7766165390636798,105,6,0.0,0.0,0.0,0.0,-5.312913420277182,0.09384041682535887,2.309086817580198
7162123924233358598,-4.92219701375562,-0.5504406779010532,-1.2339250226305065,-1.319164307266487,2.983859216615075,-3.8092496076038787,-0.5064132425153309,44,0,0.0,0.0,0.0,1.0,-7.095370117451284,-1.6999087780375957,-3.9640807312831043
7162174902865251589,1.8469059169327926,-0.8289777682185204,-4.428870988550799,-10.605406378783416,1.5852408222708747,0.2167659782937585,-0.027427461936341276,40,2,0.0,0.0,1.0,0.0,3.6498885879900733,-2.8501251266771934,2.5881142957908754
7162183685423385862,6.372358024315332,3.8560437227438022,4.758033326069586,-3.902876380348814,-1.011306636920375,3.2579674376237913,1.6179412442471939,119,8,0.0,0.0,0.0,0.0,-4.304282650459551,1.6098832202915767,1.7201951738586605
7163552631053503749,-7.53376577662635,-11.367285391877886,0.6467615746647934,-1.1753433902156922,4.907696725806504,-4.295576364484833,0.6154648966037387,147,9,0.0,0.0,1.0,0.0,-3.0011183442367724,-3.138433498861745,-0.5224632789048356
7163942959916895493,10.471314254397177,-0.8414071442597209,-6.202170380328913,-1.8744862753794318,-4.888901802236841,-0.41392961154545993,-3.2740516659252368,188,4,0.0,1.0,0.0,0.0,-1.100308890713488,0.8939633485269338,1.4714466317465098
7164397666472873222,7.107617909661803,0.6823767021659857,-9.040866410643622,5.150736818766891,2.5267497483895633,2.6516128259295413,-2.306441939290952,68,4,0.0,0.0,0.0,0.0,0.012570262236055204,6.082046102462492,2.8939843148711413
7164417550791494918,4.659950326535947,-2.5440066634350957,-2.9627833125634497,-10.484935881560222,-7.350633087755386,-1.0360364178529042,-2.0192643430223667,194,6,0.0,1.0,0.0,0.0,-0.2234709107210362,0.45812823079027765,1.4341603535073517
7164769032430767365,1.9433254118821481,0.20141439214785353,-3.4566247783904105,-2.4377489544690967,3.469966617347588,2.3983163279250306,0.9701791462410857,29,2,0.0,0.0,1.0,0.0,8.324125100505995,0.07441692435288122,3.2884288188700985
7164772525006720262,6.33131666871423,1.9878984581306332,-1.6683439664497681,-7.190476139589381,-2.4277046805952254,-1.3073072525071234,-0.26274726736735615,291,9,1.0,0.0,0.0,0.0,-5.963320406083836,1.6441658055582042,0.03227389606607115
7164792237543394566,8.325434552221033,1.4465397582306114,3.3254742610032233,4.791611785477208,-1.7251232920459145,0.6348039139740884,-0.3108567188899346,88,3,0.0,0.0,0.0,0.0,2.637624758863298,-5.0134306338997305,-5.520551047339445
7165165100075093253,-4.6672984690808645,-2.815204053616795,-1.770143254175603,-3.1190768761474574,5.823598214662793,-7.755094572601456,-1.2653679835336509,8,0,0.0,0.0,0.0,1.0,7.918112992098888,-2.986299902899295,0.3524377780567199
7168426884852747526,4.313861290392003,1.8424252977201696,-1.6095345464794961,-3.4154481618278187,6.052024861006527,0.8309621131614199,-3.2815654181172245,90,5,0.0,0.0,0.0,0.0,6.031967032447053,-5.218503221069503,-3.856152535302048
7168916057166597382,5.981305650357671,-4.443977636300642,-2.119490824695478,-4.52431486917046,-6.146385022398265,-0.8006108179462844,-2.8415480383028098,96,3,0.0,0.0,0.0,0.0,-2.07582465335259,0.16328861244556964,1.2138743291534178
7168935772777614597,-5.822841637603524,-8.72751355210107,1.9842542807824253,-3.129731027447108,1.8237170442940844,-9.169671632406388,1.6782760989505898,71,3,0.0,0.0,0.0,1.0,0.8932469038386527,0.8298600005940584,1.362496921532351
7169948893805825285,-8.636182998239457,0.23158847052154938,-4.258977749600677,-4.745243854323868,-0.5225685721783867,-3.966025883703341,-0.3943293792530372,109,3,0.0,0.0,1.0,0.0,-6.539283629012979,4.1318459983648035,3.3224827729541997
7170730138965970181,-0.27478501737273053,4.936587393161198,6.326063633384745,-4.870479991128707,7.821657248419102,-4.082032025404549,-1.9246927555227986,87,4,0.0,0.0,0.0,1.0,3.2212413724200704,2.882108725612858,-1.9101576033115524
7171408287785782533,1.710988786170685,6.331043654077168,7.301500372268405,0.2692509723526341,4.315154220915821,1.6746694734868426,-0.9379562443412174,102,5,0.0,0.0,0.0,0.0,1.2809835789267618,-5.920577099206796,0.4008822229720733
7171449726158589189,-4.518269785859766,-9.174411378342608,2.9578208619399478,-4.818498836046316,4.814353120884073,-0.5987651317461953,1.4934834620255795,89,6,0.0,0.0,0.0,0.0,6.378768497033682,-1.5573113855409118,-2.3855521816340914
7172507378498260229,6.394913588279478,4.739364512002199,-10.545150780940359,2.043772629632825,-1.9714951261368499,1.188541453168068,-1.6667711008346253,22,1,0.0,0.0,0.0,1.0,8.056645611811147,-3.787158627064557,-0.43955052691232127
7172555111879757062,10.917187544751739,2.3840268241230973,-6.576520590949692,0.19975287812103573,-3.4124205684365796,-4.447581000727546,0.5462997248611362,163,7,1.0,0.0,0.0,0.0,-6.158578387213441,-4.013255413728182,-5.033140753431999
7173695147639655686,-9.344765610177875,-2.6820909456418396,2.2756155562914504,0.47569249401135627,-0.9166688042927009,-2.816012859583243,-0.9150567964601294,71,4,0.0,0.0,0.0,1.0,8.461461916318044,-1.9206900119276642,-0.653119591064963
7173707401302920453,6.651524368699213,2.756259031562815,-1.020427762714845,-0.45872503973235607,-3.7441985354962064,-3.9901387082289608,-2.9504848285329097,92,5,0.0,0.0,1.0,0.0,2.531840748007498,3.088983880296906,-0.44310051035682657
7174022295978003717,-10.649886725364338,-0.22680074081968873,1.9348396444410694,2.2638862002594764,-0.41359774949979183,-1.326881543932402,0.8356924608697074,176,12,0.0,0.0,0.0,0.0,19.481461145109794,7.417272352866786,-0.44970504701946373
7174823379453644037,-3.669752009087575,-1.8098130153132146,-7.48651117746276,-5.309441823940929,-1.6705781439983862,3.378898795840969,1.2632812857999258,72,2,0.0,0.0,0.0,0.0,11.560202980734614,-0.22618547759639115,4.4278688262766215
7175864609029491974,-5.607569948472362,-3.066327780187214,-7.1936334708495115,-1.8212610864670744,3.9710786815624917,-1.914554040088848,0.9193492130441522,158,2,0.0,0.0,0.0,0.0,2.3504017443288796,1.6605216906828713,3.3744170622920224
7175881254233967878,-0.878142703075129,5.104868591561331,1.0711040029776944,-2.722809076942827,-1.7465096797357036,4.605877409754208,-0.8252162137575084,62,3,0.0,0.0,0.0,0.0,-6.609122624402742,-3.4748912506998915,-4.10225926072977
7176549919933664517,3.9991232129948697,1.3513625495885004,-3.2835227876353663,-1.6477691340001746,-4.255785305425136,-0.642270317385864,-2.959440113154033,201,7,0.0,1.0,0.0,0.0,-1.761502286046048,5.1434070321165395,0.5131190244348308
7176635190469512453,-8.915887590271941,-6.205931703595755,-5.3311153260637685,-2.146300004927139,2.2289452679113877,0.5151250259191439,2.3993457435986727,75,3,0.0,0.0,0.0,0.0,12.215232442778666,-0.37153765466040123,3.759957267036765
7176917454893911301,-10.827201087453282,-2.1929109474330666,1.405986887621862,-2.686238892521201,-3.134318787829605,-0.939392173464926,1.05119004275023,110,6,1.0,0.0,0.0,0.0,-2.236745861523981,0.41949748488506683,0.21703582868498011
7177404002508803334,4.438871596715583,5.545412176931333,7.940059798022775,0.10843029894757876,-2.498755122609365,1.6354194082251143,-2.284571756131312,153,12,0.0,0.0,0.0,0.0,23.54759846320638,-6.906461781885818,1.9046029402043174
7177417414542429445,-5.330856537178966,4.50707899780707,1.1199385680821623,2.676010615582181,6.4653897877663145,0.1713488415309974,1.1103750466339166,90,4,0.0,0.0,0.0,1.0,-2.7249168388449503,1.4885714572445825,-1.2059237463998302
7177655896699325702,-11.317154550542943,-1.225104470195496,-0.526381191734549,-2.3100546827237642,-6.971530246694224,0.9717858850330939,3.293594206226807,157,9,1.0,0.0,0.0,0.0,4.688366953906182,2.540537099656177,-1.0869580890849018
7179319229924084997,-12.734072273521914,-2.666086765144779,-0.7100861676624881,0.2023781676953369,0.5831004971615221,-2.556353433094162,3.8162717616730273,86,6,0.0,0.0,0.0,0.0,-0.10128322324147739,-0.3065636303746191,1.4532059383797766
7179637090932509958,-4.071001871697022,-6.622382285246798,-2.0482210470547018,-3.330469572050825,-1.7670035419933734,5.114859742696009,-0.6585811516286613,91,3,0.0,0.0,1.0,0.0,-4.497841413371301,-0.6144963391823508,2.155892094599234
7179688144382512390,-6.762163670446566,4.15106381992813,-5.231163809922082,0.8273239508783375,-0.5565830636184447,2.225320985409179,-1.7441826659853799,140,9,1.0,0.0,0.0,0.0,9.936439374588607,-2.9800231016663568,-0.1842416844597182
7181547992061676805,2.263313524095669,-0.9005207941775971,-0.275531345799391,-3.848180616251222,0.07646829401317874,1.663564217599157,0.977011968075048,132,9,1.0,0.0,0.0,0.0,-7.596690876368721,-2.0774281618201362,1.0479886239834293
7182218891702127877,-12.452102534555602,-0.21695123703252525,-3.1069633568103723,-1.1291076898703085,-2.2162725277063253,2.274855804747769,5.046868275688876,68,4,0.0,0.0,1.0,0.0,-4.909592892434058,3.995718844042292,0.5185120685770572
7182978974253944069,5.897691718028711,5.639781528147633,3.8250685383815664,-10.631792663649044,3.6167784165369126,-5.432966284172522,-1.0806194498562427,99,7,0.0,0.0,0.0,1.0,-3.7819696262307856,-3.961984296309918,-1.0205890358323455
7182983364293430533,8.884659422453355,0.6912425659072358,-2.8229030355820326,0.6307542224592408,-3.986033130822443,-3.441047793741633,4.851832323464993,73,3,0.0,0.0,0.0,0.0,-5.573236298628206,0.8625036221884788,-1.5833401058088725
7183009043407965445,10.800144657653428,1.8181077418504192,3.558210924848056,4.048566444874901,-4.4456318675727635,1.9084818656130706,1.1094326152820695,175,11,1.0,0.0,0.0,0.0,14.588087159558002,-0.36641052299923804,5.987716443533901
7183332234605268250,-2.0046447582570863,8.215269944585792,2.67892506592246,-0.565239028816005,6.63061560681822,1.8071929895746683,-0.0318181551593694,111,2,0.0,0.0,0.0,0.0,-0.23175190582817257,-2.456879772755317,-0.9842888928641849
7183477138249485594,3.0289286295687607,1.5075081847171412,-4.4961535538548265,-1.8964108194498277,-4.996152539677197,-6.7445780121583665,2.757341936438914,66,7,0.0,0.0,0.0,1.0,4.1915224311891155,2.3859255033584685,0.1937088311035709
7183681305203330309,11.017185929256362,3.397141350727099,7.577881090847041,-2.1423721172459342,2.108414822594586,-7.616130131562622,3.0389833057498477,111,2,0.0,0.0,0.0,0.0,-3.0257338128901052,-1.34317752109212,-0.39317595941796557
7184090635018784005,-8.221342660762792,3.287433609927886,-4.576189865752371,2.038138106516013,-1.449197729513724,0.2730014237026899,0.3796521566251799,131,9,1.0,0.0,0.0,0.0,-0.31173876603095974,-1.8338843413621195,2.416134538722243
7184457014217657606,-1.6655701119020851,4.512469531058202,2.5380056392156,2.2648097187967906,-4.535695032152947,2.9834867901708875,-0.6922324446714436,131,12,0.0,0.0,0.0,0.0,13.98758781580089,1.6649197260623223,2.582150019429762
7184459390143974662,8.438108821717787,2.449170393693006,7.129866550807052,1.5789450892945103,5.63124964014843,-1.2083922331761916,-4.270786270775397,66,6,0.0,0.0,0.0,1.0,9.88121653551005,-2.7036000186137854,-0.3790288389410668
7184460864404229381,7.10601373265607,1.050325308513323,2.590193602171229,-2.349024370814374,0.10239647020662643,6.693897959261295,-0.5293703207766836,106,1,0.0,0.0,0.0,0.0,16.78208475495876,1.9881938018667187,-4.043684416734809
7184475894335950085,1.150128798037951,8.007452814568596,-3.029012180100959,4.296772317112897,2.320326147767987,1.65977488199222,-0.20209118458320466,76,2,0.0,0.0,0.0,0.0,8.801403576125765,10.426185931481182,-8.01368642387843
7184831364422814981,-5.911210005715987,0.5452823892406903,4.738300920933408,5.574546116879226,-5.020155587508071,-1.4533258953989245,-1.9102335171833316,226,18,0.0,0.0,0.0,0.0,12.630243840548173,-0.9405334710811359,2.0928646163927933
7184844462525287685,12.872636279303473,-0.36473588402325885,5.073920750248884,1.8705589806768137,-0.09295275225434806,2.672089829829466,0.427144615770747,117,8,1.0,0.0,0.0,0.0,-4.7805941914704695,0.38972824354151836,0.085145337146599
7185200340310969605,-8.676882518870821,1.2618676227847618,5.320652177766317,4.608194694749254,-6.271324311788988,0.7725371529857856,-0.23654857729958365,177,12,0.0,0.0,0.0,0.0,-4.0377173434124165,2.948081332076678,2.401199352043328
7185872343988702470,-7.937739557393834,5.143840844672733,-1.5446721501075311,3.7451521505430345,-4.663124083631202,0.49811497875433924,1.0257457963119478,49,2,0.0,0.0,0.0,0.0,3.911920371730487,-1.566365916976419,0.6747595617756257
7187436390131453190,5.9461659152366915,6.095702779630618,-5.795861849933468,3.675872445242267,2.7994486146991684,0.40785855560572876,-0.0827597564826377,98,6,0.0,0.0,0.0,1.0,5.4981138269145955,-1.6818054769308983,-0.9846938847781218
7187448552354794758,-2.332465413405251,3.4868733452657574,-5.696259728896528,2.6096202718545265,-1.8867378849818908,0.5035521064611576,-4.002430449599392,111,3,0.0,0.0,0.0,0.0,3.597236136423161,0.9218580119272605,4.346064139720803
7188189006851575046,-10.212626392273833,2.3234006541469086,4.072768586195144,5.317581907738177,-3.40903088941424,0.7668792925400618,-1.3537106725042967,126,6,0.0,0.0,0.0,1.0,0.6332649782660931,-0.37428197361619037,2.4769294196821816
7188587993752702213,9.104940082306193,-2.0934433497304776,3.8049981135889195,0.5472734353782893,0.338977283964104,-2.672286876917463,-0.34097167716713767,132,7,1.0,0.0,0.0,0.0,-2.8774879159509164,-1.1757779475819303,-0.6575167295754807
7189175939098561798,6.708554672751568,-2.013207204635395,-3.266690182033735,-3.0029384622372404,4.21801341182569,4.927305017575898,2.6230583825396145,63,3,0.0,0.0,0.0,0.0,-4.076338171248444,-2.4953430774718424,-2.7006860428558457
7189927984172666118,2.542598223192693,3.942830845530082,-4.274903201382896,5.823593766283849,-0.28204268580181946,3.7096169777803425,-4.184992182298837,144,8,0.0,0.0,0.0,0.0,-0.8556383025183446,-0.39331992496916285,-0.9414824218969438
7189955800851320070,2.200999582496659,0.6690300334637209,1.9204951649312074,-3.228155647307564,-1.4719589914260975,6.202096139487372,1.0953680040229457,72,2,0.0,0.0,0.0,0.0,-3.1906958500054614,-0.11474131600648346,0.013971088336700304
7190283346373610757,-3.2371613417826457,0.9014211098061327,-7.398268335089592,-6.152808636296889,0.16649023354453815,7.823934328587235,-3.8735056462600324,123,5,0.0,0.0,0.0,0.0,-7.852645013795689,-0.050985420567522664,2.9536179895621086
7190456972418862342,-5.23200699233331,2.9741187912275535,-1.3869186325685303,2.3319561004543643,3.012898315015224,1.231738302653408,3.248891864329275,79,7,0.0,0.0,0.0,1.0,-1.117805115059629,-7.370623726456427,-0.7351096621388817
7190655063470116101,-7.171362506174595,1.1554564935868967,0.5467620727509132,-5.7922717515999365,-7.178397722724975,3.4876936491646813,-4.328475626406158,169,8,0.0,1.0,0.0,0.0,-7.475826485985074,2.265266220282431,2.861958829241126
7191515883330669830,-1.5709612584273491,5.51708910654102,3.735611772258983,0.03318439297780093,1.77053647547822,2.9445617887612214,0.08864200954866605,116,8,0.0,0.0,0.0,0.0,-6.067058909951881,0.11591146577787691,1.4917135654364104
7191848035784117510,3.64103059912489,2.381599968955273,2.468953656493165,2.976512739944294,-2.7851495855806547,-1.3708102441851906,-0.4723514587494066,127,8,1.0,0.0,0.0,0.0,24.073916436700266,-5.108171704702661,-2.9798325353965263
7191884217595219206,-10.027049730633545,0.36344824944421655,4.3349676513850826,0.9440142475443073,-6.047960216405225,1.373274844124231,-0.42144570816276095,69,4,0.0,0.0,0.0,0.0,-4.817232064390478,-4.735286509877751,-3.3764393330057807
7191896362630302981,-2.911670835372711,-3.4423602158389737,-0.29502159349485113,-8.030483018864395,-4.523352354849741,-1.781749027136386,0.22931536924583246,178,9,0.0,1.0,0.0,0.0,-6.533177214324283,-0.5971153012468317,-0.0594279014346783
7192172787723783430,-4.446701836029596,-1.683722070126384,-6.917009719952969,-3.840325748245963,2.3098149071596588,3.8350938599156854,-1.0197572159630564,230,6,0.0,0.0,0.0,0.0,-3.2037731375160567,-0.7762025025669693,-0.5336298707041323
7192237337412177157,-13.482723396425365,0.23248702988158623,-2.047430323772114,1.6390285172498282,1.407515842654,-1.2676349192912901,3.3491554443612204,112,8,0.0,0.0,1.0,0.0,6.832781498867644,3.4576426412250987,2.9151669612520146
7192254185969044742,7.833555773274487,4.173584503357207,-7.904248652843594,-0.5700159105255763,-1.8139453890226804,-0.30489293701057574,-1.2921940977165716,125,9,0.0,0.0,0.0,0.0,9.212023020176757,5.557101478021976,3.2958617144438094
7192298503878577413,7.5317745085337116,1.8739986242487465,3.087928674435953,2.0133526499774836,-0.07686631109937885,-0.5103397603859166,-0.08442718980465984,148,9,1.0,0.0,0.0,0.0,9.56815368046183,-3.135627520768135,1.209935912596918
7192617192850984198,7.84614777426601,1.7935730668136378,-1.017084779872182,-0.5934219247339122,-5.279702228607259,-6.732448435554859,-0.25023237318593056,84,6,0.0,0.0,0.0,1.0,5.3593146360201125,0.34226103014575354,-9.14389385608401
7192709681280781574,-1.6787669478798453,-0.5622119087081944,6.652172325166954,-3.7367669293623007,2.19920546350494,-2.8393329235545264,-1.7519978181362688,94,5,0.0,0.0,0.0,0.0,5.6523536222805735,-1.5230840948600821,3.652256444573815
7193338808870456582,-11.037755752785953,4.002866558195653,-4.34507133458531,4.57493099721148,2.2703287667592513,-0.23272406968034037,-1.840176684443895,116,9,0.0,0.0,1.0,0.0,-4.070254678943878,3.7552026455338288,2.4546178556186766
7193751547749223685,-12.798775693747624,4.736376666574028,1.3598347890764217,4.32074866304386,-2.5250010513856687,-0.11551823078375077,0.6523732808298541,190,9,0.0,0.0,0.0,0.0,15.62689221075151,-0.6808685886665135,1.702150860814417
7193808719287766278,-0.6406352562534281,2.1469702033260534,3.2565589945136977,-0.9198796973036394,3.275521872699347,2.973517712043463,0.776706489325151,123,3,0.0,0.0,0.0,0.0,4.222167618005695,-2.373967494030216,2.383490877037243
7194859372227480838,7.438303245892131,5.383939764105816,2.02023562210653,1.5582522774845176,0.004258570352126456,-1.608787618412059,-0.5702831651008836,87,6,0.0,0.0,0.0,1.0,5.467645477685948,0.6985666125042534,1.8817989990561979
7195215450970606853,-0.27088721379270003,7.68011299168664,2.2391186800460927,-2.3308648393146334,3.720372072761808,6.202418038076915,-1.4168042432854635,125,8,1.0,0.0,0.0,0.0,-3.7718535799428428,-0.17533447755507425,-1.7925935539727942
7195225752541875462,-13.970784276784284,-4.606996024113539,-1.086569585507604,-0.5411871351116927,2.071978030165878,-1.5873763388646591,-1.1037624384876588,133,6,0.0,0.0,1.0,0.0,-1.6140056269429708,-2.2479215025675554,0.3070876085283483
7195607365813636357,-9.262639383976037,4.741092636452681,1.7821527115756437,4.074840387531117,-4.477873020604468,2.1026124353735987,1.0649102805373507,119,8,0.0,0.0,0.0,0.0,-4.947407366121586,3.9820147426012795,0.8896061519475843
7195937456271691014,10.352533336203882,2.4726846029870653,5.935618933754503,-2.486711253287712,1.496390875801063,1.155176369437817,0.4560185521356514,141,8,1.0,0.0,0.0,0.0,7.103452097634157,-7.422561580713635,-1.4083059605434443
7196711667420384517,3.346130120559692,4.5124610984871865,1.589905283254245,-0.7982340465395102,-1.1474459738785499,2.2720400363331015,-3.155554562100551,129,7,1.0,0.0,0.0,0.0,6.834728703701098,8.766147842180509,-0.05296791558848286
7197080264625966341,2.1996618741899616,3.9847982266261894,-2.273458378755592,2.884745260916034,1.9284260644140077,-5.630014225324894,-1.9215559153453683,106,7,0.0,0.0,0.0,1.0,-4.885678808583557,1.1858301791527173,-3.228422607861507
7197086542479854854,-8.190614277879986,-1.5229578781144835,5.591414713818561,1.3304908473045023,-2.9352486830333255,-1.1532363204678122,-0.07416517149103544,105,8,0.0,0.0,0.0,0.0,-5.5414902800423125,1.069854133471627,0.7562273613550206
7197445468585037062,1.4135798185135608,3.2937529977023736,7.783998073357442,-1.9810630054500784,-1.527902716976369,7.827818404377928,-0.5934823378501386,131,9,1.0,0.0,0.0,0.0,-2.4195797571117152,-2.7092259815627338,-2.401079251670701
7197448084119506182,-12.528945036581183,2.7895876764509713,0.7338412638313025,3.2714618354828033,-2.6532251463698215,1.2774472490204367,1.4174355375344214,179,17,0.0,0.0,0.0,0.0,12.666716086818933,1.6460436810619818,-0.13783399330432008
7197470706416815365,-2.323905761858063,2.9251708242200607,5.329281113390595,-0.22334264366773418,-1.9358501779868351,1.224554127367191,-1.18145057720246,76,3,0.0,0.0,0.0,0.0,6.960033355370682,-4.671003799685591,-0.4772022965836914
7198189694750838022,11.089700881962239,0.2927271909938025,5.106250829068572,-1.7968101007952542,-2.384852772908901,0.15284841648188843,-2.299454369076577,126,8,1.0,0.0,0.0,0.0,1.4115971618403784,-7.6959416538787435,-3.908599429471649
7198194674354457861,-5.868227332949683,4.329715589999646,3.403833362557141,5.4588625731165585,-4.050214939601111,-0.15659688271146985,-0.13463427183879328,22,3,0.0,0.0,0.0,1.0,8.045282384985995,-7.274312241288572,2.640510998684144
7198558888940113158,-10.518922317666568,-0.36457135085486403,1.1483908138788945,5.031257463122177,-0.230539407101564,-2.8548730868232988,-0.9851041455799693,71,5,0.0,0.0,0.0,1.0,10.060471460542308,-5.850604800136413,0.8224963749800794
7198831282984324358,-0.4321069779693773,2.5990012125409243,4.45290391157385,-2.0420372945642438,2.7684507226795088,6.244771514075027,-3.084675069702134,154,9,1.0,0.0,0.0,0.0,-5.4468474694723525,-0.8355937763005749,-4.0584771700803035
7198947136300403974,-9.02145675996859,0.27536966865810214,-9.16552799039024,-0.9867027913894562,1.67701793254031,2.8197427641390593,2.7933380446659886,76,2,0.0,0.0,0.0,0.0,-6.721591393381477,-5.406679702145971,-2.556334726647635
7199338065867934982,11.010573212397478,2.5033170615969924,-5.545096929247965,2.988876541964083,-1.04294220378583,-2.391649622327111,3.777287055034236,108,5,0.0,0.0,0.0,0.0,1.9284896720020528,-0.9858545833504279,2.250245479460059
7199586123952311557,-3.350108440491268,4.444112613734093,3.9631398716114647,-0.2690831613403818,4.071629943474803,5.398069517839224,0.3603672177828843,199,6,0.0,0.0,1.0,0.0,-4.922319376273146,-2.335107188499487,4.107837083779206
7199677935949778181,-3.9644816497256525,6.215245943972005,3.332393398296705,2.6467713491432527,-0.5318875194861683,0.7489666868397119,0.9777712340470146,104,5,0.0,0.0,0.0,1.0,3.9723546786591375,-3.313788012420363,-1.1554971472830573
7200418269629582597,11.607065459669995,1.4919574321618034,-1.0194684981241438,2.9717529741966207,-3.286432371550826,0.5787862920432506,1.0701067659327064,156,11,0.0,0.0,0.0,0.0,-0.817820486647414,-0.7230502014193232,3.249546952617909
7201579247616494853,-8.093593897835504,2.4595883152625175,-3.509118437654063,-0.08965993255149794,-1.657966617507597,2.24316959637866,-0.7233684277752135,120,8,1.0,0.0,0.0,0.0,-7.1346540463419235,4.417539835222357,-1.9795785652187876
7201892299112992005,-1.711741018670313,4.7821160805511935,3.429730591963693,1.2154833891249928,-1.5022366573553545,-0.6873411373135856,0.5146156742347091,95,4,0.0,0.0,0.0,0.0,3.0380362335999243,-3.1969237045732677,0.1318479505355367
7202277032938540294,-9.413206923690295,4.330615391755498,2.9641660892480663,5.055631758301795,-2.6930389254278784,-3.983866618382128,-2.05998696291081,104,4,0.0,0.0,0.0,1.0,-4.679494402578203,-1.1361012890519104,-1.4437750679086676
7202313398300724485,-8.449170785460772,7.952483868427293,-4.915519981920891,5.943392204551744,-1.4577881069759524,-2.4035015666928072,0.1194109610813552,117,7,1.0,0.0,0.0,0.0,6.156457318349843,-4.8360358429432235,-3.4097545878496454
7202617948983315717,-2.472205042084667,4.510016699061917,1.2443704594522882,6.8320268119109455,-1.5024167029212132,-1.2714237204927372,-0.4765056602906042,148,3,0.0,0.0,1.0,0.0,-2.8882960658861165,2.719149477555263,1.4130731315395268
7202909898219326725,-13.313294852834996,-3.089090151722445,0.6444149661264544,-1.032637381742729,-0.9786074968869287,-2.043404416514889,-0.3851096573528846,145,8,0.0,0.0,0.0,0.0,-6.2283598822178945,-5.713981878789781,-0.8298639239082042
7203019203857665286,1.334174796250996,6.790044238770764,11.166494703995948,0.2187997637062169,-4.73471128399046,1.5583659289112672,0.41246547099694036,92,2,0.0,0.0,0.0,1.0,5.476940660789856,1.5619112446320922,3.542672327815362
7203048812351327494,7.575592865348114,2.666922318089382,7.544448365494122,-1.0973068446116265,2.196650736090677,-0.3540417496881885,0.5993838664113967,123,9,1.0,0.0,0.0,0.0,-3.6945919957662525,0.3433610467998211,-3.674265201510048
7203684040606633222,-5.819771028523864,8.23841273851033,3.61295237920726,3.2683888742017952,1.8125222126222307,2.027129892541503,-0.38920846486655647,63,4,0.0,0.0,0.0,0.0,12.55011768628262,-1.3577791912368846,-0.40568056011344567
7203763760538897669,-4.987277807117959,8.528495951898336,-0.22503498072728054,6.070663776471255,-3.142696008054448,1.083056709368933,-2.428385206966644,116,4,0.0,0.0,0.0,1.0,6.125302853131894,-0.2136711334085092,-1.8686655025366905
7203810617180933382,-3.0507584982957097,1.9087082031368952,4.375427598263348,0.43492655455798934,-5.339084456306635,2.4127179504277096,-0.1113946603592888,126,7,1.0,0.0,0.0,0.0,3.2774579482789505,-6.170453159972031,1.4376881832421473
7204395621468392709,12.52816319135591,5.097321226679075,4.171516741902589,-1.7692498612834553,3.9227990581199914,-6.935367571648865,-1.1157403596846165,5,0,0.0,0.0,0.0,1.0,6.617554224300654,-4.469122331334012,1.3865293362496187
7204870147855748357,-7.66362045021321,0.3491133949373399,2.841095490397482,3.9381496160116467,-2.5085654707483678,1.0194606157599417,-1.24746635023768,138,13,0.0,0.0,0.0,0.0,10.551826361484155,-0.9996553981739499,-4.058140327849541
7204874673367125254,-10.354489873509879,7.384885740567053,-2.0858559343853345,5.2192133472890285,2.1147155155535966,-2.66269814861072,-2.304547894556093,116,4,0.0,0.0,0.0,1.0,-2.7763936420638915,0.3008838520505062,0.7459657121429857
7204907848449527045,2.4612326727089036,3.9882635500264896,1.646958546790644,-0.2974752989882873,-0.5479987812768973,2.5283205277501724,-1.117468630865515,94,6,1.0,0.0,0.0,0.0,-1.4593791059384567,-1.349822672054265,-1.3903782797366446
7205134218328902917,1.4419043297040062,3.203211833880033,3.819076930049701,-6.170137496129669,2.4728536263561085,3.20081349933594,-2.6850305946393602,126,5,0.0,1.0,0.0,0.0,17.19229229203658,5.14100089677067,-1.4341506883376232
7205961411942468870,-0.8809576712396845,2.9975145393002074,-0.6743397652255324,0.38161077417917494,-1.3205548011259636,0.17438306664521855,-1.4222829890378337,255,5,0.0,1.0,0.0,0.0,-6.293148673893672,-0.1939742478918115,1.8437737676268546
7205976379370851589,-3.2809039958466997,0.9517611939065277,-0.8724484471788047,0.3618799530105505,-2.3085652538386983,1.4503930105853458,-2.9644125308312272,228,15,0.0,0.0,0.0,0.0,5.911606362307581,4.345025967372308,-7.8854907518763016
7206680972555750661,1.580789636711877,5.893341060429225,-5.537058757663048,3.0175878482920884,-1.850001400962537,-6.758733393514404,1.2442011190251885,20,1,0.0,0.0,0.0,0.0,13.25131419791885,5.554732747012889,1.737464850872694
7206682386531110149,-8.93503617760179,2.527687833512412,2.7530333300348953,3.0114531763034944,-2.18590527442469,-0.889790775505903,0.35694100430561415,37,5,0.0,0.0,0.0,0.0,-3.9754258910709313,1.2592753496681357,-0.31184558547514757
7207350500419702022,5.301573754925674,2.835948936195305,4.502161843143209,3.8097869259407204,3.7200357362019743,4.053833061835738,-1.8361062509228283,102,7,1.0,0.0,0.0,0.0,5.881379972130288,-2.9013078967906605,0.24814785038735665
7207818125402852613,0.7592390795345927,-2.6367152450378235,-6.022776361588167,-1.8541567762293876,1.6805989487727013,-1.6231458552847229,1.1550778785885,191,4,0.0,0.0,0.0,0.0,-3.568922607808503,-1.2696661524719877,2.7702318193466953
7207842110316268805,-4.6062042681073825,-0.3284347594507318,5.032104224155633,0.05798271439361784,3.6391732510316888,5.619912065303921,-1.7094128456276902,101,4,0.0,0.0,0.0,1.0,-1.2946313678440327,-3.4692153740508473,0.9162968051851796
7207862806899592453,10.834827896469644,5.065456698633883,2.808165944659013,0.5816026341997983,1.5809131174519115,0.9767946203545415,-1.571892075260304,54,4,0.0,0.0,0.0,0.0,-1.6011889884900103,-0.5882827681339939,3.5125368094407974
7208539932422425861,12.007141421381629,-0.2702474103395606,4.39833376031626,-4.991523539763741,0.6844291765162986,-0.20961274748472095,-0.0754189281517985,114,6,1.0,0.0,0.0,0.0,-10.481476048883813,-0.4518413218291033,-0.7222539293380148
7208551637869268230,-0.1461167097927759,1.5784159679268397,6.642269961017506,-3.6785023143266615,1.5180139655779172,3.5684408333894844,-2.056245075311849,95,7,0.0,0.0,0.0,0.0,15.397792075943444,-6.150410222144427,2.656449366197788
7208566584535764250,3.2398089517561446,4.3718237476233135,1.843446213197697,1.7965895270421857,-2.4162659714361387,2.0922340489600573,-2.499466766009261,172,13,0.0,0.0,0.0,0.0,18.491191876723892,6.719817558602884,6.819724097954713
7208590550348434694,1.0468538974523707,1.392221032610323,9.652041345006028,-2.7645164971590486,1.6994026913581224,-0.9709198171697466,0.5721619143757406,178,17,0.0,0.0,0.0,0.0,-1.530502144232173,-2.9982848956261714,-2.461249847387256
7208839545989762309,1.6209214066825586,3.1825653554952615,-2.60215699746433,-0.352979967518147,5.801929171633955,0.2729313418504615,-2.279796921587364,116,7,1.0,0.0,0.0,0.0,10.711259098448426,-7.291272431116889,2.067607757663162
7208933349933452550,5.580114740916857,3.4288330877114337,5.612723725949573,-1.1117588068913027,6.746586453757405,-1.9961626752705206,0.6115252578811903,142,7,0.0,0.0,0.0,0.0,4.506600133424252,0.10927205673178353,0.6624371432905319
7208952610336820485,-2.3163909924503985,4.5893305697757665,-8.954751215817177,-7.081413257500871,1.3788975820852638,0.36553715296910216,1.5446496748844898,94,5,0.0,0.0,0.0,1.0,3.7623795047693607,-4.528525153366837,-6.657086892412224
7209259784263060742,-1.5340697183176342,-0.5756590978916437,3.6945479774083876,-3.200866690290131,2.185353676460468,-2.223362747042201,-0.21737378199407054,96,8,0.0,0.0,0.0,0.0,7.520389198405593,-1.9581961237520347,1.8294004753908335
7209925340557348101,9.764784300510268,1.4436446558839278,4.211431101246601,-2.052014730615774,-1.393403827451477,1.9156386471868156,-1.8079434849792753,104,6,1.0,0.0,0.0,0.0,15.35928261903854,-6.835796951465746,4.236488621055094
7210067304095173893,-10.401450949310973,-4.5054697700957425,4.869354398977258,-3.874829466655414,-2.313188970291622,-1.118697490211482,-1.1083730329475534,190,16,0.0,0.0,0.0,0.0,9.731849424052804,-8.470165756939187,-1.4320952100586537
7210074063765638406,3.195567318200953,5.738321769111854,5.510184404310992,-5.83993893906938,0.5606682011956007,-2.3392746830428455,-0.46986645522006987,97,5,0.0,0.0,0.0,1.0,3.149363758119296,-1.2388083004321124,0.279810378433534
7210434710646836485,7.26084442853697,1.7022068392964276,-1.561366245603419,1.5008834332241712,-0.28565695647302564,-2.5714852998267266,-0.5649711851439153,125,6,1.0,0.0,0.0,0.0,3.4600109684433287,-1.4276945458777701,-0.3580739425428681
7210751695771553030,-6.275423024157508,1.1679692662285996,-4.9382500487069,-4.863553790259014,-1.0174766542879892,10.036511179967647,-5.920047123043718,147,5,0.0,0.0,0.0,0.0,-2.4676930196487517,-3.0518830653049056,-1.8205886382836218
7210806075354811654,3.594564275181674,3.309363702195401,5.120021773544422,-7.557491776591138,0.11768986770186586,1.8122724421544048,-1.583436741531209,196,5,0.0,1.0,0.0,0.0,-6.0641843285456165,1.2645759123087077,-0.6956561572760518
7210817231368785158,-8.885810146966062,5.581608820947858,-4.379894527606195,4.04588269760737,4.517430773047164,-3.0028281044633225,-0.9240271778476338,83,6,0.0,0.0,0.0,1.0,-7.825754168616592,1.6435421114589006,-2.8160984986418724
7210834532591963398,-6.407703559209871,2.898488605153587,1.8283625779032475,-1.2463994540166072,4.78036914488938,-1.1304816912833875,-0.5088943893712581,85,5,0.0,0.0,0.0,0.0,15.559864094134708,-5.714376019749718,7.163278552455464
7211130311667715334,7.490353171283735,-5.393543358781457,0.9442736911141636,-4.131891060737058,-8.594540641003242,-0.2539452777669947,-4.973067379375993,102,6,1.0,0.0,0.0,0.0,7.814203295221261,-6.097768733743743,-2.050872246429255
7211165738957163782,0.33693223213043966,-0.4863938290019134,3.850397103041192,0.9769463685581369,3.8158272401631352,-0.21885196298210308,-0.6528337240419417,93,6,0.0,0.0,0.0,0.0,-1.2823500341986345,0.9799358071322217,2.23706312086527
7211431817205878021,-6.839822474894001,-3.254833839806317,-2.8366838082259314,-0.7840194746526833,1.3286719139392362,0.7714085017575676,-3.0179270432494505,134,6,1.0,0.0,0.0,0.0,-2.0817000240656567,2.8463800012342677,-2.826420065378621
7211565992852475141,-11.542744935029747,-8.699792147909822,-0.12282748005232176,0.5000846375929279,7.065897590783446,-2.7702348018509406,-1.6472685336379287,121,4,0.0,0.0,1.0,0.0,-14.434102328423965,0.1260933004052989,-1.5203032588397587
7211932492914298118,-1.496301400687675,3.1275404524444665,-0.4116237009649294,1.5022002613391345,1.1901944139711047,-0.17965820590911927,0.4980469655431183,90,6,1.0,0.0,0.0,0.0,-7.676798939064847,3.4506948217807376,-2.2652436192928804
7212344637523283205,10.689368460533885,4.427553308170933,0.9070105017760154,-0.8314464836369971,-0.028409261871980847,-2.3934971136776104,2.903021535776184,58,5,0.0,0.0,0.0,0.0,1.4212261305737475,9.441804828965603,-2.491542813112404
7213053350290459910,-2.2307829079625514,3.285865852547683,-1.6412947142174397,3.222077255730689,-2.009450145323442,-2.573979460888533,1.6569805483904727,126,7,1.0,0.0,0.0,0.0,6.3250287770731335,-0.4080547449705874,2.8277829492727724
7213453348270378246,11.178526316194498,2.3433309297561755,1.4593928516151873,-0.9757170741408464,3.5638358926936733,2.6025765469780264,0.9065133791788869,96,6,1.0,0.0,0.0,0.0,7.372819290379672,-4.091195576427356,0.401340477225275
7213655175318211845,-10.945390352194833,0.9585299746341012,-1.306022617276449,1.3254003992145416,2.0107738880998216,-0.5785247323009538,0.7126179332731957,81,6,1.0,0.0,0.0,0.0,7.404947598997575,-2.537259888616601,-2.4869861801194193
7213794863630912773,0.2255617266956151,4.615942134741487,4.220298445741076,1.4318703436794726,4.634841705463824,6.5267427482851,1.5969285178132855,105,13,0.0,0.0,0.0,0.0,8.214295215966159,5.997907575229535,-3.541854710925634
7213795540574735621,2.9907669684538667,0.9481939831188273,4.177319555705115,-2.2221694134008243,-0.4450834209834866,-0.8833076220277649,-0.46474864917521064,93,7,0.0,0.0,0.0,0.0,7.643760651103019,-2.146902677204479,0.21063146779960035
7214113271018753285,-0.14165289313646043,2.5064920809819897,7.22090722751318,-0.6461399600616674,1.6913924168078125,-0.7545219235984804,1.7289131353320184,70,5,0.0,0.0,0.0,0.0,3.9984454226477015,-3.0123353386235032,0.30636533262120086
7214396955810680069,-5.82751271413204,3.2940866250155274,7.39644231025716,0.693246176551622,-3.3615307745546295,4.204485429353709,-0.028927675934354975,54,4,0.0,0.0,0.0,0.0,2.82697752319935,-4.847867997646908,3.2549370031989158
7214767845383900421,-4.018330990596836,-6.816099356844837,-5.2034292664198,-1.7833314618586333,1.6310744531065746,3.108445689101115,-1.243888048984972,97,6,1.0,0.0,0.0,0.0,4.642432743287067,-3.6843379578722533,-1.1045097842576446
7214862934139260166,7.434392438451785,3.9820503215797936,-0.8008057728833261,-1.7588192449231268,-0.2130035979828077,-4.143513750006193,-2.176434794843982,92,5,0.0,0.0,0.0,0.0,-4.939770080445226,-0.4829767840351191,2.4326626461123064
7214886818368490758,-3.568470802463284,6.641219298702379,0.3843633104808492,3.372522231633555,-5.629856502444588,-1.572915527957654,-0.9789558326741578,120,13,0.0,0.0,0.0,0.0,19.031473935672402,0.745672154121011,1.309541217935648
7215124561799449861,10.16685945375288,0.5767916891282352,0.5107304821652443,-1.1302283844386125,-0.11416803005124868,0.5878022982974409,0.5080229017263891,117,8,1.0,0.0,0.0,0.0,17.61052035155189,-2.556006335395199,-0.47015272676676134
7215238321247751430,-10.314393035794478,1.0599893472688615,3.9385187100986108,3.824284398419796,-3.783164448195698,0.12337309183417865,0.07302358880428934,144,8,0.0,0.0,1.0,0.0,-5.937314348432641,0.19542861799652447,2.3433257970211803
7215252214514715909,-4.217010382413236,3.520168074741586,-7.519149288504093,3.91419930820733,3.079159634564672,-2.6275323497942384,0.883794681698494,87,5,0.0,0.0,0.0,1.0,-4.117666753866978,-1.8913863344963182,-1.1475637621818116
7215515219164990746,2.162271508193634,0.6540860491981263,2.5945910261903986,-3.2619514531381872,7.1258781709365735,2.6411118270590714,0.8822148218265766,26,4,0.0,0.0,0.0,0.0,-0.14738065189725613,-2.8868239156230624,0.35583372150296294
7215611067286703366,2.0171404079970907,-1.1883630980014228,1.8082404022282097,-1.6289746611539246,-6.241992923999481,-1.759493058407476,-1.534815645846869,310,12,0.0,1.0,0.0,0.0,3.8100303113655003,-2.356303441092754,0.44147842914165963
7215656408069442822,1.3910718870228136,6.615108638039143,-5.540616445060909,4.006996960348503,1.2456977206235933,-2.152012801767435,3.099495256364478,129,7,1.0,0.0,0.0,0.0,-4.117666753866978,-1.8913863344963182,-1.1475637621818116
7216007272311344390,8.108715567730805,0.5034191785338782,-0.9468392254123313,2.0465234637991148,-3.9603558399469314,-2.2372446203021465,-1.911227074004949,170,7,0.0,1.0,0.0,0.0,-5.654984653643981,-4.877088371605659,-2.019665370245429
7216240671097736454,4.327301581882023,2.8772458061886486,-0.6343812782429027,-1.0872520608616525,-0.7505448087253769,-0.03737354081922928,2.6840796940289002,77,4,0.0,1.0,0.0,0.0,-3.334750959856046,-1.4356740638058476,-1.197824461085476
7216365794093976838,-5.997211876952865,3.7325361072402212,5.031227887513327,1.1823859110556725,1.7644086689673795,-2.3538391335432194,2.058384159062686,62,5,0.0,0.0,0.0,1.0,7.852406500999967,-1.6555694746843392,0.14901213787729245
7217463144069844230,8.130068781978878,1.4896867801741067,-2.0598702760575325,4.906102004508704,-4.148267395240279,-3.602565030846646,0.5184075009946506,118,2,0.0,0.0,0.0,0.0,6.673171013754423,-2.3950673897181467,1.085250276527398
7217888414631283995,10.480743246488858,2.2916579261377494,4.44782263550502,3.6118894750406403,1.884101521144052,-1.2504214531343296,1.0193120098567345,76,5,0.0,0.0,0.0,0.0,-0.05393776762535962,1.4986980812634387,-1.5117748960490967
7218219061707033882,-5.753805033951056,3.070343046072528,-6.482525814796997,2.096610323268893,2.669386591686233,-1.6212009546882138,1.5894338856006953,114,5,1.0,0.0,0.0,0.0,-4.047434399867277,-1.93076684075092,-1.2605880533149416
7218493650160897306,6.407624579945541,-0.10713755177504658,-7.351383651149574,1.6528481067784557,1.3903054987011945,-0.7644794620733235,-1.1744488111744928,105,6,1.0,0.0,0.0,0.0,-5.395024333747794,0.2841453976592868,3.3070421272737405
7218857185764216069,-2.8339715258041127,3.260208351601365,2.2114079514494596,-0.5013497966083923,-1.7426952515205922,0.08252304979178843,0.08983902904056378,121,7,1.0,0.0,0.0,0.0,4.917321499686174,-2.7829198693551933,0.49488157987518117
7219294434465238298,11.193915833236652,4.138816669452187,1.7832923030114496,-0.07141981718634277,-0.513863870859569,-0.8625180098405387,2.1867875389887517,53,5,0.0,0.0,0.0,0.0,4.190116133392662,6.243896741313816,0.40188040622672294
7219646733901450502,-1.175407458694976,4.974341664875523,3.399984802519134,-0.822790548692456,6.439996015013336,-0.936818884194821,0.6113757184749469,49,0,0.0,0.0,0.0,0.0,-8.983865994814009,1.812803277900909,-0.1399830314416599
7219686321739123974,1.478147343711337,-4.848432456974777,3.496852229922179,-7.467490172972648,-2.075286457792156,-3.12798586918697,-0.33145796412935663,98,5,1.0,0.0,0.0,0.0,-2.418086950610103,-2.217140248865478,-1.6425722172749266
7221070563538717957,7.231779395971115,-2.7078336313242004,9.607084327995832,-0.9764800302605504,2.611039924968707,-4.016975590345766,0.5617356960990443,74,6,0.0,1.0,0.0,0.0,-1.6378193757630652,-2.7395717829703816,-2.8933910476718716
7221177538855423258,-2.461666828583505,1.3751119596069823,0.7210880751663096,0.20008354894061373,4.330438945658878,-6.139830594984319,2.214780921694473,88,6,0.0,0.0,0.0,1.0,-0.6155226549868648,-1.9949501329799868,-2.4517592038745306
7221550036172213509,7.986016230879575,4.536567495069045,4.289786873349815,2.1397776749011186,1.6982240910413116,-2.0819721638814364,2.565397535474178,116,11,0.0,0.0,0.0,0.0,-3.7447371121947777,-1.3274545884840787,-0.11338591175865922
7221552853356236037,2.172281465089552,5.5537668357480685,4.7038380463550125,0.6498941747742266,3.253156323340542,3.2846754121125907,-2.004047400954849,105,6,1.0,0.0,0.0,0.0,6.714460229322839,-3.6810924330900625,-0.2912932269455061
7221875155184733445,4.031318884975635,-2.796524428760731,3.5617546374825864,-3.5561993639073717,3.8390424885241914,6.707294044800877,2.8249930254024878,133,7,1.0,0.0,0.0,0.0,-4.686463781676071,-1.6044430961512994,-2.7625486452405728
7221953102184779013,5.53819771545328,8.298634786600582,0.10343091029441288,-1.3353849701663985,5.598630286720821,2.281530452154007,2.8017029876641426,83,3,0.0,0.0,0.0,0.0,2.3069631325152065,2.552988401218349,-0.5880202403888807
7223080468101483781,0.11568061490994223,-3.824341760922622,-0.06486450698495706,-2.508199206292732,0.9949867450786317,1.231954169181432,1.2168696057236552,90,6,1.0,0.0,0.0,0.0,-3.095501719649935,0.6705651976251035,1.5109214734728633
7224139299594194203,-3.660663170464152,1.425282506366035,4.428160286398582,1.6508002127081198,4.628445550862431,1.522558827801772,-1.08634289611696,173,8,0.0,0.0,0.0,0.0,-4.473143367502789,-1.1839414029453026,0.7800246483227617
7224177146263063835,1.1066153800518976,3.560250936989695,4.571526206503958,-4.9855149175055065,1.915128224058191,1.7556570611599203,1.7741952422652572,141,13,0.0,0.0,0.0,0.0,-9.462930972939734,-0.34876185458377346,0.5436989391019496
7224934115089370395,-1.7611541571388012,-13.298775665415727,-2.1420695682284068,6.656703734113378,3.3439243446059495,0.11930638133671428,-5.908234412131666,129,7,1.0,0.0,0.0,0.0,14.678312960502584,0.16046807691979736,2.537983706182744
7225245362678762779,-2.759352656716408,6.990541505537448,3.783309067368011,2.6138179760701163,-0.40356684606823867,-0.8836300982723565,2.702051712665857,161,14,0.0,0.0,0.0,0.0,6.210565704567154,-1.9843879351998834,1.362303246963077
7225296808900152603,9.760776523409133,-3.6364457297771438,-4.011188531273118,3.6813147717942005,1.1781655306215972,3.9362839324425085,3.210647435441019,120,7,1.0,0.0,0.0,0.0,0.1911304756389133,-2.9910671190431506,2.1248754916582273
7225632323146943771,2.7371092713633693,-10.266712658817218,-0.2632829097199095,-5.290263358387809,-4.8818458219961816,-0.38876629432265547,0.6294199630024948,119,7,1.0,0.0,0.0,0.0,12.045412630041982,2.529748372500557,1.443752236525169
7225641498249891099,8.22409612466312,2.544760016346196,4.255091505594937,5.520408884097223,1.551570708071606,3.649177731127632,-1.31367713029883,157,17,0.0,0.0,0.0,0.0,-6.443063252036751,-2.1716337887091806,-2.1955821815169627
7226043488738069787,5.648469808912114,-6.323263459245075,4.792674846957691,-0.21467470357103777,1.0233860552196334,6.36764446311116,-0.711247751728846,140,8,1.0,0.0,0.0,0.0,2.7787409087531927,-0.48012485485388867,-0.17643850912346493
7226428593075752218,10.746922233086789,0.8964024361275827,1.0429049896823752,1.7605601572965506,-1.896124805400736,-2.83961728224742,0.993970245086203,127,7,1.0,0.0,0.0,0.0,7.841568491565772,2.4168227574383665,-1.557774761466848
7226711933150432538,0.8140916779098647,-11.374057543904895,-1.2971316899624794,-0.22047330531100104,-4.077256404105326,3.92300280831375,4.560302786681368,250,7,0.0,0.0,0.0,0.0,-5.601024052961827,-0.5440879352769763,-0.6939508455808108
7226734943869750555,1.9731234446917325,-5.048490977959545,-0.8891348771531384,0.03486384718492437,-3.29437613000453,2.202334833088153,3.0732425952156124,103,6,1.0,0.0,0.0,0.0,-8.465488157360568,-1.0812216716620675,-1.5066076500582648
7226766521719213338,-4.625429501039212,-7.973852984536575,2.90946915421731,4.072715647291336,-3.878789652399787,2.8765913302358146,3.4698242798276424,198,13,0.0,0.0,0.0,0.0,16.265145882174814,1.4784882401143913,-5.424973318717839
7227138868447923482,7.938999988321026,-2.0429950608418617,2.6990687176586836,3.3941457765281724,2.5759128343442943,5.326240757792901,-3.081400365111481,105,7,1.0,0.0,0.0,0.0,2.147645534661107,-0.6142881298050344,0.5442230765217959
7227547227005209882,9.10651714201009,-0.10607934689858148,-0.7920037870642047,3.819310934113666,-5.087249491364072,-4.544386543500496,1.5822232019758977,120,6,1.0,0.0,0.0,0.0,-4.059996073176339,-0.8405405117757541,-0.9818913677081293
7227881339125583131,2.59505289356452,-9.64467940855439,1.8502646973212875,1.2193520384674266,9.11956176161925,2.361982520790203,-1.3610533280480517,134,7,1.0,0.0,0.0,0.0,8.302587660437196,-7.406721112661024,-5.060694693270419
7228975701066550554,4.444430376732028,-8.381140929082914,-9.386530443198819,0.5387448717753015,2.309144988191688,2.1408082525688514,0.4136311914787001,140,7,1.0,0.0,0.0,0.0,6.172629795195988,2.0840056810955807,0.3221802184489693
7228976565445512475,-5.561491898271822,2.957240087120949,0.9524710323775352,1.0280962198331862,-3.840335980564185,-0.9548266001484351,1.2530295386653303,71,6,0.0,0.0,0.0,1.0,-6.48322126627368,-1.2861929295559722,2.491423526656919
7229342870518385946,8.669077888227774,-2.1676630137982515,0.22263330995524422,-0.009681766244463824,2.599332625516631,6.56777646071259,6.905152890598692,112,7,1.0,0.0,0.0,0.0,-2.3393150078334912,-3.0494791149379545,-1.9249989853687683
7230327665918512411,11.905556975218872,0.5644108902836843,1.484768768443425,0.10585926030204892,0.6315441671988085,-0.3488742635260826,-3.483918239964926,149,6,1.0,0.0,0.0,0.0,4.025101719820019,0.4585917092682178,-0.0720100540289335
7233097610821700890,11.803252830640986,2.581439176317601,-3.2479891533491854,2.4829376683667213,2.5392453630952803,-0.592718977264384,1.4171174585481094,128,8,1.0,0.0,0.0,0.0,1.5855481893493342,3.2344944469346206,-1.7991300713531873
7233472157588753691,8.286317709607681,-3.349625445459118,1.9117697881751683,-2.899053875661562,-5.677224663447424,-3.293130490328537,-3.108619133200683,115,6,1.0,0.0,0.0,0.0,-2.236191150666543,-1.2240166402229335,1.6824015988287053
7233784589523717402,3.6491414832046867,-3.773509141977198,-5.015390048465596,7.628141733407893,2.1354281184624715,-0.13531333654044964,-1.875112088438448,112,6,1.0,0.0,0.0,0.0,-0.3449711075915145,-1.4786485605995314,4.548784725327336
7234782434531839258,7.226745379717238,-3.8998605492033684,2.3406940755154393,3.163688660812332,-2.221193858637886,1.9826267483641453,0.2308793222123384,163,7,1.0,0.0,0.0,0.0,-1.722505856670727,0.9171819996194025,1.7855153969515765
7235266120414924058,10.94492146427648,-0.28777538338394487,0.022120789704805625,0.6121085048487364,1.3275183879070651,2.1382960828738864,-2.2906251291295163,96,7,1.0,0.0,0.0,0.0,3.6272136473092766,-0.05347644740554177,0.35765601788687384
7235651777805290778,5.060577432593429,-8.911230828431103,0.19826675734582266,-1.7322368456908634,-4.476328929002,-0.40957491540097385,0.13360762042217839,120,6,1.0,0.0,0.0,0.0,-11.023370957967986,3.4782238836088695,1.4401911351027483
7236043111128894747,11.503930476878024,2.4125031267917514,1.016125556384528,1.3344716211730634,3.1865172711855347,4.397495533204859,0.6473077990034793,121,7,1.0,0.0,0.0,0.0,-3.571260777510603,2.8519694367256405,-0.20798649099696753
7236382869650689306,6.3698077044750185,-9.746161650953713,0.7910814711208031,-1.3414393903652837,3.5243487365938275,3.5126894155238557,0.4928932010748885,103,6,1.0,0.0,0.0,0.0,-10.00787879678663,-0.5282291881099516,1.5283898433591099
7236674356540165402,8.644152454421977,-1.3739061324480069,2.06362848884391,1.6133443408433634,-7.502657557021784,-4.4018487158166195,-2.962483592873662,127,6,0.0,1.0,0.0,0.0,5.8873406273546705,-0.5888000111173399,0.43066374547597813
7236760874646637851,11.315411858643845,4.012912700213741,0.5030339059286089,2.2162824744432648,7.6079553644543445,-0.1401802428606747,-0.42159560229543436,104,6,1.0,0.0,0.0,0.0,-2.9374305479462643,-5.111625154705945,-0.43562278023651363
7237120496020573467,0.5331427450258195,3.73733835195115,6.610033957863949,0.9335988989798454,4.176612184120801,0.7183740923676565,-0.6373247711234651,99,6,1.0,0.0,0.0,0.0,-3.774516129673826,-2.7656467853015103,0.1699491353452151
7237511650532773146,8.621219933846158,-4.240909749919331,2.2078902861178835,0.32498524132867646,-2.424575911205887,8.260839273722985,0.826646531277942,106,6,1.0,0.0,0.0,0.0,1.4055299337087854,-0.8482902480390504,-2.0916783953078313
7237872414581935386,8.376347724759558,-8.196196562047536,1.0492562486158619,-3.6319240687351018,-5.443748479587332,-2.429513035810077,-1.5440056174909302,193,6,1.0,0.0,0.0,0.0,-8.086496278659302,-3.107553275207317,-2.915971495112619
7238235896724704538,11.097927332992933,1.5022445781417235,5.903124975534264,-1.4767880636221726,-0.3257782083519682,1.533663646418564,-0.19245549775093435,87,6,1.0,0.0,0.0,0.0,9.947622112853782,-1.8802049852989118,-4.69428154956254
7238904736253054234,5.350889362646168,0.8923480971749801,-4.56686873949307,6.760820690662754,3.5433206940524267,0.3203560477284582,-2.154731424828458,99,4,0.0,0.0,0.0,0.0,2.91851865173333,-1.0254974694022938,3.848294597711484
7239344688006728986,10.510864317561254,2.4072102441676906,1.6461117649409365,2.3728778028446063,0.6964700980434981,-1.4473306185340005,-2.8021646697152294,149,6,1.0,0.0,0.0,0.0,-5.69222953310672,0.8154456017161318,-2.7961076121751147
7239729661788359962,-2.0091845503153616,-4.4416995760547815,0.9841448520801794,0.0672216087612488,8.671115930731501,-1.0495127648232303,2.176162168701265,66,4,0.0,0.0,0.0,1.0,2.1960483502461465,2.4585003455715047,-0.007822801954453855
7239735340737498395,4.007518696614887,-9.966574660007403,-5.631694660510728,6.746538990713337,2.425789695551304,-3.0987178203151986,-0.0950001001207542,112,6,1.0,0.0,0.0,0.0,0.4429671789951667,0.758753795416499,0.08012202515358237
7239748390974704922,8.5318747380616,-1.1410170358402016,-0.525303997654945,1.8273850982072921,1.2662136965547262,-0.31974686254032003,0.9461633472490908,113,6,0.0,0.0,0.0,0.0,1.6912767417152685,1.1652883631552369,6.351445644690633
7241209133540609307,10.794647718067043,-1.6543857550104675,4.779664048165237,-0.49022735271179824,0.8886563497281189,0.3332105234186638,-1.030141308607635,164,7,1.0,0.0,0.0,0.0,-2.6021585855579623,-1.3020413412686123,-0.5345804234744772
7241878874672385306,1.719451417147636,-11.996895211135621,3.596356703778622,2.388996106073575,-5.003066452277646,3.902085634862826,0.8431770361481544,119,5,0.0,1.0,0.0,0.0,-5.241959654680606,-3.4908204256032094,-3.356754048030631
7241956873698577691,6.331919166728501,-3.966304192396598,-1.5572090337306046,1.590378407247123,5.862690262488763,2.6418498743249157,0.20790913120168858,122,6,1.0,0.0,0.0,0.0,-6.755836955067135,-2.9585298979312884,-2.162379200919189
7242237385772240155,9.069720178548735,-0.4563440197578825,8.757745259066445,-1.8048323261575367,2.3644880871087404,-3.1834293495270445,-1.47966832545715,159,8,0.0,1.0,0.0,0.0,-1.9513866284106451,4.102197413657868,1.003290224160288
7242348894435167514,7.824920859868252,-3.911732405165979,3.640455982341939,-3.089856966120886,-4.49061352150164,-1.725898661566475,-2.837280380828901,125,6,1.0,0.0,0.0,0.0,-6.036863639021012,-1.8144537771082687,-2.2221564091332904
7242719682128530714,6.808788637541935,-5.288330437186803,0.0469990360111787,1.5672906418211898,-1.6129452797113724,1.8828177456969093,-2.7775598786851763,112,6,1.0,0.0,0.0,0.0,0.516415861324206,-2.20095835121842,3.4654079017987307
7244550731141844251,0.32774845258674334,-11.462260329815173,2.132314676538746,3.1465262631198345,-3.6943766168260534,1.557718692200281,-3.8299294162503688,218,7,1.0,0.0,0.0,0.0,-11.262845682656494,1.3642782553603638,-0.7341645614592085
7244559099352976666,1.7708900282616553,-4.950879756117324,-1.830251687996517,2.9170403666713023,-0.7189751786881926,1.1743822554800525,2.563680964213497,191,9,0.0,1.0,0.0,0.0,3.8532649713113596,-1.281713006033532,1.0197560175537188
7245182525016935707,8.967181250240191,-1.2347995157548592,6.925166063360719,0.9416987520963105,1.012275906525003,-1.821647498947019,1.1425627644956569,73,5,0.0,1.0,0.0,0.0,-8.684269743511113,2.2281993772852293,1.3675511114058625
7245239505911893274,-1.1353866292253019,-15.355716186043352,0.861960370327325,-1.7948576441606479,-2.1911352163103324,0.5387013267894735,-0.17073037242266204,107,7,1.0,0.0,0.0,0.0,5.754099382719794,-0.12530842261260183,1.8143866542103226
7245283945619655963,1.1352521675306446,-8.65410209801637,-2.3789293275599834,4.731337413169566,0.017366974557349216,-3.008900311906068,-0.32227842386083605,188,8,0.0,0.0,0.0,0.0,-5.6609914678104705,2.670780625894512,-0.8460617533159417
7245708272181759258,4.305540157092089,-2.3570354870294126,-5.403581459147432,0.48547228217447574,0.5617519157095239,2.029247446094229,0.5973751082822241,141,7,1.0,0.0,0.0,0.0,2.4570162660460406,-6.121957591261961,-0.3773883700566934
7246301041979886875,7.574105950226174,-6.130716536900487,-0.1620844362465373,-5.066750718245778,-7.107029926738536,-3.0416373829626,-0.9867979891136194,91,5,0.0,1.0,0.0,0.0,-4.124563348117197,2.224079916063074,2.796828691251035
7246343164108295450,6.451802909772241,-2.632840147629036,3.19692933577585,1.7134363215377166,-0.6972672722219068,0.8355545281796503,3.4937781899796443,102,6,0.0,1.0,0.0,0.0,-0.09122573817207448,-0.33233409228922495,4.305521277713162
7246672390841715995,9.812000224428738,-2.159057470324955,2.618459102686927,1.8019651397717922,-8.959989151839364,-2.555127395700996,-4.048501288068884,146,6,0.0,1.0,0.0,0.0,-3.063491308330886,-1.763396929823499,0.7942665587179253
7246768104922008858,7.554455913675571,-1.696360174317,4.135487062349351,2.3686676013786494,5.927485924039503,1.0324731748144802,-2.118037847763344,114,7,1.0,0.0,0.0,0.0,-0.2741250468141691,2.4955977763444968,-0.3604752735157154
7246805127942737178,10.449381049366231,-3.537773821206345,2.0168029786883315,-3.428572094737102,-6.279401204513977,-1.1089025426657984,-0.14297131575617764,97,6,0.0,1.0,0.0,0.0,-6.856166699320418,1.1702928596714877,2.543422690235181
7246825881904139546,-1.7788710042990028,-5.04384418563193,-0.006314638861493513,6.013797206888487,-1.6837206105481966,2.4748984125942384,-0.8480021687222465,124,4,0.0,0.0,0.0,0.0,6.533906132048451,-5.200887425864471,-0.829817721118597
7249312172956732698,10.96931391203228,-0.6390093812448655,7.146486068461373,-0.8871257870037538,-2.009729557705777,-3.4387113990582305,-3.9210618737267047,132,6,0.0,1.0,0.0,0.0,11.07075839542063,7.381873997361958,-3.929731182523423
7249677053153283354,12.508826197808254,1.2556333110780256,6.175986328012296,-1.666748994751541,1.5169127649223058,-2.041245544413373,-0.26302491102655823,108,6,0.0,1.0,0.0,0.0,3.0218422577523523,-0.760980478582854,1.5502101024884631
7249813717225950490,8.761938517613705,-0.6455499679882132,0.19782865637769137,1.862784041476127,-4.281495450220117,-0.4511532291441802,-0.6666598759240924,117,5,0.0,1.0,0.0,0.0,-7.259176565960474,-0.27799373134140204,1.6145270745958615
7250832194392886554,8.366742310471889,-1.2967895618706107,-1.3691140449280135,3.7049316480141825,-5.365951350660635,-1.194392964775427,-2.485831727630704,93,6,0.0,0.0,0.0,0.0,8.269020955662935,-1.0468931307444465,2.542460143722805
7251996103178997018,6.352041775500586,-5.203911350333998,3.3378419739069254,-3.181313286624703,-8.004181316898771,-2.3975252165162635,-1.1702541261521968,132,5,0.0,1.0,0.0,0.0,-3.712933457682834,-0.4488752640505252,0.7599665843203198
7252271385467161882,5.9090341516319285,-3.638074572065495,2.679791994319828,3.39069116620635,-0.5445315140510636,-2.4554420701176594,-0.7561076914261363,130,5,0.0,1.0,0.0,0.0,-7.780440303536437,2.907410779019738,0.11128559306933486
7252274964206832923,5.6809262452777824,-4.629349891189665,-1.1126693134613153,2.3219472184743597,-2.3075341897062387,-2.097812613717474,-2.0530273961009997,156,6,0.0,0.0,0.0,0.0,7.393336772154231,1.192302235309977,2.6790562524385835
7252374564108274970,5.7887114878638375,-6.054300433880831,8.197429172612603,0.06754141477197131,-3.542539836696267,-0.3403390957250799,1.638297872545223,133,8,0.0,1.0,0.0,0.0,-0.7540053123129093,-4.504157743721372,-1.392697017214981
7252685251112176922,10.528443576004074,-2.601903376127451,-3.574084078582239,-0.307026161616562,5.275411687800413,3.8687716995904182,2.7179449127750415,131,7,1.0,0.0,0.0,0.0,2.175848271761985,2.7790013486000706,-0.3885418541119857
7253058884762537242,7.778808093645471,-4.706160272591477,-0.609666242423492,2.6581361766247262,3.345605376556135,4.645813128888695,-2.576704053388892,164,7,0.0,0.0,0.0,0.0,5.163287458070157,3.601579962700668,5.232062162975051
7253425216984976667,-9.980166902042704,-0.6241176612958704,2.9885081691326874,-0.13526243198405602,-3.447040457700084,1.3502108138648454,0.6599162866333214,131,8,1.0,0.0,0.0,0.0,1.352131032714403,-6.393678036237309,-2.8381803163846397
7254561581449612571,10.733324936580047,4.173558012452618,4.124050147386169,1.8777913589569641,3.080216337577513,1.0204323547499545,-0.0202468328555534,139,7,1.0,0.0,0.0,0.0,-3.4017850497201088,4.731504033305267,0.9771562821267337
7254588789559938330,-2.0978266244547004,-2.810617472338584,2.117055268216894,-0.3925529152754676,2.877188211764631,-4.891491495240104,-1.6712691946930365,126,6,0.0,0.0,0.0,0.0,-8.488122083311104,-0.44138447746577486,0.8787091702783393
7255981234374069530,-0.07784591247149816,0.15262343402119258,3.5853021011478545,5.967631229402819,-2.053046666933169,-1.3959401041713926,0.8241116128621547,64,4,0.0,0.0,0.0,0.0,6.101038806594782,-2.534475799485162,-1.0400944251799495
7256066819247623450,2.0605828227862344,-10.588631140118562,3.798763115775506,3.3377565814872576,-1.9832629130035926,4.901265090259145,-1.452061511454379,142,6,1.0,0.0,0.0,0.0,-5.882095642542456,-2.0640320472058296,-0.8404836523891306
7256464845132827931,4.160445042714639,-3.8342748928035495,1.1086605469773145,3.8652500523631748,-2.4953475460325656,-2.188447035007002,-1.9359288902036351,32,4,0.0,0.0,0.0,0.0,-5.164077851413174,1.1241876125057655,2.534759102584619
7257874855037586714,5.5249608785985425,-8.091666924944851,1.6254509929822856,-0.29820954616532164,-1.6529008741145175,-1.077217463105586,-2.147423741371149,151,6,0.0,0.0,0.0,0.0,7.469039146836831,2.5084090437757336,5.3631199200192725
7258676118033599771,3.8374716679175886,-9.852507624476981,0.7232095787136816,-3.8252599171343937,-4.884897828732956,-0.5684440577328805,1.0215039891661135,152,7,1.0,0.0,0.0,0.0,-0.7509118924955273,1.00819658453602,-1.7730532852197243
7259047429796908315,11.051994443099286,0.6623628140238643,-0.49258950125723683,2.95085498639406,5.466760405154838,1.6622202656589384,-1.2394564954535288,125,6,1.0,0.0,0.0,0.0,-1.8424001243900612,-2.43492084919139,2.1236911869793924
7259307845332602139,6.876644797447398,-4.758611780921722,0.2022431463297593,0.36650524417809033,2.6132432298550774,2.515628771533902,2.015412007083399,133,5,0.0,1.0,0.0,0.0,7.7305512767708535,1.233339244201155,3.624674023416603
7259455690996075803,10.483103307670659,0.44685432152461646,1.0668436892373496,-0.3269414553648239,-0.3739478640237719,3.5926251274283896,3.869907749172495,143,6,1.0,0.0,0.0,0.0,-2.310723639165549,1.6190488882894218,0.02033688931499622
7260104911830945051,8.993382065335249,0.9306832800790867,7.088222083803077,-1.579243457426736,-1.2816526002922608,-3.9110530356242905,-0.8396910928445972,218,5,0.0,0.0,0.0,0.0,2.119714388047849,-4.8213059043048245,-1.767703122254799
7260420548553887002,3.7324804258210578,1.4222996544314412,-2.4511969299306062,7.0377675679284355,-4.431729060056229,-0.6943222119229967,-1.0920792773054906,147,13,0.0,0.0,0.0,0.0,15.509695258264816,1.823661965838642,0.8058070842817144
7260814503728696602,2.0812955866800547,-7.038416108806564,2.0902617895462012,1.2125757412344502,1.684578377286012,-3.4486072735961946,4.844998485734259,132,7,0.0,0.0,0.0,0.0,-0.640561129618394,-0.011689734488530005,3.623352231712071
7261499359819336986,8.496587481026685,-0.9086163249164887,-5.412385168682589,1.2262307860806652,-2.9695806734959653,-4.494871903966238,-2.407768274480327,105,5,0.0,0.0,1.0,0.0,0.09432861384170156,4.134374539937347,3.480466202979794
7261562285791956251,5.336379620434973,-3.891127363190356,2.2565783805203528,1.1104313290814127,-5.593187784173123,-0.8147087976043295,-0.7055343287865802,134,4,0.0,0.0,1.0,0.0,9.454977584816993,8.582189979397459,-6.38851403574068
7261564389075995930,3.938242175765701,-4.170351339935654,3.4479175423146735,2.5919287681214946,-6.115645994065264,-0.8748648326569727,-0.31269833579473666,100,6,0.0,0.0,1.0,0.0,5.831994958972923,8.239258794400572,-6.865211296394801
7261565962875358491,2.449230453687428,-12.22984474161659,-1.224872449744362,-0.33077537411175184,-4.055634550055984,1.572003015463547,-1.4255502110455285,150,5,0.0,0.0,0.0,0.0,-8.028993292760493,2.522864522077695,-2.2740127312896545
7261658279900744987,1.9092476171099222,-6.841105940588034,-0.5908868124025892,4.894288236212985,-2.3811478426199963,4.96019065165317,-0.500996859923954,143,5,0.0,1.0,0.0,0.0,0.4015681963259995,-3.2585091878716264,-2.110161998011014
7261958198775532832,1.3574077230906307,-8.651209290030424,-2.246084931782453,0.19464606456689407,1.7771905034558277,-0.39218474123314384,0.8673352300600887,184,4,0.0,0.0,0.0,0.0,-9.798785762923933,-0.5839006455189448,0.2987736147861225
7261965250864467232,8.179431230944346,-2.248684864217746,-2.761539177036103,5.36468118136824,-6.729318243228049,0.6394613792570142,3.9990113120916613,130,10,0.0,0.0,0.0,0.0,-6.534585588255167,-0.6506649981849993,-1.8402663804469401
7261996739446590753,-0.14913592415324597,-5.381090625927237,0.7091277386738012,2.715191635975067,-0.06646615787514998,-0.8100913958482494,1.5601893842036085,81,4,0.0,0.0,0.0,0.0,-6.141634992702806,1.7963024979394446,2.295008799664738
7262001980095106337,1.0307510496353987,-14.092114013723833,-4.890186592492296,0.9942215076316762,0.29417491713744454,3.576650736145458,-4.169290024637873,129,7,1.0,0.0,0.0,0.0,2.29430429773055,-2.0676136771523836,-0.8770368739039185
7262342975752113441,12.477577231732647,-3.669576755007604,1.045014011922259,-0.9027564137794791,-0.45370487584013536,1.1563614395152217,-0.5087174408282714,161,8,1.0,0.0,0.0,0.0,-8.477908702469907,-0.18874283788577087,-0.8519397104518741
7262363967157226785,2.8270435620649326,-7.2332156382581285,3.085658038961542,4.4793710080143585,-1.5301425877988422,-4.721601498456327,-0.6641268994439209,103,10,0.0,0.0,0.0,0.0,3.8072806471594944,4.388142876990733,-0.3648503854666609
7262465807949647136,6.282646489948774,-3.609706875169734,0.5242234691205946,4.364556280035234,7.3961640592757485,-2.3019178647183756,1.7124299376978118,23,1,0.0,0.0,0.0,1.0,2.92963780621979,2.7024045422178107,-0.2728867819524237
7263733416292617505,4.843218689827673,-5.282563744576684,1.4159170338187026,0.9644323955949747,5.139324970802865,5.532170018672994,1.4990773509743271,44,4,0.0,0.0,0.0,0.0,2.523412223890444,4.000893154474797,2.0351451859626057
7264173669612670240,6.539453292196308,1.9477376645736202,1.3383513358476424,7.061517664389254,2.278616844984096,6.129099621841709,-4.246259364243798,108,7,1.0,0.0,0.0,0.0,1.6757814319321604,5.8976218907566835,2.6910547088309396
7264519435086466336,6.445099240132536,-3.594251440144157,5.507983284723226,3.0989847656672076,4.491492590734959,-0.38450952409936656,-2.0659824446958797,97,11,0.0,0.0,0.0,0.0,-10.807664365399948,2.389724702276621,-0.4734732625708112
7264884699636469025,-3.156900942749823,-1.7133425691953357,-3.861059918400378,0.7686732954487258,2.5065653398317678,-7.134520961334824,-4.468978161464563,71,3,0.0,0.0,0.0,1.0,-10.368225145986635,3.4893298829082093,2.145495356743451
7264958192017362208,6.216640922406863,-0.0021153989036811704,-3.9141837065362806,5.772337554471078,-4.21661056152044,0.45922676431736575,1.049860245383562,125,7,1.0,0.0,0.0,0.0,-2.3191940656120438,1.7010183509735224,0.37493972234394535
7265242959048723745,4.618886226898511,-3.230542325846324,5.523938260053893,1.6112472982025567,5.411569240959552,-0.6011967097304656,1.4350918892512337,135,13,0.0,0.0,0.0,0.0,-4.91908505105364,-0.3374963343515203,0.03313892651775559
7265326628274752801,5.509021914970173,-2.143694478627855,-1.277236842655708,5.29037101036853,-5.129220480864078,1.6990116889948177,-0.8323299095656642,120,6,1.0,0.0,0.0,0.0,-3.074337782367465,-0.41514338664986916,2.0571499267435978
7265677943228075296,9.96628574586705,3.133313779482449,4.512555542652859,4.86186602341438,-0.12870915274989064,-0.7662203162969324,-0.14211872467366524,134,14,0.0,0.0,0.0,0.0,3.2584866115369318,-0.05421762519053717,-2.057109494733213
7267229404584037638,-1.9894261208093709,0.6454144089392478,-5.311692892458049,-4.230154353101017,-2.2081873735822115,0.5675898809802274,-3.2704244969276326,175,3,0.0,0.0,0.0,0.0,3.7714219507521283,2.850943283566763,-1.668156078847546
7267879991004761376,-5.8757709415083905,-8.630630343711731,1.8792177898385907,-1.4404040881442028,1.7949105897209143,-1.8677585886353378,0.4158703678904782,269,6,0.0,0.0,0.0,0.0,-10.580313367507976,-1.8772329091446214,-3.9965429144134963
7269755991049260320,-3.8433714794800427,-17.01400768519674,-1.5446131791692908,-0.4028803829641011,2.1205157415249367,2.4411938810302445,-0.49727842176877557,105,5,0.0,0.0,0.0,0.0,1.6426807440147229,0.8949962422741699,2.2691378641269173
7269759073967525153,2.886179645921303,-6.544823022266536,-1.202168248706894,-1.4312498989236369,-2.7590672583940647,-7.58414341080744,-1.5061974432639111,210,6,1.0,0.0,0.0,0.0,-3.7637536913936374,3.403848623715362,0.2962818161913091
7270111755886415137,-0.5668107337474194,-14.454456088517734,-1.379517773218321,-2.5832599190603425,1.9595271108764394,-1.8819790823284914,-0.11198568825362808,130,7,1.0,0.0,0.0,0.0,-2.089827549560148,-2.1552516061246005,-4.7172131753554565
7271935381937884448,6.8257852504187655,-3.484668060415205,-3.9687778165782555,1.410783881078831,-0.18674797688297115,0.10149010474232192,-0.8571508910105687,161,9,1.0,0.0,0.0,0.0,-6.787142239695933,-2.4002379037689345,-1.298877409926885
7272402191233584417,2.657028207849188,-6.414967918469471,2.6523953717913256,0.8564191980422775,0.5434170760289713,-6.317697652263989,1.1276262810207054,102,11,0.0,0.0,0.0,0.0,-9.136950221636022,1.1641361232593086,-2.5965356289880948
7272755309658098976,5.764306675390628,-0.5621536090602525,1.2909427451540159,5.3697130949686045,-1.4056117311018725,3.3868666596825783,-2.634089456515173,201,12,0.0,0.0,0.0,0.0,10.274478761785398,-1.3493888877899813,1.0980805847293758
7273016085954317600,10.7141545382529,0.18859917531209247,2.4595114775615605,1.3908878240237712,-2.922291180224152,0.4833860166008017,-0.641010304898567,210,5,0.0,1.0,0.0,0.0,-2.0976530936508357,4.307328309507521,-0.3022645808451938
7274647533002034465,6.386770819522576,-2.297238755624834,-0.5970923667167969,3.303472529924483,-6.823263530345693,-0.9255264258609835,-2.966249704559444,115,6,1.0,0.0,0.0,0.0,1.6715361073629393,4.170820479051379,4.04795657799424
7274897399045246241,1.459195040799048,-3.0517384908022334,0.3619769655679289,4.866888859145595,2.269296627037534,-2.1569921053120584,-0.11554732910614023,367,3,0.0,0.0,0.0,0.0,-2.268336211444805,3.4451697570827173,0.14090898867780163
7276041559500475680,3.056782223244079,0.29251296366364865,-4.4539133597472755,8.467314413431467,-4.138236071151199,4.653277424348126,-2.13170923083836,131,7,1.0,0.0,0.0,0.0,-3.4072271698643126,3.7378980262130272,4.181480722611862
7277906809787059489,8.349929764173826,-1.8351823707175219,1.0871682258585684,3.7388611344661613,-5.49733079695467,-4.257010810172791,0.09133648492012225,132,8,0.0,0.0,1.0,0.0,10.884029538692323,6.533494285076209,1.454202726143233
7277939332831251744,3.315224858599371,-8.741303991914885,-5.252561036331308,1.9494101792525569,-2.2631730486671056,9.946459896270676,-2.1460402616790284,121,7,1.0,0.0,0.0,0.0,2.1994922741753458,1.8157853484817348,7.0395159597804025
7278716528839626016,-5.13003678621294,2.3654462555635174,5.351227134038337,-1.2952082193699728,-1.944097195185197,-3.612379214161058,0.24696114262774438,105,4,0.0,0.0,0.0,0.0,5.694989937607896,-3.580898600258477,0.5014579175995886
7278768931857354016,-5.873749192292736,-10.400921536594742,1.766439125605516,-3.35304733012305,-0.4776086012494717,-5.569486906815684,-0.889245214683707,32,0,0.0,0.0,0.0,1.0,-5.256580327402972,1.4615541335836975,1.4901763688256602
7279032970286009632,8.957038079485029,-1.322721050633774,-1.3875252382211076,2.194298992412581,-4.914387394530481,2.116547791264278,1.3190222181789122,116,6,1.0,0.0,0.0,0.0,-2.427403128170598,2.649533091530669,-0.6996175859332961
7279078872455384352,10.556325849473797,1.2616320015984996,-3.9881173110615125,3.7821651082665606,-2.5836635255391505,-0.13573275507068033,-1.4854308882011007,84,10,0.0,0.0,0.0,0.0,6.025042749704085,3.099636689203869,-1.682916800395313
7280108212878200096,12.36452148858083,1.81640762397614,-1.1167018011949075,1.3145987116912319,3.1362860817179476,2.739644733421504,1.5327230040483233,125,7,1.0,0.0,0.0,0.0,-3.4805503263611017,-2.420604168236334,-2.7197376837901097
7280571511138782496,10.489433600654449,-0.3117967232295736,1.4986298540174021,1.919331390946909,-2.346670263296026,0.21850704384000252,1.71166117411317,98,6,1.0,0.0,0.0,0.0,-3.033080014338341,-3.0318961168608873,-1.6820457490561602
7281279828307856673,11.335234123266904,0.6776473659023019,5.317957748117006,1.4310954999502992,-1.3758310062493662,-0.04579716654356676,-3.17353911658156,114,6,1.0,0.0,0.0,0.0,0.7508495467253025,3.301128211071034,-1.0997795283800376
7282663509505133856,-6.50933039641627,8.388698874638976,-7.504121399441956,2.980048084446103,-2.6867783565492362,3.1243220557571814,-0.5394784799864647,116,6,1.0,0.0,0.0,0.0,-0.9630754546148506,0.08876078294797678,0.3213811667146017
7282668264617004321,0.04082020471898085,-9.011860444538787,-2.8146754063923916,-1.3538119571242337,-1.8678407359988591,0.9334780438626313,1.6848239447978748,120,7,0.0,1.0,0.0,0.0,9.2915464800744,-0.7519433268810782,2.9480886549585126
7283105183352016160,-3.3798545247114733,8.504843695568269,-3.3048912109108475,7.5006609895511485,-2.1553161473326456,-3.2072660690732193,0.8194315932889259,106,2,0.0,0.0,0.0,0.0,-2.7541159338320784,1.2580155404620614,1.7670447942616527
7283139399582240032,7.93135532367421,-5.7601467182551405,6.325312005607094,0.7839516637049763,4.277321659008812,1.7323110396249282,0.08294762368002594,105,7,1.0,0.0,0.0,0.0,3.1832089757783866,-7.939794900717657,0.19177687635922777
7283524894585883936,-0.2282026473492438,-10.416799360930707,1.425306608889852,6.821348911366812,-4.125369496811409,4.698149986978322,-1.2855419197135851,103,6,1.0,0.0,0.0,0.0,-0.16393588852205856,0.0556661138683513,-0.9301120886663093
7284876929713442080,-0.16733889162659862,-5.121126517089014,-1.2946176923844126,8.348522385175457,-3.5412325241678073,-1.3572255397042787,-0.340366040418077,134,7,1.0,0.0,0.0,0.0,-9.07424186948127,3.308044541991142,2.000203254072361
7285256841158790433,11.44360469932348,-3.9480206587309588,3.653890282506219,1.7859733720556732,0.06336432121018681,5.256057507343229,0.4650895814276448,110,6,1.0,0.0,0.0,0.0,1.0252147145714885,-6.64012785742926,2.9145677126134073
7286830586478578976,-2.8480181438977765,2.854831059876544,1.453840468579648,4.487061978414736,-5.526051842217832,1.4726178853204326,-0.6528409493356531,147,1,0.0,0.0,0.0,0.0,-11.180142125140165,4.8826535170858385,0.7609587424238864
7286863155026808096,-3.672417138282633,1.6770001454073988,-1.3603383435748977,0.9116755053135508,2.6549369158266813,-0.3643531745414093,-0.46675466643162317,67,5,0.0,0.0,0.0,1.0,-6.102781943911391,0.3531070756271823,0.14497539899309173
7287983702959869217,0.6804400323215022,4.645406488786521,4.783446162463915,-0.49070745684567624,4.86802532900055,0.13413374757256785,-2.6060156572946434,69,3,0.0,0.0,0.0,1.0,-7.305665035022727,-1.5316036227906085,-2.064594483757128
7287986771483282720,6.102602420281671,-4.962187916721098,5.090075872728194,-3.1660513256634544,1.05154656160314,4.617104094499729,0.3127151309759259,93,6,1.0,0.0,0.0,0.0,-0.20038233278835088,0.29540000962432134,0.41008955787475515
7288261263757446433,1.048094182232376,2.7115769547375503,3.067739071662763,-3.48577591400461,2.474748572790552,3.977588533391068,-2.9283121928621454,102,6,0.0,0.0,0.0,0.0,5.884127595260431,-2.2923746461969685,2.541940725395982
7288326750243704096,6.819272929150202,-4.830153838725131,3.885345270317402,3.769735304084922,3.009780950157868,3.6489435349182093,1.954931246473112,122,6,1.0,0.0,0.0,0.0,-8.822871413772068,-3.5507844578922185,-3.1810984597757046
7289785625367153952,9.3557329964876,-0.8655018480281254,-1.0366369353467662,5.861920352884403,6.80588723281273,3.1687287149165018,-1.8903823219537474,90,6,1.0,0.0,0.0,0.0,3.311475283504373,3.827808216249739,0.2263123375843179
7290457107726339360,3.6375267639812323,-4.1925090039421775,1.8923754093628329,-1.9379506748123614,3.044018518099755,4.867916944510975,0.49875477745398367,131,6,1.0,0.0,0.0,0.0,7.950907249624614,-1.3833581333540028,3.419220389414906
7290823677195603233,6.016499901992066,-1.6710432530932229,8.203034537732625,-0.42129326518077914,5.127263073381791,0.7421294135494423,-3.05672857462049,119,5,0.0,0.0,0.0,0.0,-1.4115843826969603,-3.0271284547052355,2.293059890139043
7290947930108857633,-11.346568115600109,3.394026721146732,-0.05859628421972374,4.1838969639343535,0.9450198097441135,-1.490250985216,-0.8529001847818317,37,4,0.0,0.0,0.0,1.0,5.249787101594732,1.5027673494176583,2.6838496805016487
7290955653349133600,10.563322813089705,0.35127866388888535,5.35834955489353,4.16703666305084,-2.2946238100840004,0.9322603730872262,1.0631715473006234,99,6,1.0,0.0,0.0,0.0,5.385726077793566,-6.225864629856734,-3.990822545079295
7291228337123511585,-0.6783611074896081,3.760924239442709,3.7306559996712494,3.196604505160525,-4.7975101138536,2.034357602158092,1.34803703607212,156,3,0.0,0.0,0.0,0.0,-5.493939463379142,-0.05438136246430988,1.4335176575080284
7291237498506743072,8.702266561612351,-4.354501357168944,-4.1401110987358845,2.8223155252451346,-1.4464410279809636,7.253131737389916,-0.3525372881275989,358,8,0.0,0.0,0.0,0.0,-8.077971664076301,3.724610138693909,1.2338459020552173
7291300657355689249,3.237632890315657,2.124882871635386,4.147448444526476,-0.37032932549488706,4.948720829200555,-0.9308355173734922,0.6709578759148268,130,7,1.0,0.0,0.0,0.0,0.02309421347648469,7.744204189146447,-1.8634493960483247
7291678102948810016,4.073354060697059,7.534218459282093,3.535642681417016,2.8995678213441898,3.6181747914240887,3.271748746781539,-0.532487488436807,76,3,0.0,0.0,0.0,1.0,3.6719959556602912,-7.226537373637278,1.3863970801822576
7292048482456587553,4.06791707702642,-2.905748042655522,-4.7894868114805815,5.5038896115576215,0.7562164252324992,-5.535948025367952,-1.6527768954040174,123,6,1.0,0.0,0.0,0.0,-5.719965451240068,2.9241310920800245,1.0240847182996853
7293173989143366945,9.741125057878026,1.6092905961187771,4.81150979226452,1.2200195843162076,0.5672941028020316,2.0797555604303994,0.12880784695385958,69,4,0.0,0.0,0.0,1.0,1.1952326251169274,4.131947292216398,-0.9718344946171487
7293176268361665824,6.0753956557542494,6.819353200049839,2.724169910487556,-4.987897478433196,-0.3517658273616762,2.448825895188491,-2.778509543560264,145,8,1.0,0.0,0.0,0.0,-6.913274404150357,2.634780538324519,-2.9395320292381477
7293541624359996704,5.797805508027587,7.480565597198765,-2.3678224771791476,-8.578697522911737,4.9211946471043495,-3.693771430052175,0.951406882244732,80,4,0.0,0.0,0.0,1.0,-4.534462682267579,1.7158346327348706,-1.5454738941493547
7294149539781463328,5.771225962688352,-11.747324803296806,2.9518003526878096,-3.88668949840671,1.8790880830941439,5.016731047851608,2.0326713537684515,113,6,1.0,0.0,0.0,0.0,-3.5800574057259955,-2.805846396765149,-2.9424965795959537
7294200756586958113,-4.900522396461644,3.6371268642059817,3.4588419898079596,-0.9175381597494628,-3.5353682331724605,8.087579775407585,0.8538881733284996,81,6,0.0,0.0,0.0,0.0,16.1498959058246,5.478494083994865,-3.623779808014804
7294284376454532384,0.06682023305788189,2.2410598410000313,0.23479927727887323,0.3058475236001455,3.521738566232106,-0.18655995940383222,-0.968293732138199,106,5,0.0,0.0,0.0,1.0,3.338528915528123,1.4329619580056285,1.0232905182649308
7294659855434911008,3.211546284948044,7.185440837412071,2.13707385740184,2.2012704022092695,8.23001642415381,1.6428082762505283,-1.7827495817087071,99,5,0.0,0.0,0.0,1.0,6.8639870002929255,-6.090108145210976,-0.7815198474123494
7294901504752782625,2.645266654176205,0.8573825934625708,-0.08858986476268028,2.5432373411089038,-0.3257932803045782,-0.5630867263425098,-0.21100685686019555,124,8,1.0,0.0,0.0,0.0,-9.169747170782575,0.2867035379155991,0.8530252649117843
7295785443528920352,0.3662209959660169,6.4594779399862325,2.3044896305051834,-1.7846452272809246,2.544395358416491,-3.4976175371051115,-1.0119144743833624,137,3,0.0,0.0,0.0,0.0,-3.2947305149987995,-0.4488042531612783,2.773071821694944
7296075013734616353,6.049348576193938,2.727566380571465,1.7271169601376135,-0.5522998309888623,2.0240927164686395,0.5911619054832898,0.5782169829002893,109,8,0.0,0.0,0.0,0.0,-9.106514541719337,0.5228204267232892,0.9396620454117507
7296115605927644449,-3.120512088283793,0.15672679799134345,1.3611056400177248,-5.987328873406995,-1.5403834264008798,-1.5291151146014548,2.363765868053514,147,8,1.0,0.0,0.0,0.0,-3.3675008930002046,-2.8124426447562008,-2.9358511262075204
7296124478130572577,9.849685448681226,4.58793933707334,6.156128637890791,-5.510962515320109,1.8903581912376533,0.9156643794947725,-1.7936753038736075,78,6,0.0,0.0,0.0,0.0,1.1623602064397227,5.19978520877519,-2.362183860853618
7296154996683410720,-3.587623513859127,4.837706381932764,1.039435267305062,-0.28786105741482215,3.323315236017743,2.261243425432742,0.997383256013485,55,3,0.0,0.0,0.0,1.0,-0.23348724785366048,-1.0104491690122335,0.6827246906952785
7296417264591441185,2.4245403689079934,5.81110514422511,9.426101813093247,-7.06646178090237,-2.188706434118245,-1.0834391327407622,-1.058833225645036,164,5,0.0,0.0,0.0,0.0,4.7608690044452295,10.26403378265749,-0.6287095965586313
7296501143700606241,-4.282353312675859,-5.372615765071761,6.286400835916022,-5.623041063401157,0.45083138850971183,1.3743737521794457,1.6524361043947873,126,5,0.0,0.0,1.0,0.0,-8.822644111383303,2.371390658928739,1.8637163849477059
7296855348714016033,-0.6330251680880875,3.7908784514007197,-1.6504438484258568,-0.29407607232614075,0.03279519482765524,0.5105409012648918,-2.1712410441098897,80,6,0.0,0.0,0.0,0.0,-9.968717131886041,1.0926722510791271,1.6696303343489574
7296889866002910497,4.341146571429278,5.90520253454997,-0.5898235262695012,-6.9065844162177115,4.200164227522904,1.5828438127491218,1.8364462488598774,79,4,0.0,0.0,0.0,1.0,-15.825665776567666,7.399567504007185,-5.050249515421281
7297134358689860896,9.895511447903516,2.27952916498494,1.5529272957634814,-5.219924429216936,-0.5295748861143698,4.376709110523042,-1.2772933014644243,129,7,1.0,0.0,0.0,0.0,-9.261016225230529,3.137872532859823,2.0278925212925722
7297157611294706976,7.198203913185478,5.1914286397353715,0.36976075456212415,-7.561404610372011,-0.6057982398217725,5.54578218411457,1.2089277458041987,64,5,0.0,0.0,1.0,0.0,-5.689390678683181,5.152538915215247,0.3786574840591973
7297177472615861536,10.7720242153923,3.2206313452673268,1.2802909739551576,-8.716011499981146,0.7192429130958163,-4.624927676004759,0.5318171143354097,128,7,0.0,0.0,0.0,0.0,-6.471651153251732,-1.9440041080836987,-1.4475547974541312
7297205575501270304,-2.768722198317499,-3.638387761871387,-6.876175986794614,-3.9270933202768004,4.912246240426135,0.7868244185765846,0.16077968424179695,125,3,0.0,0.0,0.0,0.0,-4.101817782969491,-1.980800811980074,-1.4111751492000337
7297256040544931105,1.6302383678332617,6.033388922838698,-8.719180066312308,-6.20747849140598,0.859119434610491,-3.3694549337886857,5.355239901018691,58,6,0.0,0.0,0.0,0.0,-4.146243048697806,-1.125280673585087,0.41368799681733187
7298264093100674336,6.9457670691622635,1.459084452465409,-1.6068351032372057,1.9273984202022556,0.15957009255124407,-0.34029604101175265,2.980813666852669,93,7,1.0,0.0,0.0,0.0,0.5892050839483759,2.8583468563906678,-2.3635510015417136
7298393830204640545,0.9570684456799786,5.4030120090809515,1.2815259144396323,-3.6128712467240924,5.48660188850468,1.3206703703357987,-0.4123597650894523,81,4,0.0,0.0,0.0,1.0,-2.3143588307478096,-2.4314373685700152,-2.4494370938757153
7298756408994991393,6.5859543196982155,1.3286464505551654,1.4503436217682986,3.1941784575771086,-4.6124127130582435,0.09640923621460938,-0.5205617369024385,199,14,0.0,0.0,0.0,0.0,9.772041666957914,-2.386628107917586,-2.069521035915837
7299732621825690912,11.37008178496919,4.4657323343647555,3.7664256704633625,3.2522111957236595,3.651319870815975,0.8474331274194643,1.9501924446435785,115,7,1.0,0.0,0.0,0.0,-5.10434712747187,1.341555693761672,0.9056394264156213
7299777182828645664,-1.4255126515775614,6.343397736698489,-0.7719286851585089,1.0305593726674784,4.04978491953054,-0.28498881580373053,0.24690307427881528,50,5,0.0,0.0,0.0,0.0,-4.170982883832589,2.999382494024056,-3.693610451898689
7300495910595808545,8.245819655540622,4.819902405426559,-0.1974959349289447,1.015848809160399,0.9384337217057307,3.7123647810639078,1.0488914717328288,132,8,1.0,0.0,0.0,0.0,-7.712773655365686,2.0408032494149078,2.235467952960612
7300846195444927776,-2.0073418348493512,2.6426678713388623,5.843938104748809,0.851920574195197,2.8254409086571726,5.784943893453596,-2.2145999583360965,110,8,1.0,0.0,0.0,0.0,13.243706661143802,-6.55269942191472,-9.979682569396566
7300927450463194400,-11.153574530599215,-0.34715656256268673,1.3011354149887082,-0.6574669034902785,-0.16051257988220244,-0.10790523094323823,-0.8750724988273676,133,5,0.0,0.0,0.0,0.0,-1.0972237679326813,-0.12857477962994482,-0.5055026343083904
7301229129314159904,11.53288935569963,0.3899528415407432,-1.3076561268733873,0.9883802390485958,3.9231964650798594,1.5212406307202975,1.9488945600027674,113,7,1.0,0.0,0.0,0.0,-5.0086351257254345,0.32630583839605554,2.9343553271132046
7301350531325365537,1.1120507772327235,2.7750453729935565,-1.4010431561669867,4.45037310168413,1.9407642548359718,-1.8997355020852662,-0.9836737202692779,67,3,0.0,0.0,0.0,1.0,3.0463543094523553,-6.138401532137982,-2.032585518723811
7302041138670619936,10.687414440509643,5.082268144228516,2.376698522866722,-1.7880673093064088,1.525494144577158,1.6957618173435025,0.391706900797036,106,7,1.0,0.0,0.0,0.0,-3.4292209888728467,-0.2648365045932045,-0.15858158885779827
7302346370701118752,3.893607333778982,2.3260354675917863,0.3516644849247622,-6.141881932402145,1.481256818743592,3.510643725840478,-0.017541425110915013,118,7,1.0,0.0,0.0,0.0,-3.9407127499179864,1.6354694464925337,1.8705370555806398
7302352085796916513,4.626365516956613,1.211987392185016,-1.5454669518964634,-8.593806323697514,-4.894493643236956,-3.72940128250877,-3.119385200479928,54,5,0.0,0.0,1.0,0.0,-4.159551409857622,4.173104707823365,1.9163303654554216
7302473271067397409,10.407323159735537,1.7862714502541601,-3.320406627498575,2.544141168286737,-1.5761141824214004,0.6439398617900283,-0.9336905882777574,39,0,0.0,0.0,0.0,1.0,-0.28046865922809144,-5.028330026111613,0.485160813319852
7303174310259166497,4.483667933977053,4.422474525162781,5.105049672707537,-0.007265476728368741,1.99303642312152,4.739998189232024,-2.7580914042020996,113,7,1.0,0.0,0.0,0.0,4.15192002157415,1.6352181694980237,0.7959229906434732
7303586993965960480,6.684612633489347,3.468278648205395,-0.7909237160800768,-3.7730602773670157,2.5905799612534404,6.329109789777487,-1.9799328859629421,107,6,1.0,0.0,0.0,0.0,-5.365995180839653,-1.3565138514841482,-4.544630781182974
7303884823578397984,9.414642251767248,1.430133366676822,0.02514470545255944,5.341814912904399,-5.404554096567489,-1.0115850807617939,0.7388385702988546,128,4,0.0,0.0,0.0,0.0,-5.115828905528032,1.5232261239939495,1.4831887374346735
7303968237966904609,-0.1787273366399139,2.245180359036177,-10.52755888016999,-6.6736604848071,2.460614963460512,2.237221723550051,2.6199668838150556,118,4,0.0,0.0,0.0,0.0,-5.260539343792608,-3.634261077895536,-2.2478309038297555
7304665669872782625,-9.133552757908074,3.6057626123674527,-3.2587333055737213,-1.5491258699164498,-1.1410866131936317,0.2118272412526698,-1.651017884194568,129,8,1.0,0.0,0.0,0.0,-5.484786229578678,1.7391538826755637,-0.5602377503134989
7304693853758491936,-8.564424391623497,-8.410585754741549,-1.835871324253318,0.06875772299466963,5.899792012911762,-1.3664278361555826,-3.881448260709857,133,6,0.0,0.0,1.0,0.0,-3.5825970199945565,1.1562400889353106,4.44907982931867
7305781724238105889,1.1054592901567208,4.389154205303661,1.971019307056506,2.929602819832727,-6.797870410234436,-1.451889454792042,-0.5131598798129341,85,7,0.0,0.0,0.0,0.0,-10.08103884565157,1.6223000803235748,-3.126277845088485
7306457226254781729,-1.3022401459020811,9.754610427254178,-6.492104485507566,-4.559349582723108,-2.390323328456823,-3.989424234578892,1.3298413309211914,39,1,0.0,0.0,1.0,0.0,-0.4131647618923692,2.05530939565449,1.4380719746537587
7306460792310877472,7.654829323069988,4.0235600306587225,-7.850667845223805,-0.9672606063348052,-1.1560097972830559,-2.7821235620005194,-1.5349416148470942,60,7,0.0,0.0,0.0,0.0,1.3912533606138406,-0.563149742782678,-1.4391976775549633
7306559173217488160,-8.023753863408546,0.43557194124817417,0.7071476099855218,4.542289653709793,-0.359390399185108,1.0189594702179634,-2.3007784488045333,185,5,0.0,0.0,0.0,0.0,2.4626376059116257,3.9828166404939873,-0.15176458268085122
7306585450305555745,-5.394416739657627,2.389995232072231,-4.341122032491337,-2.845188339712813,-0.4827920856248941,2.49501952110427,-2.2089702548691457,110,7,1.0,0.0,0.0,0.0,1.3228913468610177,0.4859223830272516,0.3034372365976229
7306870694137187616,-7.744210288236811,-2.617588501016368,-1.3603404388302085,-6.943230063764556,-0.057143218294195545,-7.173212628874429,0.39497924520752903,64,6,0.0,0.0,0.0,0.0,-1.0813817440424427,-0.5014770184217476,-2.103896786249561
7307595143559859488,-2.80409349495137,3.6451589065881547,-1.7692733959628066,-2.414112151410142,0.46285187339344946,9.194249466785209,-1.7512384046831302,221,15,0.0,0.0,0.0,0.0,9.558127549206613,-2.2716982419156464,4.791314960185436
7307663369090207009,-0.4502635219646972,4.122578710798758,-7.4414769757571175,-9.21933532240796,-1.3277394948978036,-0.3922941271206262,-2.116229357231725,88,9,0.0,0.0,0.0,0.0,-2.5851866489479813,-1.2422657648991269,-1.7718813321372986
7307971449870994720,-0.9359800610551632,4.1867927793523485,-6.649870219896137,-8.046287308443715,-1.195639722071955,4.257917437848059,-0.26711177138882636,63,2,0.0,0.0,0.0,0.0,5.722672440595078,-8.10370237932253,-2.939969453866921
7308389510113512737,7.85468560463848,2.103409107476933,-2.141151293089778,1.9170318768387233,-8.97211983469237,-5.330864062238825,1.915179144295901,57,2,0.0,0.0,1.0,0.0,8.706900293414515,11.172057981176971,-3.517035885961464
7308758430318071072,7.90202440870168,3.4850971217893583,2.1089930040999256,0.17721292093793284,3.0066360697767007,2.796465309633526,0.8358098947539658,136,8,1.0,0.0,0.0,0.0,-7.533855620822103,0.4815565231822145,-0.8690596807949416
7309091598472727840,4.316158610869292,0.572854956495837,-2.3251566849893406,-6.408393189870505,3.134868998990448,1.5083878237185193,-1.947536770638177,124,7,1.0,0.0,0.0,0.0,-7.9932826407616115,1.2299605584998254,0.8868207114652308
7309107806202842400,10.171507470482112,2.616074979270888,-2.478099642946555,3.219498575518624,4.93453286709131,-3.858051374934824,2.8698401996589773,126,4,0.0,0.0,0.0,0.0,0.5796274740489911,0.6291338173319058,1.4727314119139854
7309113734360780064,3.2774911046980466,3.8999190369304957,-6.697776613309182,-1.7773980463876906,-0.9361365051375357,-5.662763346873253,-3.728376923969367,95,9,0.0,0.0,0.0,0.0,-6.082300691517658,0.3125294669824684,-2.4299885464623667
7309133635578236192,-6.674280214834337,2.667845355818459,-1.3882499237751473,-0.9009178649419186,-2.676387305252808,-2.243341705240276,0.21987743939719626,82,0,0.0,0.0,0.0,0.0,-2.219624615549929,-3.519620895162049,0.4526807515570901
7309427596553489696,6.397628956309393,5.5200259990313985,-12.573336167525001,-3.1611694317975467,-2.088120251041559,-2.1974910454500045,0.14822970504844607,106,6,1.0,0.0,0.0,0.0,-4.879985804600806,-2.661520938894944,-3.5500081034909496
7310258308969991457,0.14580713829743455,-2.4184265891063177,-2.211619180955404,-9.667939359262757,-1.9445944171820486,1.377618767033005,-1.8933082562468473,119,7,1.0,0.0,0.0,0.0,-2.603604813055862,1.4064184108215527,3.273156015194195
7310606511775026464,-0.8282293485011741,-2.4438811993198186,-1.5984953633327068,-10.045648242638961,-2.2651047793290253,-0.1526709129072451,-2.0061692671405518,32,1,0.0,0.0,1.0,0.0,-9.593296905037008,3.020558390794413,1.8079730428364722
7310626433129270560,-2.8162299666984407,-4.546801435699947,-2.567635790541902,-9.293740875079074,-4.54732182914543,-0.213999522235658,-3.0302725915213733,102,6,1.0,0.0,0.0,0.0,-8.599625019260621,2.352327221753941,0.34073006986737175
7311263969220644129,2.350033808272099,2.2064870733651656,1.7140876808209964,-5.917454001341396,5.359175194850438,7.048581115744826,-3.7331163684063036,107,6,1.0,0.0,0.0,0.0,-6.188546107349698,1.9746180426036284,3.259077296750859
7311663059695570208,9.928421244340443,2.8250791523691574,5.167822908118803,-1.6319417709361597,1.17482979274206,4.214152363973266,-1.831846841754824,117,8,1.0,0.0,0.0,0.0,-2.243641642284584,-4.215330421349022,-0.49552511071855626
7311689753676533024,6.143597447017405,5.732353138655466,4.806137119174454,-5.213625844817398,-0.3016210848643827,1.4227080191476198,1.0725209528051973,204,17,0.0,0.0,0.0,0.0,5.003655002755345,0.7176865992054836,-5.116356191310377
7312076882822909217,0.3505074480433786,1.2022728435183956,-2.6627368846567068,-7.147711295320542,-4.793936570995915,1.433312074102317,-3.7967516206760554,154,7,1.0,0.0,0.0,0.0,7.064983739047114,-2.9472494720951428,1.9546595970695209
7312851563037330721,-7.927748377582235,-3.8992427142525696,4.253823646485062,-7.361858546284645,-1.6182535230147759,-7.03098651262397,1.70390196292172,119,3,0.0,0.0,0.0,1.0,10.04046861769598,-6.934482353741983,3.71494798828935
7314256868556213537,-7.05720937595267,5.982026379081711,-8.513543601917814,-2.1138908283716162,1.3175145262971626,6.204352784300068,2.759767160422394,86,3,0.0,0.0,1.0,0.0,-7.176234332097051,1.5855648486246492,2.867878165749376
7314335987033738528,-0.4284465786731948,-2.7242179371281123,5.354729885649097,-4.9980036478223555,0.7106483728075571,5.575090359816406,3.7442261819179796,68,6,0.0,0.0,1.0,0.0,0.9696688216965016,-2.0918644241369884,2.0548698398786436
7315822267781467424,-1.2707341413079771,-1.3512095216769389,-2.1460393553007755,1.5862209882138314,0.29415209323903657,0.7734600657349241,-1.5931856180452144,216,0,0.0,0.0,0.0,0.0,-8.921128141311634,0.0707332612271065,-2.1654718043849037
7315824288173493536,-1.933436265240793,3.335140012914627,1.1562992996906156,-0.5994316608139234,-3.2694122960694774,-0.5046343954320668,-2.516706363653036,117,6,0.0,0.0,0.0,0.0,-4.8809254427252124,0.3403539219172875,4.122759848532001
7316159323728661792,-3.8229065376363036,8.769355903875923,-1.1836195683815491,3.7482195073366404,-5.839944238964648,5.296354759773207,-2.221973679558307,122,8,1.0,0.0,0.0,0.0,1.8742141182332925,-0.9084710444535589,0.4719125239444171
7316431760194096416,-6.687780080108902,2.6459686331725876,0.20727713112788362,0.22684748715017006,-5.412090797768344,2.1815741201691523,2.1371068449604023,217,6,0.0,0.0,1.0,0.0,-9.591169588681085,2.215588685775704,1.7681093411951867
7316470398261021985,-7.712679611505452,1.2944617987420495,0.16568311094095622,-6.511497278860586,-7.885483909225774,4.986772077743515,-2.5555758841401053,128,8,1.0,0.0,0.0,0.0,-3.0665023155847506,1.507528635334521,0.9139589028746834
7316851921288006944,-7.205129398354725,1.346648249522964,0.8938291183103806,-3.0529453893077223,-5.221797367463903,1.8795659054170872,-1.7023353603894265,578,29,0.0,0.0,0.0,0.0,3.5782189011555956,0.6807749737352465,1.1316048898905806
7317290713673190688,-8.606839670420872,0.7727302916170775,-4.1006808663032555,2.483718488870827,3.264923135269673,-3.3053680285233122,1.6849884869414407,98,5,0.0,0.0,1.0,0.0,-8.398623187607658,4.445727163634161,-0.670453476224547
7317307650499251488,-7.361125053495458,-2.7400341815442952,-0.11341814805957541,-5.074709634311807,-4.4872725979359505,3.0952186926185754,-0.37991444300095006,140,8,1.0,0.0,0.0,0.0,-5.956336652016172,5.466689481383344,2.240302776048097
7317653042533305633,-7.81182914183954,6.986415660628885,-2.7206480779279087,5.781664587849065,-0.6284952029300395,-0.6859857407870976,0.1401537373842525,94,6,0.0,0.0,1.0,0.0,-3.664241930668812,-1.5203167728724631,-0.2533079883735162
7317664309432077600,1.5134590095877085,8.527223023116106,4.177383641893434,-2.387909248878049,2.3351097589743923,5.726195513346659,-3.652333772916297,121,9,1.0,0.0,0.0,0.0,0.051356681499716623,0.545413435156179,5.572651885830924
7318026666939256096,-3.3073242168333747,7.98567596972247,-4.634548782728351,2.787704818778498,-3.645184476405414,3.50133682743933,-3.180519891215634,92,5,0.0,0.0,1.0,0.0,8.12962452072619,10.294361848381888,-4.603850305079383
7318707614332849441,-11.74578862410395,-0.6496389511920438,1.3909412780885937,0.309952126720006,-5.96946175168946,3.0743672745261454,0.3649161891983493,137,7,1.0,0.0,0.0,0.0,-9.081023868355679,1.3869264510530708,0.6547465518670603
7318769443222359329,-8.701912964005501,5.0039672610931785,3.5075510952175097,3.6412999348220656,-10.445068979807905,1.2733576987216246,-0.009302173126429397,156,1,0.0,0.0,1.0,0.0,-6.222235454244169,2.757609935041597,1.9836269956042272
7318832237842156832,7.056114617795192,1.261904737249571,0.2014277491733106,2.094122631085679,-2.928038665701095,2.871071205781386,3.7309933243809104,110,0,0.0,0.0,0.0,0.0,3.1160552365721936,-2.4857193003236686,2.1851639807375283
7319511492888366342,-2.112638007093995,5.449685288504887,2.880448406436297,1.0409017689548754,-1.3291268185530287,0.9719895337371857,1.0648051054162997,67,2,0.0,0.0,0.0,0.0,-1.599963236594682,0.3320601479770478,-0.40699391402446955
7319513643534568736,7.875517314805972,4.5375196539282765,3.0744864006230355,0.6918411828500878,1.5781638871627774,0.41575448983434715,-1.4252346056233889,127,9,1.0,0.0,0.0,0.0,-0.41651348049202264,-2.917428225118525,6.207724703052621
7319902152686718241,-6.177460888972111,4.189700245336564,9.364934903636025,-1.5456636200677085,1.872339790289774,-1.5119356017246486,0.767871899307988,102,6,0.0,0.0,0.0,1.0,-1.8166923747146844,-3.5621275458183277,-0.18652976890364067
7319919643378912544,-4.1591731608255404,6.583593606838694,-5.181324978446189,1.5284869313728657,-3.281907997510038,-0.6959277081608289,-3.4874559734184487,177,2,0.0,0.0,0.0,0.0,0.3568755256074397,4.7429753992075545,-5.216515630279093
7320159598290226464,-2.816036319850501,4.051913864209895,4.361515991261206,-7.880139420526681,-3.5034987003254185,5.235522056413276,-3.738347650183785,145,8,1.0,0.0,0.0,0.0,2.5315304868964525,-5.795160584619786,-1.8249819031214187
7320606856995523846,3.587500165593801,7.671438124217591,-4.092859787075469,-3.2806371524579485,3.2039306986735547,-0.13453553543032493,1.7946247413259147,131,9,0.0,0.0,0.0,0.0,-4.525420609281715,-1.0551003600817492,1.3278395305382398
7320909330314775840,4.042175053203269,0.032969183471099,6.4062911146300285,0.10741453709572153,0.4881966768090295,-1.2180587762390174,-2.149569463802749,156,10,1.0,0.0,0.0,0.0,2.6758356437921247,-7.101437479449262,-0.8315561690601417
7321012358594235681,1.105282655390796,5.3238490983133575,-5.268918067560403,-10.035892922251698,2.1108357149494408,0.40539202034717664,0.9824239329716837,100,3,0.0,0.0,0.0,0.0,-5.642368882526815,-2.924926838386693,-0.5663525012312974
7321969929564065057,-8.241018803657695,3.5098519314679884,-1.195801980072052,0.2800409984825266,-1.4530781382553275,-6.264005497061919,-4.312378256165588,225,5,0.0,0.0,1.0,0.0,0.37753722520061245,17.427944117889385,-6.508387483338773
7322847358646078752,-5.3311663165730145,1.5709323945252776,5.279547069339153,3.338272160405844,-6.1030508336365,1.9691991529261006,-0.008478304770619944,268,13,0.0,0.0,0.0,0.0,4.085663460573335,-3.8229341620913377,-3.2982404420765508
7322866542985710881,-6.147136061918906,6.79892792785953,-3.849701179588194,4.5519917289837455,1.7604298966583596,-0.7152392198471074,-5.207236328396596,65,4,0.0,0.0,1.0,0.0,-6.2926308048443556,5.134838129170216,0.8371271303853751
7323108113698147616,-7.327816605475096,-4.962994885839901,2.9318203254783994,-5.78982425817171,0.969899895879569,3.8672845295673484,1.9118331774572348,141,7,1.0,0.0,0.0,0.0,16.727448954252953,0.43438954952122916,-1.8406874189319689
7323194315415588129,-12.730241501921967,-1.7350896233331927,1.0465104280472248,-0.9985966689907819,-1.5216226856368384,0.2198213027073123,0.7855882544166843,117,4,0.0,0.0,1.0,0.0,-0.6891618377444905,0.9139871841249445,1.808688457595441
7323224822169750816,10.356940314117546,1.6714614806033408,3.989373916935769,4.9205558630257356,0.9196189465363629,-0.5041732566882962,1.5931604106878092,106,10,0.0,0.0,0.0,0.0,-4.7351558025235745,1.4284864523349035,2.227138692491254
7323237610665544966,-3.040927542614711,3.137425060625021,-2.8955218913736847,-0.722590287812621,-2.2655693553145326,3.7444623097648804,-2.81596096318417,74,6,0.0,0.0,0.0,0.0,2.533101823119968,2.748922711064533,0.5041714909722029
7323612868484631840,6.29840165962918,0.6653659082790924,5.879532549317991,0.6919892791520681,-0.013189307685798844,2.0317933756199933,-3.5126283291897358,137,11,1.0,0.0,0.0,0.0,7.290865524126611,-4.032440884370467,-5.487657712048871
7323667240933444896,-13.177190825140178,-0.6148619322907786,-2.2331562435115373,1.582605456546099,-1.9351643594842065,-1.5707068601881433,-0.20184813365291873,75,2,0.0,0.0,0.0,0.0,-12.71251648657816,-1.1876384587584534,0.22952477547234784
7323972466445946145,-3.150509897614686,7.016416557046646,-5.659752162180092,4.471896099988955,-0.9747624450273221,2.999807809756026,-1.9423191173216174,103,7,1.0,0.0,0.0,0.0,0.49027113396640865,0.6618581884167597,1.5256604535022373
7324283735749266721,3.71797076473874,0.7963522956922549,2.6137578681696843,-2.511438907529721,-4.523043965322738,3.0531539230769877,0.4164739892320935,147,6,1.0,0.0,0.0,0.0,0.9343750450788187,-0.9450026006616228,-0.5443309991202055
7324339550283664672,-4.7258001798793545,8.29829569434647,-6.6504905729648005,1.7971691822188043,-2.9059306311696,4.802645370363816,-4.4076632164394,66,2,0.0,0.0,1.0,0.0,-3.7159029590036834,2.4124686629497383,3.271144338692755
7324421973612825889,7.3171420721103155,3.3588192697267285,-0.6870168456012967,-1.4171409944784075,1.9002714384881716,-0.9746777998592335,-1.5347379571834567,90,5,0.0,0.0,0.0,0.0,7.798551482039055,6.433214752396871,-1.8513102693831056
7324696131143847201,-2.5313570517707102,7.163310829518817,-5.897036879965539,3.4882325735215196,-5.35388529955316,-2.16542261769451,-1.1462583889927473,154,7,1.0,0.0,0.0,0.0,0.3960751053412712,-2.4366466561332523,0.6760947852878881
7324725007391804705,-9.810047424128035,0.7414936689115873,3.550849852238423,-0.16600670063166728,-3.304141040588892,-0.46004828044312385,-0.13128716787591732,64,4,0.0,0.0,0.0,0.0,3.1461120844200665,-0.19888960918900456,1.5260112721969634
7324741085438397729,-5.904386429267654,0.6531214932819104,3.0733754694028965,2.883372628186237,3.941643614975123,3.2981773393886686,-4.282904530925136,81,6,0.0,0.0,0.0,1.0,1.6516688323619713,-0.21818110831892232,-0.8196153919488989
7325724813115346208,-7.224341920110177,0.7936743813027665,-0.07094361759074712,0.7661456543775,-6.061776394581002,-0.5772597433918443,-0.6595395698937964,130,7,1.0,0.0,0.0,0.0,-6.288780259127457,-3.0140251750434484,-0.04202978834896001
7325764964172467489,5.617444269210919,1.0207974139849758,-1.0784709603033287,-1.4555208691490988,-3.613415611524376,-2.310545087296138,-3.4036624013952888,94,7,0.0,1.0,0.0,0.0,-10.494529661145398,0.3060528801768962,-0.3948348000962342
7325861199604665606,2.4861110052101854,1.2929596556667364,-8.610246675565532,-4.931532472290584,1.2499887198944444,3.928717806704035,-1.0991898856777054,50,2,0.0,0.0,0.0,0.0,-8.069155324564171,2.407083219162476,-1.7378016150478948
7325862287540096289,-5.050087668825632,-0.4721340935229149,3.082471975667233,3.0933395175427636,-4.658394824678103,2.797911757698447,-1.7511164876098995,45,4,0.0,0.0,0.0,0.0,6.516856606029097,-3.546691566306446,-0.31329634993577776
7326123173311728929,-7.291969187174923,1.4863167987695922,-0.2555402673965954,-0.027889154768602754,-3.394315075180782,0.8778990233473061,-0.9882455757116864,147,7,1.0,0.0,0.0,0.0,-5.62879528173344,0.5528750426809818,-1.0215227010957668
7326857703958105376,2.022166356812337,-0.966076527856106,6.10010068273628,-5.6702982523757335,3.8581058051114296,-1.8843891884580335,-1.026927358514711,102,4,0.0,0.0,0.0,0.0,-6.685639547363811,-0.5672114526355997,3.1188260960315017
7326887540705873185,-15.067157512890143,0.82975530596563,-1.138988752413357,2.438211906943413,0.12130322995140534,0.38180966043965076,3.741625877560239,100,4,0.0,0.0,1.0,0.0,2.567730225139696,5.479205266096441,-0.06502226425489373
7327333280297127201,-3.9470642072813567,9.043998371545642,5.84616027137721,-1.113872529873062,4.633337666825114,0.9561042942636354,-1.6924223002688068,108,4,0.0,0.0,0.0,1.0,-5.490918418567654,-4.184030171366824,-2.294403063658448
7327632037437820193,3.064981534952347,3.0116876322422708,-7.951083410984917,1.9955303318111564,-2.0322071169422613,-1.8339688846706435,-2.8360262323818017,231,5,0.0,0.0,1.0,0.0,-3.9348675262762685,0.9144509697552412,-0.21612720395767346
7327710709201014049,-11.474971090439556,-4.698882188221525,-0.04921034068256092,-2.014333514500164,2.0341124264629853,1.3657110073523002,0.5273019591594839,120,3,0.0,0.0,0.0,0.0,-0.4798983646712337,-0.37075762035252624,-5.4979282543818
7328066217929985286,-8.66174633479439,-6.587339916868362,-1.3777529571663851,-4.3458702997244085,1.509564927985961,-2.5992777969478116,-3.670988592079555,55,2,0.0,0.0,0.0,0.0,-6.920467867556147,-0.4403997218016583,0.20276076484599712
7328709134126206241,-8.116024502959338,-0.5741928306034776,-2.7517805654836516,-0.11453328812518655,0.6760620045441748,0.8858569605206901,-0.5476769968218824,127,8,1.0,0.0,0.0,0.0,-2.642249598225602,4.649439369137912,-1.131736601560672
7329087770905840928,-10.464024807462957,1.7294552495169169,-5.434850404897273,4.079522893237059,4.0101469775349345,0.7946853061359987,-0.2415949052569935,64,4,0.0,0.0,1.0,0.0,-7.891343854201376,-0.6306739052960927,-0.7820636167603698
7329423244992236832,7.777432109251186,-0.5271134797146202,5.545449071395998,0.6421085607574211,2.1906699922813266,3.784924868523946,-2.7691937655107646,113,8,1.0,0.0,0.0,0.0,11.424978011786497,-5.384426025078069,-0.5639827123662211
7329526946751089953,-8.110678334324572,1.328536551225985,0.5207229525285153,0.005638015950365899,-5.024037621774017,8.390457686372779,-1.5439310876491712,111,5,0.0,0.0,0.0,0.0,1.6516688323619713,-0.21818110831892232,-0.8196153919488989
7329560864518901024,-4.562328960122076,5.42062894051624,5.221684742322329,-1.760666549998232,4.8591866704778575,-2.5994091879090018,0.5532219914654404,0,0,0.0,0.0,0.0,1.0,0.9337943279577848,-5.899404263646064,-0.04376094217762244
7329596850804100358,-2.624991564924735,5.705857133775718,2.1412992322003874,1.3798087108177743,-1.2032184594261428,0.9783061515149937,1.895200043949724,54,3,0.0,0.0,0.0,0.0,-4.853153791300408,0.09579039700512748,-1.8564725878499062
7329933240775527713,-11.991016536409855,-2.8805817952959285,0.2539273649488477,0.39068255318185763,-0.37117833121400146,1.3234328270293807,-0.2131696150662876,287,4,0.0,0.0,0.0,0.0,13.641047134215501,3.6475582235042503,-0.18786673754683386
7329985883539541253,-7.667433799065154,8.338342252766555,3.249378484405421,5.949560588574902,-7.2004467726598556,2.8409311252988627,-1.9463581394872917,115,4,0.0,0.0,0.0,0.0,1.7135864722176215,-2.0845896413273515,1.174935618817721
7330293520395275553,-10.447781584314413,3.0920991313471484,-3.058658101981416,3.0882305070559055,3.3414865531102116,1.521282233537913,1.1173757944894966,141,13,0.0,0.0,0.0,0.0,-7.1174184520912025,0.5962197632832129,2.7212682147085303
7330883086684622112,-2.860933070271546,-3.172606601384167,1.110934378098225,0.6478632823606728,5.959790626160933,-0.009018230439815613,-2.8162627684205237,129,7,1.0,0.0,0.0,0.0,-8.391040359501355,-1.451024031651789,1.7183382899040431
7331017914612567329,-11.619088082709737,5.139945156515492,-1.2096796720674705,5.431526384777696,0.8447587943595655,-1.0559214689931193,0.5798608411051355,64,4,0.0,0.0,1.0,0.0,-1.8694207549774242,-1.0948592583194894,-0.5992208862035844
7331415350828911904,-8.221044145642923,0.7869854152826529,2.9244125101714187,-0.2877977023252099,0.46264237534455255,4.345469354744281,2.041141758815335,115,6,1.0,0.0,0.0,0.0,-3.249360720756521,3.425694174048905,2.7898009736692866
7331811695360363809,12.517019217695703,3.744888454194778,4.76931107863355,1.7407618018152566,-0.021344005630861092,3.5988110036726613,-0.6690524120270686,110,7,1.0,0.0,0.0,0.0,3.620280403821281,2.0312964100252295,-2.140119178839558
7332156358902500640,-7.442625319218188,7.266553583735234,1.9577348879229564,2.8250741456638004,-9.676909178127728,5.446715521286113,-0.11218697028683848,89,4,0.0,0.0,1.0,0.0,-9.304998017694327,2.6390256816177566,0.17218337710154827
7332509276432289057,5.356169244136586,-0.5493814994757589,1.7888149806077343,0.5354444024534292,4.687583401905079,-2.420664201120545,3.7025662541184734,89,5,0.0,0.0,0.0,0.0,-12.33901114998857,3.650216883177826,0.8922340443482506
7332521954538245408,-3.9794181449244133,-1.6885227570209016,0.25226668749387154,-2.8481850498005197,0.1510858261833138,0.28866325777439844,-0.17610281547064824,80,4,0.0,1.0,0.0,0.0,7.4576674237896965,-3.9841886643465574,-1.167789510986024
7332775399883033888,8.282463182161244,2.190497929744769,-1.4102090682993265,1.3923066919861076,-4.585215479161324,-1.0381897906751323,2.0306748699452775,257,5,0.0,0.0,1.0,0.0,-2.2988346360175926,-0.10301846697747645,1.3373810007051403
7332835826579164449,0.6570472967724872,2.5677161536054887,2.7919533706748685,-3.3748516951788647,4.3135914169978316,2.627871622181375,-0.30378099519612434,139,7,1.0,0.0,0.0,0.0,-10.385245795635944,-2.167192739318977,1.1520858112502095
7332865581789629729,7.068248578566257,0.3292542982453343,-3.7773481604792356,2.7104573708255666,-1.1204720660213294,-3.2192761889472563,0.047114609238401044,157,5,0.0,1.0,0.0,0.0,6.796013486879914,-2.268008179516928,1.6746400737403535
7332928025517903109,-10.67022033250749,-2.487805126954138,3.012617304932155,0.9475379880745339,-5.40967176230992,3.1415249463314403,4.190559389325005,60,2,0.0,0.0,0.0,0.0,-4.702290992841308,0.8923412957243924,-1.6658774569405417
7333562774750088480,-6.120773720061114,3.088941218316447,2.6242738014725724,3.8064874612047985,-3.7523162735637374,-0.6594480486580231,0.965459684479685,154,4,0.0,0.0,0.0,0.0,3.8234786358139203,-5.038495688487981,-0.934991992769913
7333568243367431456,-10.725935047183645,-1.630271988317454,3.167266740133585,1.5556825583703286,-2.4187644240990367,4.476674503896965,4.015267792572853,60,4,0.0,1.0,0.0,0.0,6.062060692610119,-0.04420849327686509,2.4587330122668583
7333604507793853728,-7.730661198260258,6.711856782641627,1.010592314121563,4.883727845884609,-6.634145591967631,1.5908467372108477,2.2382201170004326,200,3,0.0,0.0,1.0,0.0,1.7045118527296297,4.004784086198624,-3.26185142738591
7333701921573850374,4.359638793619452,1.0440693153320209,1.64225624187295,2.318694896686119,-6.1304969556929585,-2.3526098818800363,1.3447125573917194,790,2,0.0,0.0,0.0,0.0,-5.99950128352528,1.8693374761470403,-1.0910449479235955
7335020484637068576,-2.4740870233324963,1.7390141539352537,-4.460041611215575,-7.008369387415498,-3.3020993343600953,-3.3291765032776803,-0.8666569537590196,259,6,0.0,0.0,1.0,0.0,-4.636262805270971,-1.9217948651566619,-2.255791501914212
7335091592077856032,-5.070862967634362,-1.1038396140150497,0.772468531157666,0.3749975679913437,-3.5155602644937947,-0.9352432678423725,-0.4518728140560568,121,8,1.0,0.0,0.0,0.0,0.8091563616460314,3.5627607521060414,3.1651240591676286
7335348681832418593,-3.568412506111043,0.029566861126819662,4.725853105950478,-2.2401687879419954,6.430337949233499,5.593014196001307,2.2356589263548363,109,3,0.0,0.0,1.0,0.0,1.9002314364211177,-7.781626174253202,1.5880073140021544
7336193209883839776,-5.99572839385563,6.4678517441919245,-0.15434206132353093,0.8424152264527907,-9.693211279561385,5.3790836133690965,1.7028287766931276,251,3,0.0,0.0,1.0,0.0,-13.711431849298013,6.140843497300413,-3.7890919602698743
7336238126651706656,2.3391368219841127,4.435169852231988,3.9573172909083274,2.1576282906686037,1.876246919561706,-0.07248436059412051,-0.03277574569835883,60,5,0.0,0.0,0.0,0.0,-4.312520261697084,3.065347095333217,-1.8285921922102206
7336480513269583136,-8.111172041824963,-5.953971003836521,1.511161745311631,-1.1049757796452506,1.6849635384065462,-1.6668629520242406,2.762627748338177,42,1,0.0,0.0,1.0,0.0,-12.67983843070087,2.293399045763735,-0.04287186861380159
7336662438282120481,-5.60634979630685,-9.695522507897353,0.9717624325455892,-9.51819288863256,-4.576483699575065,-0.3632495827923738,0.42003218591609925,24,1,0.0,0.0,1.0,0.0,-12.324298379568166,2.1948487976254065,0.1654955557418596
7337268516128591136,-0.23094724295600547,0.9767081336309887,6.510233287621395,-0.513169321111385,4.397841698247386,4.194881111308431,-0.6119911048879924,154,8,1.0,0.0,0.0,0.0,2.7600741756554816,3.1857982893470584,-1.2682414272491969
7337328365147295009,-5.294851862096822,-0.9180673017482245,0.8177186312925726,-0.6661998356120121,-4.422780155182279,-1.609575893163287,-0.11289348899081078,33,1,0.0,0.0,1.0,0.0,-4.945774843471807,0.6734204615330821,0.14968510599059975
7337687297132973344,-11.35943494306708,2.926759624323784,-2.613726630508623,4.40790888990897,3.0490482011272735,-0.27282821315041766,1.8948929099576564,233,6,0.0,0.0,1.0,0.0,-4.765454711637024,-3.4749901435893844,-2.2519488854583076
7338052242651598112,-9.986549368536672,-0.45227270963347227,1.3244960852802843,1.3381312583315261,-6.151789776348331,1.829263151907968,0.47823437197410007,121,7,1.0,0.0,0.0,0.0,-2.980433677773513,0.5665893549773191,2.869487526114796
7338070752501026081,-6.793685288120717,-1.3806127094508984,5.283641140788079,0.14716898955969868,-6.127726942714195,-1.7341301482016012,1.0787594163193839,80,5,0.0,0.0,0.0,1.0,-6.239534433680117,1.1602894513088322,-1.6289295484508806
7338384626773216545,-14.972666594792425,-2.84930721812487,1.6205039213372854,1.964900211522344,1.3639468699618995,1.0188697278379546,1.9870109187581935,89,1,0.0,0.0,1.0,0.0,-9.815233430647265,2.653499797149553,-4.396598517227537
7340356860299496736,-9.25674625880084,5.664058992266527,-3.7675369312421747,0.7186451349481964,-0.6277116124852922,3.9251107955603213,5.867016575687957,62,1,0.0,0.0,0.0,0.0,-5.825031621475406,0.5010386008353794,-0.1590892099852214
7340682108735671584,0.9685017334396765,3.4082300601353928,-9.625767177386274,-1.8132144335750198,4.367044346922337,1.8607951068718593,2.1886608713261766,90,5,0.0,0.0,1.0,0.0,-4.139793415870691,0.7180504806645321,0.6520473392150237
7340684346040290593,8.037227401803296,4.777299417605413,7.94188881902758,1.9390347317797263,0.262110110470573,0.11197703952283611,0.13315420073043774,92,5,0.0,0.0,0.0,1.0,5.826421884523318,-5.813441152467096,-2.1200852108880874
7340916267571858721,-0.5713755896862511,-2.1764521448957797,1.068102751650883,-6.074523780336413,2.056628751334313,7.478903077880837,0.23863656496469277,115,6,1.0,0.0,0.0,0.0,13.069098085255742,2.1220074062108356,-2.9123035436519142
7341020687345192197,-10.0268954267196,-0.3503269101683186,4.672625892472877,2.5598717365788453,-1.177592379602611,3.374224053905892,2.525110619279172,44,0,0.0,0.0,0.0,0.0,2.2552084285813874,2.7580081222253416,-2.4565577749233523
7341738165746634017,-12.77006606124397,-0.9130433197363412,0.5160860538484945,1.7496828404347191,1.4323475890536004,-1.5704857376683423,-2.2944889806262037,65,0,0.0,0.0,0.0,0.0,6.322295444526577,5.643265088476881,4.295264211778355
7342403362714914080,-11.939905686452041,2.7234317904769294,-0.6411601960186875,3.810020594199875,-0.7045242529417103,-0.6857258147228843,2.0719361932293365,83,3,0.0,0.0,1.0,0.0,10.349289190932195,4.463970162275666,1.5560936641010796
7342531903209114913,-11.069357572648666,-8.163366648628724,1.280311468948681,-4.406876220807281,4.375278015336003,-2.0734815481337487,-0.016186694625890764,217,5,0.0,0.0,1.0,0.0,-4.4298553630960305,-1.2897970363808429,2.272732167045063
7342536344561896737,-5.532224501451956,4.465013066109237,5.344814138566738,1.1067320419391884,1.7411380284178652,0.010831017657970015,-1.4635808447421714,93,5,0.0,0.0,0.0,1.0,-0.679886817443599,2.6140888911613587,0.4769452263426664
7343256943923858720,-2.2448150648000733,9.015125900287682,-4.31470258808102,2.049916579106477,-3.7678622814873486,5.02947124791428,-3.656809277776707,116,7,1.0,0.0,0.0,0.0,5.94006437026534,4.11466079470421,0.18429154173375362
7343530174526377249,3.5036568374586254,5.744304560467643,5.6744326588254586,1.1322625139388354,-0.09982433344414648,3.0238998581750116,-1.1850004319004501,81,4,0.0,0.0,0.0,0.0,-9.95726180666787,-0.3197038153859363,2.0593123193082836
7343665662876781856,-2.3044485457762725,-1.6568016897828772,-2.2267634595659276,-3.0524959574048145,-1.6336069055582016,0.8814734431042502,-0.7670405170382327,60,4,0.0,1.0,0.0,0.0,3.0605033770159307,1.5658721292739235,3.4299662917661804
7343666836812123424,-12.232575691364076,-2.571601144323037,2.5822566749413,4.752710709632292,2.62642894204463,0.3645226822521425,0.1875194705277955,73,5,0.0,0.0,0.0,0.0,-0.026095167101210813,-5.779468161646312,-0.4007292484745866
7343923844316548384,-8.170831020576795,2.1771174036133916,1.5851466955793174,4.055822810386521,-3.8424301933910994,0.31656843304919624,1.1863055240520972,147,4,0.0,0.0,0.0,0.0,-7.059250880357564,0.20036903206839748,-1.7664899707528023
7343970143497653537,-10.562461666564914,8.245683067692818,-0.43093046696481135,5.724416530953032,-6.6036520418409586,1.151934022730995,2.007918475133955,203,3,0.0,0.0,0.0,0.0,-6.73272311948722,4.9142671978327686,-0.09612370654135628
7343975400122354977,3.807948585616433,2.6318394119538016,3.39673671981339,-2.143841955325147,4.2363535220361594,3.0563158655622087,0.6390440596127426,190,14,0.0,0.0,0.0,0.0,-6.050705781075141,-3.13349720130874,-0.005773047923188375
7344270149593091361,-2.575764099070905,-1.6801270756519635,-3.6644808476342705,-5.347783894588405,-2.6992743259344723,0.9640307924341112,-1.533096174082637,135,8,1.0,0.0,0.0,0.0,-0.5313186491163602,0.9977345393299353,1.7110611284780426
7344271684406349088,-5.332667115779101,4.203651240672162,-6.572863202224986,2.9493860632893427,4.2437678491574,-3.245457524369956,1.5419212087635643,123,6,0.0,0.0,1.0,0.0,3.2877390794286563,3.992597445279954,6.586891190599629
7344802060019256609,0.6910494414948968,5.139438093528642,7.154596657088138,0.0042225117687623,-0.8611212859364992,-1.33697999197514,-1.9126341321263713,109,6,0.0,0.0,0.0,0.0,11.26850052142484,6.423025689402389,-0.521904501438087
7345082142235413793,-11.720731429906746,-1.7123068961044476,3.924546187026558,-2.6397486237499854,-4.827467465842984,-2.8202298486597024,-0.6281946608989298,78,5,0.0,0.0,1.0,0.0,-2.087065205397621,2.6180127795243195,1.7781697740278295
7345144791094660384,-6.84435840011383,2.171084065021896,4.093534264163278,-1.2451743904733645,8.414425277907347,-1.5417969674091128,0.9165578168450955,87,6,0.0,0.0,0.0,1.0,-2.7656464528728213,-5.831962678166761,-2.1717951218963165
7345477638619778309,-6.119390995959753,7.843256003624409,-0.8929571498408064,4.00680975250977,0.6698954199946471,0.5329601948650191,-2.2804486455134776,95,2,0.0,0.0,0.0,0.0,-5.050276007473783,-0.9769201422555108,-3.3263005094083593
7345515480288922912,6.59264870954265,7.0176007908407465,5.579987701208723,0.09823344334203854,-0.039466780967804635,-1.23381723278802,-1.4379225139869067,92,7,0.0,0.0,0.0,1.0,-3.752863522806541,-1.6698637140819763,1.2693829053539334
7345543122400726305,3.9212188958075216,-0.7871625548608695,1.870282268901584,-5.580371050225398,2.1496797089422364,3.2629169703264354,-1.4244060959154161,111,7,1.0,0.0,0.0,0.0,-10.385245795635944,-2.167192739318977,1.1520858112502095
7346110636008475937,-3.5676341259234725,-0.44712243653704853,-0.5369492016730232,2.171389878744455,0.9631449366076166,-4.78381129775801,-1.6518358443252787,116,7,1.0,0.0,0.0,0.0,5.506931764825643,-1.0119849486067483,0.7864478615324709
7346541062267079968,-6.726694040195491,-2.947880702763587,1.8449827434143584,2.035715791665461,0.1009285630422368,-1.1797062220523757,-1.9736550567793063,166,5,0.0,0.0,0.0,0.0,-14.492214340001949,0.6584672312883966,-0.3862007873771267
7346623546229099781,-5.098588734149149,5.3114437599346935,-9.472286768951154,-0.5001373915904098,3.029660441621471,2.905450919920518,1.6791545801151533,48,1,0.0,0.0,0.0,0.0,-6.919667170225151,-1.739987876173155,-2.1079070237189486
7348379737519082784,7.342867383187877,-0.5311499159146655,3.7698502013241244,0.6937715910800428,-0.9804242315325259,0.08985456888057282,-0.7987609450451668,124,6,1.0,0.0,0.0,0.0,-7.82901890851044,0.6549949508809456,1.9980775571119267
7348384350297165061,-3.4804375069800546,1.9360585348882307,-3.0217726538018095,-0.030866639234045277,-3.9674072809465764,3.438030973180831,-0.3577116275357377,51,2,0.0,0.0,0.0,0.0,1.2929656347706382,0.20111299449977726,-1.7610657467676307
7348413567797841185,-6.505978625831526,-2.65489450510217,4.716807358229097,-2.1369972885487942,1.7013950635937776,0.628378958727776,-0.8618923219401575,94,4,0.0,0.0,0.0,1.0,-3.242231008051616,-0.9601963324798923,0.2664104739656721
7348433044216253729,-11.660004355931106,1.3399851367642455,-0.6944062399575115,-0.2031505485207625,-2.9176210928064084,-1.5670585797329346,-1.8143222043116376,53,1,0.0,0.0,1.0,0.0,-1.1151812822273939,4.4639871585907,-0.48205478317368416
7348717316856712480,9.17824312648022,-0.12063539593886538,5.026408586821249,0.7326606031666664,-3.7582848840430105,3.0057720314548897,2.7660081204710654,90,6,1.0,0.0,0.0,0.0,-4.941463348773678,-1.2143796816585157,-1.5909166294016264
7348766265927814432,7.868006134135535,1.1555522004837857,-0.24691034426796032,3.9080903373965645,-8.488242599715655,-3.8919464068310017,3.184117268900217,248,5,0.0,0.0,0.0,0.0,-5.288228746938122,2.121849463571098,2.239568523377321
7349173304613162246,-7.687436555049578,4.118650121615023,-0.4111985182962637,3.278373549884315,-3.247055265802124,-2.16527714424764,1.6251296171041743,118,3,0.0,0.0,0.0,0.0,-5.429018971579154,-2.2295926071789975,-0.8625132818285502
7350207537771220256,-0.08815941057503908,1.943402024179217,0.21248420902364176,-0.6927180063458726,0.49898812777414436,3.830587636671911,1.0021796748874336,129,8,1.0,0.0,0.0,0.0,1.9841865043786413,5.054536299539152,-1.175287693226135
7350221322317761825,10.82243000408248,1.5913349090556412,1.3795972535132552,3.416486267870279,-3.9105474704127032,-2.284286252040381,2.5616740226993757,141,2,0.0,0.0,0.0,0.0,14.30324082331874,13.513768605931148,-5.104422779864033
7350265065762819360,-11.172749035564557,-4.277512263218635,0.9255804545085414,-6.220937791545605,-2.292469740123982,0.8296304432044886,-0.3080619711777412,107,6,0.0,0.0,1.0,0.0,-7.680308912838492,0.9276828524498262,2.5744389885988523
7350310562586283297,-3.126835174998466,2.0694286593178775,5.225211592612183,1.2163103379625937,3.7541218486681607,3.7864303948563904,0.07570523824219663,64,4,0.0,0.0,0.0,0.0,5.279590942291698,-1.2150481595049232,2.8839379065901065
7350708094302735649,-0.3142408423704669,1.800782295580613,-3.3032969036177033,2.137094304571557,1.0163961352653437,0.07205020404267141,-1.0658962758412522,122,6,1.0,0.0,0.0,0.0,-3.707162697525477,2.726717431626732,2.600022820948097
7350954462992682272,-7.375549068784126,0.46367669600603056,-1.4839801271439086,2.0906683420305807,0.4364539335242782,-5.1824902424634205,-2.2826298786455235,138,8,1.0,0.0,0.0,0.0,1.8085009564847554,0.48865524062394083,1.5661859071086628
7351073088601148704,-11.180870688384422,-3.9724842169282164,-2.0747038143735037,-2.6675038408381035,0.16892308885365084,0.8094342496816946,0.1526599084924354,148,3,0.0,0.0,0.0,0.0,-5.738382573508732,-1.553020810819474,-0.6241967967657669
7351084194061126945,8.425820273568648,1.1383980896334438,1.655966620532492,-7.049523114000975,-2.6456808812035977,-2.8390186484968685,-1.9400960647003185,61,4,0.0,1.0,0.0,0.0,9.87797001127485,-2.1262666954899694,3.7993459658904554
7351779832969104673,-3.156095153592239,2.7755885398986178,-3.389992494203098,3.1957984304056546,-1.45619376747395,0.6708585059025,0.10163674984389241,149,8,1.0,0.0,0.0,0.0,-5.690659543870659,3.016486445596527,2.0339640766509586
7352233957276044577,3.0278974215067627,0.8562533089784629,-1.6753791177406259,0.27323442337070275,-6.071524227530969,-2.494733846912086,2.0991843045226517,107,6,1.0,0.0,0.0,0.0,-7.971876497746985,2.1304735083551742,-3.628468693848664
7353226118662589728,-1.5136713195248142,1.882941441387885,-0.8399884518050051,-1.3812082986122745,2.799195144791606,9.24809262115824,-0.8651268017574545,101,5,0.0,0.0,0.0,0.0,11.30165928342506,-1.319161791076978,-1.822958480934312
7353535610641976609,-9.597848557219317,3.347054457732807,1.1332509455336908,2.439253407021637,-4.349824622658179,5.2400694558073715,2.6082935527883238,120,6,1.0,0.0,0.0,0.0,3.070869638005709,-1.9108372061383792,0.4967519824178573
7354009165796216097,-4.383911933516567,5.36820365036279,-2.4461668443868034,1.1984083013356337,-1.5375019823549299,-3.4838751171720745,-2.111280866603386,119,7,1.0,0.0,0.0,0.0,-2.0862626853389186,2.2906609141354966,3.495266324042679
7354275810578140449,0.6203849453301735,1.3727163870268129,6.280307848049113,1.810785354586602,5.876997746232958,-0.8916259642524753,-0.8365605969607581,141,10,1.0,0.0,0.0,0.0,-4.914543129792407,1.0785625770660572,0.3627182637232579
7354350552693656864,-6.029538182163085,-0.7278169066750357,3.4715829339418542,-0.3930365605879743,-4.371817316669229,-2.329607658167968,-2.904260079417919,108,5,0.0,0.0,0.0,0.0,-0.2647365444720991,-4.063735913052193,-4.239621821270311
7354375095868984608,-10.857382581626133,-10.576379083809908,0.1609258770195866,-2.044025803634017,3.348146231471959,0.49102503429039857,0.19401878436947892,72,3,0.0,0.0,1.0,0.0,-4.3608039886948715,1.0665169831029966,2.718353330761568
7355500880721939744,-12.394016391401362,-6.99269891982333,0.8825922645138804,-1.604612828928167,3.8479075484282816,0.6598179593068914,-0.7020787134879513,144,5,0.0,0.0,1.0,0.0,-4.277777833760918,2.6417380302998827,1.0981392493926496
7355765566625402144,-3.9703135492441923,1.236699366920492,1.2836904743593636,2.290119899248233,2.916237913933855,3.702715119879973,0.5853372165584706,153,8,1.0,0.0,0.0,0.0,-8.757362293547386,2.6286456154440754,1.7188532406751202
7356509644170333473,4.901650592303419,-7.0548106003011215,2.6139348844921932,-3.289519984959648,3.4616131015071017,3.895260911436075,6.261012645184713,111,7,1.0,0.0,0.0,0.0,-5.785683354671464,0.13272195501846107,-2.332709281541113
7356608348030012704,7.291641114446125,-3.0868825107230093,4.084283064427092,-1.5768962575951664,-1.4964910359664179,0.7548742839991603,4.265125842477568,111,6,0.0,0.0,0.0,0.0,3.4963112280763453,-1.9657604544520235,2.125363082968791
7357327030335114528,-10.38198190284186,1.2012006403074553,2.585915883839662,2.5343811062657977,-5.782056499880314,-0.0848886344889975,2.4031110385135275,145,6,0.0,0.0,1.0,0.0,-6.088842382126575,4.258443133995919,3.1893346167647385
7358723892992642336,7.670361158866274,-10.171284149442155,7.11430111001242,-2.472892878906848,-6.6199889737693685,0.7064828461307833,0.5176079258943009,124,9,1.0,0.0,0.0,0.0,5.137602830366061,-7.154240452994161,-0.6624583738551543
7358820174952172832,-1.4754653516661624,1.4796900522577539,10.160571230486251,-1.3147140073701697,3.325729329443197,0.7072771551106648,1.874682434936229,49,4,0.0,0.0,0.0,0.0,15.596468314931952,8.50088205836661,3.671496919024879
7361030582446378272,9.520294101947137,-0.8448776720881505,1.3349490313468872,4.956865425208137,1.9505591459197058,2.6079996517577757,-1.9599333631356564,154,7,1.0,0.0,0.0,0.0,-5.815987645190926,-2.818911557204428,0.9256722264748407
7361057454454508833,4.420598739430887,-1.0772709543587708,0.15448099832689938,-3.495269759496087,-4.130336769826164,5.976807308225718,-0.9181327007273827,88,5,0.0,0.0,0.0,0.0,4.138776856987089,-4.1415403976264455,-0.38407987412694944
7361717788299250976,-0.8451638024818121,-5.619410502546817,0.4024590312759457,-10.152719310018103,-5.489135942712201,0.9787746808188804,-0.8522588005810774,129,4,0.0,1.0,0.0,0.0,6.097169620245775,3.1504291935161404,-4.680389121848256
7361799258107841825,9.198712489549955,-2.8827257260493555,-0.9973719099104646,3.749025277781308,-2.5047487571015323,0.04436362793818018,0.14479591974540337,117,7,1.0,0.0,0.0,0.0,-2.4047704564020123,-2.24035020004571,-0.49056882424608633
7363657122795490593,11.302039712312403,-1.1368810768017348,8.593447006308189,-3.7201609840320926,-1.4601358129997806,4.053441058903921,-1.7669689224227685,119,7,1.0,0.0,0.0,0.0,-5.884457635351106,-1.065746778858557,0.28333313262888354
7365161137324805408,4.666367619429127,-10.474355696921874,2.4317508288313205,-2.590988352988311,1.9070422369064652,4.67356968614107,4.539069857977386,117,7,1.0,0.0,0.0,0.0,-0.5217447619471183,2.5907011457490445,-1.3251524812917614
7365841944318086432,8.706287454372855,2.3650770937112235,-9.317851746051451,2.7221692888509117,3.2718003253311947,-2.694092836313346,4.878940199464816,138,7,1.0,0.0,0.0,0.0,-3.054653834943817,-1.7045898672010202,-2.111353308208708
7366603470272515361,8.820002130641697,-3.050899656861913,2.8174867880288597,-2.3793193025993875,-2.738571516982264,0.911148226618679,0.9316516736806453,152,11,1.0,0.0,0.0,0.0,-3.1004901057988796,1.6889509672013645,-0.9380546106437004
7367273018181160224,9.998758365098267,-2.961750094600084,-7.700813350186569,6.751573678297827,2.89798751798831,3.972494343370672,-2.8035079622246637,92,6,1.0,0.0,0.0,0.0,-3.600940453381501,-1.7345891732612932,-1.4573994321406238
7369882061445926177,10.211619526671788,2.089664190952206,8.093321508183356,-3.6455105424790517,-0.23932387749980555,-2.8189776329887346,2.2989496346299285,98,7,0.0,1.0,0.0,0.0,29.87439333992906,6.918381840477649,-8.406968621806174
7369936386000031009,6.843100954620976,-8.01033459380716,-3.3705704352298627,0.4198659498099867,-2.127479975198391,0.4127315806385629,-0.7128664489192845,110,6,1.0,0.0,0.0,0.0,-3.7607252274344476,-1.6165516932787314,1.393071442043825
7369943098031443233,-0.19638642197873174,-16.291446915135552,-0.08871768651970378,-2.9405941820554107,-0.6269781913645611,-3.9346927082124985,-1.5945463395284347,124,3,0.0,0.0,1.0,0.0,-10.131430121710146,-0.738981032981596,-0.5289060586338388
7371436708778315041,9.115404406893195,0.114627426702343,-1.9970112941771776,3.840718478493055,-2.0720880269630486,2.4421471222003857,5.741286599545679,115,6,0.0,1.0,0.0,0.0,-4.407189353177962,4.853513322646633,-0.42574632080110447
7372132003078032672,-5.605170593340906,-3.7666154112797403,-7.84852194079403,0.32190891456653825,6.115359001459808,3.0731199197331724,-2.318656889162429,97,3,0.0,0.0,0.0,0.0,-1.9722067591792953,0.12593179357286913,1.939759924012044
7372168611449900321,3.4915354297601664,-5.256852478301543,9.669621590962722,1.635605081835315,-4.109604700601711,3.336888644759635,4.302040390878669,107,5,0.0,0.0,0.0,0.0,5.848169815277484,-0.8652208297519627,-1.5505683306848907
7374072615356353825,6.085125884665749,-3.400428552524399,-2.4526989019676115,4.644115236954643,-2.946369861160903,-0.21162266130260698,0.19133648710838566,125,7,1.0,0.0,0.0,0.0,2.9899456792462358,-0.9919360914601355,3.082654910285235
7374412100833250593,10.116600727190416,-1.735973811055145,-3.60526745627438,1.0010255528368852,3.097429167944749,2.1997070600647977,3.226116039722726,107,7,1.0,0.0,0.0,0.0,-1.573146561691577,1.3847805229848247,3.4175345236148176
7374727208394411297,7.261825770393889,-3.731863095278902,4.109141050089059,-2.1878814596480627,4.360304279800719,-0.739257958608287,-0.9991790515040297,152,11,0.0,0.0,0.0,0.0,7.044105050354704,0.2698846949053778,1.9916696514102579
7376630682824576289,2.216055685616163,-12.230809316838068,-3.4098050563651414,2.0623241560042103,1.6099872196649134,0.22183105432195044,0.8627152305086855,114,7,1.0,0.0,0.0,0.0,-0.5472458710501974,0.6811825034284541,-0.7015612645733281
7377004580510436641,9.924530434111924,0.6065699061952372,-4.078540807536479,3.284135229985638,-2.008505773132544,1.31848590400375,-2.165778956890157,100,6,1.0,0.0,0.0,0.0,-3.690803732783335,-0.1317818208383512,-0.48705811553705847
7378467106636991777,11.804461685258273,-0.5478061127597531,0.4832015556580202,1.9676664150649317,-4.121620340459132,0.08053832302876661,3.2971459111479127,176,9,1.0,0.0,0.0,0.0,1.5830772906438162,-2.144878398112077,5.464430847144411
7379167807679761697,4.832151622770608,-1.2465902554410166,2.3536932217122257,2.8096183930296,5.100817383361018,10.137977046554628,-4.8375650838657425,73,3,0.0,0.0,0.0,0.0,16.22226381840863,0.6716053007911243,-0.6874183013667858
7379193504355978528,9.12512172873328,-4.153886178289291,-5.420749032126063,5.217585448767731,-3.078959265082741,2.80589516613167,7.16060869099984,120,6,1.0,0.0,0.0,0.0,-2.716928488027679,-2.4156100752383574,-0.40949858572777126
7379227737271094561,10.793260411841953,-0.8481896655343288,0.634107963561976,2.090915969998396,-3.0355718383392754,0.2742148421144318,2.2826557975899884,168,9,1.0,0.0,0.0,0.0,6.244562327986758,-3.473662578952679,5.22813260474504
7379994182741429536,9.188878666939436,1.3080088736315756,-1.1679111748890467,3.521674660561578,-4.955668458274687,-5.256739319111869,-0.8122870035320657,96,6,0.0,1.0,0.0,0.0,3.4220589290043297,2.654166749081898,1.302291240461138
7381115594076146977,4.656284798418256,-7.689208519782584,-1.500818971843602,3.676685046594067,4.13244159791039,-1.6485333150868058,-0.19718291227956083,209,7,1.0,0.0,0.0,0.0,0.7956451023674627,-1.7459994909711953,2.2599185756254223
7381446389819018529,2.3934348077883913,-5.630994645487664,0.6716020643594656,-5.948814966811732,-6.5317569642636055,-0.16735282143038044,1.1534571052804012,218,6,0.0,0.0,1.0,0.0,-6.914192160243132,-0.7452032962588465,-1.3297943993089407
7382166710029208865,11.338779662648037,-0.04727208704049913,1.5786470139079372,2.720689594740861,-4.484779462503617,0.7974938271093183,1.9536861539588448,138,7,1.0,0.0,0.0,0.0,2.474654918396104,-5.267130509826587,3.434548167545
7382840415893998880,0.2842796994866521,-10.98250497778893,-1.7164939647914716,-0.2772556534184201,0.4679247394331665,2.8037540559926195,-3.59681542115851,341,5,0.0,0.0,1.0,0.0,-2.8338352474174617,1.8937297487721194,2.2138400722124625
7384098121715813664,3.593436047419296,-10.228429931340303,0.823164026736395,4.249070430423221,-1.4494673722607057,-1.3874236014046057,1.3811919005516962,84,6,0.0,1.0,0.0,0.0,-8.467315593689097,1.0103764088763294,-0.22657168511343748
7384476119744974112,9.113154164085277,-4.277639832830152,-1.232258307539161,0.6392084415922976,-2.366248734577896,2.3896671843311217,1.5608931324776596,106,6,0.0,1.0,0.0,0.0,-3.077745568826564,-1.4823694437411057,1.9076613987599143
7384844059896057120,7.160921743011496,-7.330314460485714,-3.960113272597349,-0.5545273896883599,-2.537727168958727,2.2979663083354813,-0.3904337200493903,50,3,0.0,1.0,0.0,0.0,3.6332032464062483,-1.4867053627131672,1.3530311872271796
7385258008760028448,2.8622086027549742,-11.434228126326353,-1.551573169885253,-0.8394236139372744,0.10346681707860764,1.3069343129981152,0.9059533012623264,239,5,0.0,0.0,1.0,0.0,-9.433522464135125,-0.25362231910639066,-0.5222146090244564
7386194546062839073,10.221442837970182,0.9024383917145141,2.287953685161054,2.4570152514090067,-3.973680115663343,1.1801166989391172,1.0700641881888657,194,9,1.0,0.0,0.0,0.0,-3.231768712635346,1.0767826353729495,4.821559059749306
7387308322162052385,10.17572336865728,-1.7720224936162239,-3.96532870994301,4.807712244592407,-0.13575651956849194,1.5221449867522474,0.2051984710128465,133,7,1.0,0.0,0.0,0.0,4.811950295264773,-4.226550752640438,-2.3488984223845715
7388136382436281633,1.0590844478969117,-13.09044456189115,1.03578030554303,1.3813863741942847,-0.34908545907976946,2.5969873886215495,-2.5213022565446797,100,4,0.0,0.0,1.0,0.0,2.0834899112587837,-1.3735950852144772,1.2412784796868253
7388867149407849760,3.077153451533595,-10.534575229594196,1.2443968979060933,-1.7808467311068203,4.377105671569585,0.09480764544770139,1.8780960841484842,120,7,1.0,0.0,0.0,0.0,0.7964711848656458,-3.9796085182345156,-1.6508430745431713
7390334004001639713,0.4429588820506029,-9.960500712325555,-5.135041697765565,2.950723570067045,3.6148640231178697,2.024821726861194,-1.513288866418261,94,3,0.0,0.0,0.0,0.0,0.038264136421036425,-3.1629588751686577,2.1280263541955877
7390632928780340512,10.640321815192312,-0.21900552105814702,2.843097055083911,4.108190192615467,-4.473801634347007,1.5512898868864737,1.2562565650874644,183,7,1.0,0.0,0.0,0.0,-0.3513768561043596,1.8514030205512784,3.378206053285521
7392856168214957345,8.121996822892442,2.0656990344514075,0.6150013141306179,1.234108121503783,-3.5134424668908895,-0.8583829056337631,-3.1643213496571465,172,8,1.0,0.0,0.0,0.0,-1.4369912489012326,2.3262997860147854,3.1587803253899867
7392879054988397856,3.7297610793585974,-9.510196207298657,-6.435104122407713,5.858176686331899,4.609698905016162,1.4047232665219762,0.9906884648844826,153,5,0.0,0.0,1.0,0.0,-6.194961583396566,0.7349639684282363,1.1135429070663925
7393260705048268065,0.6493755912944661,-11.96818797742056,1.1337819627279189,0.3031441813425662,4.594534039309836,2.4604541461622547,-2.177590364101676,18,1,0.0,0.0,1.0,0.0,-1.3389590252613819,-0.18642376383391482,5.4284597486115045
7393316600922885409,6.257256625974583,-6.959525168430155,0.40345156028126805,-1.9510661606950903,-3.33516006189663,-1.687016066606307,1.8679567399395,101,6,0.0,0.0,0.0,0.0,3.1254777713247406,-1.7072899216262878,3.6525481919375697
7393953054967581985,0.5411958914673882,-15.013152787212492,-2.2043702953887974,1.8248541682297692,0.7788935351146239,0.7580976111006683,3.653214641709751,134,9,0.0,0.0,1.0,0.0,8.76472407398187,0.44386411130978815,3.235019383199951
7394351547376880929,1.7308170445079931,-4.2137789224965445,-3.3490318232414173,7.623566818412466,-3.8928173436000115,-0.9424354038156132,-1.1942232125234935,249,8,1.0,0.0,0.0,0.0,-6.90801025751839,4.047166487662475,0.647679848098157
7394757283214806305,5.378104352860496,-6.97318227997716,-6.257907215400958,2.3579239320904497,2.840610463179363,1.7546068778902792,-3.4477162990213674,175,6,0.0,0.0,1.0,0.0,1.3851006507222903,4.3569313380459445,0.9351915787296928
7395189160081935649,-2.8363226831012267,-11.192308729441763,0.36455571230315187,7.974259881982008,1.630316195531174,-1.9123364216665977,2.076593842465923,127,1,0.0,0.0,0.0,0.0,1.479397186220333,8.197997101150442,-5.22659333341056
7395222817677085985,5.052857261607502,-9.04161288145459,4.03327788050332,1.0039440624928169,-0.13886421938514987,4.919437703069653,0.61587385178379,102,5,0.0,1.0,0.0,0.0,-1.901680084238084,0.3314378683649264,2.6898907763276108
7395950056001572128,-1.7396433824929032,-15.336109108826424,1.8836634424151637,-0.2552857181370613,0.8540794053605026,-1.2383958401050346,5.856007721604949,66,7,0.0,0.0,0.0,0.0,-1.4973188832989206,-2.1556928712949666,3.4940260727606356
7396708038398266656,4.496902637949804,-9.832540501285314,3.447160383776787,-0.944660069382695,-5.644347694138931,-3.5854068956901974,-1.3619981413387836,105,3,0.0,0.0,1.0,0.0,6.467818372023963,2.5464069317058233,1.1301350290747159
7396981634572078369,0.6615002584950486,-12.340090461563904,0.04241935237990126,5.2284966909375346,1.4558266178137473,-0.4399226389147919,-0.7662364852217913,103,4,0.0,0.0,1.0,0.0,-12.873187035152478,5.108396288232794,0.907213502660037
7397062762150513952,5.7704243055973965,-4.95466115811431,-0.03472010805056184,2.3623325881815345,-2.201848490439358,1.5027993288601693,-1.2254561874293683,92,2,0.0,0.0,0.0,0.0,-0.9473406139909403,3.2876890032241755,-0.479311584053678
7397696022975188257,10.021056118620319,-0.03509222151219962,-0.5981100656963267,0.6855176823312343,-1.6991295395003858,1.8431598383630001,4.3735531596713955,79,4,0.0,1.0,0.0,0.0,-1.9920449754167064,1.7779075419928625,-0.666775593567333
7399196283501628705,7.690537394835577,-4.866988384272426,-4.842284034102252,3.092332415299762,-0.6281848511479524,2.056329393861513,-0.8351809408282161,115,6,1.0,0.0,0.0,0.0,-0.003795697249172235,-0.1058539552441188,2.218241591191309
7399975638112783649,-8.3044165151077,-2.6062154606363035,-1.7111666478203964,-4.013534242719749,-1.4786342590137853,-0.08557894987012092,1.1113359817425195,122,3,0.0,0.0,0.0,0.0,-4.839999897807117,-0.6523641742268087,2.0407128178945
7400010201476123937,-4.953114532676463,-18.110254067744314,1.7836938838838,-2.2766364718043173,1.814708441222154,-0.6344382588389961,-0.13708831794183934,69,4,0.0,0.0,1.0,0.0,-0.7395608636419921,0.4034872304180728,2.7497236424237532
7400379104962284832,8.644703472379526,-4.27284285566495,10.664566872169724,-3.238728291014396,1.42116553763501,-2.220588502739219,1.859707949924559,74,6,0.0,0.0,0.0,0.0,2.682343758653069,-7.785531289966267,-1.7597044695702704
7400784701633416481,2.237703647375897,-2.923776078804286,0.44118942399137,8.34937614508271,2.8762268149690704,1.8101541742010963,-5.797348712531778,76,0,0.0,0.0,0.0,0.0,-5.04668055314546,-0.12909420987967046,0.9329696532714149
7401059521860209952,4.344970599243587,-8.679702540090613,-3.1977227715299272,-1.3348966667607198,-3.176912400196497,6.847592510201387,0.04239595298286362,105,8,0.0,0.0,1.0,0.0,-7.78452818533494,1.3000614844276266,0.6932465584154879
7402923905754746145,1.6157416717627775,-10.120176506757906,-8.585671692415257,6.69783713272749,5.043820839382253,-0.7059513545121727,-2.183942606157075,75,4,0.0,0.0,1.0,0.0,-3.067261247052605,3.5882050861359223,2.0811862703133666
7407736509996043553,12.80438154324941,-0.07068363122132273,5.92445082857844,0.3646520429963996,-2.579834329609694,-1.5059140715894392,-2.308984268564679,93,6,1.0,0.0,0.0,0.0,9.694504883359059,-3.6648596369324786,-8.40468479686366
7407843953539583265,10.831268100327176,3.4943588357691953,7.575193498852774,-1.981635366608634,2.3894887060964587,-2.569890078791547,2.688128212546902,58,0,0.0,0.0,0.0,0.0,1.9283901654334008,-0.6200676572009959,2.0063190499394463
7410298388022824225,1.7043332083645364,2.4762826609416106,6.063238311268218,-0.17404489035292134,2.392632799663408,6.186970050888541,-0.9597888407290379,116,9,1.0,0.0,0.0,0.0,-3.9915890068644866,-3.618019170685527,2.0002515773856175
7410359060681297184,-3.4040931194556214,5.273792410976068,8.512060174169681,-6.19370743902221,-3.5752472334782586,0.29525572512959125,-3.1239937309369323,58,2,0.0,0.0,0.0,0.0,9.206621773718565,5.637355656751104,-4.115515388511386
7410754655682153761,2.7393448961609557,-9.334643178969843,6.635924330932864,0.597751904868968,-0.9884065739967236,5.4855327250754815,4.739269691288816,67,7,0.0,0.0,0.0,0.0,7.412559721490886,1.8730889785973674,0.7782779443243953
7412540786975231264,11.430349090532205,-2.0257461437591746,5.949355124281777,0.7653875167255424,1.1642985103295258,3.5634694997781793,-1.6399753823222327,140,7,1.0,0.0,0.0,0.0,15.792446388640535,8.08873217376389,-8.069334313591881
7412939421089090849,-0.6845578527695085,-0.849474924956692,1.478046783634484,-1.4509931779331733,9.843190763094631,-0.04306378366354423,-1.6177289185280674,59,0,0.0,0.0,0.0,0.0,-3.7478309571793766,3.0098644986828407,3.444771383290332
7413269884840267040,11.403349980054335,4.3723524293243115,5.596774011914495,-3.5093430867513113,5.9304063913123795,-3.6345833097972866,0.9082449984552197,41,0,0.0,0.0,0.0,0.0,-1.3228551977281955,2.9988570974005153,-0.060842272982117
7413699830469397793,6.149677731315215,-3.983528671054798,1.4426684742218097,6.12936961320111,4.859123171711399,-3.680953926875307,-2.049001863083334,55,0,0.0,0.0,0.0,0.0,-11.434773133636527,0.5424623982496426,-0.024562490189494527
7414059508630031648,6.972331392325765,6.513994645659723,4.491097192305891,-5.573174778694889,1.7303946666447454,-0.7005328395297852,-2.2186334535194994,37,0,0.0,0.0,0.0,0.0,-0.20497828067817986,-0.07138467544552417,-1.2383268390060322
7414073681992895776,8.53904426286663,1.6711331000851901,-9.581798523434626,-3.9498220573357186,-0.06114867859976236,1.3551364538308266,1.494993039085877,189,10,0.0,0.0,0.0,0.0,-2.771053227671399,-1.6645807186898667,1.2647396378812696
7414109220523511073,-8.363010476066178,0.1785544382638915,4.269112624155362,1.6323842263828467,-3.705073760650433,-0.4915208662947078,2.312124897209587,94,6,0.0,0.0,0.0,0.0,8.531124739319514,0.03890540049116226,-3.576724220291354
7414443436134223137,4.197370898468483,6.879732795531379,-2.3565861692856838,-3.193981433332875,5.626701388639998,-2.1908096328645983,1.8075117630771405,107,7,1.0,0.0,0.0,0.0,-5.1339224620287425,1.2844160776147378,4.1641450699446905
7415541670361500961,-0.4287432036474483,3.9410602343614762,-1.1260347844704868,-6.415612768107013,0.5685889621554274,-2.7451216371397686,-2.86558952494373,19,0,0.0,0.0,0.0,0.0,-11.140269514520655,0.7386280763638322,1.2374057895862653
7415546238927523104,2.0786896408497273,-10.62775603303861,2.954284362016562,-2.7411053303573585,-8.11688444857778,0.7040742196840516,-1.0839675762118268,228,9,0.0,0.0,1.0,0.0,-3.4013186576633254,1.2716235072359017,4.167699112880896
7415576931577433349,5.324622027309622,0.7859397049540436,2.3379754449918146,3.220864234996213,4.506466136946545,-2.262868841119806,-0.6552758894928661,56,4,0.0,0.0,0.0,0.0,5.051155491972119,-2.032002942600043,2.273876620543747
7415589341981986080,11.132185014871268,-1.7458847255684131,6.843349526317252,-1.4607330376768068,4.517422933960485,-1.1365915102899118,0.8455691765520255,73,0,0.0,0.0,0.0,0.0,-3.4147556170456177,-1.5133108819349952,4.826825581671279
7416286728513735968,-2.0664533974608195,-4.675372792377906,3.596574353122484,4.5241694397027805,4.517903496086441,2.72588075035231,-1.279303324386889,102,6,0.0,0.0,0.0,0.0,-9.659304974313738,-0.10693152484722922,1.9702593985903576
7418133778406657313,0.3241709680528225,0.06469219006892521,10.778818863694855,-8.968750013110947,2.5688233757875794,-4.626881211400035,-0.8766666744924868,70,0,0.0,0.0,0.0,0.0,-6.196883500865047,4.300331325075788,-0.3078126925820992
7418157210896698657,-1.1119824607204087,-12.185060609489696,-1.1486038853970153,0.056292157074614685,2.5738948180923793,-3.065060682101852,-0.23034753839606956,75,6,0.0,0.0,0.0,0.0,-1.649110235724518,-3.480865918358425,-0.35437260006133897
7418230327207939360,-7.958966880090234,-0.03384818513492055,5.8930421640328525,3.1994475638115536,5.040995159281173,0.36313932966686696,-1.311199150661376,29,2,0.0,0.0,0.0,1.0,-8.743143343789114,0.37084957185606776,1.889375036611141
7421838132624002336,-0.21965005124105924,1.7388448755232349,-4.455127751071648,-13.568158280345822,-2.7727706416530715,-2.4184950417477977,1.285768362157032,64,2,0.0,0.0,0.0,1.0,-2.1336205348677657,-2.009563549295218,-1.9040504470443977
7421851827794152737,1.6380899374263265,-3.5927910960091474,-2.510279016271792,-6.7544580411935735,0.7478007959971446,-4.2257219314953645,2.9990768982770044,80,6,0.0,0.0,0.0,0.0,-11.499460008304816,2.538506943812878,-2.835911015027355
7421927684965502240,8.225649971289272,3.928967589792482,4.056345890268817,-5.947273378478741,3.3632754097701643,-0.6941437926525603,1.0140206192616315,49,2,0.0,0.0,0.0,1.0,11.241847242383024,-1.024451469248419,-5.2755899857382245
7423318018853178657,-2.302734859697498,-5.250062579456516,0.19898365874308113,-1.652996271895199,-7.637436283685758,2.0307525926634513,-2.2596889502779125,115,5,0.0,0.0,0.0,0.0,1.7497716337564313,2.5638247958955356,-0.20829381588339166
7423773390932135201,9.326578193708784,2.6202275762869114,-13.178639373670537,0.5719798492296082,2.952276062651328,-2.1861468976795213,2.9512425195377086,332,6,1.0,0.0,0.0,0.0,-9.822054663890983,0.8505251917110763,1.2227576834122713
7424512450856357153,-3.3855900521648215,0.7266431878169611,4.459175216718203,-2.3655188576951867,1.1527417874970496,0.988194474706814,-2.4879464880188147,82,7,0.0,0.0,0.0,0.0,-0.525072521783852,-0.35625252560708354,-0.9528944750898591
7425904564697632032,0.7847489537716013,0.37156471870643065,-3.2542186154062582,2.665863484038715,-0.20112084633214,-1.302959864381308,2.918947276970081,191,10,0.0,0.0,1.0,0.0,7.106639259298995,2.7463557636316196,5.65977270337525
7425965869924142369,7.137396482484901,-5.824277165644143,-3.441939452692059,-0.360159086675439,-0.8800740429618296,2.4876177383538614,1.4198407866635896,175,6,1.0,0.0,0.0,0.0,2.8289587666128617,-4.441412033932499,-3.346552546124707
7426709076924484897,2.9168178174852644,-8.502247694854562,-0.6227652689579812,-8.710784163465018,-7.482543931499378,0.928432765090555,-0.6426134287725835,106,4,0.0,0.0,1.0,0.0,-7.420385323589867,-4.30814763931081,-1.7891004167670834
7426721230721453318,0.7321262024915054,5.957541209047254,-2.9594590198464874,-1.2562057756119802,6.064016739806815,1.856280289152241,4.657661258048377,43,3,0.0,0.0,0.0,0.0,-10.36952367382638,-0.020264102975222364,0.7245800427368665
7428251635102534945,6.482667433547581,-2.2022251187855555,-0.28888243254353074,3.225649127410853,-6.74117039038009,-1.0036927370113164,-3.4051171123118467,340,10,1.0,0.0,0.0,0.0,0.9044791208448083,4.259961230367879,2.8759107763411667
7429021024517229857,3.007392701143816,3.491064247846339,2.8242229365033267,6.163437520337979,-6.267890496752321,-2.1628635869898245,2.2196186167631744,93,2,0.0,0.0,0.0,1.0,-0.5330292497840766,2.160236752677066,0.8624769720027452
7429720640111791392,-4.170978422702478,-2.638621513823351,-4.028549500089016,-7.024632311534039,-1.1166889423859487,3.1788061688707545,-0.7097261742829505,377,11,1.0,0.0,0.0,0.0,-4.3181876189487465,-1.4134897448542691,0.300297604089272
7429721456851864864,4.127842487401822,-4.157097778614277,-2.5037263396022085,4.041989530609646,3.0531586613224526,0.43962087044209375,-3.031136446106933,158,6,0.0,0.0,1.0,0.0,1.4481551379306896,-0.18245690851575752,7.532366955387173
7431168865142328608,7.675737449771802,-8.45540520595247,-2.194827970068462,-4.628430717008154,-5.852711668888174,-2.9353925270732657,-3.566250445686368,150,7,1.0,0.0,0.0,0.0,-9.822054663890983,0.8505251917110763,1.2227576834122713
7431201197672975648,1.450230410812935,-0.13960569434950512,3.04941478053514,-3.7644402273559385,2.4863268217831638,7.73730310396789,0.4823187396693839,106,9,0.0,0.0,1.0,0.0,-5.459637626604251,0.3096641564762461,2.0788019266458684
7433411068988280097,-4.3559166457456575,-11.160236121834874,1.401232747855169,4.786230925715143,4.051275469009651,0.20859969181524962,-1.6403088580051308,62,6,0.0,0.0,0.0,0.0,-1.1442436502263544,-1.8107676428554347,1.1357851627317255
7433817907278269729,7.249148761779411,-3.1375316334414562,-10.668050208776107,1.4041609828352286,-0.14773237056039326,3.7282404734066845,-0.6085263018026303,271,11,1.0,0.0,0.0,0.0,-3.1017950126901126,5.874041041027212,-0.8448906747340252
7434514141697625377,11.415719946666911,2.206531620903901,0.8525761405790213,1.5221593648706866,-1.1208197098039951,-3.830591418957845,0.9638287748125244,123,5,0.0,0.0,0.0,0.0,6.987457002420862,-5.34106522012436,-1.3508332448466474
7434931188642352417,0.724586097005774,-9.6672040346975,-5.366225985353351,-1.0842639570381443,0.5326220060643445,0.10588273484461636,-0.7838774994638416,357,11,1.0,0.0,0.0,0.0,6.530113346554332,-1.701176459335585,3.154938958650713
7436044441170857249,7.23464887281539,-1.4931081871464573,-10.100450122836856,3.4453820988589787,5.820720190225881,-1.1259568518737368,0.9024981713850131,341,11,1.0,0.0,0.0,0.0,-4.126965725634549,0.7233263823413254,2.069760247200368
7436403924350864672,4.275545661280102,-7.761554704842885,3.651238463375935,-5.45250121070537,-1.346350503387837,1.1004970961983471,0.8911689008000642,178,8,1.0,0.0,0.0,0.0,2.849070944181572,-4.034113790045344,4.574208827669687
7436439641298865441,5.602608021121988,-0.22349136352185384,-0.28675379250086036,-7.280814714740376,0.21610634747825316,1.018575501594135,-1.170190854826158,48,3,0.0,0.0,0.0,0.0,-7.070119766893626,1.2728133786488791,3.009709635408167
7436650165861141792,-7.605202009842673,4.395003350102164,0.3309971383168972,1.752575258029216,-4.995156814677232,3.7316107904069185,-0.6308073764772086,147,6,1.0,0.0,0.0,0.0,-1.1349339843780253,4.36090247813524,-1.207839851033513
7436892906801073441,10.892862973198902,5.8336556555031,-4.517329438117435,0.8650714844343238,3.731546816198696,-3.403860277041701,3.1107910425133474,92,7,0.0,0.0,0.0,0.0,-12.157421330063304,1.7634300138419974,-2.5240706982379626
7437476740533865761,-12.408123654064724,-5.578965146873789,1.729306771539525,-1.8638919244968313,0.5296702095029098,-2.007985937759478,-0.23883094853423045,195,8,0.0,0.0,1.0,0.0,4.997373499139796,1.2237178646962108,6.861515771825848
7437536576072125728,7.94142574253167,0.8573336683075214,-4.4396318882987575,-2.4463089626223455,-5.625899974367472,0.548550349921962,-1.2725856453770665,283,9,1.0,0.0,0.0,0.0,1.016196184043379,-3.7915891185236315,-1.9421077427801117
7438288130567949601,9.819375785897353,2.043541238706729,4.204439336959715,-2.278052369652602,-1.6063694672427506,-3.2818744420101913,0.907973778698443,107,5,0.0,0.0,0.0,0.0,-5.332048436033455,4.402137442886412,-2.7543001398763405
7438966885879696662,1.7909190008500524,5.610800396065476,-5.980187705659028,-7.886108459429961,-1.9411600819561177,0.9917329087232993,-1.4782879659328345,131,0,0.0,0.0,0.0,0.0,0.27353722471831554,-0.1406177027609056,1.462457135938545
7439254923365059873,2.3213021670216127,-3.4821536041986847,-4.8367664330638735,-10.605369934433957,-3.1379593408054336,0.7955223693458311,-1.2606625301112915,112,8,0.0,0.0,1.0,0.0,-9.75027659706761,2.0688271127447555,1.0866846106870114
7439269165111725345,2.258838005133897,6.495114414833602,-2.908939456988462,-6.5635235857404925,0.5842628236267945,-2.3065054757604946,-1.6583905292721544,131,7,0.0,0.0,0.0,0.0,-10.285922229799851,1.7774815935252268,-0.42538368243678826
7439301301864877344,3.9104440923226282,2.677855234435376,-5.821927173173564,-11.130092759559528,-3.270539010154139,-3.7346153316750503,-0.3526724293715313,119,7,0.0,1.0,0.0,0.0,-12.86831404196882,-0.21618517067121082,-1.589652244443344
7439661735742557472,-4.310695360373413,-3.3662657933099083,3.5818008451623995,-6.46545869251215,0.3321216958328854,-0.9295403711058595,-0.3344406872594001,158,8,0.0,0.0,0.0,0.0,-2.4142924196506823,2.339535717696126,3.7054734422642364
7439731424854379809,5.837373308684494,5.917894766661172,-1.4667830669680624,0.8325857680114738,3.7969162976233157,-0.7094341060991842,-0.3930548966687801,55,5,0.0,0.0,0.0,0.0,12.448816549946734,-4.20013007505465,4.146973016644365
7440465091817999649,12.441944235118871,4.616603507642964,-2.9323675969697285,-0.6623984349510901,6.383232944878353,-0.2629613098612527,2.667676456278381,152,6,1.0,0.0,0.0,0.0,-0.3260051985241924,1.247899517483957,-1.8019080749343401
7440567441777757472,-8.71665573012731,0.19185336983411266,-6.930778685457152,1.7749025267780951,7.546309213279941,-3.475254101445098,-0.02691854639635881,94,8,0.0,0.0,0.0,0.0,0.8616665074491502,4.022646660201865,2.172820076714244
7441626192760884513,4.574479663604401,-1.4445190798582563,-1.613623834407572,2.5943860973435853,-2.3975546235187366,-3.2517904324132174,-1.1593957504569876,518,11,1.0,0.0,0.0,0.0,-7.286851897222329,0.39203461402993595,1.2622181058487165
7443846446362774817,-1.661566174335616,0.33754385476193166,-0.8237810887772662,3.3711200753725246,0.17960736128858373,-3.0536093191144933,-0.49077324699032526,348,6,0.0,0.0,0.0,0.0,10.060744972381867,-1.6503361989745213,0.5160228996168704
7443866656956255510,1.00245303898311,3.051643714625368,-5.951815456876202,-0.8845861824145752,-1.7068862952967163,-2.8022049623199785,-2.5880337005028515,190,9,0.0,0.0,0.0,0.0,-2.38785493508379,0.20769584190385076,0.7744193528112595
7444192177149742358,-10.696464855141345,-4.066166334912407,1.4709180585782973,-4.101354646742374,-2.2186518052156337,-1.9264093117075989,0.13321303107477603,108,8,0.0,0.0,1.0,0.0,-3.5196614439533396,-0.8347037579578326,-1.307916782543269
7444595106025442593,-9.157604526371605,2.1832308858948273,0.6336550282612043,2.978357127906191,-5.288833650106072,-0.20571111995607677,1.3007757238388884,354,10,1.0,0.0,0.0,0.0,-8.73212810227118,1.4616722017017252,0.92477132362812
7444856032486116630,3.410339796751951,2.7703956215968466,-0.7038287209854145,-3.555096395835299,-3.440846075529107,0.22764587590386517,0.5661049374698327,152,7,0.0,1.0,0.0,0.0,4.801835073658596,-1.1594983863427473,-0.019465215273575854
7444926040855661846,-11.80564345129772,-1.0804179715425295,-0.16608965461982472,0.08973053344876855,1.7598484668260732,2.6035485265758807,0.6929502776049201,136,10,0.0,0.0,0.0,0.0,0.4304295327813345,0.7886131010553583,1.063191644086049
7444957131670949142,4.074415241851883,-4.481786286685164,4.154260707548217,-3.6307297328394057,-5.459028247869601,-1.0581639035006987,1.229842835666706,203,5,0.0,0.0,1.0,0.0,6.925367355349656,4.5753785841380195,-1.0963222701836146
7446341554735828256,2.1818810749068174,10.378501391959768,-4.874631924939209,-2.3354809715620695,9.139967247722861,-2.3681085045222146,-0.37377309331425945,83,2,0.0,0.0,0.0,0.0,-0.1976716059141192,1.5310134747922308,2.773174379214456
7446429495948594454,-14.303672942441342,0.41346711345523457,1.0455639837081225,3.200640369263098,-2.5327216698801904,-0.2286555824781947,1.31741971956275,196,10,0.0,0.0,0.0,0.0,3.6398027307952483,0.5410312704747425,0.7968646941688149
7447184186034654496,-2.461769666021046,5.067952420627444,-4.822494626268393,-4.360845247793349,-3.0845369025898233,-2.7716596649618404,-0.7137590402945099,219,1,0.0,0.0,0.0,0.0,-12.997863981762922,0.06316879351966365,0.4173054613948971
7447200750096223510,-9.465032272269642,4.73528516486664,-0.47713995373649926,-1.132073757502459,-2.176857499690149,1.0334262113506056,-2.1532558441073006,114,8,0.0,0.0,0.0,0.0,0.5748951833854147,2.9915899580599437,3.19752199657128
7447515391426825504,-2.5327448087824065,-3.8248291284853018,-0.6462944148085953,-2.560251842861278,-1.6666783149298452,-2.478193426202118,1.4782100192446126,130,5,0.0,0.0,1.0,0.0,-8.501959858384495,0.725888539704454,0.40203102669496105
7447538385993895201,-4.912307418053975,9.064263593088802,0.5735657817594308,1.063638864043517,5.784717663160612,1.3899249604561268,2.0513330286295477,109,2,0.0,0.0,0.0,0.0,-6.977932228772525,1.560312285517277,-0.2550178591102118
7448354400998853910,-9.642571198700823,-10.350452528836334,-1.4414754654715616,-2.8650532591600726,4.9997334556940904,-1.8064814491790135,-1.3725451799444794,130,10,0.0,0.0,0.0,0.0,3.7817253096269265,0.3122266542416639,3.2754797184323
7449430237114404128,-10.212172757505623,-0.015574731976294403,0.8801628725711009,1.6070800382241175,-5.0482522374946015,0.21745070190285015,1.142040664454864,317,10,1.0,0.0,0.0,0.0,-5.002838245988922,0.9218064433023767,1.2602085301949333
7450432979526012182,-11.833915564005789,-5.150920465197284,-0.8614827509170746,1.3277096822054362,5.115934306901502,-0.870689058355664,1.309739221145689,46,5,0.0,0.0,0.0,0.0,6.309050490358626,-3.8623539556877895,2.06927665010368
7450928915159190806,5.522211538769329,6.67466319424903,-7.305270030897369,0.12344982607540948,-1.2844302725884056,1.1804787715387515,-2.4422783332871947,113,11,0.0,0.0,0.0,0.0,-4.403632360671339,-1.7054405875057914,-0.14373474744153028
7451579890048027937,-2.573114150112071,3.713896879802075,2.4842791268617437,0.15338309541966938,-2.006004082170375,-0.2659784202538574,-0.864491656072293,279,5,0.0,0.0,0.0,0.0,2.8487268516167945,-0.615644335828482,-0.1149213060408971
7451599218545970454,3.118907764034422,5.90438403315885,2.8272678272262355,4.236180379127796,-5.622283596571595,1.7557363158396,-1.1487904044917436,64,0,0.0,0.0,0.0,1.0,11.373112579843403,6.505226385094165,1.8027300541836182
7451629003380755734,4.451548244961173,10.523216976960978,-0.6784887953677807,-3.3768479044697584,7.719614016179503,-2.812825076184234,4.3059469911838155,79,5,0.0,0.0,0.0,0.0,6.327746568076557,6.285485283387156,2.7433855598153607
7452387800818666785,-3.6564306268576257,-3.1436872015355384,-0.5167005817376553,-2.18374451751431,-1.8181897642437914,-1.8415062947171243,-3.5455569188455156,313,8,1.0,0.0,0.0,0.0,-8.64386546506242,0.41903565224772543,0.343329771432848
7452742967695002902,-4.844895201463234,-1.1708114364102522,0.40480371677159316,-8.836069671194837,-8.096050370177249,-2.4171373360052155,-2.337115815047628,142,6,0.0,1.0,0.0,0.0,-1.7071576084834028,2.802991049240907,0.5071484295483795
7452758752337399073,-10.052764457562937,-6.555070613216617,-3.1946041783136154,-3.56668093176747,-0.35847328244418053,3.0211802987080727,0.29324936822034914,305,8,1.0,0.0,0.0,0.0,3.0714350230667486,2.8795125901341505,-0.5531926007575093
7453016788465454358,1.9234423176883546,2.91990371414377,-4.2697254967937175,-10.802043297811077,-4.416810085686799,-1.6880407362639938,-1.3622223780973648,201,10,0.0,1.0,0.0,0.0,1.191898990966996,0.7255246286534675,2.3582234412314205
7453069595327384865,-3.9841550362256863,4.177240385869131,-1.052926035775569,3.228931572172541,-2.87254881675804,0.9950946137085256,2.387695500790057,96,2,0.0,0.0,0.0,0.0,-6.991239988117069,0.1533882056452678,-3.2305284888515198
7453132168940915991,-6.1888629899377845,0.8327969055237974,-2.476445181258984,-3.2361856218226834,-3.041520316366475,2.5138268898968374,-1.220158494757883,126,0,0.0,1.0,0.0,0.0,-3.5125871017278962,2.914310965668006,3.7725851797996386
7454985264952266016,-4.259728300082525,5.218444009617767,-2.4620934812544255,1.2647140475632017,-1.8711863471425259,-3.1769420778573054,-1.7234066935791934,384,11,1.0,0.0,0.0,0.0,-1.8352434884414002,2.5005795331457588,3.5955190609127414
7455305851092389142,-8.50529436594169,-5.54773102009193,1.8284442943126362,1.2591184350158782,1.3884218594310194,-3.534462682417193,2.3003133424071183,63,6,0.0,0.0,0.0,0.0,2.334439511663453,-5.40751393342902,1.9540262330155207
7455422115802565910,7.770315160369184,3.9882452384763347,-5.192628867825483,1.460718472702608,-2.344971957415092,-6.600183608960122,4.299023156410962,188,10,0.0,0.0,0.0,0.0,6.545799476122203,-0.14118379351522012,-1.7076301742483826
7456101045601570070,2.723402743857165,6.398812475879308,-10.116560210724861,3.1478456937757056,-1.519098192122086,1.4155123066465432,-3.4067641331882035,141,5,0.0,1.0,0.0,0.0,9.847905387944285,-3.7498797182423855,1.2415126431834431
7456840693982465312,-11.621398830581743,-1.5938845286291228,0.7051025927428681,0.05719853888739531,-5.089058934969508,5.201346726171255,1.3428822539819707,302,9,1.0,0.0,0.0,0.0,-3.6306514571348885,4.777298961885756,2.379017889217341
7457155091238259990,-5.970930305357902,5.630439890836161,-4.376146701770831,0.9256138681396276,0.5008946028539479,5.291868377311248,-2.213493289521327,135,11,0.0,0.0,0.0,0.0,-10.56569458490218,-1.0521176057254933,1.3929155511855176
7458325240628661537,8.364704948094607,2.8312054215545044,-3.086304263628512,1.571132121866555,-5.664927074360246,-5.3203842976640106,-0.6596662591609779,432,11,1.0,0.0,0.0,0.0,-7.763564700931369,6.517776276798372,-0.9317821679574133
7458328611213298976,0.4632695115360062,7.0127533095729175,-0.863914970802117,-6.383799105143194,4.451575650139164,6.123142872942336,1.0192912114277746,162,5,0.0,0.0,0.0,0.0,1.5613365460753554,-3.941611659631487,-0.19846214534125725
7458331354212666646,-1.5999783965796943,-0.15540564192494896,0.8445527930516532,1.515883244405421,2.9940451612895393,-0.7383113451621135,2.739871515988909,62,6,0.0,0.0,0.0,0.0,0.575704102342027,2.3684812168295406,0.4395100116963813
7458336545490193686,-3.0458242284493573,3.6020559553852856,-2.9777733960720485,-7.892183357879671,-3.020541968993642,-0.08523127499939544,1.3278628239192691,73,5,0.0,0.0,0.0,1.0,-8.22786832210428,-2.730067119091822,-3.5356191676664537
7458380266004843798,4.551860618017206,0.5510646419649571,-4.269593165416892,-8.849980535298752,-2.6534543763137504,-0.48943818671792577,0.29081327449028843,114,7,0.0,1.0,0.0,0.0,-2.266846167223759,2.7039445561316326,0.23642259411006225
7459384907962305825,-4.3541719660233555,-0.4646849337937769,-3.648752677846864,-7.937724625816399,-6.610953325164526,1.9796126232498323,-0.6944498548424095,134,7,0.0,0.0,1.0,0.0,0.29693469144149787,3.4135904306971043,-1.9594946700013733
7459403430122097942,-5.479614596472116,-2.2697703931629998,4.13734991639596,-1.2245493828002074,-1.6227616063362311,1.0375649493274768,0.5276687897315067,92,5,0.0,0.0,0.0,0.0,-3.0209984020674097,0.41312855174799495,1.511090818076781
7459483581803482390,-5.234181902882966,-3.9764004209545796,-4.697678201836462,1.4488841835544073,4.205144655565901,0.018204469786840517,-2.32132185098619,135,9,0.0,0.0,0.0,0.0,-4.099774286196423,2.491692179933751,1.9605798731459765
7459503727737687318,-9.123878809548108,-2.9578124624740925,-0.29149986215919677,-3.082670027937092,0.7856988391818139,-3.9199318686994227,-0.9345918120283532,89,5,0.0,0.0,0.0,1.0,-2.0921244226596696,-3.7867312785402136,0.019108484542602968
7460568175726398742,6.083690786198862,3.078721448261064,-1.7346213506973425,2.0336098860558325,-2.9611037763032937,-4.073922084662582,-0.5688478783629849,359,9,0.0,1.0,0.0,0.0,9.22710783535236,-0.8713288962803107,2.1521500134410436
7461940902890605829,-1.626075436169021,2.717641744074313,1.154026510710832,-0.4922476819257676,2.280879307969976,1.5580972905972386,0.36907478778015723,55,2,0.0,0.0,0.0,0.0,-2.7344649889372956,-4.201302840319379,-1.2065126782661433
7463089844516965637,-5.687099613371896,9.539704015837296,-5.765226914131026,4.4157002383232635,-4.568877184872148,2.8847972095329366,-2.6152784336048978,32,2,0.0,0.0,0.0,0.0,1.7999486459327279,0.9478820058231271,-0.43765673655178056
7463198577188146464,-1.4761334388847704,1.2238538641732382,-0.6084466683250451,1.5355763009741072,-4.343768740480275,-3.861627241706383,1.9878893697833668,574,6,0.0,0.0,0.0,0.0,-4.625212939188467,2.49808553782065,1.3341436510514455
7463500754318347542,4.343402097628652,6.725341032670724,-1.2087303027124408,-4.396411323592341,-0.49554047917738364,-1.5408738195631009,-1.1778266319979054,52,0,0.0,0.0,0.0,1.0,1.6963353846562572,-2.0385676024467045,2.5674782695289076
7463516081081027862,-6.687701499242027,-3.992907057040102,1.1112253860155352,-3.3468583766735462,-2.2010441004846304,2.465030434947786,0.891782721277041,101,5,0.0,1.0,0.0,0.0,-0.2653982557025396,-0.48560824619770626,-0.6812037566134117
7463520186876939552,-5.7739820829671835,0.2831861374461196,-1.4993177433706955,0.07025652711590101,-1.5681975701131878,-4.543225857658025,-3.990473212000912,294,8,1.0,0.0,0.0,0.0,-0.6356588486517083,2.921466693651449,1.7159730244145768
7464875419959921952,3.1408814048896447,0.7547817257884561,-5.494725320763181,-15.473053689220597,-4.803857967471037,3.743039477885744,1.2896729284854505,88,6,0.0,0.0,1.0,0.0,-1.1424224433515227,5.294663533902941,-0.9474182396821286
7464890614258158870,4.285653434681833,2.0051335927708087,-5.25083003082928,-9.64432695514251,-3.501017672690479,-2.888728543333312,0.9619426868024717,117,6,0.0,1.0,0.0,0.0,-3.573186759379358,2.940721904021957,1.7372451558744648
7465291116045208865,-0.8702842567071932,1.781048617324397,-6.650367411439538,-4.261564476001563,0.22261153061113573,4.554122973043861,-1.3063017081239003,88,6,0.0,0.0,1.0,0.0,-2.6169743261373446,1.5039023851920355,2.5075393876297016
7465375886779403552,3.885472466776176,2.2187087080484225,0.16591283532197423,4.033307035492722,-4.248218843809796,-0.5991072309793558,0.23364380998417028,0,0,1.0,0.0,0.0,0.0,-6.185747231345973,0.6838131014397025,0.1956206602374861
7465714414814137623,5.695748034896716,5.8983823852233535,-1.5869652368774578,-4.96798273567857,1.4158093415160478,-1.451272130049047,0.9498293251129389,109,3,0.0,0.0,0.0,0.0,-6.571736646608536,-1.9664971602831982,-4.060454292489749
7466084820825787680,-2.8869162664802457,1.004522719518786,-7.689459971414613,-9.619824584679158,-0.17998574290337238,6.55958771797178,-1.4654632273694532,136,9,0.0,0.0,1.0,0.0,0.08793714460457326,2.5049268468796075,1.8339601949147544
7466106459403701526,1.3715010554500942,8.87410358363978,-10.918808219439143,-5.139257282309969,3.0457838656799625,1.5506268543226822,2.3712283732174386,149,2,0.0,0.0,0.0,0.0,6.971059242916403,0.7397412694169175,-3.930477547148775
7466109584952855840,-11.117944111457454,-4.40215273554628,3.3939646652012123,0.8501030609922023,-4.069396161713886,1.7563045808901059,1.3244868538362522,201,6,0.0,0.0,0.0,0.0,1.2632673283502016,-1.7389889827755127,2.5954201445322593
7466117788898315552,-8.323161182290807,-1.888284603979045,-1.9640792153040598,2.8300032039402154,3.2735208272286314,-3.3179908938009075,-2.6616994145115376,247,9,1.0,0.0,0.0,0.0,-4.846025683015999,2.761643112790433,3.5671873569698462
7466514918137728278,-0.4476452301713525,2.0770489322117767,-0.19137609916291565,-2.4182907385451675,-2.4309345897403203,1.9351568466123337,3.7039923717745356,88,2,0.0,0.0,0.0,0.0,-7.041527192623628,-0.23103879548662512,-0.9688148999370757
7467185543240109345,-11.472656866899502,-4.915948725529538,3.100980833573009,-3.097759264293025,-1.4749898201195244,-3.1985678306513408,-0.663839719065533,156,10,0.0,0.0,1.0,0.0,-3.7321402493742624,2.1517030897126777,1.092044724641258
7467231080735690017,3.8761710127360223,4.000979896834121,-9.96351090073286,-4.298793091414885,-0.9400941832338063,-1.61116300189447,-0.12529048775989046,316,8,1.0,0.0,0.0,0.0,-4.134643897194191,1.5424174404333169,3.9796344930029024
7467247804717550870,-9.885965685018268,-1.9414677922142216,-1.83457637134483,-2.473027275879805,3.3630662971066068,0.5958461743003194,0.14081497820833613,136,11,0.0,0.0,0.0,0.0,-9.465181991660344,-1.7657759650727902,-0.40203042071485745
7467520617160396054,3.2408204353869596,3.042699487346081,-0.1609293502236582,2.335419777394294,-6.586625460069884,-2.818451368063107,-3.958413915360114,144,7,0.0,1.0,0.0,0.0,-3.148036084452974,0.7797440926030932,1.5164493761282862
7467999174936644886,-8.985619160284255,-0.559328542319532,-1.7435484646283315,-4.798731018379426,-1.665987637605593,-5.858386842053445,-1.0092766544342795,80,3,0.0,0.0,1.0,0.0,-1.4656523725960708,-2.2315376714892055,2.419540275875554
7468313844230704406,-5.296251786204692,1.5360203249753,3.701331539539926,-0.8599078704351195,-5.776666672171437,-1.1715468273467444,-0.6429504761111633,116,4,0.0,0.0,0.0,0.0,-6.07349458119508,-2.9257068278960676,-0.09713397746663968
7468323433714126112,-5.740551718732258,-0.8366471742479695,-1.9292445358989059,-6.438842904014064,-4.816392079387204,6.595606524255114,-1.6140396579996854,235,5,0.0,0.0,0.0,0.0,-2.75145572375899,1.701638921542199,1.3242127793715344
7468709057516326177,-2.8940267553830954,2.0473893983561715,-3.716309509004017,1.1522491422893975,1.205316676723285,-1.7888828769267073,-2.276765176921023,341,6,0.0,0.0,0.0,0.0,-11.400420313335838,1.2962648802441856,0.8598535265912124
7468715378743528736,1.2753511223168799,1.3156570087015702,1.8676809988917196,3.229345345887739,-4.251586955671589,0.4590575595213238,0.3631849758222032,293,8,1.0,0.0,0.0,0.0,-3.946345209891138,1.0681674570368367,1.1302542493267334
7469067273794456854,-1.0485312946563576,5.895739385778143,-2.6392419831250957,0.8644305244700298,6.1184856037795345,1.4181538105778735,3.390199679090695,120,1,0.0,0.0,0.0,0.0,8.27609562032876,-1.6953249014616005,2.9767978361857033
7470159373935856918,-8.252450466672602,3.4601202372099737,-8.344763828185966,2.1439269405009935,6.841495989289047,1.8763482811673349,-0.48864988017751554,81,7,0.0,0.0,0.0,0.0,-0.5945488165464862,-4.9794056155789015,-0.3763755767651856
7470212560399109398,-9.261186749540142,2.5571710646004324,0.5017173272065245,2.7283172876290327,-0.5342514134626453,-4.821815624964561,0.40199185521574116,152,4,0.0,0.0,0.0,0.0,18.219118230326163,8.886659567565262,2.1116735874943138
7470495287212084503,-8.882233906253791,5.287398967920945,-1.064017149875019,4.993459213077881,6.761108321934574,-0.04298768541640011,3.616999666392649,141,2,0.0,0.0,0.0,0.0,9.984513638939474,1.5916287784228165,7.975538623329121
7470532387223407904,6.930683161305361,3.672810043275357,-3.5181236178170434,-2.7468447299375223,-2.068690571302293,-2.127821223805788,0.018626631583072973,530,5,0.0,0.0,0.0,0.0,-7.9042220839989215,0.882543238774928,1.6982749149158218
7470850262840691990,-3.2592086472863846,7.830734340563694,5.402741871922061,1.8468399300582925,-1.7604754925791155,4.751024977657679,2.5242834687441227,111,8,0.0,0.0,0.0,0.0,-2.6546734256993267,-1.421711822757068,-2.567521226197438
7470863926922579205,-10.39605796982121,4.048707680661122,-2.2726779649389903,2.144182087684704,-3.792853275698025,1.782459680418582,2.32620254349314,61,3,0.0,0.0,0.0,0.0,9.860127515701446,-0.020556192528414185,-5.071265242386864
7471186366500539670,-2.411209385518668,1.6725846648801286,-5.155685950813435,-7.64987080319884,-2.4193373949825028,2.819625371232828,1.1211068108722806,169,4,0.0,1.0,0.0,0.0,-6.3331106815354685,3.3263213065927797,1.8159910508887573
7471251146288418070,3.666077399862546,3.3908345852176045,-6.208748124900728,1.6315472179703356,0.04500282028816049,-1.6841535874041829,-0.5658923140181139,54,3,1.0,0.0,0.0,0.0,-1.8538084208690908,0.6054185588235143,2.3484315666086926
7471286673494527254,-3.211275635241867,2.240332477048455,5.710178726763992,-6.265853875090458,-0.883655815137199,0.5425144907553686,1.1823178766123166,161,3,0.0,0.0,0.0,0.0,-1.9670132897694934,0.169877263316807,-1.8633767980258797
7471289820795374870,-9.875900184182095,1.457279189281481,3.652371217707026,4.3104856006045535,1.2735985038812716,-1.3670139440217757,2.508596187903852,130,2,0.0,0.0,0.0,0.0,-1.051738194459964,-6.7924586178448365,-3.8541004566636685
7471348371962334486,-5.778089157941658,3.2333765030748003,2.105642174885455,4.842553827670786,-2.8904589847145803,0.7919537420512432,-2.0992962171131793,15,0,0.0,0.0,0.0,0.0,11.549066011733178,11.1540435569693,-11.249194534141692
7471349532496842006,-8.464698099727798,-2.22792436247607,2.3417726332325377,0.3931575523151705,-6.261869774091642,2.8986758825959904,0.2149157463447168,112,0,0.0,0.0,0.0,0.0,2.439802454632504,4.299124503801387,1.5615819140571432
7471566242168491286,8.735080396386245,4.40658119893174,-9.651000070660373,2.2076147464118696,-0.31875204756981235,2.3535965837887476,-1.6114803456794062,132,2,0.0,0.0,0.0,0.0,-11.337592302777844,1.4040731775703876,1.0053745486417998
7472755159945252118,-3.982956740765686,7.680402869284906,-4.457986081745628,3.4091799022367995,-1.3314160512501887,1.3761550896036367,-1.5229512138507797,129,10,0.0,0.0,0.0,0.0,-4.821463040341444,-2.7972402931017175,2.919575396637613
7473095088948759830,10.400241765467042,2.9051314586211157,-3.9793008334506674,4.88736367126936,-3.1694932605176054,-6.310953876803426,3.392392539906098,58,3,1.0,0.0,0.0,0.0,1.1628009982971363,4.024779939851132,5.311454775322995
7473224176086584598,-10.608559389245713,-8.591392786901181,-4.578689076582989,-3.4301864672470357,3.5420448168496708,4.606801313509168,1.2715281422345985,71,1,0.0,0.0,0.0,0.0,0.2096228677525202,-3.2880554238263704,1.5451269925369964
7473874393719000342,-12.96460693441364,-1.447599165235608,1.6891884942804065,0.18166314975090192,-2.3969737854428046,-0.04186157773126621,-0.8394266479047174,51,1,0.0,0.0,1.0,0.0,-10.764124755517056,1.169560040304803,1.3549476109779763
7474625701350509846,-3.9729652726895965,7.3019901971858445,-1.2795527440648091,6.047918584261989,-3.2726207108294654,0.17536869553578321,-4.438982832456484,100,4,1.0,0.0,0.0,0.0,4.44340451899907,0.10681121750149628,6.783927803279743
7474850979473640726,-10.41147567437678,4.856924104623745,0.3206970723470374,0.699073984405728,-5.189306966499951,1.4502989719695745,0.20684169728027085,120,1,0.0,0.0,1.0,0.0,-8.387999421571871,-1.0273777452149333,-3.8816267489359944
7475273206497086742,-3.8099462177143084,-3.583799590836469,0.45680379335451654,0.12277220537120115,0.4714909687114602,-0.020327412497303236,-0.7896833252100498,120,4,0.0,0.0,1.0,0.0,-7.962630016988094,0.8417338629263711,0.13485889738935125
7475642830430522646,3.8890054010513526,1.5967156513261729,-3.7684658720485094,-9.409953746173409,-4.649896893997443,-1.3797265116841908,-0.2783791362714308,86,5,0.0,1.0,0.0,0.0,8.649805783966666,-1.0921230252046559,0.8902752457488067
7475687308797299990,-12.088508410040108,-1.0991216882334494,-3.834482483674205,2.2376779222145036,3.378339250248768,0.44976944582372347,3.73538373911256,81,6,0.0,0.0,0.0,0.0,-6.221912554203807,1.4414620355047822,3.12930475374061
7475816575975623958,-5.859552307604425,6.805845568446389,-2.8814321796127627,-5.028818777564635,-2.392996762910867,-0.4172597724368871,1.0132871170307773,124,4,0.0,0.0,0.0,0.0,8.449932579389937,1.5046297603806233,-0.479572097755609
7476157177149803798,5.882539881960694,5.618970345520831,3.1502817425504626,4.0637472275680135,3.379518229537646,2.5008426280338045,-4.0813595391252155,78,0,0.0,0.0,0.0,1.0,9.51379280234127,-9.304082058805166,-4.792237971094252
7476404323317222658,-12.235533046720382,2.3002903635327923,-0.004789376308262588,3.8480646893324186,-2.309212411590457,-2.1545145510536887,-0.0323754628541617,85,6,1.0,0.0,0.0,0.0,-5.105239912379939,-1.5414195619808537,-0.33893623389899497
7477287305078934786,-10.738359500846157,-2.6378690215339082,0.6480022331810351,0.6737052259433487,-0.7291170734554143,-1.1202524560071279,0.49433409790200994,106,5,0.0,0.0,1.0,0.0,-6.745570491128875,7.627378136606874,0.43708145786047836
7477935287646063894,-3.9206287079640036,3.3208242937157046,7.2993830352516795,-2.539852249030403,2.8969755458261504,-2.227724644804226,-0.20294637054133463,74,3,0.0,0.0,0.0,0.0,1.79706652338218,1.3656369921770604,-1.3294757650743132
7478288153153916182,-7.2068110949061595,0.14740540025008525,-0.4426999089417145,-3.8510739551389745,-3.7647217408459563,3.6851773679406166,-2.639793239709816,61,4,1.0,0.0,0.0,0.0,-2.8803759376092763,-2.8962526943464226,5.7823627747857325
7478407463675481366,-7.943523004210314,-7.839875147598809,-2.3340247384740125,-5.596185050447651,2.263373848570314,2.2234385678458346,3.6641008630616416,163,9,0.0,0.0,0.0,0.0,4.928705168981901,-1.7345645591884515,5.614923491804739
7478417820376812822,-0.7288955511330792,3.4401823383912276,2.931800919052527,2.246529123850085,-2.7638892021277113,0.37068278889645795,-0.17218823331246363,122,4,0.0,0.0,0.0,0.0,18.105898147590505,4.739735254341195,1.0733773722052846
7478712216724802838,-3.9150432015444325,4.396525544137032,2.025692117961466,0.3767029178834894,0.03342124176090603,2.446705675856527,-3.1493925856723695,92,7,0.0,0.0,0.0,0.0,-4.066408476946047,1.5129646258211618,1.5714765446411463
7478735064881237270,-8.62578981973283,1.9802431586661313,-0.7519632864943606,3.6614347482806493,2.9848979359003778,-1.3077658239964314,-1.1269755747031913,700,3,0.0,0.0,0.0,0.0,10.801114760548888,5.7034838805269965,-0.4523465986223765
7479068329584364823,-12.530273904604371,1.9000388815962095,-2.2869958094470713,1.4764340251978352,0.584433757529566,1.5743201951091248,1.1227626059704356,40,1,0.0,0.0,1.0,0.0,-3.1294308722706776,2.480002978206663,0.8577040236263873
7479081271746989334,-6.340822060196988,2.0318125903473416,3.330748686689065,3.228041984300058,-5.806635682069992,-2.744335196070157,0.3243393920923531,159,3,0.0,0.0,0.0,0.0,6.533569994491206,1.6768233519414697,0.624941123554271
7479158367873748246,-10.30657220977245,-7.273398594904287,1.3430949212059433,-2.658346920766426,-0.4195642890633436,-0.5488322756740966,-1.404789793482446,165,10,0.0,0.0,0.0,0.0,-9.785061529839487,2.235448756528503,2.383065142522884
7479794065983147269,-6.19639122206127,1.797196946958734,-7.9387817799439695,-4.938240209672007,2.4325780701211803,7.921218510691285,-2.2921341315282686,43,0,0.0,0.0,0.0,0.0,2.212759676873882,0.13600338930293776,3.7260965686939116
7480244111207976214,-12.228297394818462,-5.699217218186429,0.3379966810660382,-1.6709339887327095,2.413676545263935,-0.8310985883726367,-3.4576843415584264,78,5,0.0,0.0,0.0,1.0,5.630045772849083,-3.164449460154616,-4.363071944354963
7480563839319264534,-7.992508041098672,3.4451068252540704,0.5163006736249959,2.8051568554513446,-4.431033608847635,0.6414875777791088,-0.6586431093205526,193,4,0.0,0.0,0.0,0.0,9.592751899385245,3.33976012648845,-0.3914690521110786
7480851478555659543,-5.210197034047861,7.342770759621418,-5.622425733054678,3.596419410930046,-1.1212585611329104,-1.9566174680588269,2.7954397589501028,88,5,1.0,0.0,0.0,0.0,-3.281006423346191,-2.4158741084874986,1.7166231624897135
7480918194438278422,-4.7952538878983715,1.8663728540972864,-0.5223749142697562,1.2469083717198597,-3.8099061835562424,1.9847855240313723,-2.1411691054354063,178,5,0.0,0.0,0.0,0.0,5.780088731061571,-1.855490462695799,2.0936260223486616
7480938335133863190,-2.048388438357885,9.419721878358647,-5.96219542907309,-3.9233105415005967,5.577950646100464,-2.0063054029428646,3.0004099653969605,69,3,0.0,0.0,0.0,1.0,5.038144647417061,-4.1131725000549295,-1.7779795132041314
7481596789448117526,-2.570431154080154,7.128017542639749,-1.652063562927655,4.50367392061096,7.858147923430754,0.7915561961038118,-2.873153054943683,165,3,0.0,0.0,0.0,0.0,-8.999618541622306,0.4134263377297284,1.7604503858212985
7481624954484690198,5.61769633551597,4.063670320427532,-3.000880650101075,-8.005494112526302,1.3625627494535046,-0.4561008063742896,0.3062046953050752,165,2,0.0,0.0,0.0,0.0,-0.34505377745551813,-3.3548331025881923,-1.085919432900235
7481977420220779798,-4.20918400503793,-1.0218351844114524,5.704459037735453,-2.4763438452351285,0.07269497155694535,-5.492564830878929,2.077731063307405,195,4,0.0,0.0,0.0,0.0,7.661505833722212,8.31237770189763,-2.703327143688531
7482898265906646294,6.817087502887414,1.5906210071857434,-3.5940426151989975,3.5145863363980503,-0.8723572532071795,-1.8961620664878265,0.46660958985532086,105,3,0.0,0.0,0.0,1.0,-4.206943715090432,-1.1074705729413583,0.42587443695954946
7483098002547100950,3.082093217769426,5.4495132249820974,-6.160982944901634,2.854391879305104,1.4271382845222427,-4.897624321775644,-0.20984339245304853,130,0,0.0,0.0,0.0,0.0,10.487470686187088,-5.6261936848595155,2.589149988019321
7483220883759303959,-9.59194699365996,2.142989299527603,2.6606843938370264,3.8668552614673106,-4.019685876919327,0.3046665503096286,-0.6438886631981032,80,5,0.0,0.0,0.0,1.0,0.21435907612097788,-6.2131597327775765,-0.721816453628588
7483430893965626646,-11.467676929810157,-5.004722749850037,1.8079826249564719,-1.8445624558565341,-0.7545403437360527,3.1261998672061004,0.6938561146301299,157,5,0.0,0.0,1.0,0.0,-1.7006064985328142,0.6201877478988129,5.250119886143261
7483554122663234838,-8.362406164788403,-1.4033127355067876,-2.565222149633336,-3.8439429048541736,-3.1765658913322388,5.779894689891406,1.004522519035053,110,5,0.0,1.0,0.0,0.0,2.2076846686976417,0.8153234449694651,2.0505630743156495
7483888039303843094,-12.104803695728679,-9.439864471006585,1.8988556116661794,-3.7876967788589697,3.3570923899224474,-2.009333597825484,-0.7450926836863335,129,6,0.0,0.0,1.0,0.0,0.4122436246710218,0.0972261409312231,4.262305083065115
7483898615803612418,-7.090696607797276,-2.3360094718307396,0.033887989483495855,-0.27485207676217016,-1.4101184309775712,3.167937840920175,-1.147128583731033,178,4,0.0,0.0,0.0,0.0,5.840095282779985,-9.907109454354549,-3.0749111872860033
7484305196332436758,-4.306569992987028,2.6044138879504755,7.130314748344936,-1.8194702363848645,6.544742657153205,0.6977910750290102,-2.3335212756479895,77,4,0.0,0.0,0.0,1.0,9.88342752974166,-5.712348249558121,2.7618238016445025
7484928854029634838,-5.519375009443682,4.11794708705155,5.037004161625125,-1.9333824511362958,-0.7444727314803252,-0.012118963510552874,-1.104207892512453,69,3,0.0,0.0,0.0,0.0,5.630045772849083,-3.164449460154616,-4.363071944354963
7485773090555956503,-4.621477399361027,9.523342645962527,-4.407024203567455,4.72317777553979,-2.93428046903995,0.4167748604373179,0.48942906839736744,60,3,0.0,0.0,0.0,0.0,9.88342752974166,-5.712348249558121,2.7618238016445025
7485818484723567894,2.5005130897977397,4.608310583806388,3.112323546157556,2.5802428748059962,-3.115666183591669,-0.23297008890521206,-0.7568930406737306,92,3,0.0,0.0,0.0,1.0,-8.269362947583861,-1.259364530516823,-3.382738825122234
7486043762590895382,-12.666146990724615,-7.033450504315333,4.956034223494091,-3.167764693024187,-2.6933949448419603,0.6501100881878448,2.123541845386736,121,9,0.0,0.0,1.0,0.0,-1.068596503311142,0.3037688265277409,1.5059206538098926
7486129539827928342,-0.06684890803481408,8.552064445467666,6.143867055239543,-2.2816081896519407,2.821031278294063,-1.7408331846341512,-1.6953265623355742,73,4,0.0,0.0,0.0,0.0,-0.7837725832871499,-3.0034566248649233,-0.3856304187315774
7486138878026321174,-10.55758770170789,4.797751055957523,0.19581703403465212,4.055139394958951,-2.4014932310930344,1.9720918973153219,2.9111459068060777,255,4,0.0,0.0,0.0,0.0,3.2098913030676552,1.1328579536677195,3.575521088156498
7486391346727537942,10.53104150208679,-0.44205519189117637,2.1131211523175013,1.7302761584055641,-4.688876075416665,-0.04465471304460618,2.392041988358403,197,8,0.0,0.0,0.0,0.0,1.3023458622874469,-0.4540400795512879,-0.7378540672338453
7486822725684792599,2.43868548404422,2.001487790500376,-1.2033702686032786,-0.17579251438098273,-1.5313438436861502,2.2969925205123984,7.465505996024705,136,2,0.0,0.0,0.0,0.0,-3.5509506694823267,-1.5267236559705708,-0.08461340513001381
7487960173529582870,2.509618011688817,4.649107284643648,2.230947616031866,-3.5228521435059386,4.699194717377597,1.5587366153352893,-2.7493040426851727,120,5,0.0,0.0,0.0,0.0,6.810926210263895,-5.036088766254694,2.66555394217023
7488220279244623126,5.471291441296132,-3.2556544823582474,-0.2148286778237905,-3.030764662227862,-3.1426489127332324,0.047600732123360405,-1.1071577051324932,290,4,0.0,0.0,0.0,0.0,-5.597768369936989,-1.130286795826996,-0.7017531202317651
7488241037907905797,-9.016906645184948,-3.3138422118227684,-1.5314148706847481,-4.66091949639376,-1.5394391269811591,-1.5371622506881153,-1.0980396662799072,59,2,0.0,0.0,0.0,0.0,-2.2645917128067072,-1.040720850727434,0.8365840582885812
7490119511731965206,-5.683314196896296,-0.06844765446247113,-1.7418382537273813,0.9949559270221412,-0.49931215144501995,-0.6868815013126008,1.9678134757840953,176,4,0.0,0.0,0.0,0.0,9.34116480979268,-2.9213522869105795,0.46241002131127373
7490222588883422486,-10.795993487722702,5.3786382163509305,-1.2350149642594834,3.6747893218257945,-1.6001323073020786,0.76587732448462,1.5488256666077123,182,4,0.0,0.0,0.0,0.0,-9.50710062592228,-0.3587627282311388,-3.1082177639177155
7490268698918309142,-7.431257883390741,3.6651320252393953,-0.3799209915734534,2.4329021853679498,-3.3161662270667,1.67922352849822,-4.644491109130056,116,8,0.0,0.0,0.0,0.0,7.852040501146316,5.026424806990628,2.4520841251091943
7490984274049469718,-8.051355686015265,3.043279537336358,0.48133317648773183,2.0900342234845235,7.162634667628429,1.7243216170895797,-2.7427347587875883,124,3,0.0,0.0,0.0,0.0,8.530464595097175,-2.0621661657050563,1.571720702813925
7491219464474856727,-12.119425156906539,-1.8538653011666597,1.7172655804772432,-0.57287839107496,1.6530998278710665,-5.071717188013825,2.788364728142507,89,5,0.0,0.0,1.0,0.0,-13.368794031526871,2.0402132041309637,-0.38280305910858725
7491322585624349974,-5.018720788028044,-1.8704673314229918,7.965602290988556,-3.027711693935736,5.317162767564846,-1.9299362439844863,-2.0560044782812827,184,3,0.0,0.0,0.0,0.0,7.526889644414546,-1.8413420275876966,1.4145371619337654
7491632736105450774,9.699868511565931,2.55510387798304,-0.19428347421646885,4.781952115821105,-4.954779154886804,-0.6742773025414455,-0.5084460830164179,188,7,0.0,0.0,0.0,0.0,-1.7208798422657539,3.3530615931305032,0.7641226218199837
7493248933460741378,1.7567897615636439,8.80552210561245,4.7860635300264684,4.866101564561487,2.675353117611432,-2.160672337503494,-1.9293659467160815,75,5,0.0,0.0,0.0,1.0,-6.315999810695083,-2.0423630841850686,-0.2918043270005734
7493891893026180374,-1.7960754014150675,4.382253916844509,-6.110635912355953,-8.15137553738643,-1.8227817757640545,0.5617348701949151,0.9111243180490547,163,4,0.0,0.0,0.0,0.0,-0.2369561133303559,1.4305546818613148,-2.181083078081061
7493955664008498454,0.6530394311784743,4.6487921056178365,-9.415445495053538,-6.523786710641629,-0.38866185522897134,-0.5244146554677372,5.073805923669428,100,6,0.0,0.0,0.0,1.0,4.3000759789597245,-1.6958120733914335,3.73419836249903
7494193739187916054,-2.5972473576926505,7.194182333818027,-1.570182856589318,-4.41763843363212,-3.7808706789444106,-2.4500030424277206,0.3393455746782268,90,3,0.0,0.0,0.0,1.0,-2.3110943333025475,-1.1103129127616551,-1.76881855207834
7494205664135236886,2.22590254150513,1.2756010222190262,-3.4042931494736868,-8.935652942578061,-4.006483902374615,-2.590343195967815,0.6338744717669319,116,5,0.0,1.0,0.0,0.0,-10.156675225186914,2.10985066578793,-0.8237885563166566
7494230009050139926,5.542105622772919,1.8456544391517076,0.8337261716422527,-8.046232401496045,1.4482398343502487,0.7344223610366051,-0.6373888669238931,135,3,0.0,0.0,0.0,0.0,9.6630169212019,-2.7744809839726656,-2.5120348772823418
7494238893546474774,-0.8299515414277885,2.774538443991471,-6.7607055534026035,-12.38712103752734,-1.3357097922693872,-0.4127245948305414,-1.9028493847657646,124,4,0.0,0.0,0.0,0.0,-7.104439441105091,-0.5993632503799656,0.4569479781841607
7494590607797554454,-2.357312482032314,-5.808172189160129,-0.6129493844423536,-6.213251118154346,-1.3161410899559252,2.9490555514619077,0.8325117935411173,612,6,0.0,1.0,0.0,0.0,-6.95300659269529,-2.2456475744739506,1.742417265551516
7495322095065238806,-9.84691932780463,-0.49783547925299065,-0.4701531989840765,2.395009739425527,1.1496805890671329,1.2858436566863942,0.89056650276772,377,4,0.0,0.0,0.0,0.0,3.111922941161883,-5.725081043503553,-1.673439123592743
7495368561821535510,-3.1470102517340606,-1.8444174476055166,2.276457432833177,-2.6271815665325287,1.50077555919562,0.6878434529513647,4.739200704148285,93,1,0.0,0.0,0.0,0.0,-5.82808751324453,-1.7689785005101832,1.7072006262043926
7495455289882184982,-4.377563347111038,-11.035830016750584,-1.6390288880046795,-1.83449830284794,4.076680004250449,-2.865564758269941,-0.16788600276820229,167,8,0.0,0.0,0.0,0.0,-8.411379687814685,1.886597760660739,1.430687048037587
7496799936558796054,-1.086838127557413,1.8253991447711608,3.81257253781775,-2.442975676509283,1.2250739848241983,1.2274032997835969,-0.6365971535359258,75,5,0.0,0.0,0.0,0.0,4.603859115048477,3.8783901772776974,1.3313395034104663
7496845046814166294,1.5915737185952352,1.3493303763398778,2.5364820190797364,-1.7382445093859644,3.732006974423171,6.214681988976181,-1.6666621490997124,68,5,0.0,0.0,0.0,0.0,-7.251004489861556,4.241920902230039,-2.9965873762106097
7500926454671232278,6.8913837912773515,-2.879987672580742,-9.664735183432375,5.65022422503683,3.154180239632197,4.376310154194609,4.572704931477079,153,8,0.0,0.0,0.0,0.0,18.744787381169978,9.47299616458337,-6.415982063744157
7500939642972212502,0.6620792280473762,-11.435326219967074,1.5050361658412665,-3.31252663466793,-3.2718676756485716,-1.1977459523943823,2.272161777644278,110,6,0.0,0.0,1.0,0.0,-7.597635841967982,-0.5229948098937087,-0.38542595026487797
7502082897935928598,5.603465913325357,-9.00405011381656,4.497574062289253,-0.25680041316525826,-0.6780953279016747,0.35617933012898734,3.1282070512262132,97,6,0.0,0.0,0.0,0.0,-11.07784166352635,-1.4455628403750533,-1.985423653498675
7504627479449963798,0.4510754089842649,1.194203879683074,5.675515009440483,0.9428390706723622,4.654217909880529,-2.1757677835942077,2.240740660650728,655,2,0.0,0.0,0.0,0.0,-2.348315317634558,4.650190645520735,1.0688680895257099
7504668782045039894,2.3881920541854345,-11.354235105964973,-0.550152170789332,-4.695320233993986,-4.1010599053815175,2.743614456588385,0.9335491914274588,286,4,0.0,0.0,0.0,0.0,7.01458535728065,-2.4857457792520408,-5.3177033317471505
7505058159258504470,1.6613443125432446,-10.67702084173001,-1.2329943944576238,-0.1027809483310862,-0.3746771780980876,-2.429330052260807,4.591596800357163,197,7,0.0,0.0,0.0,0.0,-3.3028902260533926,-3.243314439113567,-1.6736191165261678
7506217095441435926,1.0721026459400211,-12.686452911147185,-1.9475854334596734,1.1191386896832691,-0.41243765000554944,2.6644314882676747,3.2482949264812775,118,8,0.0,0.0,0.0,0.0,-8.56617790100366,-0.23665280682620518,1.7462808738832158
7506795063012232470,-0.0954247979937244,-14.271297723335017,3.7325307047719174,-2.1377835174550714,-2.0631458326199996,-4.782616213130515,1.8150526961740951,133,7,0.0,0.0,0.0,0.0,-5.429398236940859,1.8905712770990837,-3.3479143711594777
7506824474902433026,5.0499563326539825,-6.428814031986311,-8.756153189222335,5.000939992122859,5.811617751101482,-0.15727524872475923,-0.2011182740663541,128,6,0.0,0.0,1.0,0.0,3.5078799877116498,2.6631694584476344,1.6104066075326446
7508716246301510914,6.008024251264886,2.5252697348393256,-6.409705842222869,3.4857407519049337,0.7760381923294305,-5.92565192153579,3.2476629406696116,109,7,0.0,0.0,0.0,0.0,-5.714537223221732,-2.2133805919268994,0.08619511592142672
7508723396641852694,5.424019063442847,-6.560320812097836,-5.88775251612093,1.537168831646939,2.4769683198590413,0.5200512713944561,-2.9963226798238876,247,7,0.0,0.0,1.0,0.0,-8.714476540880934,2.1014187354823375,-0.30115041658248226
7509512878026788118,2.1606318944004204,-5.990681529215366,2.1687862313975574,4.952713913169633,-2.1393895403666714,0.9097097448213559,0.9149162080887441,543,4,0.0,0.0,0.0,0.0,9.596275131180487,-0.3113052849045843,5.321358238003519
7510326060676975894,6.827319735962685,-2.2948425733419824,-0.8483407342086872,0.5022398603858885,-6.888089739776761,-1.691840331912793,1.0197674107701324,142,4,0.0,1.0,0.0,0.0,-5.714215895787018,-0.2107675562895472,-1.7422628377269036
7510479503592901910,8.9075395269004,-2.7990108378357395,-3.2926866844693574,3.0942757965216168,-1.582094808939129,2.369324417794029,3.351792527344679,142,4,0.0,0.0,0.0,0.0,10.893137232170151,6.17584962150886,1.8777352452717238
7511669950990290198,1.772059847797669,-9.129417627297432,3.000374622531927,-0.046834474994241315,4.1800988269725545,-0.18467620877133784,0.7891780582677058,119,8,0.0,0.0,0.0,0.0,2.8063018049756057,-0.9792630270176134,2.6928203715533976
7512478582627732758,2.4715813338264416,-13.882443610671121,-3.56954991961167,0.3926858110856606,-0.3951145099627783,5.720425467549019,5.428811743707601,154,5,0.0,0.0,1.0,0.0,4.420465605743265,3.617788776921851,1.4666370291373199
7514700901009886486,-1.0759515289077357,-14.36122878359357,-0.3187755655257441,-0.20607607955289411,1.097634506527587,3.4326951949615667,2.558554685817189,145,10,0.0,0.0,1.0,0.0,-3.642887862433409,2.132366620998624,3.92859110394697
7515407893357759766,9.133282718377451,0.6503604429135414,2.4831021791639873,-2.529490049802019,1.023377098535277,-2.706110796092916,1.891135639556098,91,5,0.0,0.0,0.0,0.0,0.7156212164347855,-6.641796411780131,-1.435066520679564
7515834191922072854,2.044968187372377,-10.808128083998996,-1.4865099157097401,5.395816434819194,1.9114647607859092,-0.7358415123408236,-5.173410523429611,236,7,0.0,0.0,1.0,0.0,-1.7184038476080363,4.130769383464712,3.979490150608941
7516624091097337110,-1.7405127543958225,-4.036873860914615,-0.3534269627371001,4.556601134963125,1.1461080637112737,-4.81808701979735,-0.36148034289519576,92,2,0.0,0.0,0.0,0.0,5.119320157287988,-1.0372263581195171,3.124222920446093
7516934430083091734,7.720006057930551,-1.870515846400305,-4.510286923415748,7.166722659262611,2.7245235055479142,2.6096152223492024,-8.300262516355199,114,5,0.0,0.0,1.0,0.0,-9.188405122987074,-1.5881961670100564,0.7653650643513376
7517305745210232086,2.1481736993774168,-8.843239789575218,-6.351318819243236,5.50817581545531,1.658535192315119,1.9881084156344748,2.149511425308385,118,4,0.0,0.0,1.0,0.0,-10.296880186527977,0.0406641319204054,-0.0901787606722707
7517644986310020408,-0.3842087382441886,-9.921662330844082,-4.500536508939912,2.888320628773908,2.5934108886185023,2.242775029512442,-0.5230061342878781,83,3,0.0,0.0,0.0,0.0,-0.4793010556446931,-4.912904483561952,1.6998269757916253
7517676181366295830,0.7522475546318926,-4.834719617699324,2.9666702561537024,4.623663943444896,-4.0880392479678145,5.155202840549832,0.5281491920651623,46,2,0.0,0.0,0.0,0.0,7.408253118400785,-0.456644714946269,-5.359505141742923
7518292077080268054,-0.9314693476490181,-11.654700236094312,-6.197160615402738,6.323288772886854,8.289021847035835,-3.952396963466747,-0.08056693906510538,83,7,0.0,0.0,0.0,0.0,-12.666841653526689,-1.2007243520709274,-3.670618333424372
7518400955877199127,-3.3527722908079998,-10.988605615728428,1.2003928426173118,4.4390359484089865,-0.8441790456654212,0.297794122629294,-1.5847053563770384,152,7,0.0,0.0,1.0,0.0,-4.043882265543504,-0.4252290808332961,-0.5289399831826963
7519058140860583190,-0.5219383929114454,-11.597195348238568,2.8135032034834504,-4.298037818676108,-1.1830741400926477,-0.37139723627859245,2.3359877876443274,104,8,0.0,0.0,0.0,0.0,6.62216553646328,-2.373675690677377,-3.298978325433566
7520150754858896645,-1.3749434816511628,-9.8975804061828,-4.260447012652973,-1.4289845189851755,1.0535665052223064,5.916348371592983,-1.6712706414032226,61,2,0.0,0.0,0.0,0.0,-0.5240926173289049,0.8539875567112144,-2.8996432203439424
7520582757412556054,3.81051167033713,4.0859717821425585,1.0693813629059605,-0.3681861914583327,0.8931967796841169,5.045749367720588,1.3465127168134017,140,3,0.0,0.0,0.0,0.0,13.630289443393744,8.232159687962472,2.882529480254208
7520640970199698710,8.81022585833034,-1.550066427258551,4.859584878405074,2.081009890836676,3.16349013540485,5.644924133841021,-1.0887280600783644,86,6,0.0,0.0,0.0,0.0,3.908242554083974,-2.786321063428482,0.7865691366559809
7523154104273915158,6.602484510091002,-2.7369654856044394,-1.31443426159109,1.7593762676137077,-1.244347724431401,-2.084585541158937,2.276885669419532,219,5,0.0,0.0,0.0,0.0,-4.763816354218248,-2.192636919412335,-2.4845333713483724
7523190975850679554,4.562446005454398,-2.9401416340487594,1.5906773277993693,5.753879205869879,-1.2550205723273398,1.0167264429864817,1.3634161516232823,107,8,0.0,0.0,1.0,0.0,7.49167890642396,2.7161363871162885,-0.35676522333719474
7524285666692271382,1.0792549064518453,-6.998280957260662,-2.466952537267456,1.045203134688384,2.7135148039753747,-1.71186889308433,5.139595924259726,71,8,0.0,0.0,0.0,0.0,-5.120661264122699,3.937628702077121,-1.774558568270203
7524347836541046038,8.832842251602935,-5.69425341200729,-2.5842528455418896,-0.6528413649081841,-4.634025860727688,-2.0664282283920494,3.005047044288986,120,7,0.0,0.0,0.0,0.0,-0.6312254565538796,-0.43810044883808746,4.772715948079257
7524995526518000901,4.668001347114401,-8.179159743376678,-2.5195612082657264,1.1726750589909416,2.871364512079538,2.8716135043324567,-1.4165305125941554,74,3,0.0,0.0,0.0,0.0,-9.60418862917247,0.3056570622604841,1.3046286973501549
7527665793501318456,-8.849663243028852,1.2287679698469944,2.831566905641458,0.5650103638267255,0.9819694527819555,3.2333411818714795,-1.3443145490709605,41,2,0.0,0.0,0.0,0.0,5.11368200036376,-0.6417500781371381,3.8641559173123485
7528398053666016534,3.6344955621839623,-10.027486598045423,4.123239965211006,-4.904454905073378,-5.640809044239746,-2.31112064135991,-2.159616229561769,109,5,0.0,0.0,1.0,0.0,5.320697136118588,-1.066050283278246,2.03886722818528
7528433357093358870,-2.478319848129835,-8.699350415610985,-2.0046326252697297,8.371577535010683,5.048339988678872,0.3819987056445119,-5.765246481968953,762,4,0.0,0.0,0.0,0.0,1.9181420453805895,-3.295591056015271,1.8775566806298463
7528439846218550550,-0.732602450188941,-13.016496228424215,1.8407942060528775,4.81117328736635,1.2975265118737933,-1.2239159738611032,0.7165766615721508,108,8,0.0,0.0,0.0,0.0,0.7492849635775861,-4.847991461381287,2.298066081967955
7529427220335496450,-0.731757315414762,-1.3783428073579316,-0.8439006889248336,10.17051033487159,-2.4459073481884572,2.261850708890942,-0.08676574266787224,214,2,0.0,0.0,0.0,0.0,8.716845736342455,-0.038735003052314525,1.7462040278475617
7529820615637847318,3.9209104281983342,-5.193661426851708,-0.5375720056720757,-0.07783666784613467,-5.141428401590471,-1.7630844362143885,-0.2936903854998326,58,3,0.0,0.0,0.0,0.0,-3.1318248472280303,2.7898574822737787,2.845227262992182
7529912051498552598,2.080971783598875,-6.25403981025301,-4.936691456893251,-0.04007345508445956,-3.6643924769537195,7.448527329909158,-1.3485196625034723,115,4,0.0,0.0,1.0,0.0,-3.4427666859853634,0.23275197429232872,1.2126846677175052
7530943991257386262,2.386264765028756,-10.423335818991752,1.172143428043067,1.3515706353410961,2.312748252242854,2.0986597300207603,3.8957156646988382,97,8,0.0,0.0,0.0,0.0,-9.308602246532187,-1.7227915759257924,-0.30836660013500705
7532382235463339286,0.6721282586223272,-9.691091894293125,-4.224843431663219,6.204295532676126,5.867491974124652,-2.849342009649415,-1.0721486547282097,192,4,0.0,0.0,0.0,0.0,10.553648318402274,-6.7895919820884725,-1.5473248875558758
7532594185912847638,1.4408707532654677,-15.376691645494006,0.5564874658331201,0.8571454682975479,0.02654576567114052,-0.4249530073315711,0.5127403577485394,96,5,0.0,0.0,0.0,0.0,-4.730253360496186,0.7749207407032521,0.9106359348056745
7533124404062981398,5.650610793101475,-3.1968093131185693,-6.008372031837494,2.8943577777959395,-1.37565122352295,0.42045030511463316,-2.8947603910931337,175,4,0.0,0.0,0.0,0.0,1.3685748702036429,4.106263671610276,2.4591003197374546
7533680078866238742,-1.0223010481192523,0.09995257736616683,2.514765669891379,-0.5960031249234636,-1.5605465731835237,-0.07084879865880395,0.6557644943363599,118,2,0.0,0.0,0.0,0.0,4.355786113871926,-1.0962801268756635,-1.9430310250350338
7535123405562006806,-0.302138016094204,-7.8940269177837905,1.032562459460635,3.295173423928051,1.6419981398138908,-1.6751469598642226,-0.6578246859565697,422,4,0.0,0.0,0.0,0.0,9.723832278547054,0.7421541309518617,-0.8429463707465389
7535476048444558614,1.0255657916262475,-10.109114992060933,0.25118731037475567,-0.3284773297269572,1.3389079659387084,3.8494954720025523,0.2576068567260523,459,4,0.0,0.0,0.0,0.0,-8.767875354317995,-1.1101485760543437,-3.876796341168222
7535840388725378306,-2.2240015373124633,-15.443023437991442,-0.49734433332619943,0.6332545726155958,3.956486303869646,-2.882146848398504,0.16210313200366766,133,8,0.0,0.0,1.0,0.0,-8.141875494991666,1.2717965888072278,-2.109480342159671
7535846060476976406,2.980179375171053,-6.722454632726788,-0.6362900578201571,-0.025803827003654457,-5.790577874866189,0.678708599101385,1.1256037860141217,174,4,0.0,0.0,0.0,0.0,-8.08216329007891,0.8748069456064134,0.7201966921656696
7535846685101149462,4.872126018012046,-3.1049065839823875,-1.996639602994552,7.823294551296449,2.694088262905964,2.1881274770461903,-5.288889959327627,454,4,0.0,0.0,0.0,0.0,12.482174250181588,-5.072781021022032,-0.493222272526809
7535846854743821590,0.1253641180487222,-8.768851216950962,0.5857550810164142,7.620716676046699,3.0595904012580806,-1.3519602768647045,-2.6457065537700934,181,4,0.0,0.0,0.0,0.0,-1.5978267940032276,-0.9397709520293507,2.7742953183436567
7536170254989315350,-0.2113369209439805,8.009435026554684,-5.131240311979189,1.0221247990478655,-1.671225617655296,3.0002849459304564,-4.362117537072471,78,6,0.0,0.0,0.0,0.0,-2.1475357482896666,1.6374047093031898,0.6131402105139367
7537707440142454038,-2.418339794600017,-1.1011252911050007,-0.527260176473325,-1.6003032304463387,-3.5311519940532192,-0.03920686020671502,1.087549969846116,459,5,1.0,0.0,0.0,0.0,1.1533181749926884,0.08008281690351034,1.5215737899508988
7537717748512705814,4.889869571223492,-5.025987160986556,7.106871809422077,0.9302748074664308,6.502698271142201,-0.6228834608230488,0.31217509272743477,83,5,0.0,0.0,0.0,0.0,7.066322176333277,-5.293868628008615,-2.1548092262363063
7537787296209259782,8.089301865560856,-3.1405282205990757,-3.8066825403940907,2.201065463293249,-0.9933194550403698,2.854267528617019,-1.1413450089131971,197,2,0.0,0.0,0.0,0.0,-3.1100579491167215,1.6993981694548204,0.8590821198742411
7538076349500689666,4.553555727270706,-7.34897900799943,-0.7458101804005557,-1.2449307208320253,-4.755950739851323,-3.6798552557478232,-1.5799101010775707,127,7,0.0,0.0,1.0,0.0,9.526283217613033,3.9161613524226118,4.3818129759864535
7538370537211432214,-1.5812876615321092,-11.159754615197748,-3.1454292411823133,6.574153582265953,4.563036611255265,-3.0376175394788705,-7.44152993990891,100,6,0.0,0.0,1.0,0.0,2.9985636515140337,-1.8250185889187436,2.082151569043204
7539973950877584662,0.15853820508755806,-4.377781021614566,-3.746020363191273,5.770850379074254,-3.438468371231287,10.08586589892294,-2.2766178403426407,225,6,0.0,0.0,0.0,0.0,-7.653977069947404,1.3599546109253884,-1.8116532808064307
7540185950714875158,5.231038715754321,2.413820783931075,-1.883067187505159,4.977625742798119,-1.8090524624825957,-2.8877114720693924,0.08259673190147951,116,0,0.0,0.0,0.0,0.0,18.27373866486281,8.743699049415506,-0.45795393953203367
7541326779697564930,3.1566878747102463,-1.6566608339025073,0.13846374721045243,4.124956117161716,-6.6514690336994855,2.482135313395542,2.2297790531876003,386,4,0.0,0.0,0.0,0.0,-4.135822315253362,0.03666941798991996,2.9853321102460697
7542515768215211286,-6.167721818931767,-11.800117509629018,4.787675440499665,-4.49810801940079,-4.274003238902472,-0.529087035504937,-0.4028316429656975,99,7,0.0,0.0,1.0,0.0,-4.2361800564609675,0.018694031867861817,0.20060583466879317
7542538735116684566,3.8066724769694815,-2.3506760488441896,-5.996799230714097,6.666531412097242,5.888372313641666,-4.431336028188836,-3.2900603630727057,114,4,0.0,0.0,0.0,0.0,-2.2653137183298053,-2.3691113305802904,1.6459723653831104
7545046455229205782,4.287794524489599,-3.753111949382611,0.42753711164476943,4.194599789447721,-3.1960183666169666,0.8041832243129848,0.6982726358827732,104,0,0.0,0.0,0.0,0.0,-3.38495785919481,-0.9166806193842849,-0.018256719195897535
7545446733921209622,10.03307971726305,1.164567172166735,1.327516355490741,4.090400526876137,-1.8322279435273041,1.191974544024203,-2.3993176694186453,443,5,1.0,0.0,0.0,0.0,1.1796027940239608,3.955693073145061,3.8528638264552755
7545528304237841720,5.446180719382343,-3.872944677431001,1.2011795796927867,1.1397338124856937,-0.1648062047709994,-0.6358368843548075,-3.483941134374025,59,3,0.0,0.0,0.0,0.0,-9.799201049681448,2.5677476916285924,0.5133180376045293
7545851939586723094,3.998878697914362,-8.111493500981284,4.695810317714953,-0.6500587893737855,4.266759397739545,3.77817011180093,0.7683785384937802,54,5,0.0,0.0,0.0,0.0,-5.837327255637985,-2.488219654196646,-4.173957441214476
7547707789863406870,7.8248147897752895,-2.9987713403941796,-6.091565709375506,5.604561674765076,2.143258466178868,-1.2300491508641846,-1.888003415021011,134,7,0.0,0.0,1.0,0.0,-3.1417336170073127,5.547832545103063,2.7702772617344165
7547744113433627926,6.171088832301398,-2.3651125726945237,-3.763196218342233,3.802206461766751,1.180542817769481,-1.9838059098945608,-2.046420969738509,160,4,0.0,0.0,0.0,0.0,4.841939469615231,5.161778397709789,0.4779351601026358
7548437152137350422,5.246791400613203,-2.4271882179690163,6.214762431203148,-2.702258664844841,1.777117300632538,-2.019701497810899,-3.200143219424093,81,5,0.0,0.0,0.0,0.0,3.3260982530331464,-2.6790822801353436,-3.949819407122058
7549089036447649046,4.176541855526265,-1.1803731306950356,-1.5359032921013458,6.207045058351718,-3.4117844094163408,1.9289353732873042,0.0974895100889058,149,4,0.0,0.0,0.0,0.0,-0.023809800595951277,0.526084804496785,-2.7914050756083832
7549175046128831766,-4.027887622751382,-16.53391152876805,1.2423173903263518,1.6474824717716288,4.936397494832827,0.41684336474279277,0.4718265775228033,96,6,0.0,0.0,1.0,0.0,-13.518447655917102,0.3440221765366696,-1.8535208038272277
7551795663772798211,-2.4051021602129734,-9.81142256462384,-6.129426404906801,-3.786178111018946,1.096875558419038,6.6492789549906774,0.3950292057247111,164,4,0.0,0.0,0.0,0.0,11.076203327178632,-3.2999010063902117,1.4463266034459135
7551820830615899414,-6.821384858749269,-10.602720158729397,-0.25364380017067195,0.5543151861880811,3.4146120643321165,-3.339179906514586,1.4318913357339194,112,0,0.0,0.0,0.0,0.0,-6.282404594925626,3.8030281122861567,-1.440328846200124
7553173878785297720,4.825488693264531,-3.2424637508608085,0.8728305696665596,-2.5333473091243213,0.32906017173622754,-6.6631369081968534,0.2487413660633535,117,3,0.0,0.0,0.0,0.0,-7.5779443922565894,1.1884077096603407,2.355857338771631
7553223847730777346,3.6756854698909533,7.244578528747097,-2.68855389220488,-4.512302220941701,2.629401883600776,-0.4637285696341321,0.8160800041192428,132,2,0.0,0.0,0.0,0.0,-7.630045366849848,1.193744957222716,-3.636898535476619
7553554500972367107,9.111819461325693,1.7155181545901566,0.6503571746644147,-1.4095701093634379,-2.241652662401162,1.3102157794451479,1.1625370566371678,362,4,1.0,0.0,0.0,0.0,5.894365603645517,0.5257051542035055,-2.2182266750348005
7553663983383858454,1.821849249851671,-10.496399740068101,-1.0111475813795643,4.465298436062071,2.009172448885935,-0.6105014759247283,4.352669324786647,157,9,0.0,0.0,1.0,0.0,-8.014333001627458,-0.8046078319964133,-3.7292656753452254
7553924193562266902,5.591925416902487,-0.9362059559258354,-2.1657373243840516,5.939453119758411,-5.047772162674529,0.5500533047205541,-2.4913995290354842,168,3,1.0,0.0,0.0,0.0,-6.63357927185657,1.8633187531757156,-0.5880610955698223
7554403190200945942,-0.017515274815853046,-13.289498785340614,-4.705768117870807,-1.8962453506718078,5.052390847819708,2.76249239694904,2.723326709246429,81,5,0.0,0.0,1.0,0.0,-4.016788180485007,-2.3004317200233735,-2.7545406851743963
7555760932794764566,7.6576889096055165,0.7644000373660246,-0.28836312935670644,2.6378999953875906,-9.762538041234494,-3.284059466883855,0.34586114834039083,724,5,0.0,0.0,1.0,0.0,-7.758632923601141,0.3177103876836921,-0.2609376674221785
7556260834817723670,-1.9096951894070395,-11.509534423340162,-3.7099580457307355,1.600711260040611,7.429253119792299,-5.1652603948864515,-0.41814317257844325,138,5,0.0,0.0,1.0,0.0,-5.08509142563025,0.6092816154305367,-0.7141051649719871
7556661292233379075,8.918587170365914,0.3798529677103464,1.5289318769179934,3.1222370045297323,-5.6527085602312095,0.18563713983970684,0.16481182608502912,277,4,1.0,0.0,0.0,0.0,6.801627774233651,-4.675721000154825,1.3447376585535449
7556999098637880598,-7.5826475908745685,-1.5554260249786003,0.604421152694043,0.1608767786136118,-2.850166504887129,1.2116714506264445,2.901854984662505,316,4,0.0,0.0,0.0,0.0,-5.907410517518068,1.3967815595031379,3.6217375258999565
7558085942557347094,-7.0728363367099245,-1.0913582700822655,-2.1417406718025203,-6.234671072009619,-1.298962239935438,-8.334748186585834,-2.5021263583127356,96,5,0.0,0.0,1.0,0.0,-10.153915666586784,0.9958534985422486,0.46984245664651925
7559134249731853579,-10.863646001378045,0.1051358771756234,-3.447745284387016,0.638943503068879,4.249939109679628,-1.466675464962979,-2.3733798111581774,57,3,0.0,0.0,0.0,0.0,0.3013479402490354,-2.6610936483392202,-1.3657923431842132
7560707094018542870,-7.810977448264743,-0.35263184275929266,0.5818529603296175,2.7915556230139194,-2.393476385076579,0.1315142093956013,3.056644070563238,86,2,0.0,0.0,0.0,0.0,1.1041371209877175,0.3645763104365154,2.2581488439493804
7563265888623840534,0.5712716117537909,-0.3563540998475103,0.05914228623775958,-3.196598546423874,-0.4304881763805605,0.6791183112761068,-1.3366827319340984,166,4,0.0,0.0,0.0,0.0,-9.61742194894883,5.02718534222572,-2.3315055918950156
7563724139240885526,10.48927664852318,0.8890037541508534,-4.139340423237485,1.077639166498959,-2.3217128141090826,-3.1858590971219347,1.9901170808518718,86,3,1.0,0.0,0.0,0.0,7.459930588988842,5.365208422995105,2.504923510179536
7564069366606679318,3.0529960816996486,8.027513682526562,-1.00143454212778,-5.7850115569124565,6.204518295303607,-2.7718333450452852,0.3910186498490599,38,0,0.0,0.0,0.0,1.0,3.1481991240264984,1.6845005241646582,-3.4658823285771865
7565230748026899734,-2.306156408910814,4.49337341766397,-6.0564845640591365,-7.485323849587116,1.007861777761842,-1.8108852073804527,-1.4341191101455883,86,5,0.0,0.0,1.0,0.0,-0.41166653379925106,2.487858703197235,1.9735426663028703
7565890573115165974,3.1173182216631083,3.7613560513526547,-7.0316856815478,-9.830363139763417,-2.549554977921262,1.521642453242396,-0.45745143615575246,143,4,0.0,0.0,0.0,0.0,-11.351682045049976,-1.810945432401696,0.07698707710904294
7565953021411216662,8.199156320981341,5.014050974513695,6.776355573813503,-10.283019731147931,1.7909212964016112,-1.5096176525434302,-0.39601203699833104,43,0,0.0,0.0,0.0,1.0,-2.6199155492371795,-1.5302679662967957,0.6753178379282769
7565955844764863755,-8.049850221029276,-2.3353990994187233,2.183880606349349,-4.034156140347517,4.398267621975621,1.8173994323865352,0.7557234354943559,60,4,0.0,0.0,0.0,0.0,-4.022366231886193,0.2846543606870376,-1.1837538911824235
7566270741134462230,3.733046930237787,6.4801645402256325,2.9503922572323673,-1.6539733017678924,1.2925542115595554,1.5256764657230981,-2.662751664757429,66,5,0.0,0.0,0.0,0.0,-1.5898669804929966,0.9757388538833337,-0.754882143538591
7566297785914412310,7.069324991064931,-4.860717780255511,3.2326109601470745,-3.7036511046161635,3.944501094727835,5.930139319700583,1.6792664762937597,133,4,1.0,0.0,0.0,0.0,12.837100065886,-2.6775201667672266,1.6632487308037944
7566313596351778070,0.48734254029009555,6.575299346127724,2.2381215822069596,2.743891398184922,2.151696843461384,0.40597853879845913,-2.419557451821903,51,0,0.0,0.0,0.0,1.0,6.089113481502543,-0.12332461457753238,-1.4661528089700608
7566632651352853782,3.725343492501408,6.808091674974458,3.2765459348320443,7.701030684351221,-1.5384555236614923,-0.04498336998839649,-1.2349101235989375,132,2,0.0,0.0,0.0,0.0,-2.925524673149605,4.087858219839134,-4.911439419205381
7566676756199951638,6.894186879375911,4.064999447139925,8.913781702537015,-3.5388915148886264,-0.8510288623996227,-2.8183077542326322,-3.4770155161978886,54,4,0.0,0.0,0.0,0.0,-10.389160567337715,-0.34850272408372956,-0.2643193651474266
7566939859156290838,-11.5536629209105,-6.854615104699374,-2.1722691012465916,-0.12996581439418695,3.9061319255239217,-1.47650311244089,-1.7631218171072252,229,4,0.0,0.0,0.0,0.0,23.72456214413303,7.217918267296146,-2.1047480336967612
7566941841996647702,5.421364927704475,0.9311616099203811,2.06589498378781,-1.5534756519357549,1.6105115528853406,-3.7585130494658094,1.5410065749501005,43,0,0.0,0.0,0.0,1.0,11.839941760074236,2.2180309321718807,3.4643094990079017
7567386738709073174,-0.49311211997301707,-6.882167644720418,-0.04846449840304589,-0.10973877254456231,-6.034722121309827,4.27214948893358,1.6849497808452985,127,4,0.0,0.0,0.0,0.0,-4.9077467853916605,-1.725806618213135,-0.08234325762942751
7568382003330993430,10.47074518052353,2.5401120114737843,-2.4897726861019582,2.932221209396686,-1.6829310052992328,-2.487205078766365,2.849393936464776,108,3,1.0,0.0,0.0,0.0,10.712010836017786,4.8803358501852445,-2.680006228276429
7569206708090850582,3.4928920619571064,-6.265194636460888,-3.9206803435093627,-1.9857484182265992,-2.947264679050866,4.179690656994748,-0.5464916627527345,210,4,1.0,0.0,0.0,0.0,-5.402457715169049,0.47893163921303994,-1.7078154838119002
7569526874024512780,8.104379289627747,4.694183492538924,-2.3083764782142056,-2.041376302154512,2.3119265186203974,-2.8414957378193475,7.592359465180251,94,4,0.0,0.0,0.0,0.0,-4.512883982977952,-0.44665626296877914,-2.4736484240498613
7569927329154190614,0.15361048941641198,1.1555886616481954,5.278669734965905,-2.4647330562533685,1.8158184196202096,2.0994010269096104,-0.269354489781936,67,4,0.0,0.0,0.0,0.0,-1.6133972968685595,0.2784955323215815,-3.1799131464492625
7569964600523853078,-1.6976975492776243,-1.7279175031677516,4.0781986618654855,-0.9158895626153811,3.391301092610486,3.1008377903651363,-0.6572530054972259,140,5,0.0,0.0,1.0,0.0,-6.702063615741502,0.7270043000484884,-1.8522749855770306
7570012092829748502,7.498251552660227,6.966014917621639,-11.370119664792806,2.4238691927779885,6.354392751394923,-5.2027461144013065,5.437158273910906,124,1,0.0,0.0,0.0,0.0,0.16430518487816606,-1.7605689919663035,2.423803533071938
7570044496004533516,3.600613014869569,4.005842766194754,1.283079963692261,2.539771038415896,-1.5468721218010903,-0.6238710836234463,-1.6862870708808921,210,0,0.0,0.0,0.0,0.0,-4.02192063496756,-1.5503677222558632,-1.6658914444822484
7571134268403895574,7.665047031971673,2.2084036849658237,6.663853175588901,-1.3690997610350222,0.643506904629244,-4.634747261023313,-0.19487290365085405,166,0,0.0,0.0,0.0,1.0,6.192558354709847,-5.170917408467596,-2.4408095217832737
7571821778746592534,1.6974089823932497,5.610270012428268,2.5005413967844405,1.0392417470396078,5.878238178069308,3.234853923693558,-0.013714763348977957,61,5,0.0,0.0,0.0,0.0,-3.998596427577542,0.7180554265762081,-1.6667928636807274
7571893908754451734,3.146229058275185,2.711356181917807,-1.5397794901510324,3.5001109285894314,-0.3614499848832991,-4.4355187943274474,0.3667636626378567,43,2,0.0,0.0,0.0,1.0,3.187978821210422,-5.069607768475998,1.6000132192255165
7572210750937107734,10.257136332465366,-0.4606523257806622,2.736896177471084,2.6996770260655962,-4.738544975449928,-3.6105871077233007,2.407196459014706,87,0,0.0,0.0,1.0,0.0,-3.133829335630268,2.844947448926188,-2.7346564026144775
7572210786991344918,9.999953551798797,-0.30610471383503635,3.2742089632726255,2.2686809231185237,-5.200546238354865,-3.357154375481619,2.347901295426285,87,0,0.0,0.0,1.0,0.0,-3.227111795961601,2.8376094048243963,-2.6628468898969415
7572223162520177942,5.499773500860703,-7.2408257580842275,-3.7302400128211715,0.5689757340995019,-0.3659825843312858,1.8630931708810017,-4.549805637268833,118,5,0.0,0.0,1.0,0.0,-8.510760214558747,-2.354242268306097,-1.2280069302905001
7572235624627899670,-7.229002253684314,4.892247212500604,0.2875313825012268,5.435675569582608,-4.824590352762544,0.10277477140089779,0.3660585869190594,97,5,0.0,0.0,1.0,0.0,3.620435734250221,3.4152988290130737,4.196051676160864
7572598154063990038,-11.904531152849867,-1.943195719235247,3.333474123927845,2.439288592867284,-1.1997788254954342,0.22502169234773312,0.5394705957951524,118,4,0.0,0.0,0.0,0.0,16.0923207183091,6.10516770761192,1.282526198459402
7572605667299708182,6.931612576241168,7.951540884216238,5.43907403068673,-4.6727921989458405,3.5150969068519844,-2.7616967345901284,-0.5609017322452947,73,0,0.0,0.0,0.0,1.0,2.864648532618592,-1.2397771836603044,0.08597634598601107
7572922723836431638,-3.3435013877857105,7.527703336858958,2.4014344843638624,1.0289567982231131,1.6902954364729827,1.8794699573025793,0.25019730443716476,132,5,1.0,0.0,0.0,0.0,5.842386305899079,-2.9643180416645967,2.7091632163443333
7574759080368114966,4.804472498006608,7.5540173416211145,-4.163808755960712,-9.645311154461675,3.830514007126148,-2.669395887460764,2.5798223329746346,62,2,0.0,0.0,0.0,1.0,-3.0787936505135227,2.3975238142661706,-2.222914629973709
7574767270392532246,4.863230966089353,-2.422556513105344,-1.8464671535317188,-8.392003758384412,-5.576018899194866,0.49683938220035107,-1.717923304597161,178,5,1.0,0.0,0.0,0.0,-9.196313180829085,2.6058370030652593,2.6356821155476813
7574884067729050902,5.777003062308977,1.873698771251515,-6.559714689638097,-1.4143668307955344,-1.0470506342541566,2.215208525317248,0.28435909714884,158,4,0.0,0.0,0.0,0.0,-6.866073065487644,-0.8971877169306502,2.5186002151640077
7575105754374458646,8.225830687413039,3.2174236655117294,-1.3008978842266903,-1.5703303222393254,8.751873174985876,-2.7641641042513685,0.06680524823915862,22,0,0.0,0.0,0.0,1.0,15.759261942572806,-6.384569069859684,3.495229274914523
7575110522522144022,0.5887604533576354,7.471358219593661,-5.634779347396268,-6.1140945318224595,-0.11450500634265375,2.085792517840095,2.437228984194179,175,3,0.0,0.0,0.0,0.0,-1.5219660665711052,-2.6207254563914035,3.1693866263542585
7575167976853228822,0.6516066067072176,2.4823866700331245,-7.524700326124633,-4.425337972965199,-1.2467152222705837,4.791110968937852,-0.0559234223253866,122,4,0.0,0.0,0.0,0.0,-4.7142655418543695,-2.678078624034578,-0.5762343398061727
7575170897451945238,2.2593575892880895,9.354139576111358,5.669726666778181,-1.4473649684971603,6.832159207674472,-1.3164885315477046,-0.5733009460456324,0,0,0.0,0.0,0.0,1.0,15.097758234562395,2.1712032447085576,-1.5136423355867066
7575831202117045526,-2.0847517511992835,3.8941916433075687,3.936991038391847,3.9664093546445995,0.06470067062684987,1.5190060049765675,2.920552826218474,289,5,1.0,0.0,0.0,0.0,4.226489650083856,0.24985948925430407,1.9487564164164513
7575902535349816588,3.0566606251828725,4.33818921969622,1.0765651273074133,1.3077985524494622,2.6146293861261527,3.760637052555623,2.0047173003677026,52,3,0.0,0.0,0.0,0.0,-6.07071281894601,0.10511242881862924,-3.6385229417412517
7576309328584592643,2.136016300237967,8.221675310485594,-7.409453465069697,5.035765142896866,1.12840312063469,2.3931849601587154,-3.352351437914035,107,4,0.0,0.0,0.0,0.0,2.6276238911103835,4.325113029143609,-5.07528248584222
7576319921030827286,-8.189258312121135,0.652599498301838,1.2990119768731965,-1.6768656731738705,1.107639949202836,-2.5999213939850776,-0.0704290404809041,134,2,0.0,0.0,0.0,0.0,1.4055594473993358,-2.5432951738183687,0.5551705750145748
7577087400501857592,3.5109637098923185,3.9463480231011356,-1.2312091919135775,-4.047674079628577,0.675506413938837,0.8552095338560185,-0.5293546463582814,113,3,0.0,0.0,0.0,0.0,-2.2333627092709616,-0.6525482274390295,-0.491569199657394
7577088828171734294,3.832231200039973,6.501195901526371,5.704244430060756,-2.0070437604976923,2.2716400771672753,-2.4384777541672116,1.402712790163174,49,0,0.0,0.0,0.0,1.0,11.20582559479324,1.957168437566294,-0.8503850822598674
7577096797580053782,8.260880403324677,9.09750200890326,0.4289801103964757,-3.2967530570380226,7.666997113133662,-2.2882514748594707,-0.55178594947598,39,0,0.0,0.0,0.0,1.0,0.8140016268382049,-0.059405525847250173,3.2598135239727304
7577374333048196374,-4.376985333203123,2.7881725242999393,7.2233146960631265,-3.1915057556774578,3.6543896887452143,-2.1929520383683085,-1.727490891075889,47,0,0.0,0.0,0.0,1.0,19.119808599394783,3.2254045448422173,-2.4941168590718785
7577768828214512918,-1.2651516779674152,2.449397697619521,4.84877902177258,-2.1201457869892257,0.10391472279492996,8.342995172731504,1.2871509928337121,98,3,1.0,0.0,0.0,0.0,15.569843887784153,-0.3054231846474047,-5.989528274595039
7577797962017918230,-12.304534525461843,-1.6978446607402478,-0.5425517619525168,-1.2755981333117383,1.6350816911082713,0.44209917509643953,-0.030290292822539276,207,4,0.0,0.0,0.0,0.0,-8.260705882478128,-1.4727919085244394,1.7866272474948026
7578151818585328918,-1.7258817695116115,2.298382722039528,-0.6159005552127056,-0.6579980197061065,-0.10519248123752771,1.293390523853351,0.4830235684436809,137,2,0.0,0.0,0.0,0.0,-6.054472563917302,-0.6422426970782605,-3.458955961841389
7578256886286322966,-6.76509444819638,-3.829085126033373,-1.4064830891494733,-7.713377280198841,0.5383293321618703,-0.9310087073321751,0.6653830251167834,246,4,0.0,0.0,0.0,0.0,-6.339490020363258,-2.4037804844527395,-2.079528641662188
7578641094464867595,2.275068138402255,5.188398918351617,2.163545941270549,0.011211365645588296,0.5929534232953593,5.027140461420614,1.252201425541612,52,3,0.0,0.0,0.0,0.0,-3.9895239185809745,-5.277384567682804,-1.3714497642495682
7578925701114481942,-6.882782444883948,3.9825714789771234,1.580905514619518,0.44184289154482703,2.929651448501003,-2.859221771512978,0.6846560409729244,477,4,0.0,0.0,0.0,0.0,-5.870196254567656,1.6625697567766435,-0.39691612391563635
7579238923172547842,-5.956237107796099,-9.392070585740019,-3.3175704827864863,-7.690086898587195,3.187818437937615,2.827235276290063,-0.5504250705758421,115,5,0.0,0.0,1.0,0.0,-10.855580589721978,-0.009154078269686134,-0.1160001809308706
7579287270092459286,7.82864435741038,2.2658705160395725,2.7639941200100653,3.032269958918626,-2.0470836923248226,0.5976275433578122,-0.15413513787503028,35,0,0.0,0.0,0.0,1.0,12.701204920696082,-3.1170292489616456,1.2936218863798914
7579293926796922134,-2.9309248079986263,-2.284914306211782,1.3381280068642114,-4.617396502884352,-0.5769696997845679,2.9589280410702035,-2.777713353067055,85,2,0.0,0.0,0.0,0.0,-11.82297634953631,-0.8932719229268618,-0.5254449162562631
7579299127637363990,-11.417043807474275,5.86293292098876,-2.1108325662452914,3.717148042772164,-1.4885222075903912,-0.9670000054412742,2.2664639838151617,109,4,0.0,0.0,0.0,0.0,-9.507197054031375,-0.4790346859533572,-2.7042085791911563
7580000663845850390,-9.621288107463558,4.262332707667078,1.3981098635743059,2.823068605462065,-1.7694868730493238,-2.2895745328320913,1.4583613551651682,93,2,0.0,0.0,0.0,0.0,-0.5241527894586382,-0.5850659158316845,0.30951150138193506
7580037763580415244,3.3091857025985942,6.594220880522347,0.36155624501511946,1.6927879003230843,-3.1682125536295227,-6.346938388795308,0.881678793257488,81,3,0.0,0.0,0.0,0.0,10.360559951469881,3.3099917890382358,5.161267651163825
7580065942730738966,-1.78260444803847,0.4712426857695437,8.608605568391708,-4.859546745430359,7.658440868090494,-3.6938236712153367,-0.5308790973443246,37,2,0.0,0.0,0.0,1.0,0.8237499591832762,1.009647751424962,-0.021656272883528317
7580305629634399510,3.0018242345304307,4.865203857174215,0.14937075081425577,-0.9115599078804428,4.043719222075642,5.020888128091882,-0.7338047034916353,100,2,0.0,0.0,0.0,0.0,-1.7329384883935932,1.3712422392892618,0.8796365208637222
7580401530428394775,3.6489551015601274,-1.177201116671052,2.082419001801562,-1.9713003340207607,-6.047300745439669,0.19505946599275986,-0.10191280561649307,250,5,0.0,0.0,1.0,0.0,15.89660821764355,5.401611954195005,4.228409718912565
7581507576219618582,-3.366020500630157,5.346265623053898,7.137449361637151,-3.8555238568340124,7.698436310622476,-0.8177876041827402,-0.21797116252965146,32,0,0.0,0.0,0.0,1.0,-0.9239776507339335,-3.2244872318225157,-0.36127862571181346
7581822570454879510,8.08417125791666,1.815629106302422,-3.8650001251924357,-5.99883678644453,-5.870380576018136,-3.777329829509263,-0.7570001806350256,204,4,0.0,0.0,0.0,0.0,1.7888262371838282,0.09777359559199648,5.754316706630099
7583420207629225238,-0.43057042078520524,-2.4861196784432837,6.868002148403541,-2.2999101611536985,1.6457257306693251,-2.9584314310629405,-0.025052029069281587,39,0,0.0,0.0,0.0,1.0,-4.4893112057079065,-1.6871582710762427,-0.37144732519056256
7583720650200730902,-0.7129680983539883,-1.7482119050897589,3.0919476376599433,-4.170134833070881,2.5316533089527975,3.133535037014964,-0.36338807545081253,125,3,1.0,0.0,0.0,0.0,-7.628530252580711,-1.9487217188437869,-3.2513846793040115
7584105481719844118,-0.15001265715684725,1.9576094410348308,6.854771797251697,3.103623493893109,0.586965711077273,1.4967008064126734,-2.056797431014787,50,0,0.0,0.0,0.0,1.0,-1.9023346486828094,-0.9814741764430873,-1.3323104139626019
7584519298459176214,-4.456976512802292,-0.843758104791046,0.8786576229692312,-6.740364511888432,-5.98369244827289,-5.679639647749044,-2.6766751709317402,96,2,0.0,0.0,0.0,0.0,-10.92859400029274,-1.6300295802692288,1.357653524677151
7584845578429828375,-11.758225818912074,-1.8231549519231602,3.5092103490618127,0.5018146754602008,-1.9480144959287222,2.5822830864413286,1.5514652764097607,519,4,0.0,0.0,0.0,0.0,1.0426966002914577,3.9830497463574943,-0.39071674956373925
7584927758497697035,1.2772572837249692,1.989466149549382,2.1379052981758573,-1.745161780141915,-2.4798187543702777,0.8272396327643122,2.332887691886105,18,0,0.0,0.0,0.0,0.0,-5.899406196333287,1.6377826963753224,0.1583783867863447
7586610643130764566,-5.409236628544962,2.009414847022783,1.9268543762829213,-3.120068872076438,-4.007967177052254,-3.7441270949936247,-2.1630078513738193,123,5,0.0,0.0,1.0,0.0,-14.163394766007263,5.174297632746408,-2.058576632334568
7586630099286510870,2.922606058105369,6.9994263646691275,-3.3957551680283222,-6.982816592633289,1.592526175903204,1.8825998228837997,-1.3919843623345312,169,4,0.0,0.0,0.0,0.0,0.4368553479815064,-2.118199265162824,3.306152901470655
7586689516153343288,6.86015258269784,4.097993869336083,-4.680343607560419,-6.127644270983749,3.931217495409811,6.862131156571971,3.2903192080594628,81,3,0.0,0.0,0.0,0.0,-1.0768323527639705,-0.3876852228112889,0.7947018187626452
7587070120556580118,5.386419139921021,7.263089794883382,5.052273306279922,-0.36001571709394353,0.49499116713750524,-3.6112236432369373,-3.8852331193425593,64,0,0.0,0.0,0.0,1.0,-4.521853263360654,-1.6598367386635482,-0.4482698092572399
7587134900852100374,6.944825754655782,4.971109641096073,1.9121379305839514,-2.350330595550378,0.0037228141376315824,-5.811808525981736,-3.2720019012381356,71,0,0.0,0.0,0.0,1.0,-3.292138586484855,-1.8066652738129192,0.14055135489237464
7587308013363449121,10.623642601754385,-0.5478199879737681,-3.147978906379143,-2.657241874020648,-3.12691270989142,-1.2247384266994406,-1.8090576860902121,204,4,1.0,0.0,0.0,0.0,1.6807910669295165,1.1113099452658675,5.164571927701678
7587402623129636118,2.85662097851326,-0.2528732266421068,2.462385930900508,4.0703927216709,-1.546845272906484,-3.288083658754819,-2.8794596899523723,309,4,0.0,0.0,0.0,0.0,-4.708817080920647,0.8922843725812248,2.2729445669856756
7587440240327937302,-8.170408864364155,-2.577586864890096,4.291536996659991,-0.06652717095977485,3.8732796120369217,1.6470772620746947,2.0854269233026144,297,4,0.0,0.0,0.0,0.0,-2.7695129753686536,4.023273516382192,0.35411340260563084
7587442936376233238,-2.7465870433464143,1.778895979856122,-8.143694163650526,-4.934824399861783,2.4096909831167497,-4.4795493867070455,-0.7808157797881815,82,4,0.0,0.0,0.0,0.0,-4.334380229903337,1.6294231352796262,2.906460622588333
7587478416618736918,-1.1193681875392176,5.211104653555169,-1.4456610253296625,1.8345361775343552,-1.2333575712087963,-2.8682764672074628,-1.1404470843218018,129,0,0.0,0.0,0.0,0.0,-5.283118868151817,2.154520846930811,0.8210795726914766
7587702184708558102,-5.894537863618426,1.5373143786094705,1.2519164578988584,2.286032529755802,-5.3563370790848355,-0.080488437552818,-0.7595336305127869,239,5,0.0,0.0,1.0,0.0,3.765710115877712,-0.2924512237526523,2.296609387168159
7587833111010954518,-2.8657473289810906,-4.073049263416414,2.9521311837642257,-4.091320064033258,-0.730319172337793,0.3458461968052539,-0.15018157868095733,89,5,0.0,0.0,1.0,0.0,-10.444414638380051,-1.0342167698865596,-0.18593692872577022
7589754729350155542,8.53425978814799,1.0120066230286897,-4.6031658191271925,-6.205385259428893,-8.13081760593857,-4.371273041025477,-1.335643783565538,352,5,1.0,0.0,0.0,0.0,-4.751202598344438,-2.293251509260007,1.395070121808708
7590184087122660630,1.3184835423542778,2.4272122773912708,1.8437687838998924,-1.3858418673973179,2.714876091691842,-4.016200525382895,1.7783043479768994,21,0,0.0,0.0,0.0,1.0,1.073252845293849,2.5202550922616758,0.3430640169421884
7590299923803884803,-8.491303589033416,-1.2042828527936615,0.2690440123692843,-3.1842603491153367,1.6149295166496063,-4.10866780263319,-1.039955761148329,225,5,0.0,0.0,1.0,0.0,-5.541702786464613,0.7113395223430194,1.893817051395176
7590718903144287510,7.418743083180766,2.316986898552345,1.3331793192925543,3.3392945069027493,-4.939546496179132,-0.6487471302029325,4.7330181734873165,68,5,0.0,0.0,0.0,0.0,0.6085369970857414,-0.6014354403415081,4.0039332614898635
7591860205567151382,-9.394490070723128,-5.5114682379127995,-1.7915974468387148,-2.6796493530088945,3.3445795571014387,-3.984917662544031,-0.35249143932150495,271,5,0.0,0.0,1.0,0.0,-10.523879496052174,1.4390038007984767,1.039209371394946
7591891163175554326,5.970149993567856,4.242904407881188,-5.105450060139197,-3.8944546922623045,1.2196655823152596,4.268003488572918,-3.6597451295114265,110,0,0.0,0.0,0.0,0.0,3.306239132471563,-5.200509007983446,4.220184762540058
7592263862284586263,9.103846348692398,3.4602949473989533,9.282809878925267,-3.8161670510778927,-0.46841192087617634,-2.631877458950637,-4.121269231633757,56,0,0.0,0.0,0.0,1.0,-0.23479494999563305,-1.091051920207281,-1.3975909485493094
7592281951206133014,-0.22149233930803705,0.9524028977167635,4.456867543178401,-2.5808712976040438,-1.1232899069664226,-0.5395872201336989,-0.4000421234497326,28,0,0.0,0.0,0.0,1.0,1.2629631693807408,-1.8245252620584809,4.665940837096137
7593041331174362390,4.723445258830494,3.7508453511014905,-9.756329710488826,-3.4927655920969,-1.040866516082188,-1.3203664058834321,0.6024659159212441,115,5,1.0,0.0,0.0,0.0,-13.162773739487035,1.159226573456561,0.8180180869107229
7593403675297467651,2.765567677432586,5.289190490304197,7.1217088164957865,-11.94298119875432,2.3393679926436888,-2.448301105235841,-0.012544241537354065,19,0,0.0,0.0,0.0,1.0,2.9271757849363667,-4.277614933239306,-2.156591992443706
7593661214027156758,5.929895011460344,4.4207121407247,0.4854756358643748,-3.537598022813586,2.01546891405947,-2.4859348882562555,0.7415481026277694,33,0,0.0,0.0,0.0,1.0,8.365149256135151,-2.7302001790278565,1.5995268662745221
7593664206210157827,3.087305622809514,6.095358514566796,-4.931657292229289,-0.6909027323971474,-0.6416511186049778,2.3053832091893907,0.3462993055736361,99,3,0.0,0.0,0.0,0.0,7.835797051776731,-8.378017223028095,-2.914223679325222
7593673061476420920,-0.4831709025098074,2.144782760459506,-5.044613157708654,-6.101970796046803,-1.9133312550631336,1.0344830464176729,-0.34807361090496847,59,3,0.0,0.0,0.0,0.0,-6.6544462521467915,-0.7310282676913136,-2.6726099647921195
7593727684606168342,5.540518106122575,8.298050296174763,1.0296082151665211,-0.030167025748642145,2.4461603204760825,1.168721570854111,-0.28302611272585426,58,0,0.0,0.0,0.0,1.0,-3.816347333667505,-4.713270395831135,-2.0500292351548093
7593820955810598156,-6.337756835206508,3.250705500637143,-4.8503068959673055,-2.21215019859046,-2.158205982699013,2.917737707203899,2.1362064785604398,55,2,0.0,0.0,0.0,0.0,-1.778927987926432,-0.21875910370991322,-0.9537903315718228
7594160012247797014,-10.08723529646436,-0.28845816141492026,-3.172560406107945,-0.14212061407254012,2.3629543653103307,0.49830807317145465,-1.4444001935038917,143,0,0.0,0.0,0.0,0.0,-0.8918719051605488,1.4990020179452488,2.1226317514338726
7594911702613773590,-5.241119491194679,5.788322770177215,-1.788030680113002,2.9926271146822634,4.233956479362271,-1.8257359015920591,-3.333883337703914,36,0,0.0,0.0,0.0,1.0,23.61754090320964,-0.5215185916499938,1.4824363244234469
7595900789546044684,-11.698778950515804,-2.1075578822122836,1.1096544013403933,-2.1572493023814796,-3.133576513935167,1.2426739116834988,-2.1000233671061173,60,3,0.0,0.0,0.0,0.0,-3.0534304240138916,-1.0869940286365036,-0.8075300718784444
7595972634450431254,-8.384181695400203,-11.018983248371725,1.3978224923002924,-5.618854170220729,-1.0979430893905586,0.6145572701912093,1.2461149563957086,46,0,0.0,0.0,0.0,0.0,-12.171641604151677,0.008629937080246555,-0.4801364482382177
7596412614402460950,-3.0550095004902453,6.088582137868341,-7.726299503564535,-4.082380892730307,1.9599706179277017,1.243157935955176,4.631695289767667,84,2,0.0,0.0,0.0,0.0,7.075835930611718,1.9824234043093962,-0.8486374581528999
7596993704146046230,-9.147907848874878,-5.734619939530238,-3.4841299578135096,-3.496950305999607,1.2307164663585506,2.177593813488092,0.18758932820247504,142,4,1.0,0.0,0.0,0.0,1.073975228319366,0.8911960398667251,-0.7335378470453584
7597116010528902422,-3.459478485545779,-7.9000789090248515,-4.022326728991414,-0.36342082771668643,5.958117310613912,-4.802906210779371,2.627820517633356,37,0,0.0,0.0,0.0,0.0,-6.859455919644564,-0.34436329507703095,3.1997231609090746
7597370054556011798,-5.210010736400553,-9.22228685775033,-0.05991176449547358,-3.537676096633421,0.017673299236283895,-3.8049870132186063,-1.2432488952796714,164,5,0.0,0.0,1.0,0.0,-11.061239863230195,2.7951718197419053,0.8744900387886585
7597422827196763414,8.99169529687258,3.81245793456583,-2.8485683276055194,-1.0793803455428908,5.548126268137508,2.689718306596826,3.977242647762316,90,2,0.0,0.0,0.0,0.0,9.378599684030762,-3.355791528027347,-0.6848862754181892
7597437745258073400,-0.2222627893519099,3.0195428087596783,-8.287638788094293,-7.86320856681425,2.7114425403207507,7.275431280938164,-1.490706413208724,63,3,0.0,0.0,0.0,0.0,-2.958031812608948,-0.641032959544637,0.44761812968830056
7598574537407548694,2.646592000348375,6.629340495041817,-2.652924857161014,0.036078886617191414,2.7339108210552423,3.955082920228571,-3.862225652036984,31,1,0.0,0.0,0.0,0.0,-3.297420317538003,0.0855860213325839,1.0078838804548023
7598953535165959426,-1.4001935971313075,8.890835959187541,-4.989808428296248,1.6302676338638546,-0.6606107294173013,0.9092847781156865,1.3613109304121391,67,2,0.0,0.0,0.0,0.0,7.467254608341913,-3.8055022263828264,-3.68768837392835
7601164093910715670,-9.358620663888663,1.7719460700463607,1.710484913910276,4.564264843174869,0.7808582263680719,-2.228594596252685,0.6889594279739653,81,3,0.0,0.0,0.0,0.0,4.163895702713771,2.879455264814387,-8.994160172746296
7602656035161050390,-2.9955692172978585,4.892305049737546,0.4746703344279484,2.5622574350620066,6.995628536621591,4.568856763124281,-0.126162966330985,64,5,0.0,0.0,0.0,0.0,4.605751793388092,1.7006653752050938,-1.3460009039585563
7602968538319539478,-4.521874465321813,4.487266099200241,4.441083810200451,-1.573106952965478,3.2283428137151113,-1.3308198616633093,-1.8898914321667004,46,0,0.0,0.0,0.0,1.0,10.288542019459113,-0.9936643964605448,4.257119365963986
7603273994216738070,10.307854259380237,2.2258456200266252,1.1435140675094642,2.3268690474532265,-1.211765675942017,-4.673728171599516,3.435066339884064,515,5,1.0,0.0,0.0,0.0,-2.5035438427733427,5.407517540997101,0.5746126758666327
7603412461068291350,-3.163337848875045,-2.381599164479278,1.4256982189526568,-1.6829138314006684,7.759894475034492,-2.0588483350883893,-1.5321834203661318,0,0,0.0,0.0,0.0,1.0,12.792521419070672,-0.5181260208398886,1.1670369246474086
7603743614157458710,6.288882547339791,2.9993283175356784,-11.91700482854259,-2.50725863760044,0.31607483524065216,2.277515869724105,1.5189477031311605,12,0,0.0,0.0,0.0,0.0,-10.196725758362433,0.20943040898424903,1.2829420817188093
7604808799404264726,-5.0815107051678,-2.7279547438199048,1.063000125685409,-3.93513976238553,-1.7320184709050088,6.7657247208290325,0.24245219408963192,74,5,1.0,0.0,0.0,0.0,6.777578648213159,-2.5584486646223272,-0.21174741248754853
7604886753471761686,-2.412254483611294,7.191403986286317,6.316198259985499,-4.970315171348362,2.504634534321911,-1.3514885703818567,-4.58322588788912,87,4,0.0,0.0,0.0,0.0,5.8390516154247205,-6.201105321698275,-2.4706952452515867
7606001119243881750,-0.0509722546334162,4.1889767037405985,-3.436391811057321,-4.410014503742848,-4.36068431222776,-2.7391112512275133,0.26583921081979406,79,5,0.0,0.0,0.0,0.0,0.24071852716473832,-1.2169499816811515,3.447578895004023
7606360801234013462,8.416876666259531,7.927551581862916,1.7725505684693303,-0.6209183145248853,6.21568739180034,-2.209436290143159,-1.7475222475103291,28,0,0.0,0.0,0.0,1.0,7.139742228633345,7.6780736743789815,-3.1480941667378457
