video_id,umap_0,umap_1,umap_2,umap_3,umap_4,umap_5,umap_6,umap_7,umap_8,umap_9,umap_10,umap_11,umap_12,umap_13,umap_14,umap_15,umap_16,umap_17,umap_18,umap_19
6739804771013774597,-6.084421,20.122593,7.982757,6.0847855,33.22852,4.4680285,1.7246832,22.193115,17.211412,5.0234118,5.9577317,3.6539092,-3.7347414,24.603214,11.345433,5.036112,-19.944675,0.6890456,9.7345705,-11.162773
6750983141873224966,-5.805964,19.690348,8.797626,5.855042,32.83892,5.282839,2.5277114,21.714165,17.558044,5.987131,6.610598,3.0351143,-3.158194,25.437965,12.472638,5.600724,-20.628134,1.0526401,10.674164,-10.748776
6792131260543225094,-5.911896,20.314888,8.470135,6.0986166,32.93151,4.5014544,2.7158668,22.052572,17.716614,5.5157986,6.7232447,2.9859502,-3.1868896,25.195772,12.152886,5.408679,-20.873472,0.82625103,10.3999405,-10.698255
6792133610360065285,-6.0176244,20.46142,8.181293,6.1799083,33.103992,4.291398,2.6485531,22.248041,17.600336,5.349396,6.4260106,3.1607456,-3.2864635,24.969286,11.861465,5.281923,-20.881046,0.83187103,9.996421,-10.697277
6793347939294072069,-5.890634,20.1665,8.434225,6.083436,32.90487,4.4093366,2.549743,22.167927,17.458435,5.67407,6.424401,3.1377127,-3.2658527,25.17424,11.96083,5.450849,-20.70318,0.79762024,10.304811,-10.655922
6793765694619143430,-6.216244,20.671818,7.9748487,6.2004986,33.34766,4.536156,2.271247,22.171675,17.74579,4.5585732,6.3826003,3.3174803,-3.5517855,24.504942,11.654916,4.9500227,-20.614143,1.0075808,9.647585,-11.026232
6794470373212589317,-6.307878,20.58382,8.221146,6.191565,33.35137,4.580865,2.3887887,22.319117,17.762943,4.502766,6.1832623,3.208265,-3.5017374,24.566113,11.692877,5.0719833,-20.471806,1.1042486,9.633717,-11.0715475
6795606002222796037,-5.8999953,20.16695,8.3848,6.0669246,32.934696,4.489503,2.5292559,22.09162,17.491161,5.6416225,6.4877176,3.1374435,-3.262524,25.169693,12.003803,5.3928814,-20.693771,0.79397607,10.296113,-10.714555
6796363351816555782,-5.924937,19.91746,8.599562,6.010851,32.986744,4.716996,2.479352,22.091116,17.520895,5.709871,6.328962,3.203601,-3.2873762,25.182947,12.033443,5.5563984,-20.588064,0.80381906,10.3476925,-10.773189
6796364077095472389,-5.8788757,20.065226,8.595397,6.003934,32.847935,4.7324553,2.624932,22.016384,17.507671,5.740885,6.5197725,3.002222,-3.1849394,25.296886,12.210901,5.4848485,-20.698084,0.98563355,10.432379,-10.655477
6798641094109269253,-6.0876017,20.487404,8.393483,6.2105327,33.06245,4.155366,2.6614172,22.42405,17.64389,5.1448817,6.315669,3.0857787,-3.3093483,24.943808,11.779913,5.3586392,-20.717209,0.8346911,10.028753,-10.756149
6798648871401819398,-6.0736947,20.447437,8.519265,6.1265364,33.047737,4.568566,2.8197687,22.13261,17.86068,5.15883,6.6537013,2.883946,-3.1769738,25.095823,12.172953,5.3394203,-20.811941,0.98056364,10.228593,-10.829477
6802558843114114310,-6.116525,20.8039,8.140206,6.2283354,33.201263,4.4816575,2.4509077,22.109562,17.937418,4.5921,6.7227287,3.1579378,-3.4756284,24.58639,11.819919,5.0508943,-20.920607,1.016008,9.937354,-10.852644
6814175723704683782,-5.9629555,20.066525,8.520993,5.8631396,33.027725,5.7719107,2.1974342,21.481394,17.700827,5.1318297,6.7351394,3.0719788,-3.4183419,24.915787,12.440848,5.133254,-20.57572,1.5601301,10.290657,-10.868296
6821547365887905030,-5.893263,20.075378,8.683837,5.984232,32.879627,4.9278107,2.6976516,21.903353,17.688763,5.6551285,6.6848235,2.9284353,-3.1492095,25.304558,12.3686075,5.499095,-20.791903,1.0441376,10.518445,-10.694031
6825975879940820230,-5.8454375,20.07309,7.6686993,5.9807806,33.25544,5.075573,1.2888585,21.523588,17.351992,5.0681844,6.5847087,3.9040575,-3.9244134,24.405293,11.518751,4.7734184,-20.269588,0.66947126,9.952405,-11.111283
6834056379355991301,-5.823398,20.570942,7.8355203,6.127142,33.26443,5.121588,1.7328827,21.499403,17.88232,4.728429,7.076346,3.6498742,-3.858197,24.241146,11.757794,4.8526554,-21.07418,0.97456425,10.079021,-10.732276
6834420537545084166,-5.838091,20.529007,8.103412,6.144731,33.135456,4.930869,1.9863024,21.72688,17.823177,4.8912134,6.923208,3.463167,-3.7223616,24.440218,11.8059225,5.050986,-21.054686,1.0064797,10.175238,-10.6189165
6847902541095668997,-6.033687,20.833403,7.962684,6.1820083,33.27746,4.8707385,2.269849,21.744513,18.0741,4.509185,7.052764,3.2674267,-3.570571,24.444439,11.951676,4.898255,-21.098997,1.1018262,9.988826,-10.8592
6852640471013920006,-6.0472417,19.972103,8.97367,5.9237947,33.194096,5.7220335,2.482077,21.599796,18.273325,4.9739547,6.8914223,3.041144,-3.3539095,24.92378,12.520441,5.511902,-20.798367,1.1987125,10.564845,-11.0202875
6855731886438763781,-5.76953,20.24987,7.720665,6.005448,33.23169,5.246986,1.2502464,21.321938,17.653671,4.8375916,6.9997287,3.8914404,-4.0015454,24.244884,11.617512,4.7544947,-20.60484,0.7305167,10.152003,-11.009517
6860766213992090886,-5.831742,20.243843,7.621242,6.0345654,33.289753,5.063842,1.257052,21.45406,17.539207,4.8545384,6.8113565,3.9268193,-4.0008054,24.250013,11.485011,4.707879,-20.444899,0.60920703,9.996133,-11.099908
6864806467329903878,-6.0193167,20.7712,7.916879,6.192178,33.28582,4.8007126,2.1682062,21.809622,17.944513,4.580201,6.9067163,3.3616464,-3.6329477,24.405523,11.819503,4.8957987,-21.015097,1.0455377,9.919942,-10.832069
6869621825035357441,-6.3457913,20.290583,8.296629,6.085059,33.321526,4.6885157,2.4147334,22.31029,17.570423,4.7853622,5.973765,3.1531534,-3.3827863,24.825157,11.802778,5.1225114,-20.121128,1.0762016,9.64539,-11.246026
6874890977631390978,-5.803695,20.171858,7.626963,6.038255,33.29155,5.051663,1.2917773,21.483114,17.465744,5.0214734,6.7321825,3.9516125,-3.9906058,24.29162,11.472929,4.762841,-20.457512,0.58041644,9.990852,-11.03702
6875610422578351362,-5.8067474,20.262014,7.696159,5.997082,33.27539,5.414843,1.3064495,21.308687,17.576832,4.829008,6.880079,3.837818,-3.989337,24.23675,11.6904335,4.7117467,-20.553234,0.9664412,10.018874,-10.979313
6875699019520298242,-5.8310924,19.809803,8.6622925,5.888601,32.864845,5.1544185,2.47807,21.765547,17.514057,5.8770986,6.582799,3.0709646,-3.2075043,25.342018,12.370697,5.507445,-20.621983,1.034023,10.551594,-10.734204
6876362124260691202,-6.1921244,19.990961,8.721841,5.943169,33.357304,5.627224,2.4428856,21.751146,18.080982,4.8971653,6.5318413,3.1270616,-3.372364,24.851795,12.345752,5.359399,-20.570162,1.2290626,10.163402,-11.161318
6876369843591941377,-6.4180584,20.273706,8.092699,6.004678,33.423634,4.979794,1.9249676,22.018717,17.63092,4.3139257,6.141713,3.312969,-3.5919898,24.590946,11.71378,4.779536,-19.711878,0.9826979,9.586511,-11.68692
6876847536938749185,-6.4470954,20.301212,8.057004,6.042838,33.452965,4.749434,2.303267,22.154425,17.646334,4.587674,6.101144,3.18785,-3.379256,24.80544,11.812205,4.8711243,-19.909231,0.8736698,9.541161,-11.616505
6880117942432959746,-5.8890386,20.289877,8.214908,6.142391,32.98625,4.205893,2.5408275,22.176325,17.50527,5.6330996,6.512176,3.223213,-3.2859504,25.104513,11.855318,5.3588443,-20.806185,0.60198253,10.222872,-10.689918
6880792115329142018,-6.263821,20.540565,8.699298,6.082657,33.2417,5.2130113,2.6993484,21.945997,18.194134,4.4482493,6.726178,2.8157554,-3.3121321,24.798313,12.337879,5.2261524,-20.647432,1.4624552,10.113384,-11.080728
6883389583271185666,-6.1013207,20.308918,8.362001,6.069851,33.186184,4.869479,2.5271883,21.993326,17.785995,5.081431,6.5250034,3.0994937,-3.3228412,24.919521,12.0881815,5.214727,-20.680157,1.0279007,10.057033,-10.939597
6883561429727726850,-6.0021477,20.729586,7.917137,6.1574726,33.340607,5.016575,2.1132853,21.624506,18.097107,4.525189,7.0945373,3.390912,-3.654566,24.369606,11.925009,4.865842,-21.075308,1.0132904,10.00536,-10.910733
6883876793380572417,-6.133612,20.218082,8.458454,6.0144057,33.032536,4.7882867,2.5248113,22.045477,17.553333,5.1331553,6.406512,2.9016914,-3.2436798,25.143883,12.146945,5.1430335,-20.18478,1.0759295,10.105363,-11.105001
6885735124013550850,-5.852746,19.68571,8.834434,5.860222,32.879456,5.295313,2.526346,21.786358,17.540134,5.923909,6.488775,3.047507,-3.1869586,25.383516,12.436187,5.626091,-20.583857,1.1025299,10.58604,-10.734109
6885984385670122753,-6.096409,19.845995,8.918353,5.8831573,33.16179,5.6893983,2.583667,21.755728,17.89472,5.273168,6.475416,2.9745243,-3.247611,25.118376,12.527291,5.5215755,-20.525097,1.4130338,10.340522,-10.986508
6886076315288554754,-5.8177376,19.671047,8.82917,5.840004,32.84784,5.357349,2.512041,21.703787,17.553602,5.96467,6.587919,3.0324278,-3.174159,25.417683,12.4944725,5.6081705,-20.603947,1.0977385,10.6581335,-10.737697
6887883845954178305,-6.378526,20.041586,8.488647,5.9438353,33.42471,5.384265,2.2337635,21.93349,17.827745,4.6010556,6.1864796,3.1713312,-3.437597,24.780155,12.07275,5.099432,-19.987356,1.1683117,9.81446,-11.517485
6891645296233794817,-6.1256013,20.597034,8.152405,6.103067,33.369408,5.2325583,2.2170472,21.69812,18.092741,4.4515176,6.8760448,3.2592113,-3.5805836,24.465853,12.048656,4.9555025,-20.827785,1.2187531,9.956599,-11.044068
6893888228848389377,-5.9999185,20.722893,8.069993,6.1187544,33.24626,5.1238756,2.2289457,21.58936,18.132032,4.539697,7.1673274,3.2360027,-3.5610871,24.49592,12.098618,4.9239416,-21.073711,1.1552559,10.128732,-10.898385
6894530886105042178,-6.211362,20.289785,8.172874,6.0883837,33.320858,4.77817,2.1641796,22.117117,17.59125,4.795624,6.181786,3.3313026,-3.5385313,24.67184,11.734145,5.052505,-20.2396,0.982947,9.74388,-11.170178
6895288761354112258,-5.978268,19.859026,7.9933558,5.9583187,33.13781,4.6903944,1.7735269,21.923126,17.156641,5.455086,6.1494474,3.5832698,-3.5827212,24.913385,11.632895,5.0508585,-19.909021,0.56541973,9.98071,-11.229824
6895292772857826562,-6.382336,20.706566,8.585948,6.1007843,33.276123,5.170511,2.623183,22.01315,18.127102,4.116746,6.620104,2.7662845,-3.3616068,24.691248,12.249216,5.040377,-20.394463,1.6299968,9.90229,-11.227391
6895747396404284674,-6.107299,20.904991,7.9839106,6.1919208,33.31074,4.8801146,2.2784288,21.78154,18.121357,4.310108,7.032639,3.2167768,-3.579533,24.400763,11.945666,4.850253,-20.99928,1.1716257,9.925804,-10.954166
6896055761982639362,-6.1186743,20.891325,8.034596,6.1972647,33.31954,4.9250884,2.3230014,21.812824,18.110819,4.323416,6.971142,3.1929507,-3.572833,24.400955,11.960647,4.880415,-21.012861,1.2405169,9.898248,-10.909507
6896446483080482050,-6.1788197,19.987682,8.881709,5.988191,33.354843,5.509223,2.5470095,21.858986,18.192083,4.9168754,6.532952,3.1181242,-3.3621497,24.853624,12.320835,5.5183363,-20.696552,1.1403266,10.257988,-11.081985
6896455617523813633,-6.3716145,20.452742,8.295475,6.1099906,33.366116,4.8202667,2.4272323,22.21592,17.741817,4.514043,6.1623464,3.085829,-3.4226189,24.70581,11.876153,5.0246725,-20.204857,1.2077869,9.640826,-11.263378
6897900291631402242,-6.148235,20.459227,8.167336,6.175503,33.143234,4.150362,2.5223725,22.348076,17.577114,5.0800824,6.300758,3.1617942,-3.3267753,24.934202,11.719453,5.175888,-20.491554,0.6938217,9.901843,-11.00342
6899015791086210306,-6.2507243,20.236311,7.9910774,6.0694895,33.37285,4.748592,1.7949753,22.136099,17.401913,4.6374626,5.976029,3.5517278,-3.7165065,24.498919,11.4686575,4.915052,-19.902006,0.92492086,9.567297,-11.34427
6913929490305420545,-6.187052,19.94524,8.402654,5.965491,33.176865,4.862811,2.2174482,22.100157,17.448833,5.171685,6.07214,3.2412107,-3.388508,25.005112,11.890876,5.2191687,-19.992826,0.88644874,9.957647,-11.267074
6918691694791691525,-6.0571246,19.890636,8.998934,5.9500866,33.100216,5.281582,2.70558,21.881336,18.044579,5.332491,6.630591,2.9529865,-3.1901898,25.193756,12.445885,5.6350803,-20.681961,1.0039616,10.541081,-10.978481
6919824999914245381,-6.266767,20.40496,8.345121,6.161065,33.23201,4.4175463,2.386465,22.427761,17.590729,4.765976,6.028748,3.2014048,-3.4537222,24.739933,11.649238,5.2071376,-20.291052,0.98003465,9.745705,-11.065749
6919872357288971521,-6.015748,20.472267,8.276686,6.110749,33.094166,4.686878,2.4906323,21.946875,17.830355,5.042265,6.766741,3.09931,-3.3510363,24.887966,12.047856,5.16394,-20.818045,0.931002,10.179437,-10.867313
6921227616347327749,-6.4191637,20.191702,8.037676,6.010901,33.48766,4.989741,1.902184,22.091959,17.50023,4.450488,5.9172583,3.415435,-3.618729,24.56365,11.634844,4.829777,-19.696718,1.034644,9.447721,-11.615166
6921604099553119494,-6.3346195,20.253975,7.9369164,5.9860253,33.427177,5.100737,1.8564386,21.919327,17.491858,4.499839,6.112242,3.4052691,-3.6191304,24.570261,11.7374115,4.753388,-19.810867,1.137486,9.521684,-11.53658
6921676134212029701,-6.30499,20.43973,8.148161,6.1596828,33.30091,4.2925744,2.6362886,22.398384,17.61109,4.9524236,6.116996,3.1088057,-3.266176,24.935522,11.779914,5.1316175,-20.363758,0.8218454,9.677676,-11.166463
6922868220890254597,-6.0353613,20.66806,8.000883,6.1508,33.440224,5.2857604,2.136824,21.60202,18.136549,4.4852343,6.9964366,3.4061334,-3.6887665,24.299528,11.9826975,4.9118404,-21.099188,1.198408,9.922386,-10.871596
6926459852134845701,-6.400373,20.344624,8.071771,6.084635,33.417244,4.6110435,2.4058006,22.238297,17.618406,4.7143793,6.0805483,3.1760085,-3.352642,24.833317,11.790983,4.9522386,-20.059649,0.8765312,9.558311,-11.454211
6927547229486058757,-5.8146095,20.21515,8.239773,6.08004,32.91844,4.397442,2.4790235,21.984995,17.538893,5.723058,6.7017255,3.2139819,-3.2777753,25.161245,11.987575,5.3528743,-20.860806,0.60520566,10.390161,-10.688906
6927665892457237765,-6.2965093,20.424488,8.221091,6.176921,33.376785,4.5106726,2.6957052,22.411547,17.626947,4.9827924,5.9944024,3.1379263,-3.302223,24.84072,11.824374,5.218627,-20.542229,1.080086,9.581691,-10.9705105
6927911225066130693,-6.165724,20.298641,8.337473,6.0313582,33.112553,4.880084,2.3625088,22.044939,17.529951,4.94306,6.314509,3.0379274,-3.3721826,24.926252,12.016176,5.0645485,-20.219193,1.2153158,9.927903,-11.076202
6934012329067597061,-5.895366,20.01124,7.7723637,6.0094643,33.189777,4.6781487,1.6168257,21.832384,17.198587,5.3829207,6.2986484,3.7548041,-3.7162435,24.694866,11.514532,4.956062,-20.178501,0.5561082,9.925576,-11.080835
6935817751898426629,-5.825963,20.295343,8.197862,6.110123,32.944054,4.3333397,2.5200808,22.006186,17.585426,5.667566,6.7394376,3.2096431,-3.2734776,25.129345,11.969223,5.330952,-20.923748,0.5909377,10.357928,-10.6783495
6940187794534960389,-6.5329576,20.296827,8.15092,5.989334,33.488285,5.0730186,2.0578861,22.035114,17.728333,4.1679335,6.1171355,3.19178,-3.5117447,24.634794,11.820236,4.752571,-19.6289,1.0610973,9.519065,-11.831498
6940653001791130885,-5.8594313,19.630081,8.927684,5.8264623,32.92929,5.551271,2.5209825,21.652666,17.6925,5.8515663,6.608009,3.0368881,-3.1939604,25.359505,12.560897,5.649603,-20.623844,1.1568328,10.6657505,-10.793659
6943534360066804998,-6.0647407,20.450628,8.212367,6.171674,33.063866,4.1447186,2.5584908,22.294258,17.59597,5.2124953,6.4282465,3.1380208,-3.3007,24.992844,11.782791,5.231607,-20.630926,0.66726476,10.044554,-10.89124
6943540424141491461,-5.9487734,20.192368,7.978273,6.106639,33.174034,4.4452276,2.2514408,22.102888,17.361115,5.536669,6.2692847,3.457789,-3.4450877,24.895529,11.707379,5.1959214,-20.614439,0.69384706,9.920061,-10.805301
6944298636553604358,-6.1503043,20.814306,8.0471325,6.0718193,33.28907,5.3527513,1.894627,21.548878,18.090588,3.948258,7.062229,3.2474515,-3.7368207,24.259848,12.002796,4.6759195,-20.61571,1.4325237,9.938008,-11.189739
6945377653587266822,-6.1923165,20.478325,8.1784315,6.168418,33.18314,4.2274184,2.714792,22.348486,17.62389,5.1286044,6.2936378,3.059927,-3.2192652,25.01797,11.856198,5.192664,-20.577774,0.79802793,9.850335,-10.9924965
6946128715000663301,-6.395925,20.48383,8.139096,6.1725426,33.4485,4.5005336,2.5732398,22.397125,17.697025,4.690545,6.013758,3.1685112,-3.3556428,24.7412,11.743818,5.0812135,-20.359867,0.9969094,9.4953575,-11.211825
6952049416425590022,-5.90999,20.06335,7.968637,6.0625873,33.16414,4.5610776,1.7937313,21.961512,17.333418,5.3412604,6.32603,3.6627917,-3.6736016,24.714634,11.52905,5.098593,-20.305517,0.5263817,10.015096,-11.00203
6955364241213771014,-5.9202704,20.235044,7.759835,6.013959,33.42095,5.4998765,1.3264818,21.407158,17.648369,4.6629343,6.7051754,3.8771317,-4.022048,24.132113,11.631626,4.7361474,-20.504599,1.0170995,9.850236,-11.051257
6958338154617228549,-5.873688,20.146555,8.3641405,5.906369,33.053963,5.6750503,2.0236397,21.389626,17.765158,5.084021,6.929865,3.2323327,-3.5420017,24.767124,12.313052,5.0664477,-20.713055,1.3685963,10.345685,-10.834509
6958424996964355334,-6.2043443,19.897017,8.2351,5.893569,33.273613,5.2500434,1.8795414,21.820644,17.448942,4.9349422,6.170556,3.3667083,-3.544159,24.827496,11.89918,4.9771266,-19.78106,0.97581106,9.876782,-11.47219
6958797242429934854,-5.7787175,20.029331,7.6212873,5.936803,33.270355,5.349293,1.2113311,21.331,17.370352,5.131763,6.694755,3.9550111,-3.955639,24.370607,11.63136,4.7476287,-20.383535,0.80193496,9.993287,-11.044458
6959192993014287622,-6.159376,20.59486,8.248963,6.228702,33.164215,4.2198234,2.5758698,22.416952,17.654963,4.918689,6.2661543,3.1433122,-3.3816051,24.7825,11.703215,5.2215447,-20.695492,0.9318141,9.833954,-10.814344
6963197595422346502,-5.86981,20.550045,7.824746,6.106629,33.289764,5.152833,1.6502267,21.477768,17.894596,4.607894,7.0667014,3.660095,-3.883815,24.215485,11.733354,4.790978,-20.926308,0.93513846,10.056322,-10.872379
6963263758630194437,-5.9698224,20.490648,7.861084,6.058169,33.304874,5.176387,1.7842373,21.498922,17.89275,4.6109757,6.993471,3.5285091,-3.746819,24.382055,11.859624,4.7813234,-20.73464,0.94157314,10.024313,-11.067927
6969101040918465798,-5.9144907,20.062263,7.645651,5.961788,33.311954,5.134768,1.1349983,21.500652,17.379221,4.850859,6.5478806,3.9569774,-3.996462,24.312695,11.449415,4.689783,-20.074583,0.6442157,9.892088,-11.29582
6972416280762649861,-5.9471664,20.022758,8.462531,5.86779,33.03143,5.629985,2.1592207,21.497162,17.673628,5.2099366,6.741892,3.1246755,-3.41702,24.956118,12.375449,5.130476,-20.51117,1.3599329,10.319204,-10.940703
6979673025503366405,-6.0318975,20.832422,7.919913,6.192198,33.355057,4.9850965,2.1771004,21.695854,18.108187,4.4318585,7.052057,3.3570402,-3.656274,24.320883,11.90606,4.865057,-21.133976,1.1287487,9.9292,-10.84965
6980696986135710981,-5.9209666,19.885622,8.203057,5.9439054,33.038197,4.8028827,1.9318552,21.822672,17.368902,5.4733424,6.4413958,3.433325,-3.4983065,25.004694,11.843091,5.1552706,-20.149166,0.59320325,10.245556,-11.136827
6982843678305897734,-6.0542965,20.662682,8.027296,6.1249967,33.364307,5.2063813,2.0905983,21.615038,18.09748,4.435951,7.0047836,3.3508573,-3.6704488,24.353556,11.97389,4.8662086,-20.947731,1.1577221,9.970609,-10.962877
6994481888182144262,-5.846069,20.03034,7.6545873,5.9474044,33.28254,5.2465672,1.078526,21.41617,17.368872,4.92503,6.612427,3.9946246,-4.032438,24.289434,11.48249,4.709024,-20.162783,0.7013325,9.955259,-11.19904
6994839726846971142,-5.905969,20.000902,8.48779,5.852722,33.005917,5.7264824,2.1210926,21.43671,17.675274,5.243878,6.7864923,3.1403718,-3.4390526,24.939621,12.4084015,5.1456556,-20.572365,1.4207488,10.368048,-10.875225
7001054542804667653,-5.864087,20.251305,8.364411,6.0819917,32.91593,4.476926,2.5778022,22.022942,17.600723,5.6198955,6.6760507,3.1107683,-3.2428548,25.1662,12.060705,5.3816,-20.860313,0.7549692,10.379935,-10.675082
7001083090462346501,-6.058526,20.74633,7.7803664,6.130882,33.40806,5.1746945,1.836188,21.56948,17.99747,4.2717023,6.9815497,3.5102458,-3.7998908,24.186258,11.803244,4.695721,-20.838892,1.1534657,9.824381,-11.039769
7004414493086240006,-6.0973277,20.515078,8.187015,6.2243633,33.132824,4.0982375,2.6762245,22.438896,17.547556,5.2407312,6.2339473,3.1530309,-3.2961547,24.932505,11.727269,5.2841644,-20.764265,0.81731665,9.863514,-10.734502
7007863408129215749,-5.971763,20.682196,8.158751,6.06013,33.10185,5.204911,2.287719,21.538244,18.03576,4.650531,7.1972475,3.088961,-3.4672074,24.66125,12.250651,4.930246,-20.988995,1.3002812,10.235215,-10.8723755
7012661937477537030,-6.213054,20.502495,8.090368,6.165614,33.22301,4.2656217,2.323659,22.280996,17.634827,4.782344,6.3182654,3.2439885,-3.4416816,24.762371,11.637078,5.04125,-20.351973,0.70826644,9.811136,-11.171279
7013121880366255365,-5.9051614,20.10314,7.6751738,5.9528327,33.31848,5.2508507,1.1664177,21.39598,17.522285,4.7769732,6.726832,3.9165988,-3.9831946,24.297558,11.549304,4.673256,-20.196539,0.6608257,9.97155,-11.299993
7014030961486630149,-5.848202,20.171282,7.5617905,5.9819884,33.332,5.3010473,1.0726678,21.379023,17.431498,4.7884955,6.6875086,4.0117483,-4.0781326,24.163246,11.472558,4.6322603,-20.311712,0.8094029,9.873797,-11.127616
7018383080205356293,-6.1965075,20.571836,8.262712,6.207042,33.14763,4.1694117,2.5189517,22.40777,17.678957,4.8295884,6.30311,3.1274033,-3.377199,24.813698,11.685081,5.183859,-20.529255,0.81285137,9.880909,-10.983931
7018826174767942918,-6.1774898,20.19,8.219625,6.050055,33.263866,4.824673,2.3738742,22.099886,17.492924,5.1131797,6.1493444,3.1953402,-3.3794339,24.910624,11.926133,5.1200023,-20.252966,1.0630751,9.79209,-11.093128
7019307301299424518,-6.3216157,20.571043,8.296186,6.176482,33.32969,4.6369076,2.592398,22.31568,17.775177,4.6179123,6.200877,3.0564983,-3.3783045,24.712006,11.858837,5.105175,-20.507475,1.1963941,9.659183,-11.0386505
7019559155425955077,-6.022859,20.679823,7.918053,6.0807095,33.31336,5.28428,2.0292933,21.4921,18.03049,4.4664497,7.098258,3.3454285,-3.6501215,24.398352,12.041145,4.7817287,-20.91676,1.2223986,9.991956,-10.994136
7020800251950927109,-5.9037285,19.903301,8.591089,5.935321,32.929512,5.02442,2.486723,21.890543,17.49849,5.736784,6.456395,3.0918307,-3.2331858,25.257215,12.25196,5.4602385,-20.582844,1.0367376,10.389852,-10.765628
7022596866374192390,-6.1229997,20.049488,8.36515,5.974478,33.134342,4.9328866,2.3787913,21.987982,17.492493,5.26507,6.2753882,3.107454,-3.306742,25.083616,12.0769825,5.1758695,-20.188404,1.0151641,10.021591,-11.132095
7023313220278553862,-5.833732,20.13911,8.44048,5.9340134,33.088497,5.6510077,2.065052,21.354664,17.95238,5.0930495,7.095356,3.2714934,-3.553751,24.744648,12.327031,5.1632166,-20.883951,1.196384,10.487155,-10.821516
7025927416061250821,-6.13792,19.913292,8.430772,5.908678,33.127403,5.08776,2.3339355,21.886377,17.505222,5.286725,6.3080163,3.077796,-3.2781363,25.170637,12.174481,5.1677537,-20.017061,0.9772434,10.103834,-11.285731
7026756047805205766,-6.266625,20.595072,8.207737,6.1733685,33.205177,4.480906,2.2818615,22.337412,17.582842,4.5382595,6.160109,3.171983,-3.522838,24.608389,11.63645,5.003963,-20.318539,1.1339763,9.672739,-11.037813
7026774067223055621,-6.414172,20.185059,8.051433,5.9920645,33.458313,5.0271115,1.8165089,22.042091,17.499765,4.379891,5.9665256,3.4137626,-3.650309,24.551168,11.635309,4.7919726,-19.59715,1.0350732,9.494645,-11.678752
7028978217117682949,-5.9021654,20.013954,7.941573,5.993349,33.13506,4.741963,1.6877849,21.76305,17.376442,5.282617,6.5102916,3.6365016,-3.6722536,24.756453,11.635756,4.990181,-20.184433,0.48984215,10.117946,-11.168186
7033466696245497093,-6.116337,19.982992,9.007718,5.940133,33.153946,5.5125837,2.6499538,21.795536,18.142942,5.051576,6.6860485,2.9198997,-3.245545,25.064888,12.503293,5.5416446,-20.659704,1.2204276,10.473653,-11.035608
7036035511869246725,-6.0628567,20.49265,7.8247523,5.998947,33.343258,5.366208,1.7188661,21.432726,17.884127,4.4267035,6.931902,3.4933739,-3.731505,24.372494,11.935544,4.6924553,-20.531883,1.1296912,9.924258,-11.250113
7036282180816932102,-6.1798353,20.500332,8.117366,5.985424,33.33331,5.5084896,1.9275676,21.485987,18.040018,4.224576,6.944695,3.2458918,-3.6376803,24.460894,12.108553,4.738649,-20.411533,1.2673578,9.983744,-11.365555
7036326405155638533,-5.9994125,19.949278,8.396637,5.972979,33.009995,4.7832093,1.8823351,21.985142,17.386639,5.186886,6.2859488,3.3906972,-3.5776334,24.878937,11.735903,5.2011423,-20.025087,0.75247157,10.19878,-11.128699
7036807584111709445,-5.8214426,20.21647,8.1973295,6.0779185,32.931854,4.403804,2.4121673,21.970974,17.511662,5.6813183,6.6883826,3.2420435,-3.3093755,25.130043,11.952075,5.30452,-20.78401,0.593087,10.357836,-10.732117
7037532518978964741,-6.5574417,20.336243,8.190601,5.9964037,33.478954,5.070001,2.1692507,22.061993,17.753828,4.1617365,6.1238704,3.1020262,-3.4569342,24.680483,11.884665,4.7594094,-19.653,1.1261089,9.512289,-11.815906
7037757089799818502,-6.270183,20.712095,8.163431,6.146129,33.4523,5.194,2.4536266,21.918318,18.018427,4.3786597,6.569994,3.1251915,-3.4993043,24.467209,12.060769,4.954874,-20.782362,1.5313767,9.662318,-10.991208
7037974894553894150,-6.291744,20.542744,8.16386,6.197429,33.395485,4.5387025,2.5668638,22.342329,17.735975,4.7523403,6.1366153,3.1985729,-3.3983097,24.6806,11.765009,5.1401715,-20.61084,1.0778985,9.592037,-10.994154
7038189746484563205,-5.9806294,19.919762,7.94565,6.001777,33.171307,4.577364,1.7418896,21.993633,17.166155,5.400658,6.1141953,3.6519718,-3.6335447,24.824852,11.52068,5.0557346,-19.967884,0.51511043,9.924203,-11.191744
7038638363686997254,-5.992911,19.953274,8.229276,5.9552145,33.048923,4.771841,2.1194506,21.90043,17.377058,5.442039,6.3811545,3.2937036,-3.397872,25.082573,11.924301,5.1466804,-20.138226,0.69907147,10.166843,-11.150767
7038692809985051909,-6.3295054,20.445963,8.11298,6.161461,33.328407,4.2692833,2.6656349,22.409018,17.61672,4.9485254,6.1037984,3.1020486,-3.243931,24.950535,11.78172,5.1102176,-20.350569,0.79063183,9.640416,-11.207608
7038707297396198661,-6.144677,20.057802,7.896596,5.997904,33.311943,4.810295,1.5418068,21.947767,17.292719,4.8154316,6.0863914,3.680086,-3.776791,24.549583,11.447752,4.8502483,-19.7522,0.71661425,9.711741,-11.438201
7039005707844308229,-6.1382565,20.068495,7.9871993,5.9991302,33.28042,4.8291183,1.6491753,21.945995,17.354794,4.8435936,6.151539,3.5955713,-3.7236378,24.60693,11.534331,4.898549,-19.826197,0.74583,9.784387,-11.396041
7039252769894616326,-6.1398335,20.475115,8.215564,6.219763,33.20202,4.175788,2.7739465,22.458958,17.580944,5.2701044,6.161012,3.1320648,-3.2514665,24.959202,11.78505,5.3244247,-20.788038,0.8667394,9.802636,-10.747724
7039259712038112518,-6.0334,20.392931,8.336286,6.1897917,33.002888,4.0722394,2.4191675,22.414309,17.495499,5.201694,6.2635016,3.2180188,-3.4079905,24.908016,11.623919,5.3233004,-20.553782,0.6891796,10.064851,-10.789369
7039780337739730181,-6.4556704,20.140608,8.332892,6.016599,33.43179,4.944905,2.264386,22.254068,17.553339,4.6133437,5.8102803,3.1959836,-3.4324603,24.790106,11.817196,5.0720134,-19.747044,1.1615454,9.539728,-11.524878
7040071170363788550,-6.541547,20.277388,8.204342,5.998952,33.471195,5.022666,2.2330768,22.128374,17.667633,4.3288665,6.0062103,3.1078112,-3.4205797,24.743591,11.879982,4.8309827,-19.671331,1.1393279,9.485456,-11.738036
7040105390410960133,-6.495512,20.244638,8.185833,5.9897537,33.428543,4.9889374,2.1956294,22.110058,17.608654,4.4206753,6.017137,3.1321821,-3.4236484,24.776808,11.86887,4.841937,-19.662865,1.1028707,9.531777,-11.706609
7040300833019415813,-6.1248465,20.400164,7.775487,6.011432,33.42179,5.2463436,1.4725558,21.51077,17.827007,4.273203,6.7911825,3.6493196,-3.8744833,24.2477,11.675082,4.600968,-20.228542,0.84824204,9.833835,-11.467922
7040810874281479430,-5.993739,20.254068,8.596534,6.070437,32.924812,4.6188684,2.654575,22.131102,17.63958,5.371124,6.5066934,2.951411,-3.2257206,25.152147,12.120962,5.4029746,-20.66288,1.0052906,10.308905,-10.748941
7041160388334980357,-6.1113844,20.202194,8.488481,6.027452,33.054764,4.697539,2.7355032,22.064058,17.69711,5.3235016,6.5083413,2.8971736,-3.1281872,25.244776,12.224679,5.288877,-20.48904,0.91429126,10.200385,-11.035418
7041273346830454022,-6.0191345,19.956276,8.076532,5.940779,33.1097,4.8448133,1.8951738,21.842682,17.304855,5.295113,6.3243923,3.4108849,-3.5118105,24.9409,11.8101845,4.993191,-19.995022,0.7086913,10.03478,-11.245349
7041603482742230278,-5.849788,20.176514,8.197638,6.061852,32.955082,4.457065,2.3776226,21.969246,17.463303,5.652812,6.62244,3.2320428,-3.3183906,25.137177,11.954377,5.271495,-20.64327,0.641585,10.310426,-10.80329
7041969079246245126,-6.092187,20.419504,8.541815,6.1841893,33.053658,4.260258,2.699012,22.375072,17.763962,5.1281195,6.4018297,3.0400717,-3.2820227,24.987408,11.873313,5.434354,-20.721548,0.808208,10.15717,-10.809134
7042347189179403525,-5.8131595,20.243694,8.174548,6.0961165,32.94607,4.3585854,2.4508116,21.991505,17.527464,5.7061224,6.694112,3.2548773,-3.3010836,25.121504,11.940057,5.3220863,-20.855534,0.58375406,10.344707,-10.688504
7042694987141745926,-5.9376144,19.646086,8.901861,5.8136377,33.002647,5.63345,2.4884353,21.609518,17.774282,5.667977,6.634271,3.0183675,-3.2026072,25.319437,12.580146,5.5597787,-20.508411,1.1427766,10.610514,-10.966433
7043009038623329541,-6.139512,20.358433,8.680509,6.1207805,33.082504,4.593079,2.9634285,22.249674,17.867134,5.205559,6.479129,2.8106515,-3.108868,25.17621,12.223576,5.4640994,-20.733328,1.0499399,10.197366,-10.8499155
7043834307458141446,-5.9052086,19.954384,7.820728,6.0001,33.172874,4.636464,1.6256335,21.867237,17.180511,5.4313745,6.2602916,3.744916,-3.697678,24.74418,11.507221,4.988086,-20.105358,0.48501658,9.957019,-11.124792
7045558641969073414,-6.1339145,20.244024,8.9410515,6.110889,33.15772,4.877838,2.855507,22.165575,18.14566,5.021958,6.569197,2.9148629,-3.2284682,25.006474,12.239972,5.6123247,-20.869753,1.0171938,10.354436,-10.856024
7046370407758286085,-5.881929,19.941208,7.838082,6.0002947,33.16381,4.6550827,1.6634402,21.855621,17.180304,5.4961243,6.274396,3.730273,-3.6760125,24.776024,11.543626,5.021878,-20.15592,0.5069417,9.982086,-11.075225
7050043192732912901,-6.202843,20.485594,8.3083725,6.1138525,33.23524,4.7058077,2.6091864,22.057117,17.901382,4.8132234,6.5973034,3.0069435,-3.2910664,24.898607,12.06611,5.116746,-20.58473,0.96872324,9.990712,-11.118066
7050156581652106502,-5.851704,20.236506,8.208488,6.107593,32.99373,4.3665037,2.5707273,22.056974,17.542326,5.7389307,6.604636,3.2249913,-3.2545147,25.147242,11.9691925,5.3749104,-20.910189,0.6348481,10.278214,-10.663864
7051571825989422342,-5.9797807,19.889904,8.110461,5.9603143,33.077847,4.6509767,1.91388,21.938322,17.256811,5.4585357,6.259412,3.4687057,-3.5016763,25.000198,11.725886,5.112712,-19.997469,0.54222304,10.098155,-11.213118
7051617295818362117,-5.995495,20.03379,8.472124,5.939742,32.960537,5.0049524,2.3337104,21.854052,17.512337,5.3697624,6.5092816,3.0575588,-3.3047445,25.14507,12.179735,5.2196317,-20.314419,1.0338744,10.284691,-10.999343
7052727837165505797,-6.117873,20.491842,8.271106,6.2423663,33.12898,4.010248,2.65865,22.536676,17.54359,5.196087,6.142346,3.1669147,-3.323191,24.911404,11.650501,5.3427124,-20.690964,0.7743603,9.868022,-10.749524
7053136217717607686,-6.1503816,20.047657,8.143129,5.9671087,33.154076,4.7389574,2.2008133,21.988834,17.387396,5.219609,6.2520337,3.2140117,-3.3507345,25.062979,11.911748,5.0160823,-19.977386,0.7625926,9.940415,-11.330854
7053545705868152069,-6.172055,20.437506,7.9136667,6.1234503,33.31012,4.52416,1.9512414,22.054348,17.62299,4.648754,6.3986483,3.4698322,-3.6365778,24.54847,11.54517,4.878585,-20.260517,0.68300843,9.765397,-11.273386
7053886455805955333,-6.184455,19.984133,8.478643,5.931068,33.13801,5.083224,2.3590221,21.968872,17.525946,5.1571045,6.2307253,3.0569048,-3.2965841,25.101357,12.137802,5.1837144,-20.04075,1.094208,10.033133,-11.248919
7054222416247000325,-6.0596337,20.261753,7.943653,6.0399027,33.207706,4.845511,1.9090406,21.933407,17.333273,5.001656,6.2487683,3.447276,-3.6190012,24.667807,11.706792,4.920931,-20.198717,1.062779,9.77122,-11.055196
7054255399968476422,-5.947053,20.256462,8.504455,6.0714583,32.833054,4.4468403,2.490658,22.184666,17.4445,5.4281745,6.42186,3.0309753,-3.2913222,25.133404,11.964744,5.3619018,-20.535198,0.96000975,10.293356,-10.718214
7054582233989958917,-5.800714,20.15795,8.281564,6.04855,32.93235,4.5340633,2.4793363,21.885946,17.617489,5.7430687,6.79644,3.2151308,-3.2654493,25.180943,12.071072,5.3712926,-20.890253,0.59345466,10.466983,-10.727122
7054948838716493061,-6.12916,20.407898,8.83274,6.177677,33.136276,4.6240935,2.9017448,22.270773,18.113115,4.9779744,6.576985,2.901513,-3.2319705,24.967857,12.135711,5.557707,-20.950132,0.9701424,10.283796,-10.780684
7054964457310539013,-6.3544974,20.470093,8.216083,6.1072607,33.319824,4.670747,2.4359505,22.212727,17.706081,4.5839605,6.229391,3.0735233,-3.3795922,24.784962,11.860964,4.9867587,-20.174906,1.064847,9.684713,-11.315761
7055321327174946054,-6.0490646,20.496748,8.528045,6.1754994,33.10469,4.5657196,2.6833117,22.15692,17.96382,5.007102,6.663983,3.0475736,-3.3239238,24.87223,12.018425,5.3866267,-20.980894,0.9436402,10.220775,-10.739137
7055610539749199109,-5.903799,19.808422,8.475595,5.930317,33.025223,4.944536,2.2781348,21.816133,17.563417,5.6781535,6.5361037,3.2683606,-3.324297,25.190937,12.115979,5.39719,-20.427254,0.6661592,10.427463,-11.009398
7055714634526969093,-6.0702953,20.11539,8.873395,6.0035152,33.047318,5.149948,2.6748965,21.97458,17.924473,5.168307,6.5660396,2.9166903,-3.2407634,25.080854,12.338494,5.5054226,-20.700092,1.2051833,10.382238,-10.853258
7056423267564899590,-5.884877,20.281752,8.442611,6.03068,32.96833,4.9116654,2.5065804,21.771109,17.833378,5.3434906,6.9223924,3.063145,-3.2922459,25.05157,12.250378,5.299249,-20.92248,0.9519761,10.457468,-10.757587
7056858947935915270,-6.3157268,20.353632,8.293643,6.16783,33.357452,4.4803433,2.7081249,22.496191,17.551647,5.0403137,5.8493066,3.130861,-3.288604,24.883121,11.796404,5.2812595,-20.44861,1.1005899,9.562267,-10.968352
7057200753470950661,-5.9993167,19.890072,8.0214205,5.992045,33.146465,4.560274,1.8967749,22.027298,17.171076,5.494229,6.097779,3.5433087,-3.5325525,24.954603,11.619831,5.1071963,-19.958557,0.52668726,9.9577675,-11.196527
7057221943623306501,-6.074655,20.584536,8.309462,6.1390657,33.124947,4.6384187,2.5930457,21.990005,17.95246,4.8832054,6.82088,3.0276363,-3.3185706,24.872225,12.075797,5.1685886,-20.847206,0.9597954,10.165612,-10.924071
7057548200625917190,-6.0998774,20.735199,7.915792,6.2310038,33.30339,4.4243703,2.3695893,22.093164,17.829607,4.7450953,6.6303267,3.3227904,-3.506438,24.563965,11.717013,5.0002337,-20.905344,0.87165856,9.804381,-10.883678
7057560274424958214,-6.1511207,20.349148,8.844303,6.1395187,33.185917,4.8534656,2.8660538,22.185913,18.124435,4.94714,6.5566525,2.909612,-3.2447114,24.943518,12.210496,5.5378704,-20.9114,1.0997854,10.24688,-10.815598
7057846707651939590,-6.174235,20.366653,7.971794,6.1049294,33.299644,4.5634,2.0668762,22.075718,17.573147,4.795657,6.325878,3.3998787,-3.5594573,24.661125,11.634782,4.932734,-20.2441,0.7420137,9.766094,-11.24085
7058313871718714629,-5.839949,19.82261,8.769364,5.895781,32.82277,5.1329093,2.5768173,21.821129,17.537611,5.883108,6.571759,2.987356,-3.1617048,25.393986,12.416035,5.567156,-20.642673,1.0866603,10.593813,-10.693168
7058348964306783493,-6.2544312,20.47291,8.251412,6.0872865,33.280334,4.88871,2.3606179,22.02809,17.782879,4.5949326,6.436865,3.094758,-3.4347665,24.730888,11.96321,4.9951715,-20.33002,1.1704288,9.827527,-11.20253
7059081815985818886,-5.9635844,20.193481,7.7159085,6.058468,33.275528,4.671547,1.8433918,21.875658,17.325722,5.27276,6.339714,3.6538522,-3.6366632,24.67042,11.598867,4.9240294,-20.392014,0.69106174,9.7972145,-11.025173
7059301793574046982,-6.0966744,19.958464,8.16519,5.9553447,33.184937,4.8482723,1.9087371,21.90542,17.44735,5.1234536,6.296983,3.4317634,-3.53006,24.872967,11.768893,5.0462866,-19.988441,0.6490357,10.015875,-11.347386
7059302103713402117,-6.0250206,20.176468,8.480317,6.1225166,32.99922,4.2887015,2.6024098,22.39267,17.42097,5.5268216,6.125582,3.131746,-3.272556,25.120407,11.834092,5.4737005,-20.53672,0.8347909,10.096525,-10.733131
7059414649581604102,-6.159302,20.32488,8.846811,6.145775,33.166634,4.7181935,2.897641,22.257969,18.07729,5.010244,6.498699,2.902834,-3.213563,25.005165,12.169718,5.5677447,-20.846436,1.0083311,10.25154,-10.847263
7059442492080491781,-5.961177,20.028955,8.618386,5.857337,33.042313,5.788867,2.2582932,21.442278,17.842058,5.1303983,6.8558187,3.0426772,-3.382114,24.969126,12.515172,5.2059116,-20.601728,1.4508235,10.418191,-10.94257
7059747853035441414,-5.903283,20.406141,8.202101,6.115767,32.98341,4.40307,2.5433102,21.990732,17.686499,5.4203105,6.789851,3.135648,-3.2773635,25.061653,12.004309,5.244255,-20.893162,0.69046575,10.297739,-10.766589
7059832468412583173,-6.1245556,20.777855,7.989754,6.2059007,33.272827,4.571179,2.3627625,22.037214,17.8869,4.5960774,6.6929865,3.2447135,-3.506434,24.543495,11.803589,4.9672527,-20.884005,1.0302846,9.834371,-10.907517
7060191695681375493,-5.876254,19.831306,8.756151,5.8950496,32.858475,5.1388354,2.5501492,21.814331,17.571339,5.8113256,6.5724244,2.998365,-3.1774163,25.358435,12.401618,5.5354548,-20.602478,1.058065,10.563166,-10.745013
7060513660975844614,-5.858518,20.398222,8.22178,6.1096177,32.95183,4.4341626,2.5662897,21.946424,17.702244,5.4959226,6.859624,3.1276886,-3.262229,25.089804,12.053245,5.275761,-20.978992,0.6996554,10.366418,-10.704613
7060539961459641605,-5.8948855,20.062572,8.490717,5.960736,32.940414,5.02698,2.448186,21.80372,17.610655,5.5566254,6.6569204,3.0902019,-3.2714224,25.157688,12.254017,5.3503785,-20.699944,1.0347413,10.399628,-10.775628
7060887870688529670,-6.133326,20.416323,8.878967,6.170109,33.11788,4.6710143,2.9074671,22.261684,18.132236,4.942039,6.587457,2.8650472,-3.2274134,24.968187,12.1697235,5.561612,-20.94691,1.0279971,10.305617,-10.7715
7061273234259610885,-6.3723383,20.544287,8.2292595,6.181056,33.363888,4.455862,2.58446,22.397831,17.742916,4.6213703,6.1170177,3.096096,-3.354912,24.752232,11.768725,5.096066,-20.374569,1.0166484,9.606796,-11.183712
7061519229182315781,-6.4544525,20.269701,8.015299,6.0186353,33.535717,5.0891466,1.8817592,22.049437,17.580425,4.276305,5.967649,3.40978,-3.6540396,24.47056,11.649537,4.768115,-19.723679,1.1235604,9.396642,-11.64546
7061663961090936070,-6.048349,20.3592,8.418315,6.1640406,32.95254,4.118247,2.4616475,22.41437,17.454739,5.2137885,6.2393775,3.1163828,-3.363355,24.993383,11.701198,5.321549,-20.426344,0.76761323,10.097898,-10.8236
7061974363939261701,-6.1077485,19.946045,8.408686,5.9313545,33.07964,4.96236,2.2840593,21.955952,17.430925,5.312364,6.2559876,3.1247783,-3.3165712,25.135118,12.072422,5.1872554,-20.041624,0.96306896,10.0951,-11.2042675
7062023531764256006,-6.151286,20.343931,8.860072,6.166813,33.188683,4.709325,2.8839207,22.271643,18.13048,4.972603,6.511858,2.9447749,-3.248689,24.94135,12.132581,5.5919747,-20.933468,0.9856285,10.255501,-10.80478
7062046390570061061,-5.9893155,19.918837,8.966402,5.910494,33.040554,5.503084,2.5909371,21.700981,18.037876,5.3023343,6.7832637,2.9571257,-3.2396119,25.144741,12.532169,5.5639195,-20.744516,1.172773,10.6082735,-10.910488
7062740749992971526,-6.137221,20.059843,9.025965,6.0271378,33.194214,5.216779,2.7825918,22.008284,18.180279,5.0654945,6.580253,2.9406285,-3.2312562,25.036194,12.371308,5.6413665,-20.793802,1.0886475,10.41276,-10.945265
7063121025394855173,-5.880878,20.414843,8.21453,6.152516,32.98044,4.2690506,2.5238893,22.08077,17.670538,5.4477143,6.7327447,3.2004619,-3.3174028,25.017097,11.898022,5.310885,-20.943089,0.6217805,10.299149,-10.698894
7063127157068844294,-5.8698373,20.214245,8.152249,6.100644,32.99377,4.308433,2.4076073,22.079391,17.464476,5.6554832,6.5305524,3.2987058,-3.330614,25.084036,11.8423605,5.308138,-20.73249,0.56119204,10.232592,-10.757535
7063459529668742406,-6.1449738,20.45575,8.787364,6.1964803,33.157375,4.5726047,2.8970919,22.308012,18.105726,4.9347925,6.5428796,2.9252546,-3.2473042,24.925093,12.087015,5.540982,-20.972517,0.97987217,10.226226,-10.769176
7063505399307144454,-6.268494,20.39564,8.532992,6.021326,33.115925,4.9976707,2.586682,22.022896,17.771545,4.7049212,6.4715037,2.7950056,-3.253621,25.007433,12.237423,5.081208,-20.203754,1.345211,10.013684,-11.209554
7064244808700726533,-6.01923,20.467003,8.411035,6.206851,32.932796,3.9668236,2.61792,22.434916,17.56987,5.255513,6.3951297,3.0641925,-3.2980158,25.034203,11.740716,5.366087,-20.648544,0.67309314,10.176761,-10.749186
7064489288125189382,-6.1689963,20.275803,8.752974,6.10275,33.241573,5.008717,2.7561681,22.126324,18.017818,4.96295,6.44523,2.9778082,-3.2870395,24.906399,12.199526,5.468604,-20.784721,1.196536,10.128311,-10.86531
7064507087086161157,-6.029869,20.49613,8.321953,6.1812425,33.03548,4.276897,2.708907,22.285099,17.653082,5.273375,6.4634304,3.0583494,-3.2564855,25.006144,11.910422,5.32762,-20.867214,0.8871106,10.082257,-10.688614
7064585014561754373,-6.092709,20.182957,8.450657,5.952229,32.960884,5.0211825,2.437492,21.922943,17.47391,5.1811557,6.424589,2.9052553,-3.2570767,25.139519,12.228095,5.109816,-20.22678,1.2825247,10.124293,-11.020089
7064650116321250566,-6.355744,20.518698,8.160629,6.1899424,33.494255,4.678874,2.6975207,22.34624,17.75529,4.7720146,6.0459795,3.1494677,-3.3388896,24.708723,11.85938,5.1408005,-20.622887,1.2018882,9.469611,-11.009778
7065372841423801605,-5.8400526,20.152952,8.23481,6.027507,33.014954,4.681699,2.4291549,21.78052,17.715109,5.617372,6.8736167,3.2408051,-3.2872033,25.125048,12.112091,5.294814,-20.865097,0.57620955,10.438077,-10.853542
7065713702833638662,-6.1519666,20.158571,8.406855,5.920046,33.06052,5.217873,2.3717399,21.797937,17.550922,5.022426,6.4832506,2.9044836,-3.2809618,25.100372,12.296014,5.0040646,-20.07279,1.307105,10.076492,-11.216246
7065769954695564550,-5.955264,19.884659,7.8655763,5.952703,33.19503,4.8090863,1.6209412,21.810892,17.179468,5.376206,6.2229195,3.6943326,-3.6734235,24.780323,11.590933,4.955225,-19.97099,0.57558554,9.932376,-11.228596
7066474035613388037,-6.3581996,20.495426,8.060243,6.1509304,33.367798,4.389721,2.5025928,22.321009,17.666481,4.7159386,6.16775,3.1493697,-3.3387682,24.816236,11.744503,4.993717,-20.260736,0.8338231,9.602436,-11.3131485
7067063225736580357,-5.900307,20.060843,7.7692804,6.0043225,33.206112,4.781519,1.6112808,21.753504,17.290684,5.2784185,6.4124455,3.7360175,-3.7266712,24.65046,11.570383,4.9151177,-20.243902,0.60588634,9.945018,-11.095348
7067217215925275910,-6.118435,20.358768,8.875348,6.1440063,33.152122,4.813548,2.91095,22.166916,18.173244,4.99382,6.6446013,2.8858979,-3.217994,24.981754,12.245745,5.571269,-20.99317,1.0437986,10.333763,-10.783556
7067569943449046278,-5.86872,20.332575,8.2334175,6.098354,32.99047,4.4962096,2.3692536,21.927197,17.700663,5.37646,6.806958,3.2439766,-3.3759892,24.976162,11.947375,5.262152,-20.839958,0.65367687,10.356502,-10.793214
7067578500101803269,-5.8326836,20.39987,8.155047,6.122577,32.993454,4.442098,2.4550147,21.905153,17.72946,5.4583673,6.8984985,3.2363462,-3.3391018,24.993702,11.980646,5.254958,-21.021559,0.6287001,10.36011,-10.703977
7067623396279930117,-6.3364177,20.639143,8.677438,6.1318197,33.189255,4.888994,2.7786345,22.207882,18.011246,4.414688,6.4717793,2.7404542,-3.2755883,24.841717,12.1939,5.2156663,-20.465036,1.5089929,9.957742,-11.073099
7067959925141474565,-6.062533,20.900057,7.8186994,6.1911426,33.3308,4.87891,2.1560948,21.73174,18.028515,4.379293,7.0095267,3.3372583,-3.6367707,24.33537,11.868094,4.7859077,-21.038013,1.1503991,9.854547,-10.9045105
7067985901011373317,-6.006511,20.1407,8.307487,6.018559,32.972794,4.5789375,2.3590949,22.042095,17.41779,5.4024997,6.4126844,3.1153164,-3.3057091,25.140062,11.970766,5.190226,-20.287527,0.80835104,10.177675,-11.006818
7068298283386506502,-6.090172,20.578215,8.379194,6.2185073,33.089413,4.2220254,2.702483,22.328129,17.799704,5.0248437,6.512691,3.044031,-3.2990866,24.914938,11.863104,5.3180923,-20.816519,0.8360213,10.084017,-10.797418
7068640088774741254,-5.997236,20.032389,8.605038,5.957285,33.052418,5.0877647,2.569561,21.786133,17.836823,5.3926387,6.739826,3.0006225,-3.211205,25.194733,12.358644,5.3629355,-20.613945,0.9210191,10.435669,-11.003027
7068682786437139718,-5.9407077,19.663397,8.986302,5.81693,32.992706,5.7206264,2.5654025,21.642408,17.773455,5.6759586,6.5739255,2.9728713,-3.1873517,25.312103,12.634365,5.624352,-20.595364,1.3292024,10.585844,-10.849935
7068731699701484806,-6.0391617,21.015923,7.97662,6.1614995,33.19116,5.061841,2.2970836,21.616276,18.12576,4.283271,7.2367043,3.1007872,-3.5445595,24.424408,12.122508,4.7823706,-21.131039,1.4359517,10.018652,-10.82483
7069799098576112901,-6.029679,19.786934,9.007197,5.876361,33.081024,5.5837183,2.6134052,21.728556,17.960598,5.397518,6.622767,2.9541204,-3.2065094,25.216372,12.562293,5.6018944,-20.591955,1.2068833,10.548894,-10.977766
7069805338601606406,-6.288213,20.651655,8.06066,6.0641074,33.341938,5.136427,1.8952508,21.808628,17.87361,4.0017867,6.624927,3.2658737,-3.6980786,24.35659,11.826636,4.6995025,-20.194254,1.2995806,9.735807,-11.397663
7069844079122599173,-6.2613945,19.897058,8.393237,5.87881,33.267685,5.2991776,2.083752,21.837803,17.587831,4.9058924,6.226007,3.2096927,-3.4224784,24.94365,12.060163,5.0509324,-19.817202,1.0113353,9.950882,-11.528579
7070162555695615237,-6.075893,20.974018,7.9547577,6.2134585,33.27545,4.864009,2.259338,21.792353,18.07926,4.297917,7.0318246,3.2206604,-3.6098955,24.347368,11.914533,4.831064,-21.082792,1.2598639,9.903849,-10.837774
7070176633931549958,-5.7714334,20.005842,7.8089013,5.9210644,33.288715,5.671895,1.357447,21.2518,17.490679,5.13998,6.7493234,3.8591511,-3.9239838,24.369568,11.831213,4.8477116,-20.56829,1.0673851,10.046599,-10.903571
7070218376328563973,-5.9811344,20.057968,8.649105,5.948877,32.848316,4.951071,2.5719314,21.969818,17.474762,5.515655,6.4480996,2.885968,-3.1840885,25.291517,12.295308,5.358669,-20.422064,1.2083117,10.348359,-10.816704
7070486062182731013,-5.9656744,20.410015,8.2839575,6.209815,32.991924,3.9695299,2.4975927,22.384874,17.5414,5.35992,6.3906183,3.2397938,-3.3651953,24.964405,11.650725,5.3744745,-20.725302,0.5576855,10.150845,-10.720878
7070550742880292101,-6.14691,20.52125,8.750702,6.230459,33.135887,4.41647,2.8613753,22.394821,18.04463,4.9164257,6.4883695,2.9487982,-3.2788048,24.892107,11.978683,5.523562,-20.956724,0.9398727,10.183368,-10.741836
7070569241413422342,-6.405015,20.024837,8.174114,5.9361296,33.418648,5.092543,1.9938631,21.991863,17.54079,4.6243,6.028817,3.302142,-3.4972928,24.781055,11.821789,4.884594,-19.619246,0.92669135,9.640642,-11.721328
7070907935722917126,-5.9721584,19.957897,8.634039,5.9227185,32.911118,5.0846963,2.4684985,21.905788,17.49228,5.543553,6.421984,3.003946,-3.2375743,25.23482,12.271596,5.3839173,-20.432657,1.1736684,10.339159,-10.846657
7071272326746230021,-6.0085535,20.977087,8.048882,6.1262064,33.121426,5.172037,2.2921114,21.56287,18.09956,4.3327584,7.263127,3.050361,-3.5247884,24.473097,12.205935,4.804946,-21.121006,1.533583,10.094156,-10.782799
7071272731286834437,-6.1131816,20.785126,8.15791,6.23948,33.19103,4.3922853,2.5254714,22.17391,17.908129,4.6838975,6.6721206,3.141514,-3.434504,24.645527,11.814199,5.1038704,-20.937267,0.97594446,9.939585,-10.82133
7071521897082621189,-6.171908,20.353148,8.946335,6.182283,33.202847,4.718699,2.941876,22.308592,18.199812,4.914712,6.478953,2.9149532,-3.2434444,24.919086,12.150211,5.641323,-20.976751,1.0221883,10.267447,-10.777759
7072060893818899717,-6.315751,20.55371,8.247554,6.0710998,33.30785,5.002368,2.4268715,21.946722,17.9179,4.425571,6.5767255,2.9961982,-3.3866382,24.73478,12.077313,4.909471,-20.349453,1.2187372,9.827927,-11.311201
7072774694214044934,-5.8092537,20.326286,8.180912,6.099174,32.959316,4.434435,2.4914453,21.896595,17.690552,5.5988626,6.8930254,3.219957,-3.2927744,25.08615,12.021218,5.298778,-21.00809,0.58179337,10.41636,-10.702343
7072780188018380038,-6.088416,20.877617,8.17692,6.245077,33.133274,4.4659786,2.5145314,22.141151,17.904104,4.5993867,6.7295394,3.089399,-3.4580686,24.593437,11.850741,5.0669,-21.014711,1.1536415,9.95049,-10.710319
7073146702995279110,-5.976912,20.37453,8.531239,6.1360664,32.969604,4.428763,2.792972,22.17696,17.761951,5.3959045,6.6233478,2.9553897,-3.185763,25.146133,12.103298,5.438994,-20.891668,0.86420333,10.320165,-10.690724
7073157554024566021,-6.202398,20.235144,8.939201,6.1261578,33.25225,4.9028955,2.9252121,22.243908,18.138512,4.9902444,6.409433,2.9190435,-3.216362,24.977598,12.22634,5.624431,-20.851215,1.0948519,10.20609,-10.866008
7073510812542913798,-5.937943,20.06954,8.115896,6.068958,33.103893,4.427851,2.1436036,22.07311,17.380396,5.5148454,6.3239617,3.4504795,-3.4663906,24.957039,11.696563,5.2329326,-20.39289,0.5245404,10.095699,-10.960607
7073511726888635653,-5.8430247,20.255663,8.218536,6.1105595,32.939827,4.2915287,2.5059261,22.060497,17.526247,5.683065,6.653044,3.2021143,-3.2726092,25.153547,11.9364605,5.339749,-20.81649,0.5816867,10.334067,-10.709313
7073513732395044102,-5.906333,20.265368,8.152895,6.061839,33.006714,4.5261054,2.3893855,21.91692,17.584312,5.46794,6.7108345,3.2118363,-3.318626,25.068968,11.984418,5.1899276,-20.693935,0.6620424,10.265924,-10.879077
7073547434244328709,-6.1789465,20.468416,8.258023,6.202346,33.17699,4.179042,2.6531916,22.4574,17.572447,5.1012487,6.1517553,3.1175249,-3.3003013,24.926188,11.739067,5.262589,-20.5721,0.8501766,9.818531,-10.884721
7073906588079246598,-6.0295973,19.980513,8.864457,5.919279,33.08686,5.492864,2.5581312,21.69641,18.031752,5.195369,6.7715898,2.9693658,-3.2579577,25.09219,12.497241,5.4686847,-20.69664,1.1826915,10.509709,-10.975345
7073916316566031622,-6.0875916,20.104406,8.568204,6.06863,32.9995,4.4864373,2.51735,22.360619,17.391273,5.398473,6.0355487,3.0969925,-3.2958083,25.110788,11.8752365,5.445814,-20.308197,0.98688275,10.067246,-10.858358
7074644027190103302,-6.050288,19.904884,8.813869,5.9341865,33.09642,5.211205,2.6202276,21.825165,17.954987,5.3623247,6.6618814,2.9948595,-3.1912327,25.21339,12.403724,5.506736,-20.592596,0.9022344,10.492398,-11.069124
7075734573933530373,-6.094929,19.953415,9.036675,6.0221844,33.16271,5.1017356,2.729778,22.06082,18.093409,5.230799,6.4986644,3.0229633,-3.2438686,25.078506,12.286246,5.7206345,-20.758923,0.9486389,10.458656,-10.924347
7075788593930816773,-6.1431103,20.365644,8.190464,6.187882,33.225147,4.228863,2.4770553,22.401049,17.53605,5.150423,6.1221714,3.2816486,-3.391717,24.85144,11.644679,5.2601824,-20.526407,0.73845494,9.812179,-10.919747
7076131060420988165,-6.298865,20.502625,8.344534,6.074081,33.244217,5.025375,2.367133,22.071507,17.741083,4.48074,6.3252034,3.0195441,-3.4435031,24.684525,11.9899235,4.9762654,-20.320297,1.4147484,9.7537985,-11.127183
7076134412487855366,-6.21784,20.751446,8.027944,6.055962,33.34,5.3493166,1.8102738,21.589924,18.042185,3.8674457,6.9334,3.2850208,-3.7647953,24.240091,11.927782,4.629115,-20.402405,1.3830599,9.850791,-11.339118
7076423248698690822,-6.1153045,20.324059,8.847216,6.1073565,33.15178,4.953493,2.802137,22.074268,18.148054,4.9521837,6.6697574,2.9141934,-3.2570062,24.951864,12.264429,5.5117974,-20.916397,1.095872,10.331892,-10.836395
7076502785742720261,-6.124005,19.92307,9.019112,5.911481,33.2283,5.702225,2.527569,21.67232,18.263788,4.94163,6.769045,3.0067143,-3.313347,24.969896,12.516936,5.5247436,-20.66375,1.1779764,10.504886,-11.133131
7076526059344104709,-5.8901415,19.651007,8.930971,5.860114,32.937183,5.38271,2.5964718,21.788195,17.656338,5.8769035,6.4930463,3.0247455,-3.1655517,25.383863,12.491625,5.6876345,-20.613428,1.1077797,10.605559,-10.77793
7077571361660521733,-5.993517,20.345436,8.449253,6.110774,33.009438,4.514808,2.761916,22.115284,17.733774,5.4045005,6.6128144,2.9757588,-3.1823914,25.146294,12.127687,5.370726,-20.851038,0.8794148,10.260689,-10.746048
7077597321667546373,-6.038304,19.991758,8.715542,5.8970613,33.065342,5.564476,2.5102963,21.717335,17.769121,5.281899,6.5617595,2.9714494,-3.2633073,25.090765,12.472945,5.359687,-20.603373,1.4342489,10.300783,-10.882607
7077597820538146053,-6.1626205,20.30179,8.835687,6.1584206,33.214207,4.692649,2.7936969,22.283768,18.101091,4.9526343,6.4432116,3.0277672,-3.2969208,24.895168,12.05119,5.589885,-20.867353,0.92303365,10.2233095,-10.858126
7078216427131473157,-5.951793,20.273628,8.323511,6.156228,32.96054,4.0729055,2.3563588,22.323101,17.466906,5.3976445,6.3520913,3.2801518,-3.4022603,24.989202,11.64644,5.368169,-20.543083,0.5353671,10.202972,-10.806664
7078227199463066886,-5.8238955,20.205347,8.286243,6.097794,32.889328,4.291065,2.493331,22.093315,17.465122,5.748827,6.5835505,3.202188,-3.2764928,25.17805,11.925403,5.390853,-20.793571,0.6124527,10.363098,-10.652269
7078325137698770181,-6.036801,21.0152,8.024146,6.1511235,33.129467,5.048663,2.3030698,21.650703,18.069822,4.2965145,7.1922426,3.0542843,-3.5280366,24.458378,12.131491,4.7967534,-21.086466,1.495248,10.03621,-10.795108
7078352231413697797,-6.1441936,20.246374,8.879891,6.079751,33.10926,4.8588867,2.8522835,22.134178,18.063753,5.0519557,6.5822325,2.8601336,-3.1824403,25.090277,12.278378,5.540641,-20.7477,1.032046,10.349701,-10.929099
7079069070078889221,-6.2003155,20.625572,8.552568,6.2332273,33.197163,4.4509473,2.7330582,22.354628,17.999804,4.692664,6.468732,2.9982018,-3.3501265,24.757671,11.901406,5.3387055,-20.84237,1.0263547,10.009506,-10.838556
7079071645771500806,-6.28491,20.24179,8.660654,6.0752788,33.300606,5.058601,2.7875705,22.24682,17.776129,4.9857125,6.078544,2.9520562,-3.247044,24.943707,12.169769,5.402281,-20.53435,1.440451,9.8261595,-10.925023
7079095510904229126,-5.843318,19.934027,8.649699,5.892912,32.93733,5.4133406,2.395662,21.586206,17.741682,5.569631,6.8250933,3.0770597,-3.2922697,25.160475,12.443604,5.4048944,-20.754772,1.1421949,10.572578,-10.771425
7079418950315969798,-6.0751557,19.929987,9.022446,5.982148,33.120922,5.167626,2.7293718,21.944658,18.118484,5.265862,6.6413302,2.968852,-3.198743,25.160631,12.388176,5.668844,-20.722773,0.9059307,10.55297,-10.997813
7079814734664436998,-6.2305455,20.698666,8.212602,6.1739597,33.242214,4.6400905,2.41991,22.135141,17.878916,4.479518,6.536722,3.1036265,-3.4597018,24.616167,11.850217,5.006424,-20.628992,1.12028,9.830943,-11.035796
7079836018203020549,-6.058097,19.983717,8.180836,5.947974,33.09755,4.825593,2.0847895,21.899876,17.373466,5.304098,6.3293576,3.2849927,-3.4130387,25.032986,11.910687,5.0596123,-20.044771,0.75837386,10.060875,-11.237943
7080535307816291589,-6.302021,20.691353,8.554031,6.1870694,33.208923,4.6726465,2.660059,22.291695,17.967033,4.406943,6.42602,2.8981624,-3.3711245,24.71736,11.979787,5.206427,-20.545,1.3431607,9.901042,-11.010494
7080545682058169605,-6.0717807,20.574709,8.179584,6.224239,33.061043,4.0048532,2.4803226,22.375807,17.611986,5.043834,6.4187837,3.193818,-3.3866565,24.854109,11.637304,5.20719,-20.666368,0.6583798,9.997928,-10.849048
7080583186522098949,-6.3527956,20.497038,8.0203495,6.1049585,33.39773,4.7206593,2.092036,22.10119,17.715656,4.3510404,6.287018,3.291403,-3.569055,24.547478,11.6715,4.818619,-20.081541,0.94404143,9.607402,-11.450091
7081140277083213062,-6.098029,20.423126,8.857076,6.16889,33.093983,4.638384,2.9788723,22.23028,18.121384,5.0745835,6.640511,2.8285966,-3.1705258,25.047283,12.228481,5.573426,-21.007938,1.0026991,10.343882,-10.735471
7081276473687985413,-6.096472,20.208635,8.504502,6.041013,32.96301,4.6108875,2.564982,22.189266,17.45456,5.2802567,6.277528,2.9306846,-3.2341697,25.172121,12.055056,5.2594576,-20.267889,1.0615466,10.113697,-10.949697
7081323710442917125,-6.12273,19.992804,8.824741,5.897188,33.123386,5.5949416,2.4850247,21.732027,17.92489,5.034649,6.590378,2.9502652,-3.2893991,25.037527,12.46346,5.3644753,-20.473185,1.3734853,10.327524,-11.070519
7081701013891157253,-6.098637,20.139763,8.664494,5.982657,32.94195,4.9372416,2.658406,22.092432,17.51505,5.320011,6.3006616,2.8378215,-3.175475,25.22692,12.2631445,5.337446,-20.363049,1.319987,10.173181,-10.876823
7081711774084484358,-5.9620814,19.698954,8.942742,5.8110003,33.002087,5.7424374,2.524907,21.596712,17.805925,5.5790987,6.6396394,2.9604998,-3.1984758,25.288233,12.639523,5.546757,-20.543423,1.3102205,10.580464,-10.930829
7082037036730813701,-6.2134285,19.913431,8.845259,5.8953876,33.23081,5.5659456,2.4940846,21.80089,17.983866,4.971624,6.4767423,2.992647,-3.2806122,25.032612,12.409821,5.387816,-20.353456,1.2267056,10.254965,-11.2444725
7082286078417259782,-5.818432,19.652988,8.862362,5.81925,32.882465,5.5263267,2.4975822,21.594053,17.664757,5.900811,6.6998916,3.0268896,-3.182926,25.39323,12.580083,5.5988126,-20.639685,1.1215991,10.711919,-10.785627
7082386924677205253,-6.11497,20.52704,8.226044,6.2103467,33.097874,4.0837708,2.6239843,22.41558,17.597818,5.127258,6.3082414,3.12779,-3.305425,24.932493,11.726282,5.258107,-20.680197,0.761963,9.932788,-10.833132
7083155569812589829,-5.9164186,19.67917,8.840237,5.8737755,33.021423,5.3770156,2.4859538,21.743185,17.73306,5.7271943,6.551287,3.110105,-3.2363157,25.275942,12.4161625,5.607688,-20.573818,0.9858663,10.56562,-10.89628
7083159832185933061,-6.3697534,20.561176,8.200196,6.1717143,33.36959,4.5395665,2.459924,22.34591,17.748411,4.514426,6.139904,3.1535404,-3.4268467,24.658966,11.728058,5.0503554,-20.351627,1.059898,9.594169,-11.200968
7083526112558517510,-6.1621246,20.460342,8.758632,6.1353493,33.08963,4.6920276,2.9762104,22.207773,18.012411,4.995679,6.5945525,2.7546988,-3.1353216,25.093945,12.274818,5.4465675,-20.800394,1.1512975,10.232392,-10.852406
7084552539126926597,-6.053133,21.10276,7.95174,6.1696067,33.15488,5.047342,2.2792532,21.633537,18.084028,4.1950684,7.227569,3.0552554,-3.5498743,24.395678,12.111793,4.729057,-21.106821,1.5458622,9.973174,-10.795286
7084890005491010821,-6.1687007,20.31186,8.936592,6.162694,33.197254,4.742139,2.9560678,22.291157,18.17701,4.9861984,6.4963517,2.9053915,-3.2142076,24.97745,12.18155,5.647052,-20.944592,0.99805725,10.2828455,-10.808981
7085367737178000646,-6.0533433,19.904486,9.038807,5.8990803,33.132576,5.690035,2.574942,21.658865,18.173231,5.120275,6.789342,2.963368,-3.2715783,25.060894,12.574406,5.5682116,-20.726854,1.2431661,10.577987,-11.001579
7085404371671846150,-6.0240335,20.170609,8.6664915,5.995612,32.888596,4.886793,2.6510816,22.045204,17.56497,5.3779955,6.4489703,2.8560147,-3.1853223,25.224928,12.26877,5.3660274,-20.514608,1.241925,10.293693,-10.789557
7085631257542954246,-6.3070946,19.989096,8.145439,5.923937,33.363163,5.1637597,1.844707,21.909492,17.452814,4.7082715,6.060056,3.3869421,-3.5806303,24.729593,11.79081,4.8830204,-19.645948,0.9800615,9.698507,-11.605625
7085748815449312517,-6.0413833,20.234636,7.8182817,6.033765,33.256687,4.834864,1.7754192,21.876598,17.323336,5.0021625,6.2708006,3.5740411,-3.6781516,24.604298,11.626893,4.868992,-20.186525,0.93772364,9.745073,-11.114628
7086111451965869317,-6.3320494,20.491255,8.300054,6.094877,33.277927,4.803792,2.4413195,22.150032,17.753347,4.534427,6.3109612,3.0170557,-3.3865337,24.77222,11.943591,4.995087,-20.227262,1.1930908,9.753756,-11.258395
7086144769222511877,-6.439467,20.521074,8.368201,6.098602,33.348774,4.8411827,2.47531,22.203386,17.862621,4.3149815,6.26091,2.9749715,-3.38142,24.723856,11.943404,4.9833484,-20.146603,1.217164,9.686348,-11.392021
7086527236471311622,-6.160455,20.366295,8.192819,6.143264,33.118958,4.213986,2.3252728,22.360764,17.435442,5.0237193,6.1458836,3.2205477,-3.4179537,24.883625,11.626922,5.1373997,-20.228928,0.7516197,9.858309,-11.069762
7087592356664315141,-6.1387763,19.966076,8.4957285,5.9382434,33.052467,4.931564,2.4367719,22.040915,17.425749,5.3467207,6.1893787,3.0203242,-3.2379532,25.212578,12.133844,5.2485423,-20.066505,1.0589179,10.082417,-11.15339
7087653844863208709,-6.0526276,21.148518,7.891198,6.198881,33.195953,4.9608455,2.267536,21.663418,18.120012,4.1560793,7.233047,3.1164384,-3.5833795,24.333378,12.042396,4.7216463,-21.167824,1.4750876,9.941403,-10.792868
7087822626005060870,-6.1417685,20.483976,8.711383,6.202101,33.12337,4.4694066,2.860729,22.347616,18.00632,4.9532366,6.4962797,2.9352314,-3.2528214,24.93329,12.023249,5.4945173,-20.91077,0.96451676,10.183385,-10.766511
7087984641864502534,-6.0916123,20.524067,8.387797,6.0862823,33.19765,5.0449104,2.5017846,21.801682,18.092802,4.7277904,6.914832,3.048081,-3.377901,24.771528,12.2036915,5.1447105,-20.872938,1.1293672,10.191511,-10.975419
7088619536202648837,-6.0745597,20.372093,7.767059,6.0126786,33.475662,5.560078,1.6161395,21.484934,17.694864,4.510974,6.6138153,3.640832,-3.8572927,24.226166,11.8090315,4.6730833,-20.47313,1.2916645,9.669898,-11.125296
7088705916027063557,-6.1696963,20.289518,8.920119,6.148415,33.21637,4.7663965,2.8976803,22.261208,18.135931,4.9722204,6.4548554,2.9529736,-3.2525253,24.943449,12.145853,5.618385,-20.885477,1.0026898,10.240324,-10.847063
7090931568486763781,-6.0599914,20.531155,8.2441845,6.2421174,33.0677,3.95379,2.5986905,22.463913,17.581009,5.19409,6.3132615,3.1807864,-3.340441,24.911863,11.6473875,5.3180623,-20.741594,0.6750418,9.986757,-10.749227
7091569180054490373,-5.9934545,20.822119,7.779822,6.163191,33.31105,4.9869514,1.99754,21.636086,17.963263,4.4571815,7.0257063,3.438626,-3.7085786,24.29448,11.84415,4.780727,-21.029379,1.1557965,9.896449,-10.864718
7093581650163944709,-5.819327,19.676487,8.82481,5.865286,32.872135,5.2510576,2.5432658,21.749424,17.599903,5.97695,6.597432,3.0574343,-3.1688182,25.417435,12.45255,5.642557,-20.64509,0.9823577,10.673113,-10.750698
7094149805496159494,-6.0522842,20.845024,7.9517703,6.163829,33.32497,5.0380774,2.138237,21.632814,18.160501,4.317492,7.141131,3.3036,-3.64839,24.33471,11.961044,4.8177557,-21.040262,1.1419677,9.989996,-10.9531355
7094187420819803398,-5.85394,19.659847,8.876106,5.7987404,32.90359,5.6422453,2.4893692,21.534184,17.714037,5.8023252,6.7370653,2.984887,-3.1778753,25.384985,12.642563,5.5484405,-20.58229,1.1766737,10.70524,-10.864989
7094270154275605765,-5.9697027,20.746174,7.8404455,6.1027837,33.263226,5.20471,1.9052202,21.520195,17.946068,4.4347777,7.0664864,3.4282458,-3.7255247,24.303757,11.931767,4.771019,-20.966623,1.2785368,9.96412,-10.878601
7095721528142155014,-5.9668436,20.736612,7.7186103,6.1237164,33.324135,5.101737,1.8373309,21.53489,17.91588,4.476348,7.031643,3.5298004,-3.7677057,24.257656,11.824625,4.730749,-20.950085,1.1304837,9.900703,-10.91744
7095777172513721605,-6.442603,20.444447,8.139929,6.119961,33.51802,4.864181,2.515303,22.264717,17.720808,4.5764937,5.992445,3.1594338,-3.383889,24.670893,11.852641,5.0005727,-20.327213,1.2312248,9.403732,-11.251712
7096121724990655749,-5.956472,20.266964,8.503801,5.970203,33.151398,5.5412846,2.2533271,21.449762,18.141777,4.858182,7.136418,3.1392746,-3.467772,24.766804,12.374489,5.1640487,-20.870087,1.1588023,10.453757,-10.975244
7096387117462359302,-5.8433104,20.107815,7.7910247,5.8982553,33.31865,5.8169584,1.2675886,21.131159,17.64088,4.79803,6.9171443,3.8001964,-3.9576967,24.282022,11.885989,4.690241,-20.46612,1.1144226,10.0490055,-11.097167
7098701138203069702,-5.7899528,20.281902,7.885671,5.9977465,33.194447,5.311004,1.4464095,21.30683,17.802177,4.814652,7.124377,3.7233455,-3.8937855,24.34729,11.793609,4.819649,-20.706127,0.7900601,10.267955,-10.999669
7100934148864494854,-5.8597007,20.212103,7.519659,5.961887,33.37979,5.455493,1.0439472,21.234022,17.577183,4.6595335,6.8737717,4.004259,-4.0815706,24.12152,11.559644,4.5501366,-20.378088,0.79988384,9.908097,-11.211367
7101649191662882053,-5.8599663,20.132767,7.512876,5.9564404,33.36865,5.3458467,1.0546063,21.308805,17.467712,4.7985373,6.741287,4.0264506,-4.054519,24.192978,11.512567,4.592207,-20.29185,0.731243,9.881677,-11.21816
7101685930276293894,-6.010226,20.790049,7.7648683,6.169959,33.322445,4.894452,1.9508424,21.697132,17.921576,4.456393,6.943854,3.4833467,-3.730069,24.283161,11.758209,4.783442,-20.947058,1.0652593,9.864283,-10.910743
7103816728982916357,-5.850426,19.71936,8.880679,5.8206387,32.978275,5.774572,2.3957791,21.474861,17.844429,5.6160374,6.815751,3.0747476,-3.2865844,25.197113,12.603822,5.5417857,-20.719215,1.2396109,10.687453,-10.821762
7104552926231743749,-5.9036508,20.435266,7.750527,6.0299797,33.31698,5.3521523,1.4998295,21.3727,17.787365,4.5930514,6.981695,3.7000718,-3.8996468,24.233612,11.7703705,4.699408,-20.682205,1.014881,9.987263,-11.031243
7107270367303044358,-5.9026237,20.572577,7.743703,6.118145,33.345493,5.043802,1.8226244,21.49286,17.953804,4.7027164,7.0972967,3.6256406,-3.774977,24.314157,11.795988,4.8048472,-21.002052,0.8216206,10.024234,-10.934205
7107863534549110022,-5.920494,20.158579,7.89249,5.9276285,33.2672,5.6371255,1.3737285,21.33454,17.560947,4.7271338,6.7266684,3.6827853,-3.9130185,24.33181,11.829704,4.72433,-20.314548,1.1814017,9.979046,-11.10815
7108997263912979717,-5.8875527,20.262596,7.549791,5.9671245,33.40546,5.5250273,1.1119511,21.214355,17.655874,4.576319,6.9184093,3.950254,-4.063135,24.105158,11.624033,4.5425186,-20.43119,0.87972105,9.897095,-11.213077
7110099088661548293,-5.7859077,20.051607,7.6912374,5.9231505,33.285156,5.570591,1.1693605,21.24211,17.448977,4.9870124,6.7645664,3.932372,-4.005701,24.285223,11.698736,4.724075,-20.411688,0.9634136,10.008343,-11.028805
7112440653350571269,-5.8107905,20.226828,8.0146675,5.9618306,33.177338,5.495653,1.6652415,21.286955,17.805603,4.938672,7.088219,3.5605495,-3.7629263,24.495571,12.012836,4.8899293,-20.748903,0.9951439,10.284873,-10.94021
7113472331917298949,-5.775574,20.121878,7.975016,5.9258194,33.196228,5.6384344,1.5071481,21.186293,17.745312,4.971647,7.078933,3.663833,-3.8431246,24.446255,11.985115,4.8537827,-20.654837,0.98649395,10.290938,-10.976087
7113851055355596038,-5.7914786,20.187176,7.6894584,5.9672894,33.25556,5.318383,1.225027,21.26692,17.635628,4.8561473,6.99279,3.8899813,-3.9759128,24.289658,11.664403,4.7083387,-20.515917,0.7093039,10.132697,-11.107444
7114309168302984454,-6.236648,20.453804,7.956482,5.9777846,33.442593,5.5076933,1.609959,21.467434,17.985832,4.020904,6.833207,3.4484794,-3.8032303,24.273844,11.885458,4.595151,-20.149332,1.1205512,9.836171,-11.582877
7114675214583155973,-6.0328827,20.497736,8.4069,6.2120495,32.982986,4.0877585,2.5136993,22.398619,17.626396,5.100115,6.400372,3.1333354,-3.3843498,24.894232,11.698767,5.3427725,-20.681465,0.7515076,10.133004,-10.745489
7114705253899029765,-5.874698,20.420221,7.9471407,5.99668,33.214455,5.456967,1.674452,21.302364,17.90151,4.6605854,7.1576605,3.525996,-3.7831829,24.390371,11.989615,4.7974043,-20.779408,1.080094,10.199507,-10.995684
7115325407318052102,-5.746986,20.036812,7.6899285,5.9316115,33.258865,5.4768267,1.1759565,21.247768,17.458029,5.071439,6.8162,3.9577255,-3.9975684,24.314438,11.680935,4.7639484,-20.47409,0.85415715,10.075038,-11.000928
7116158724288400645,-5.833118,19.923338,8.65027,5.893583,33.050037,5.6360765,2.2005644,21.42819,17.933306,5.3482513,6.9834127,3.2172358,-3.4434173,24.94986,12.41088,5.363239,-20.808401,1.0955706,10.614975,-10.848397
7116439198285958405,-5.9304566,20.525553,7.9747343,6.036479,33.272,5.4418736,1.793497,21.355717,18.015957,4.526387,7.17113,3.46963,-3.7625785,24.343853,12.010335,4.805543,-20.870045,1.136809,10.141968,-10.990187
7120944943270530309,-6.0900254,20.654985,8.122939,6.161351,33.177273,4.6895914,2.2060308,21.99047,17.79504,4.595704,6.671211,3.2267225,-3.5702026,24.555973,11.7974825,4.954591,-20.677187,1.0557255,9.938628,-10.928676
7122480993948159238,-6.364699,20.655512,8.610366,6.081839,33.242332,5.196938,2.6380122,22.003035,18.081608,4.198882,6.60034,2.746423,-3.335499,24.744717,12.282338,5.055694,-20.386118,1.6395901,9.927221,-11.199629
7123931386964184326,-6.2921968,20.634407,8.529525,6.08216,33.20359,5.1265316,2.5278845,21.960947,18.028465,4.3047667,6.661541,2.839145,-3.38279,24.72658,12.207879,5.0383415,-20.429684,1.513475,9.983108,-11.157362
7124374690520419590,-6.0111556,20.472242,8.174119,5.9677296,33.16802,5.6382217,2.0568457,21.402681,17.880041,4.6106515,7.001182,3.151883,-3.5668118,24.598621,12.288647,4.8329473,-20.662561,1.5355164,10.110028,-10.985207
7125076892729756933,-5.8300757,19.592773,8.788102,5.7759175,32.99484,5.86127,2.2650785,21.403,17.713839,5.7363806,6.7438073,3.1587381,-3.3154747,25.223083,12.582303,5.4897046,-20.565813,1.2011112,10.649754,-10.890567
7125392158063955205,-5.8243213,20.610435,7.7683496,6.157127,33.25917,4.9774175,1.7431176,21.573904,17.846418,4.75587,7.040628,3.6733985,-3.8544335,24.252459,11.691552,4.8578553,-21.049963,0.88733506,10.053186,-10.74905
7125703838497131781,-5.995539,20.289968,7.9545493,5.939436,33.35109,5.729146,1.5194837,21.244543,17.902199,4.459352,7.0012093,3.5769534,-3.8522155,24.305704,11.981562,4.701625,-20.466734,1.14408,10.052409,-11.250209
7127182082568113413,-6.0196924,20.43234,7.812888,6.0312285,33.44077,5.629428,1.6956639,21.445812,17.744621,4.553543,6.709816,3.5934796,-3.8479288,24.214067,11.8873005,4.712509,-20.676445,1.4083477,9.72895,-10.956795
7129505006046170373,-5.9324303,20.44282,8.044973,6.0204196,33.2303,5.4787,1.8886402,21.426702,17.874395,4.6966796,6.995802,3.3961003,-3.703174,24.444729,12.059613,4.8589873,-20.816593,1.2630519,10.100149,-10.896402
7130169267454070021,-5.758413,20.179781,7.635815,5.986979,33.260353,5.3041687,1.1699182,21.307947,17.51831,4.9290543,6.877721,3.964611,-4.0335803,24.232347,11.579605,4.71985,-20.524784,0.7730317,10.058379,-11.000807
7130612533437762821,-5.773989,20.073614,7.5789833,5.937556,33.294277,5.4050727,1.1581428,21.264688,17.430918,5.0407634,6.7851505,3.982219,-3.9909396,24.304195,11.63498,4.6968904,-20.436747,0.8098235,9.993767,-11.056197
7130620750842678533,-6.089116,20.1707,7.9241877,6.0053916,33.307133,5.058906,1.4573021,21.78818,17.428759,4.633034,6.3003316,3.687819,-3.8747585,24.382874,11.516891,4.804036,-19.95352,0.9186333,9.774928,-11.311831
7130906655885102341,-5.782116,20.475698,7.9650517,6.0915422,33.171047,5.1616096,1.7106907,21.478844,17.847044,4.8191075,7.0951185,3.607677,-3.8410287,24.326435,11.8052,4.9170923,-21.008417,0.9655493,10.219014,-10.718052
7132514036276628742,-6.313796,20.62765,8.55255,6.0470543,33.256573,5.416331,2.4399304,21.822567,18.09941,4.1418424,6.720065,2.841419,-3.4398434,24.63816,12.293741,4.9796104,-20.385231,1.6912088,9.966959,-11.215487
7133481707449142533,-5.8675666,20.098585,7.6604524,5.9299674,33.38333,5.6648755,1.2237235,21.223127,17.527302,4.8411317,6.7611747,3.891639,-3.9949744,24.24299,11.735854,4.6481957,-20.373928,1.0043349,9.905951,-11.127661
7135716231218318597,-5.8959007,20.205942,7.559856,5.969935,33.341312,5.2125206,1.2167097,21.359497,17.566107,4.764563,6.8205366,3.9093559,-3.954093,24.285246,11.581122,4.617484,-20.336885,0.6735512,9.935857,-11.264924
7137227107456879877,-5.990014,20.561447,7.911611,6.091744,33.382076,5.3136444,1.8896917,21.484499,18.029327,4.5218015,7.030614,3.4932737,-3.7546728,24.294537,11.926671,4.8038654,-20.923807,1.0800476,9.977857,-10.971039
7137955446320565510,-6.1910205,20.809584,8.025831,6.086895,33.33578,5.290216,1.918135,21.605124,18.097628,3.9291022,7.0016704,3.2563334,-3.7287183,24.254923,11.957864,4.664369,-20.579405,1.3662554,9.878485,-11.23967
7138043316087606533,-6.1390734,20.155342,8.526977,5.9332476,33.258064,5.6748414,2.218189,21.630772,17.930489,4.7391963,6.631843,3.1370955,-3.4776304,24.732477,12.295032,5.126513,-20.499006,1.4255717,10.106039,-11.107833
7141029212244233478,-6.128062,20.713554,8.329775,6.2539754,33.113663,4.2190084,2.6368792,22.37235,17.80895,4.806942,6.4764466,3.0656528,-3.376219,24.758402,11.772933,5.240319,-20.850685,0.9578133,9.966134,-10.757298
7142874586755976454,-5.807025,20.279428,8.18452,6.110349,32.942554,4.3449154,2.5139682,21.977694,17.591694,5.716655,6.7743473,3.228066,-3.2648919,25.149414,11.989512,5.3411336,-20.960659,0.5631515,10.380262,-10.663605
7143162692004482310,-6.1165705,20.39191,7.861851,5.970484,33.384106,5.4470997,1.511813,21.405396,17.883932,4.249545,6.8877764,3.559873,-3.8354983,24.292913,11.835257,4.6105766,-20.250696,1.0078051,9.914103,-11.462211
7143175958978186502,-5.7894306,20.083427,7.637614,5.974553,33.287487,5.304194,1.1713943,21.38062,17.394125,5.0243144,6.680613,3.9844794,-4.022931,24.273321,11.540435,4.7405643,-20.385073,0.7841383,9.965882,-11.02588
7143619564775968006,-6.115912,20.003286,8.935018,5.9260955,33.25172,5.7676816,2.5014427,21.63805,18.246004,4.8833485,6.78355,3.0277405,-3.3516817,24.887884,12.509782,5.4658294,-20.742594,1.3080783,10.423848,-11.0586605
7145110811000835333,-6.0329986,19.799158,9.026285,5.945857,33.101223,5.285467,2.6692789,21.936558,17.948143,5.459778,6.4797654,3.0288978,-3.2177508,25.190018,12.386671,5.7192707,-20.674316,1.0301943,10.5116205,-10.902431
7145813168818900229,-5.9546256,20.651299,7.9501824,6.1381207,33.357113,5.1546707,2.0586207,21.526215,18.148605,4.5809717,7.1704783,3.4468472,-3.6901102,24.346754,11.962595,4.896394,-21.144241,0.98463535,10.08006,-10.884543
7146479472022277381,-5.8505707,19.982752,7.7633095,5.9998794,33.176937,4.7290792,1.5100503,21.758114,17.215658,5.381889,6.38043,3.8166597,-3.7726865,24.65003,11.493197,4.943796,-20.195848,0.5014548,9.991302,-11.077726
7146624079615790341,-6.3423395,20.593164,8.706938,6.067557,33.192654,5.179639,2.687961,22.006912,18.09016,4.295864,6.62675,2.7004755,-3.2924697,24.834766,12.333462,5.125413,-20.370857,1.5906131,10.032113,-11.197618
7148719596487363845,-6.030176,19.951092,8.690617,5.8396845,33.079044,5.8659096,2.2906754,21.526276,17.773203,5.1330442,6.6432886,3.020224,-3.3659751,24.984167,12.514196,5.2407236,-20.478956,1.5654126,10.309186,-10.967808
7150676745937587462,-5.96443,20.214594,8.102151,6.1496,33.098755,4.12791,2.4737575,22.295034,17.367893,5.6482983,6.2295055,3.3338637,-3.3243506,25.05832,11.699217,5.3227143,-20.615786,0.5425852,10.001625,-10.786262
7152911692282809606,-6.0039377,19.934958,8.819862,5.927729,33.042645,5.254638,2.6032197,21.756659,17.96063,5.369397,6.767062,2.9632697,-3.196478,25.219452,12.45343,5.4839625,-20.635094,0.9479302,10.563376,-11.018749
7153997940774882565,-6.118198,20.124784,8.472771,5.919581,32.985962,5.1322827,2.4540522,21.852627,17.497423,5.1736383,6.4568443,2.8533304,-3.223962,25.199463,12.320501,5.077053,-20.10803,1.2884778,10.142438,-11.132693
7155814731897376006,-5.915869,20.263737,7.591426,6.0179358,33.371956,5.2074084,1.2097703,21.455753,17.536936,4.6731644,6.6998687,3.9362903,-4.0280704,24.16843,11.485079,4.6417084,-20.346691,0.7801923,9.840067,-11.177287
7158057918431120645,-6.1106915,19.859407,9.094125,5.9654083,33.198982,5.3512225,2.677236,21.914785,18.179312,5.177077,6.5837526,3.0125325,-3.2468822,25.088572,12.402427,5.6978397,-20.68308,0.9738623,10.5210285,-11.045128
7158890098770119942,-5.9315524,20.315493,7.791718,5.966436,33.377766,5.7675676,1.4223148,21.258446,17.711103,4.5768027,6.8487453,3.7069228,-3.944275,24.184818,11.87557,4.6655145,-20.568077,1.3222353,9.881912,-11.026236
7161307348827426053,-6.492741,20.278559,8.079096,5.9850106,33.488907,5.0806637,1.8884968,21.981588,17.693115,4.1465507,6.1409717,3.3036788,-3.6017902,24.551317,11.7325945,4.711724,-19.596447,1.0053666,9.527477,-11.841873
7161354120849427717,-5.9693265,20.343023,8.5075035,6.012246,33.185085,5.4592676,2.3791523,21.518736,18.205603,4.8520656,7.1373096,3.1142166,-3.434096,24.756643,12.378438,5.210829,-21.010546,1.1687,10.420144,-10.907919
7161523791154236677,-5.8669443,20.27427,7.768789,6.0131555,33.2767,5.3268046,1.3874102,21.479872,17.51276,4.806086,6.6738257,3.8012774,-3.9557357,24.25198,11.645978,4.780948,-20.504652,1.0838493,9.912654,-10.940103
7162123924233358598,-6.1675167,20.202707,8.200022,6.0857544,33.27934,4.6826386,2.310647,22.174263,17.484364,5.090456,6.1025944,3.2820182,-3.4397888,24.842516,11.792941,5.1500306,-20.251286,0.9514237,9.778764,-11.084134
7162174902865251589,-6.477177,20.146639,8.209232,5.9485307,33.460487,5.1668844,2.0385587,21.972647,17.691685,4.362264,6.1179523,3.2224753,-3.4954875,24.711475,11.875493,4.82521,-19.63647,1.0162383,9.613878,-11.799773
7162183685423385862,-6.322955,20.658936,8.24671,6.1448565,33.352394,4.8501544,2.351701,22.07082,17.98552,4.256228,6.520629,3.1111238,-3.500325,24.536081,11.883676,4.9455624,-20.483334,1.1669211,9.7638645,-11.224181
7163552631053503749,-5.868432,19.910517,7.8053727,5.988171,33.171967,4.696083,1.5531331,21.816376,17.153948,5.469277,6.2699456,3.798949,-3.7349207,24.721874,11.496153,4.992296,-20.108742,0.49113208,9.976795,-11.100255
7163942959916895493,-6.400927,20.25306,8.10354,5.933091,33.456547,5.4018707,1.8101251,21.719645,17.801895,4.159136,6.405808,3.306662,-3.6313717,24.526554,11.905601,4.688146,-19.750504,1.1140175,9.690814,-11.782413
7164397666472873222,-6.157253,20.294952,7.9300537,5.995577,33.46149,5.5375834,1.7450745,21.6097,17.67635,4.518813,6.4565887,3.5289133,-3.7725687,24.339989,11.851496,4.751108,-20.322527,1.3161672,9.655346,-11.20483
7164417550791494918,-6.415459,20.246258,8.106503,5.9324975,33.451164,5.3572187,1.8196226,21.741665,17.795507,4.1565294,6.395497,3.2918577,-3.6164038,24.552187,11.894792,4.681629,-19.70397,1.0661107,9.692959,-11.8234005
7164769032430767365,-6.0873666,19.983173,8.595752,5.8722363,33.173447,5.7050753,2.244184,21.568289,17.852594,4.993931,6.656011,3.0890322,-3.3963783,24.924902,12.398273,5.1784296,-20.40071,1.326277,10.252298,-11.141776
7164772525006720262,-6.447217,20.23884,8.060934,5.9644055,33.49317,5.2202067,1.8594648,21.884602,17.692007,4.221132,6.1938705,3.3323326,-3.6155455,24.542952,11.790251,4.707976,-19.67442,1.055594,9.554266,-11.783227
7164792237543394566,-6.062173,19.95423,9.020398,5.8946643,33.200794,5.875637,2.4981892,21.534613,18.307037,4.9345436,6.914868,2.9958413,-3.3382509,24.93021,12.615731,5.505989,-20.8008,1.3205217,10.571511,-11.032363
7165165100075093253,-6.0181146,19.946177,8.623075,5.8774986,33.00085,5.4045305,2.3822482,21.735819,17.627508,5.3520727,6.519988,3.0279279,-3.2806723,25.136284,12.366927,5.3065577,-20.431238,1.2849939,10.313841,-10.964019
7168426884852747526,-6.180446,19.835587,9.051561,5.877586,33.236248,5.7511034,2.6016312,21.720356,18.162981,5.021739,6.6084003,2.9380798,-3.2416914,25.08029,12.574371,5.5345864,-20.497204,1.258509,10.430092,-11.197158
7168916057166597382,-6.257302,20.32538,8.062407,5.942768,33.39413,5.508956,1.7138829,21.53754,17.876564,4.192228,6.6840534,3.3625352,-3.7106829,24.434532,11.94905,4.6645985,-20.026968,1.1426845,9.84629,-11.591256
7168935772777614597,-5.896141,20.081865,8.114252,6.0120296,32.990818,4.5529685,2.150002,21.909388,17.37359,5.5464687,6.530295,3.328025,-3.4030476,25.072151,11.865103,5.147283,-20.36443,0.58980966,10.229619,-10.993795
7169948893805825285,-6.091232,20.055231,8.071756,6.0494003,33.184555,4.4559336,1.8884379,22.157394,17.292463,5.1493626,6.0712166,3.532388,-3.5948007,24.79328,11.500021,5.0890083,-19.967344,0.56521213,9.875501,-11.237751
7170730138965970181,-6.2723217,20.454445,8.582126,6.0183783,33.084106,5.05504,2.607589,21.987984,17.819273,4.611428,6.5497174,2.7235448,-3.2477555,25.003725,12.300922,5.063852,-20.198448,1.4457012,10.055603,-11.2088585
7171408287785782533,-6.175009,19.998774,9.031855,5.967589,33.219875,5.4547668,2.69496,21.891195,18.18509,4.9734116,6.588702,2.932898,-3.2487397,25.024546,12.4487505,5.5748615,-20.649889,1.2009338,10.394897,-11.069301
7171449726158589189,-6.0158677,19.732811,8.970839,5.9242015,33.2017,5.4429307,2.3749943,21.74184,18.111824,5.25193,6.672433,3.2090714,-3.3788142,25.007282,12.313978,5.627096,-20.603611,0.81121856,10.592106,-11.100106
7172507378498260229,-6.276812,20.226103,8.35699,6.048773,33.463455,5.331968,2.554748,22.048157,17.729158,4.9365716,6.0765076,3.1658893,-3.3750095,24.747198,12.117228,5.210164,-20.578876,1.5049945,9.617105,-10.957382
7172555111879757062,-6.1396904,20.793541,7.777817,6.077323,33.323093,5.196722,1.9376029,21.593838,17.882627,4.226088,6.892982,3.3199356,-3.6640964,24.341742,11.939987,4.6244273,-20.630033,1.3819703,9.758003,-11.140686
7173695147639655686,-5.8591404,20.16095,8.439028,6.0379214,32.922245,4.638323,2.574398,21.915728,17.667807,5.6397343,6.7625794,3.0793524,-3.2206078,25.222204,12.171538,5.3971386,-20.80456,0.74260664,10.476457,-10.761855
7173707401302920453,-6.211498,20.38668,8.27922,5.931692,33.270264,5.637925,1.9505866,21.487953,17.980488,4.249656,6.858855,3.135578,-3.590314,24.568354,12.204599,4.7709017,-20.21754,1.3723304,10.033736,-11.42497
7174022295978003717,-5.820019,19.652641,8.847441,5.8397336,32.852646,5.3487043,2.531733,21.717117,17.559044,5.9884934,6.5728273,3.0316644,-3.1639287,25.43202,12.499593,5.6326556,-20.609533,1.086392,10.664821,-10.7359
7174823379453644037,-6.079947,19.93475,8.290957,5.937652,33.154873,4.8751755,2.3313334,21.856178,17.607975,5.401434,6.488452,3.2040231,-3.271423,25.167604,12.093051,5.187109,-20.242691,0.622029,10.18932,-11.294219
7175864609029491974,-5.946784,20.067207,8.014166,6.007735,33.1916,4.8158693,2.1839197,21.814737,17.497377,5.5020704,6.5086827,3.4220605,-3.419689,24.95553,11.926891,5.123315,-20.547045,0.68465,10.064731,-10.996099
7175881254233967878,-6.3506165,20.596079,8.099147,6.1751595,33.33541,4.391596,2.536822,22.335684,17.705807,4.6267924,6.2162004,3.0994134,-3.3503993,24.770563,11.760018,4.9938703,-20.348886,0.94732624,9.613591,-11.227645
7176549919933664517,-6.2740107,20.71895,8.057526,6.0553255,33.353596,5.3053737,1.8239293,21.683207,17.975985,3.8429067,6.779036,3.2662816,-3.7516718,24.264145,11.885435,4.64141,-20.255386,1.4048767,9.775456,-11.39982
7176635190469512453,-5.8913403,19.972404,8.377296,5.889006,33.029953,5.437827,2.1435087,21.535524,17.59419,5.397335,6.721056,3.2038684,-3.417433,25.005846,12.289281,5.15791,-20.50588,1.1546993,10.3392315,-10.920964
7176917454893911301,-5.9117894,20.296204,8.140243,6.1239924,32.998974,4.234356,2.3449135,22.117722,17.49669,5.462957,6.5399275,3.2940402,-3.376595,25.004078,11.765863,5.238373,-20.661951,0.540092,10.196426,-10.821247
7177404002508803334,-6.0212007,20.347202,8.816675,6.108835,33.048225,4.8382163,2.8866878,22.031841,18.103283,5.1692247,6.8124337,2.855532,-3.1832156,25.082823,12.335773,5.5324955,-21.026546,1.0327115,10.459284,-10.731682
7177417414542429445,-6.1997237,20.395819,8.471489,6.1608725,33.17241,4.475615,2.795423,22.37952,17.661312,5.101709,6.1870837,2.953488,-3.227824,25.01453,11.974783,5.323279,-20.556168,1.0711882,9.895285,-10.875032
7177655896699325702,-6.017481,20.08409,8.212889,5.9686284,32.976173,4.734234,2.2248082,21.952967,17.287716,5.3918257,6.3474164,3.1350935,-3.3402648,25.123358,11.9818,5.057311,-20.123322,0.9105191,10.088995,-11.063167
7179319229924084997,-5.9294906,19.93452,8.073492,6.01873,33.155735,4.639146,2.107707,21.99167,17.287825,5.6593504,6.2182198,3.5020647,-3.4644032,24.983051,11.759158,5.226811,-20.351028,0.6240385,10.025324,-10.952258
7179637090932509958,-6.0768404,20.037064,7.986333,5.972027,33.221474,4.8337326,1.6460596,21.834108,17.420761,4.9343705,6.351916,3.5826375,-3.6868312,24.67914,11.607671,4.893961,-19.923573,0.60028094,9.945791,-11.402627
7179688144382512390,-6.0252156,20.30963,8.600777,6.123006,33.070847,4.6011224,2.8628588,22.15204,17.859083,5.3753424,6.5851684,2.95013,-3.1656482,25.136152,12.182365,5.485632,-20.918245,0.91659904,10.280511,-10.733196
7181547992061676805,-6.333916,20.222828,8.491747,6.0560513,33.395737,5.100645,2.3358653,22.128036,17.798262,4.6027813,6.124668,3.1686404,-3.47602,24.693668,11.937266,5.1741385,-20.183525,1.2259909,9.761951,-11.259867
7182218891702127877,-6.0168753,20.261719,8.292931,6.152515,32.991985,4.065064,2.3925674,22.402271,17.362265,5.3886657,6.1717176,3.241852,-3.3765216,25.011915,11.627232,5.32079,-20.413435,0.61704314,10.057043,-10.839866
7182978974253944069,-6.5310764,20.557146,8.435324,6.0787115,33.391777,4.9664555,2.551925,22.177958,17.955694,4.1358137,6.282182,2.857322,-3.3347094,24.749598,12.058533,4.948989,-20.013735,1.3474965,9.658349,-11.54111
7182983364293430533,-6.0500817,21.07157,7.9103537,6.1859555,33.21311,4.994193,2.3020673,21.663332,18.09071,4.2633553,7.1857095,3.1182833,-3.55808,24.3847,12.068801,4.7552347,-21.153858,1.4588553,9.938866,-10.788729
7183009043407965445,-5.921008,20.448246,8.309585,6.024886,33.13068,5.315114,2.2608588,21.474463,18.117289,4.839677,7.2292986,3.1660473,-3.4763029,24.719183,12.288605,5.075816,-21.00844,1.0959907,10.402931,-10.900411
7183332234605268250,-6.24805,20.06171,8.997551,5.988526,33.27222,5.4215846,2.7188318,21.969578,18.133093,4.852978,6.4637074,2.892734,-3.2557182,24.994375,12.414677,5.5194535,-20.492355,1.3156002,10.247708,-11.134036
7183477138249485594,-6.008619,20.601875,8.165467,6.0271673,33.015045,5.1261673,2.3375173,21.670534,17.755785,4.816225,6.9162345,2.9963503,-3.387642,24.811516,12.241796,4.917054,-20.754248,1.4306536,10.123044,-10.850366
7183681305203330309,-6.2982106,20.806086,8.465405,6.1120677,33.225292,5.172335,2.596958,21.920208,18.11499,4.1675377,6.7699037,2.7907383,-3.3762968,24.652458,12.267814,4.982062,-20.603268,1.6731968,9.932276,-11.07918
7184090635018784005,-6.1811347,20.323742,8.380393,6.167342,33.27193,4.4905343,2.8320801,22.388489,17.6607,5.2857957,6.104444,3.0893364,-3.2197084,24.99453,11.942371,5.4000587,-20.751156,1.001491,9.815857,-10.792165
7184457014217657606,-5.971831,20.037428,8.737904,5.9260125,32.940617,5.297256,2.5629013,21.789906,17.726831,5.3976207,6.633944,2.9251394,-3.2235353,25.180777,12.432627,5.404921,-20.651667,1.2940999,10.428725,-10.800949
7184459390143974662,-6.3104386,20.571186,8.736275,6.0543528,33.171783,5.259704,2.7263074,21.961815,18.09641,4.3742404,6.6651115,2.6779344,-3.2688942,24.86694,12.405134,5.1551666,-20.450983,1.6485192,10.075134,-11.12934
7184460864404229381,-5.889558,19.656658,8.82331,5.799119,33.017567,5.772375,2.3566432,21.468708,17.795055,5.6263785,6.7534785,3.0893757,-3.2760742,25.235846,12.588762,5.4881873,-20.54547,1.1671882,10.634123,-10.96026
7184475894335950085,-5.9474497,19.665182,8.938623,5.825297,33.02661,5.738081,2.5551176,21.667158,17.721985,5.6932955,6.4889917,3.0127509,-3.207048,25.275024,12.597644,5.617188,-20.607515,1.3826208,10.499637,-10.810733
7184831364422814981,-6.010942,19.941435,9.00766,5.9389215,33.042408,5.354792,2.7092204,21.791916,18.081755,5.326446,6.7701406,2.911469,-3.1827922,25.198946,12.525445,5.6188493,-20.781637,1.0796616,10.624004,-10.916297
7184844462525287685,-6.070371,20.74566,7.965837,6.1175537,33.353302,5.248571,1.8751419,21.54651,18.117388,4.156871,7.085076,3.3986137,-3.7815137,24.211624,11.89506,4.73247,-20.814964,1.1830009,9.960878,-11.073889
7185200340310969605,-6.0140796,20.451954,8.417799,6.2012005,32.903877,4.017326,2.4045892,22.457525,17.462591,5.1418023,6.277379,3.1539807,-3.4257083,24.900015,11.608271,5.3259196,-20.534851,0.76926696,10.119881,-10.712184
7185872343988702470,-6.074452,20.382175,8.521413,6.1387568,33.0506,4.4552984,2.862468,22.253029,17.75265,5.3114104,6.4725404,2.921286,-3.15609,25.136953,12.10154,5.412318,-20.807865,0.9442817,10.166242,-10.763428
7187436390131453190,-6.3171563,20.234522,8.40619,6.0763144,33.44962,5.136558,2.620901,22.192633,17.70242,4.929673,5.9751196,3.1284668,-3.342888,24.793203,12.048743,5.253126,-20.491886,1.4188503,9.59772,-10.995222
7187448552354794758,-6.1536493,20.134098,8.250471,6.081811,33.324596,4.7867885,2.5546436,22.209946,17.487442,5.371726,6.004135,3.2496681,-3.3209898,24.945639,11.928,5.300147,-20.526854,1.0748814,9.733001,-10.887914
7188189006851575046,-5.881337,20.366896,8.253389,6.133086,32.95473,4.274733,2.509548,22.096851,17.648548,5.490479,6.701929,3.2000349,-3.3169224,25.041191,11.890769,5.3474846,-20.904165,0.6062745,10.333685,-10.715251
7188587993752702213,-6.0369616,20.543623,7.8721833,6.089621,33.350815,5.1248107,1.7126173,21.594627,17.897902,4.400198,6.8851504,3.554093,-3.820648,24.263023,11.737094,4.7407546,-20.618458,0.9580727,9.919803,-11.129505
7189175939098561798,-6.444796,20.399326,8.115016,6.0587683,33.427917,4.8352757,2.3209603,22.139835,17.696068,4.4597797,6.155812,3.129532,-3.406113,24.737507,11.851727,4.8592625,-19.986256,1.053423,9.546628,-11.529442
7189927984172666118,-6.032318,20.443394,8.121918,6.142327,33.224022,4.8157163,2.074515,22.045155,17.583216,4.8634214,6.3490148,3.438128,-3.6627207,24.488688,11.679288,5.0899787,-20.697876,1.1594206,9.824085,-10.742943
7189955800851320070,-6.4481792,20.504528,8.255882,6.0919266,33.36091,4.774112,2.537483,22.22726,17.75411,4.4557943,6.182661,2.9681776,-3.3204026,24.807087,11.951677,4.9525924,-20.114977,1.2084368,9.60152,-11.396368
7190283346373610757,-6.380828,20.141369,8.051688,5.9913583,33.410446,4.8244877,2.126335,22.05609,17.56238,4.716636,6.116278,3.2843754,-3.4326155,24.827194,11.7845545,4.868281,-19.804094,0.7593304,9.635943,-11.652721
7190456972418862342,-6.167877,19.96839,8.966881,6.0750103,33.33566,5.0380845,2.787723,22.163296,18.150778,5.173508,6.3631096,3.104132,-3.2638369,24.99196,12.196684,5.7371917,-20.784826,0.8814181,10.281884,-10.968577
7190655063470116101,-6.169496,19.91712,8.142189,5.963891,33.235252,4.7700696,1.8101419,22.035156,17.321918,5.036898,6.040082,3.4998646,-3.5902746,24.815123,11.614878,5.0305285,-19.735405,0.6563708,9.859066,-11.449157
7191515883330669830,-6.253996,20.73086,8.242408,6.2412686,33.32317,4.466138,2.4533908,22.271164,17.964506,4.415226,6.469837,3.1761324,-3.5017319,24.53388,11.723221,5.097232,-20.686766,0.9910404,9.7953615,-11.026126
7191848035784117510,-5.954381,20.004549,8.777521,5.899098,32.99302,5.474615,2.5390801,21.596344,17.956375,5.315776,6.9066954,2.9310555,-3.2272418,25.171356,12.557394,5.396659,-20.71516,1.1706026,10.589928,-10.933921
7191884217595219206,-6.0252976,20.449627,8.436257,6.2071676,32.996082,4.0650725,2.5946863,22.392036,17.676092,5.196228,6.4352727,3.1215591,-3.3312428,24.965984,11.748858,5.402407,-20.727829,0.66446674,10.1887865,-10.764168
7191896362630302981,-6.2634172,20.03464,8.070336,5.950783,33.331505,4.972084,1.6822075,21.911278,17.471626,4.6357408,6.1620364,3.4960067,-3.6689048,24.645926,11.632496,4.8428745,-19.64057,0.75215685,9.76839,-11.646896
7192172787723783430,-6.208458,20.057314,8.008739,5.972137,33.299522,4.820929,1.9741038,21.93658,17.45828,4.971729,6.235922,3.3947043,-3.494465,24.844723,11.76097,4.9025245,-19.908958,0.6724462,9.807676,-11.487138
7192237337412177157,-5.9376216,19.986664,8.164703,6.0606914,33.094193,4.4217386,2.25306,22.15753,17.27186,5.710534,6.1511745,3.4210486,-3.4015076,25.052711,11.728122,5.3203263,-20.400255,0.601406,10.047873,-10.866412
7192254185969044742,-6.278645,20.450745,8.216066,6.012228,33.422565,5.597216,2.1941845,21.709496,17.873207,4.3590975,6.507732,3.1381826,-3.5529623,24.516285,12.157368,4.8453565,-20.373093,1.6249213,9.699061,-11.200537
7192298503878577413,-5.9618297,20.344746,8.502269,5.9973435,33.15935,5.467665,2.3433554,21.495647,18.207876,4.822043,7.165518,3.1179023,-3.4495485,24.745766,12.3795,5.183287,-20.993687,1.1657939,10.444974,-10.925743
7192617192850984198,-6.2043777,20.555622,8.100711,5.9733815,33.240295,5.3747544,2.0608363,21.538225,17.954752,4.284182,6.9328055,3.0988646,-3.5123024,24.622454,12.181129,4.711025,-20.326872,1.3038428,9.988274,-11.398505
7192709681280781574,-6.1734924,19.99331,8.668758,5.9874353,33.223408,5.1063466,2.4017951,22.009605,17.802235,5.04217,6.3167605,3.136856,-3.3646197,24.961594,12.1030035,5.375143,-20.296486,1.0082136,10.143892,-11.174782
7193338808870456582,-6.1721115,20.378391,8.256879,6.212185,33.238308,4.1644864,2.780354,22.530262,17.523098,5.3304586,6.002597,3.155024,-3.244555,24.988358,11.751739,5.3744154,-20.67763,0.84614396,9.748986,-10.785673
7193751547749223685,-5.812243,19.848185,8.659884,5.9231224,32.867542,5.0200486,2.5442514,21.807348,17.576395,5.9113855,6.641566,3.0787745,-3.1872358,25.353931,12.344282,5.55417,-20.731981,0.9137753,10.59656,-10.705349
7193808719287766278,-6.1534247,20.36105,8.610988,6.0763,33.05736,4.7638607,2.7289677,22.118233,17.797356,5.0049334,6.5171165,2.8253462,-3.2075086,25.087475,12.205833,5.274134,-20.497503,1.1401271,10.16542,-10.97822
7194859372227480838,-6.0791206,20.0612,8.661571,5.8974223,33.116665,5.6834965,2.4023983,21.654491,17.818167,5.0530133,6.603081,2.9895222,-3.3363533,24.966324,12.451713,5.2443433,-20.536058,1.514452,10.231303,-10.964693
7195215450970606853,-6.3159127,20.60531,8.382211,6.1665945,33.26286,4.6528864,2.5251904,22.265327,17.864552,4.461755,6.3489895,3.0089273,-3.405658,24.691679,11.874499,5.073998,-20.463293,1.1492513,9.789313,-11.10564
7195225752541875462,-5.9024096,20.028389,8.051166,6.0603127,33.08437,4.3820243,2.128454,22.07122,17.292513,5.6580987,6.290264,3.4878128,-3.4524074,25.00082,11.678243,5.234697,-20.406563,0.48335966,10.088601,-10.919385
7195607365813636357,-6.0416555,20.473606,8.354222,6.234986,32.991146,3.8872762,2.579066,22.518116,17.533983,5.235977,6.2715464,3.1527817,-3.3413672,24.96046,11.621874,5.375697,-20.656683,0.6365683,10.070779,-10.735914
7195937456271691014,-6.1003203,19.949594,9.010113,5.91565,33.23973,5.775312,2.4958131,21.615301,18.309689,4.8982263,6.841731,3.0263162,-3.3483586,24.914574,12.533392,5.510404,-20.734716,1.2151989,10.524455,-11.096922
7196711667420384517,-6.0636263,19.85983,8.597902,5.8943357,33.083794,5.315364,2.1592762,21.825201,17.56948,5.224858,6.339087,3.1952972,-3.4201584,24.997175,12.133682,5.282735,-20.194336,1.1149673,10.215649,-11.102136
7197080264625966341,-6.0531726,20.91896,7.9029675,6.219165,33.290432,4.7537456,2.2598789,21.822458,18.052214,4.431941,7.0020027,3.2897131,-3.595537,24.385803,11.862742,4.8741126,-21.106785,1.1038204,9.910229,-10.841143
7197086542479854854,-6.03364,20.394823,8.413857,6.1950707,33.030807,4.1033707,2.5564842,22.383583,17.649317,5.223556,6.3798213,3.1669002,-3.3451154,24.960526,11.730763,5.402588,-20.678856,0.6464597,10.154816,-10.802731
7197445468585037062,-6.2021914,20.609135,8.720278,6.201591,33.221188,4.7676415,2.7268465,22.188328,18.222986,4.5195827,6.675239,2.934137,-3.3735404,24.706913,12.07061,5.355175,-20.899918,1.1347892,10.149974,-10.883613
7197448084119506182,-5.8300843,19.685495,8.788638,5.8735948,32.865044,5.1788816,2.5337932,21.79984,17.537485,5.987176,6.532589,3.0621674,-3.1680272,25.425875,12.401835,5.622305,-20.588366,0.97078955,10.627866,-10.760138
7197470706416815365,-6.082015,19.948133,9.046803,5.9350395,33.120724,5.4831676,2.6501434,21.787573,18.164293,5.1171846,6.7277813,2.9335732,-3.2381139,25.092085,12.506895,5.59487,-20.712908,1.150891,10.55235,-11.009202
7198189694750838022,-6.1359005,19.99975,9.012403,5.928639,33.269165,5.7486873,2.4578743,21.617788,18.389109,4.739989,6.8867035,3.0329235,-3.3795643,24.8554,12.498051,5.4799585,-20.693905,1.172544,10.522557,-11.183986
7198194674354457861,-5.996764,20.004728,8.94576,5.9552546,33.043373,5.307973,2.6861796,21.762531,18.116474,5.2742095,6.8467326,2.9253705,-3.2010808,25.16153,12.50407,5.5689464,-20.831245,1.0335734,10.630901,-10.919456
7198558888940113158,-5.9981027,19.811754,9.040455,5.9411883,33.07362,5.2815413,2.6687765,21.8575,18.04311,5.4514847,6.6544266,3.009648,-3.2055998,25.21216,12.43681,5.7097964,-20.737062,0.92498803,10.634651,-10.928927
7198831282984324358,-6.4900885,20.509094,8.307427,6.090691,33.389965,4.865837,2.4350934,22.225574,17.787088,4.265735,6.149206,2.9800694,-3.394922,24.704744,11.909288,4.90815,-20.007513,1.259962,9.565256,-11.463623
7198947136300403974,-6.327346,20.293242,8.025732,6.1124544,33.402653,4.4475794,2.4525766,22.313108,17.521927,4.97833,6.002031,3.251278,-3.3356032,24.884062,11.724398,5.047527,-20.183374,0.7702182,9.563568,-11.304715
7199338065867934982,-5.9808917,20.837582,7.8276243,6.1341357,33.29133,5.1641684,2.0912287,21.517939,18.040617,4.466727,7.1663785,3.3365216,-3.6501017,24.344894,12.018115,4.759429,-21.129128,1.2806326,9.960386,-10.828389
7199586123952311557,-6.2072997,20.21186,8.871045,6.1308465,33.275623,4.871818,2.7020555,22.268614,18.040413,4.888497,6.3048897,3.046795,-3.3454976,24.855785,12.057125,5.570556,-20.657623,1.0616015,10.133632,-10.935785
7199677935949778181,-6.0683117,20.38111,8.75511,6.1339636,33.04477,4.6417637,2.909338,22.176441,17.994902,5.163202,6.652677,2.855232,-3.1677716,25.097254,12.226659,5.5100393,-20.932379,0.9961727,10.344804,-10.751789
7200418269629582597,-6.1644726,20.587534,8.233584,6.0763884,33.31697,5.425564,2.1610003,21.751371,17.913282,4.3638015,6.642489,3.1888833,-3.62377,24.40779,12.054824,4.9064865,-20.68885,1.5963466,9.81638,-10.934056
7201579247616494853,-6.0911603,20.546385,8.078888,6.2335815,33.16512,4.040991,2.5196006,22.39241,17.5729,5.128856,6.304888,3.257117,-3.3790722,24.835823,11.622053,5.2053223,-20.710056,0.68121254,9.858041,-10.830598
7201892299112992005,-6.168112,20.347687,8.801959,6.045799,33.022797,4.9783435,2.7762797,22.089636,17.879305,4.9286036,6.529355,2.7513678,-3.1955385,25.082638,12.32569,5.370358,-20.547245,1.3723764,10.237526,-10.923401
7202277032938540294,-6.047818,20.49663,8.298542,6.1847377,32.99769,4.1595435,2.6099503,22.369295,17.539442,5.2300873,6.3445897,3.093892,-3.299839,24.980345,11.788273,5.3019567,-20.717573,0.8685482,10.03168,-10.720761
7202313398300724485,-6.149196,20.22141,8.474294,6.1422715,33.19871,4.464452,2.8112726,22.41652,17.581554,5.4092126,6.0424247,3.0827298,-3.2074196,25.071524,11.942539,5.4769063,-20.67172,0.9843798,9.897067,-10.768644
7202617948983315717,-6.0538273,20.675024,8.335557,6.218892,33.053303,4.4330707,2.5251603,22.260553,17.722248,4.8669596,6.494092,3.0930429,-3.4355595,24.711077,11.816273,5.213848,-20.909784,1.1456053,9.992748,-10.609898
7202909898219326725,-5.9507976,20.012571,7.9475937,6.044951,33.140778,4.43314,1.8257817,22.046597,17.218359,5.4158473,6.1889777,3.631048,-3.6133657,24.82173,11.500616,5.093227,-20.137371,0.46807256,9.964935,-11.087798
7203019203857665286,-6.0601254,20.187155,8.774789,5.9576397,32.969788,5.3089714,2.6013038,21.849085,17.799706,5.110642,6.623934,2.8318608,-3.2403085,25.097004,12.431122,5.341105,-20.579355,1.45415,10.341894,-10.858853
7203048812351327494,-6.2613564,20.574327,8.567271,6.1391473,33.348026,5.1338687,2.3823502,21.962784,18.232664,4.197716,6.7083673,3.0662756,-3.5454094,24.489275,12.033841,5.1082373,-20.649492,1.2236836,10.011853,-11.126571
7203684040606633222,-6.0170417,20.04355,8.63164,5.9017935,32.90427,5.204965,2.563778,21.791233,17.576567,5.401414,6.592364,2.8195333,-3.1619506,25.305725,12.455658,5.2505417,-20.342001,1.2741927,10.362923,-10.969588
7203763760538897669,-6.229319,20.197365,8.545102,6.088396,33.233307,4.799818,2.8328474,22.353916,17.555693,5.2877803,5.9438586,2.9786522,-3.1890666,25.070347,12.088218,5.423322,-20.522264,1.3246853,9.787961,-10.825279
7203810617180933382,-6.0409846,20.090311,8.928364,5.9853563,33.07216,5.260337,2.6752124,21.828024,18.127182,5.1251063,6.8071723,2.9197147,-3.2358284,25.082214,12.441449,5.531429,-20.80148,1.0843264,10.546881,-10.930147
7204395621468392709,-6.2281475,20.383677,8.798692,6.0172987,33.208824,5.438627,2.6677449,21.847437,18.164299,4.5814705,6.717834,2.813377,-3.2963233,24.867025,12.447496,5.2858768,-20.618994,1.5382175,10.199767,-11.063874
7204870147855748357,-5.9397135,19.785952,8.97951,5.9157605,32.99784,5.286385,2.6171665,21.812143,17.910427,5.585438,6.656767,3.0149233,-3.2015092,25.265364,12.447743,5.6785007,-20.71011,0.9668299,10.656488,-10.866957
7204874673367125254,-6.173028,20.45637,8.289247,6.212347,33.194912,4.2073984,2.7586489,22.494368,17.573359,5.1990685,6.095661,3.1049163,-3.2623346,24.94948,11.7788725,5.334134,-20.69662,0.92113537,9.790537,-10.779447
7204907848449527045,-6.1965456,20.566656,8.3964,6.106485,33.243584,5.1484566,2.2801116,21.929384,17.939627,4.387144,6.6018124,3.0865972,-3.5547767,24.524721,12.002149,4.99278,-20.60511,1.3792589,9.916524,-10.985843
7205134218328902917,-5.917288,19.635937,8.929757,5.7937317,32.971268,5.7419276,2.4898748,21.570286,17.740446,5.701265,6.633768,2.9928699,-3.1990623,25.329916,12.638538,5.567135,-20.530151,1.274188,10.620899,-10.902356
7205961411942468870,-6.143539,20.81963,8.06729,6.240452,33.248817,4.4497347,2.4233868,22.145006,17.897226,4.5535035,6.6460648,3.1981306,-3.498657,24.544792,11.759708,5.0131884,-20.87661,1.0179858,9.839733,-10.876104
7205976379370851589,-5.8891473,19.670013,8.974891,5.829383,32.985954,5.7062726,2.520638,21.602243,17.815533,5.694244,6.6618757,3.0303302,-3.2260334,25.270283,12.607153,5.643797,-20.694662,1.25635,10.651952,-10.800834
7206680972555750661,-5.9049497,20.0407,8.555996,5.88266,32.922123,5.5020514,2.3538496,21.603674,17.600904,5.416231,6.6953006,3.0135527,-3.310167,25.098333,12.439523,5.252162,-20.63603,1.4399765,10.379651,-10.755677
7206682386531110149,-6.0201006,20.502312,8.403515,6.1990075,33.000004,4.1956615,2.6559498,22.318876,17.689272,5.191899,6.4970174,3.0558467,-3.2988665,24.978308,11.85436,5.3479843,-20.807108,0.8065119,10.161811,-10.713236
7207350500419702022,-6.1011214,20.403439,8.861683,6.148371,33.140976,4.8235345,2.8777928,22.119875,18.22,4.930295,6.744188,2.8873796,-3.2415693,24.948837,12.250442,5.5400667,-21.023321,1.0294067,10.374406,-10.789778
7207818125402852613,-6.055291,20.12706,7.7931447,5.9908624,33.28413,4.9356446,1.6341438,21.813826,17.277449,4.991358,6.225613,3.6446557,-3.7234874,24.589443,11.60117,4.829883,-20.015757,0.89445496,9.732265,-11.239864
7207842110316268805,-6.082268,19.99027,8.643558,6.0379853,33.194912,4.9043465,2.3765328,22.09572,17.756676,5.2099624,6.2873945,3.2580674,-3.4121466,24.921556,11.96494,5.477362,-20.479069,0.86845124,10.186197,-10.992078
7207862806899592453,-6.310116,20.343733,8.414876,6.1065764,33.42993,5.095442,2.5856974,22.196207,17.76359,4.780666,6.058527,3.122303,-3.3929255,24.708382,12.010488,5.229017,-20.53596,1.4498819,9.621745,-10.96855
7208539932422425861,-6.2493577,20.460783,7.910576,6.011717,33.44047,5.280925,1.645598,21.609015,17.90268,4.0926914,6.7086887,3.478954,-3.7865345,24.298584,11.768288,4.619877,-20.12975,1.0041482,9.770873,-11.564892
7208551637869268230,-6.0927606,20.200077,8.956527,6.0357146,33.124474,5.206858,2.7912567,21.91676,18.204622,5.0078273,6.781944,2.8644772,-3.2222924,25.037554,12.436407,5.5441957,-20.86435,1.1535969,10.473207,-10.900703
7208566584535764250,-6.0297475,19.856956,8.695507,5.840121,33.09113,5.7291646,2.3488824,21.601929,17.724445,5.30085,6.552647,3.0481987,-3.3151665,25.084122,12.48205,5.319743,-20.434689,1.4101334,10.31849,-11.000826
7208590550348434694,-6.2177324,20.620316,8.69115,6.1580367,33.14764,4.7784615,2.799858,22.14495,18.131903,4.580949,6.700263,2.8003182,-3.272883,24.86359,12.194485,5.2944565,-20.747948,1.235465,10.1643505,-10.958317
7208839545989762309,-5.9864883,20.007685,8.776367,5.927643,33.073067,5.400298,2.59322,21.638334,18.06277,5.2818074,6.9154105,2.965124,-3.2193444,25.147066,12.523686,5.4319315,-20.776356,1.029934,10.57424,-10.986922
7208933349933452550,-6.311237,20.618092,8.688077,6.057988,33.17699,5.27821,2.7110662,21.937878,18.096867,4.3315415,6.6908,2.6868098,-3.2792175,24.828442,12.401179,5.1148634,-20.492651,1.6881757,10.039457,-11.110099
7208952610336820485,-6.222699,19.783089,9.050744,5.8879437,33.27047,5.6130466,2.6362863,21.819365,18.138079,5.063818,6.50042,2.9551294,-3.2136433,25.125328,12.508567,5.5643334,-20.407358,1.1143008,10.38851,-11.278126
7209259784263060742,-6.0446124,20.401657,8.776487,6.1516786,33.04786,4.6177416,2.9658012,22.174038,18.046692,5.205283,6.7109857,2.8451388,-3.1517036,25.107555,12.250444,5.5508633,-21.028543,0.9692667,10.386259,-10.704108
7209925340557348101,-5.974601,20.323689,8.58294,6.01754,33.141323,5.368126,2.420378,21.590578,18.19343,4.876404,7.098312,3.0739598,-3.4105241,24.804304,12.362402,5.2521386,-20.973797,1.1200863,10.461121,-10.903477
7210067304095173893,-5.9459295,19.717144,8.652872,5.8998094,33.07258,5.156636,2.2872667,21.769548,17.703863,5.580846,6.5510187,3.2423463,-3.329311,25.17548,12.204526,5.4690824,-20.395346,0.71069056,10.492814,-11.08659
7210074063765638406,-6.455827,20.30842,8.586795,5.9641614,33.341755,5.3709264,2.4103022,21.916866,17.991629,4.256615,6.4223866,2.8728948,-3.3517067,24.82497,12.245753,4.9918623,-19.928188,1.3742402,9.883775,-11.606991
7210434710646836485,-6.1005096,20.319866,8.347881,5.930964,33.171417,5.636724,2.0969892,21.514116,17.863964,4.6125464,6.8166056,3.0948555,-3.5136874,24.698513,12.292399,4.913617,-20.431221,1.4782206,10.112151,-11.136583
7210751695771553030,-6.325479,20.022974,8.120908,5.9485145,33.335255,4.8814487,2.0958762,22.001959,17.494938,4.8726354,6.128696,3.2696788,-3.4116313,24.925135,11.843568,4.914587,-19.737448,0.7436295,9.750506,-11.638705
7210806075354811654,-6.3845935,20.69638,8.551347,6.096906,33.27499,5.1537805,2.5812602,22.020285,18.08295,4.119795,6.5831537,2.7913408,-3.3761477,24.680815,12.214092,5.0168605,-20.351858,1.6184224,9.8730135,-11.240242
7210817231368785158,-6.2537017,20.468536,8.318617,6.2181196,33.245426,4.2281656,2.7503579,22.573374,17.567549,5.058923,5.957369,3.0989141,-3.2829309,24.894478,11.731894,5.3226767,-20.587297,1.0008402,9.677846,-10.845642
7210834532591963398,-5.8117886,20.064278,8.404628,5.9988084,32.953358,4.795338,2.4920413,21.77538,17.710075,5.725431,6.8521614,3.1745336,-3.2467048,25.20784,12.214455,5.4084435,-20.879265,0.68074083,10.540181,-10.775265
7211130311667715334,-6.225638,20.34622,8.030904,5.942295,33.397884,5.5299854,1.6809185,21.460962,17.950796,4.1748977,6.8165197,3.3920116,-3.7264235,24.409868,11.965529,4.648418,-20.108591,1.0781382,9.909851,-11.597757
7211165738957163782,-6.02606,20.598875,8.184907,6.2086663,33.29824,4.6855307,2.3670268,21.97425,18.025707,4.783193,6.7854915,3.3303158,-3.5436316,24.546236,11.84527,5.174544,-21.05355,0.8741099,10.046954,-10.804758
7211431817205878021,-5.9636474,20.313763,7.9429417,6.1347156,33.153915,4.327121,2.3015895,22.117601,17.423218,5.433416,6.377165,3.399124,-3.4221973,24.89363,11.704923,5.142709,-20.6529,0.6468699,9.93541,-10.833205
7211565992852475141,-5.922917,19.938612,7.809261,6.006042,33.192314,4.6169863,1.493623,21.902851,17.132933,5.3275046,6.1721826,3.8230755,-3.7813742,24.656542,11.389207,4.9678445,-19.989204,0.47439337,9.903195,-11.1711235
7211932492914298118,-6.084159,20.516531,8.214878,6.230677,33.155685,4.141131,2.4303312,22.366333,17.65788,5.000768,6.346811,3.2719667,-3.453252,24.754524,11.609504,5.2398458,-20.68849,0.69453335,9.942642,-10.8377285
7212344637523283205,-6.0509815,21.174112,7.9062514,6.1761622,33.132412,5.044427,2.2436957,21.64619,18.049437,4.1195264,7.204926,3.0603745,-3.5777395,24.33676,12.084789,4.6895523,-21.128601,1.6412783,9.934783,-10.745375
7213053350290459910,-5.885229,20.402632,8.296872,6.04108,32.980007,4.9279327,2.455167,21.712374,17.81918,5.2404017,6.9910088,3.0722623,-3.3219485,24.980083,12.238684,5.174495,-20.953247,1.0284785,10.380205,-10.7534685
7213453348270378246,-6.0172367,20.362396,8.534092,6.0119257,33.169888,5.43431,2.4113202,21.591808,18.155268,4.79863,7.034068,3.0581582,-3.4175763,24.768265,12.367025,5.18958,-20.923288,1.2484608,10.353546,-10.92185
7213655175318211845,-5.8753867,20.245502,8.459751,6.0529933,32.91621,4.6669974,2.680549,21.930288,17.700764,5.602743,6.790317,2.9816976,-3.1723483,25.239815,12.252226,5.3894367,-20.881231,0.87634313,10.448078,-10.691526
7213794863630912773,-6.097511,20.041828,8.833782,5.9108286,33.06291,5.547969,2.511689,21.779009,17.844955,5.075348,6.549517,2.914505,-3.2847402,25.049511,12.455731,5.3769517,-20.495037,1.4845575,10.315251,-10.959929
7213795540574735621,-6.042541,20.431627,8.739418,6.148751,33.049107,4.6421294,2.9393172,22.13789,18.049093,5.1690483,6.7524323,2.8491147,-3.1645563,25.085697,12.255106,5.511181,-21.032585,0.9892366,10.37663,-10.714295
7214113271018753285,-6.2219505,20.37812,8.845644,6.023021,33.17766,5.3435335,2.690304,21.861012,18.213541,4.5801044,6.7870493,2.7864623,-3.275094,24.911919,12.445962,5.3090706,-20.601086,1.4115026,10.289632,-11.111221
7214396955810680069,-6.1047072,19.971352,9.000416,6.007643,33.126255,5.066682,2.6909544,22.041197,18.048313,5.191845,6.521465,2.9849188,-3.2364721,25.10999,12.287457,5.6499553,-20.62662,0.935736,10.462013,-11.003472
7214767845383900421,-6.008262,19.856686,7.95549,5.922273,33.199753,4.915012,1.6673645,21.780102,17.257093,5.289038,6.2575874,3.6122952,-3.6305132,24.822113,11.680995,4.9474297,-19.905943,0.6013563,9.964691,-11.328781
7214862934139260166,-6.3605933,20.551111,8.161871,6.110029,33.41138,4.9236145,2.1379712,22.07686,17.846058,4.215618,6.3175282,3.2544649,-3.5921862,24.45819,11.757908,4.895429,-20.2467,1.1798991,9.63003,-11.340071
7214886818368490758,-5.8606563,19.744308,8.810565,5.873221,32.903824,5.281348,2.5414803,21.743046,17.64758,5.8362627,6.61523,3.0323906,-3.1828156,25.360945,12.45772,5.5879865,-20.635225,1.036996,10.622625,-10.787357
7215124561799449861,-6.0504518,20.114697,8.462207,5.860836,33.124344,5.8069506,2.1471896,21.418541,17.806854,4.8783045,6.8188896,3.0461998,-3.437776,24.87824,12.453693,5.0037165,-20.357895,1.4897331,10.244498,-11.13936
7215238321247751430,-6.0237536,20.487385,8.476371,6.2116957,32.96538,4.1371927,2.5789218,22.412004,17.634106,5.14214,6.382507,3.0918503,-3.3607745,24.916172,11.747837,5.387994,-20.751076,0.8261858,10.150701,-10.66637
7215252214514715909,-6.2338543,20.468887,8.259027,6.2124653,33.305164,4.348564,2.8003912,22.472946,17.63485,5.1119623,6.050097,3.107314,-3.2603931,24.89404,11.822162,5.302161,-20.721281,1.0194256,9.672131,-10.817563
7215515219164990746,-6.154913,20.19874,8.351328,6.0456576,33.17718,4.765823,2.434065,22.080267,17.591368,5.0976615,6.312075,3.0934806,-3.331729,24.996265,11.999541,5.16386,-20.25622,0.9679712,9.97914,-11.126086
7215611067286703366,-5.921521,20.520641,8.197566,6.0599866,33.137367,5.137993,2.2989697,21.546822,18.066473,4.869264,7.1936045,3.1872687,-3.461154,24.71875,12.21536,5.049471,-21.057621,1.0340724,10.329876,-10.866803
7215656408069442822,-6.31075,20.474907,8.205042,6.200563,33.43197,4.541839,2.7600658,22.422764,17.693544,4.9513593,5.999096,3.1456692,-3.2986026,24.790178,11.836355,5.231321,-20.684036,1.1246256,9.529041,-10.911718
7216007272311344390,-6.204164,20.834362,8.031211,6.092856,33.33261,5.2625217,1.9263499,21.62891,18.10049,3.8911486,6.9888625,3.2461302,-3.7268126,24.2491,11.946837,4.6666107,-20.566385,1.3817457,9.867156,-11.248603
7216240671097736454,-6.2796164,20.706259,8.34119,6.1109185,33.329746,5.2012177,2.4832582,21.893627,18.082443,4.267786,6.6926312,2.9727414,-3.4441175,24.571905,12.164541,4.972197,-20.656305,1.5317155,9.845844,-11.081736
7216365794093976838,-5.8538647,20.382854,8.276739,6.0960383,32.938175,4.5144205,2.573399,21.91443,17.73005,5.48288,6.8878083,3.101046,-3.257502,25.09781,12.103564,5.2927227,-20.987726,0.75193894,10.4054,-10.695933
7217463144069844230,-5.9596725,20.70532,8.09641,6.09761,33.179707,5.137053,2.2883058,21.54323,18.118301,4.653019,7.243303,3.1777494,-3.5008118,24.592499,12.186746,4.947889,-21.119545,1.1663687,10.2182045,-10.857259
7217888414631283995,-6.0312076,20.974869,7.9145875,6.1733146,33.251705,5.0120964,2.2408056,21.61774,18.142725,4.317119,7.229872,3.2004921,-3.583077,24.388062,12.045513,4.7875156,-21.143318,1.2785636,10.0035095,-10.866287
7218219061707033882,-6.278101,20.386251,8.217768,6.1807804,33.36817,4.4415355,2.7593634,22.448032,17.592424,5.118645,5.958564,3.1386557,-3.2598405,24.904762,11.828069,5.265906,-20.587212,1.022305,9.59112,-10.926913
7218493650160897306,-6.198375,20.173256,7.895388,6.031518,33.404285,4.9647,1.7118326,21.981539,17.34954,4.7368894,6.0122447,3.615305,-3.748474,24.477423,11.534058,4.85851,-19.937075,1.0151595,9.544773,-11.302408
7218857185764216069,-6.0439053,20.387035,8.79309,6.1560116,33.075237,4.653677,2.9840517,22.168571,18.084244,5.191722,6.726487,2.8684838,-3.1601207,25.087347,12.259212,5.5789475,-21.08354,0.97243905,10.390603,-10.686896
7219294434465238298,-6.046253,21.116747,7.955996,6.16026,33.136276,5.0836115,2.2677915,21.61441,18.090805,4.1668763,7.246504,3.053266,-3.5572424,24.376074,12.127036,4.7246237,-21.12031,1.5861217,9.987314,-10.780689
7219646733901450502,-6.296458,20.673975,8.174111,6.2119226,33.318188,4.4194913,2.4094918,22.305199,17.818766,4.453016,6.3399963,3.171641,-3.4792008,24.607555,11.688533,5.040826,-20.433052,0.9779293,9.7176,-11.155737
7219686321739123974,-6.2150164,20.303757,7.998832,6.025393,33.361855,5.021062,1.7368038,21.81693,17.681812,4.4337587,6.4486537,3.4738455,-3.7267356,24.463257,11.673915,4.770347,-20.024168,0.87456065,9.782267,-11.460098
7221070563538717957,-6.2558055,20.70661,8.595699,6.1362386,33.23035,5.0400214,2.696508,21.981554,18.223486,4.3365164,6.812268,2.8193922,-3.3399901,24.72412,12.2575445,5.153553,-20.738056,1.4175305,10.083876,-11.042094
7221177538855423258,-6.056984,20.19143,8.365991,5.9902,32.99012,4.820008,2.4464748,21.951534,17.507414,5.267848,6.4883013,2.9835227,-3.25832,25.150934,12.145685,5.137651,-20.298336,1.033179,10.161627,-11.039862
7221550036172213509,-6.0759263,20.907806,8.00715,6.2193384,33.190845,4.6345134,2.297676,21.980787,17.913206,4.461461,6.808994,3.218076,-3.5621798,24.449476,11.821715,4.944119,-20.990393,1.2151111,9.890972,-10.785961
7221552853356236037,-6.125569,19.993284,8.99013,5.940248,33.146362,5.537854,2.6208787,21.822939,18.06685,5.0335817,6.5990605,2.9191577,-3.2670484,25.033934,12.476257,5.5087204,-20.626318,1.3175428,10.399075,-10.99314
7221875155184733445,-6.2495956,20.586815,8.182517,6.187575,33.38854,4.747512,2.0756028,22.093313,17.889936,4.2516484,6.4470363,3.3185623,-3.700812,24.355236,11.633782,4.9091153,-20.380222,0.97423214,9.740788,-11.184703
7221953102184779013,-6.205235,20.255045,8.586898,5.974789,33.19908,5.432108,2.6363342,21.885612,17.816801,4.933042,6.4287553,2.8989003,-3.2536645,24.96513,12.393864,5.2348623,-20.556417,1.6043655,9.99345,-10.968925
7223080468101483781,-5.9335256,20.677397,7.8094573,6.1200256,33.300602,5.109599,1.8330089,21.502953,17.983942,4.514472,7.1181993,3.5240996,-3.7735825,24.275331,11.844627,4.7741437,-20.993761,1.0200152,10.018609,-10.908334
7224139299594194203,-6.201221,20.506134,8.708235,6.2234697,33.212597,4.493179,2.8318164,22.38791,18.054783,4.8023996,6.4269543,2.9710667,-3.301488,24.839348,11.9663315,5.4780817,-20.846767,0.9837739,10.089665,-10.838393
7224177146263063835,-6.303618,20.564466,8.262076,6.176104,33.320316,4.6038446,2.2118807,22.281301,17.76668,4.3600225,6.217868,3.2517776,-3.5914674,24.498804,11.627734,5.042714,-20.299786,1.072701,9.698081,-11.172006
7224934115089370395,-5.74834,20.04547,7.6610126,5.9245095,33.264015,5.5045066,1.1984416,21.229803,17.447464,5.090082,6.8151765,3.9425116,-3.9759767,24.331404,11.712281,4.7461514,-20.488754,0.89368033,10.054379,-10.992345
7225245362678762779,-6.071345,20.44236,8.747055,6.1736755,33.066376,4.551459,2.9869916,22.23401,18.026882,5.172637,6.6573153,2.8462884,-3.1518736,25.089287,12.205528,5.540204,-21.015005,0.96554494,10.330146,-10.70649
7225296808900152603,-5.9414887,20.400894,7.716723,5.9996324,33.38839,5.513593,1.4279999,21.281406,17.840372,4.496009,7.002264,3.7348013,-3.9271657,24.186575,11.802809,4.6420865,-20.614042,1.0345267,9.949146,-11.148642
7225632323146943771,-5.871724,20.117552,8.1959715,5.890843,33.118656,5.66075,1.8150811,21.29365,17.77098,5.009251,6.994293,3.382543,-3.6274405,24.684496,12.207998,4.955177,-20.605223,1.1706125,10.322222,-11.003819
7225641498249891099,-6.189443,20.779312,8.397851,6.255638,33.258465,4.550423,2.5978234,22.219591,18.093473,4.457615,6.6493196,3.062959,-3.4573162,24.570461,11.873194,5.1857824,-20.921417,1.089157,9.957718,-10.855315
7226043488738069787,-6.0373893,20.186546,8.315854,5.960817,33.27318,5.582004,1.8156834,21.508638,17.904581,4.610971,6.788735,3.3931422,-3.7144334,24.495365,12.043029,4.9684544,-20.448702,1.169341,10.143036,-11.150244
7226428593075752218,-6.1891775,20.744547,8.177823,6.053954,33.318287,5.447993,1.996774,21.557404,18.175152,3.960401,7.0413904,3.1869113,-3.6794014,24.318365,12.09586,4.7585692,-20.611992,1.461882,9.976327,-11.228415
7226711933150432538,-5.852003,20.181076,7.585759,5.962165,33.31315,5.3602557,1.0176566,21.317846,17.497005,4.6887093,6.785713,3.9973829,-4.090707,24.146866,11.501932,4.5980096,-20.287958,0.80467814,9.930705,-11.189114
7226734943869750555,-5.905398,20.3316,7.6065164,6.0066223,33.34099,5.2261195,1.285607,21.364143,17.682814,4.6232457,6.9232507,3.8481553,-3.9629893,24.220478,11.608401,4.611804,-20.466467,0.74557424,9.954022,-11.206798
7226766521719213338,-5.8643613,19.717505,8.972123,5.8539343,32.94677,5.552178,2.5471692,21.616884,17.878439,5.6935663,6.7798743,3.012316,-3.2068841,25.298386,12.584788,5.6478553,-20.748877,1.096608,10.745918,-10.814185
7227138868447923482,-5.882336,20.551052,8.137748,6.122188,33.210316,5.134665,2.0155203,21.58662,18.029148,4.719507,7.103149,3.413635,-3.7076213,24.41413,11.943165,5.0068765,-21.079126,1.024763,10.222207,-10.755411
7227547227005209882,-6.058633,21.110056,7.8967237,6.171487,33.201847,5.065803,2.162025,21.61101,18.114527,4.0919747,7.22577,3.1514847,-3.6284802,24.28886,12.038227,4.693575,-21.091469,1.5122187,9.940574,-10.842523
7227881339125583131,-6.028811,19.792734,9.004104,5.922126,33.234943,5.607284,2.4085362,21.666746,18.233603,5.1314893,6.770466,3.1749809,-3.3839417,24.94851,12.402595,5.6153436,-20.719398,0.9395596,10.599515,-11.077373
7228975701066550554,-5.8949,20.290037,7.8007154,5.9605594,33.3057,5.6231065,1.6122788,21.306528,17.663334,4.8354173,6.8536506,3.6171298,-3.7987206,24.379425,11.968937,4.745108,-20.66804,1.2683839,9.949065,-10.946016
7228976565445512475,-6.183371,20.046772,8.029207,6.015356,33.28103,4.707724,1.6555705,22.091007,17.276884,4.829536,5.9637327,3.603958,-3.7277303,24.609362,11.437983,4.9440007,-19.710876,0.7379277,9.711559,-11.412792
7229342870518385946,-5.919069,20.284536,7.647399,5.952218,33.424946,5.742927,1.2123306,21.16528,17.725542,4.504369,6.9344945,3.8492086,-4.0310607,24.105658,11.769203,4.5591083,-20.47523,1.1066749,9.8874655,-11.17905
7230327665918512411,-6.1074586,20.554453,8.09206,6.0358195,33.33756,5.4621224,2.0058074,21.500435,18.056736,4.349919,6.98927,3.27485,-3.6484792,24.423647,12.096767,4.7929716,-20.671255,1.2765123,9.992166,-11.153221
7233097610821700890,-6.086773,20.553972,7.9250984,6.047071,33.427143,5.633042,1.9171793,21.491196,17.871197,4.425593,6.7729325,3.3998802,-3.740451,24.281311,12.031988,4.735215,-20.727737,1.5516522,9.743218,-10.967055
7233472157588753691,-6.1599116,20.460714,7.9109335,5.9886446,33.40322,5.4312453,1.6115031,21.433302,17.98839,4.147304,6.93502,3.4879415,-3.7979193,24.295174,11.878178,4.618687,-20.297256,1.0218459,9.917343,-11.490508
7233784589523717402,-5.8034763,20.404976,7.816824,6.0418615,33.258347,5.408268,1.5410599,21.36683,17.735674,4.7917223,6.9813194,3.7166164,-3.9107213,24.239428,11.800113,4.804104,-20.88476,1.1202042,10.053336,-10.778996
7234782434531839258,-5.879507,20.434082,7.7345624,6.015413,33.287937,5.4458256,1.4692494,21.342686,17.706844,4.6277986,6.9465766,3.6897955,-3.9124908,24.224752,11.797601,4.671511,-20.682465,1.1636382,9.95549,-10.950254
7235266120414924058,-6.171013,20.470566,8.118947,6.004746,33.34045,5.491835,1.9846902,21.565367,17.93831,4.35068,6.798782,3.2487662,-3.6320508,24.46794,12.077311,4.7713327,-20.456617,1.3318535,9.899574,-11.237745
7235651777805290778,-6.034571,20.388773,7.6872215,6.0075064,33.3838,5.2627106,1.3155867,21.439154,17.742748,4.347849,6.8337193,3.7599556,-3.957671,24.183323,11.610017,4.574948,-20.274883,0.8463687,9.864207,-11.373692
7236043111128894747,-6.0148883,20.510181,7.8573737,6.0521097,33.399906,5.531526,1.7494813,21.460308,17.836597,4.4861774,6.830323,3.5320547,-3.8230557,24.229427,11.904921,4.720283,-20.738749,1.3497058,9.813709,-10.957852
7236382869650689306,-6.0264654,20.270454,7.685414,6.005519,33.38136,5.167497,1.2935057,21.542162,17.584139,4.52448,6.6270757,3.8212502,-3.9601216,24.231342,11.518818,4.6342144,-20.1701,0.7893375,9.8059,-11.344063
7236674356540165402,-6.1834855,20.552895,7.98129,5.993092,33.368282,5.4668074,1.766223,21.452518,18.034508,4.097862,6.970463,3.352278,-3.7217667,24.346907,11.998663,4.6437936,-20.369415,1.2017708,9.925922,-11.435931
7236760874646637851,-6.02171,20.438944,7.805945,6.0851307,33.532925,5.448685,1.7299849,21.511965,17.881882,4.5543222,6.757335,3.6907513,-3.865122,24.175432,11.794515,4.804526,-20.764633,1.1488523,9.761771,-11.007019
7237120496020573467,-6.1809616,20.526592,8.812677,6.2201676,33.18846,4.6079345,2.8117063,22.33119,18.165298,4.714714,6.5349903,2.954479,-3.33331,24.784262,12.012918,5.506093,-20.952732,1.0338823,10.182764,-10.788549
7237511650532773146,-5.966136,20.444662,7.857328,6.0106254,33.362137,5.6649933,1.6347438,21.340303,17.81267,4.5193925,6.903741,3.5677857,-3.8600626,24.228918,11.940497,4.6985765,-20.698925,1.3592466,9.89364,-10.97353
7237872414581935386,-6.0839205,20.405478,7.7515736,5.996342,33.414753,5.3312216,1.4404858,21.406319,17.88011,4.2831693,6.919677,3.6643953,-3.8826082,24.237484,11.730995,4.5822787,-20.315325,0.84935594,9.898703,-11.450269
7238235896724704538,-6.0581613,20.02078,8.902237,5.8896294,33.184887,5.9024925,2.4027238,21.49365,18.227533,4.864336,6.922664,3.0127525,-3.3817573,24.874971,12.580281,5.386853,-20.74161,1.3972129,10.501792,-11.037375
7238904736253054234,-5.8162003,20.431362,7.8935633,6.0721674,33.276337,5.31162,1.682632,21.411474,17.876446,4.797079,7.0639873,3.6685524,-3.855154,24.283617,11.833526,4.881981,-20.997362,0.99435955,10.127974,-10.789498
7239344688006728986,-6.07708,20.926716,7.9182887,6.1772346,33.327896,5.0459604,2.1484702,21.653852,18.14436,4.223454,7.122147,3.2751806,-3.6543849,24.29773,11.954815,4.7701263,-21.043104,1.2428004,9.919859,-10.938848
7239729661788359962,-6.122992,20.162424,8.442735,5.9470434,33.0924,5.271892,2.4066265,21.860802,17.587973,5.1007085,6.4003463,3.0084527,-3.314777,24.996838,12.241346,5.1360435,-20.392775,1.3875257,10.031554,-10.989877
7239735340737498395,-5.8278227,20.270418,7.6959276,5.9654393,33.303978,5.578689,1.3252136,21.223743,17.648214,4.7665205,6.95211,3.8025868,-3.9583,24.2351,11.794818,4.6680546,-20.614668,1.0665721,10.005034,-10.997508
7239748390974704922,-6.0242305,20.14688,8.501578,5.887581,33.231697,5.9925566,2.0629716,21.352255,18.013311,4.733145,6.9010444,3.1987438,-3.5595782,24.641436,12.416162,5.082327,-20.661974,1.5475498,10.250833,-11.019348
7241209133540609307,-6.1295805,20.730976,8.097983,6.0984063,33.345882,5.356529,1.9449952,21.578747,18.134111,4.0728827,7.019142,3.2934308,-3.7449844,24.248135,11.976308,4.759149,-20.719797,1.3325056,9.949781,-11.114233
7241878874672385306,-5.811343,20.203653,7.7480917,5.9785194,33.243732,5.2720003,1.2718482,21.317673,17.670876,4.8194094,6.982825,3.8554308,-3.9579608,24.302885,11.658115,4.746867,-20.520897,0.6989739,10.154619,-11.099234
7241956873698577691,-5.9718895,20.372478,7.666182,6.00918,33.448864,5.569704,1.424888,21.352757,17.703867,4.5390835,6.783335,3.7722597,-3.9539413,24.142588,11.748607,4.6273108,-20.557993,1.1783693,9.768295,-11.0834675
7242237385772240155,-6.3724027,20.70318,8.605228,6.0844655,33.272778,5.279331,2.5988219,21.949106,18.153957,4.0870566,6.6695437,2.758271,-3.3738205,24.675407,12.298413,5.030893,-20.40571,1.6982341,9.929242,-11.224044
7242348894435167514,-6.197257,20.466373,7.883863,6.0036616,33.418423,5.326166,1.6215186,21.519264,17.942942,4.1312575,6.8433547,3.4925506,-3.7913175,24.300838,11.807595,4.6021786,-20.223335,0.9645926,9.849599,-11.5333605
7242719682128530714,-5.9252224,20.516657,7.913108,6.0458174,33.298107,5.397993,1.7502592,21.365564,17.9916,4.545763,7.1431327,3.5234451,-3.7889984,24.312178,11.951905,4.78025,-20.87009,1.0764912,10.10212,-10.98932
7244550731141844251,-5.8214817,20.29024,7.610826,6.009134,33.30159,5.2508173,1.2249006,21.333946,17.626719,4.753082,6.9337497,3.9193492,-4.0115433,24.196236,11.580959,4.6695256,-20.552551,0.7620183,10.013597,-11.073816
7244559099352976666,-5.8750644,20.424826,8.159858,6.021072,33.039852,5.120937,2.1757302,21.545233,17.83451,5.03325,7.0776343,3.203446,-3.4788172,24.780947,12.170183,5.0043726,-20.884333,1.0669483,10.323515,-10.829328
7245182525016935707,-6.1835914,20.421398,7.947053,6.0103726,33.39676,5.3980784,1.5835705,21.626356,17.727571,4.2137656,6.5501237,3.518286,-3.8535693,24.255194,11.751028,4.684451,-20.119192,1.279477,9.72596,-11.358773
7245239505911893274,-5.8372884,20.121103,7.6998525,5.932119,33.286854,5.4506207,1.1523383,21.246014,17.587273,4.7945485,6.8949494,3.8976028,-3.9974432,24.27514,11.672248,4.669729,-20.34978,0.79021764,10.066609,-11.200378
7245283945619655963,-5.8001947,20.363466,7.6621494,6.03395,33.284714,5.2933784,1.2897807,21.337887,17.671432,4.7249994,6.981103,3.8725452,-4.0144873,24.160719,11.620288,4.689575,-20.69476,0.8774949,10.025747,-10.946735
7245708272181759258,-6.101626,19.93713,8.748757,5.953045,33.30906,5.5120945,2.3561552,21.71656,18.12426,4.994134,6.663066,3.2145157,-3.4183326,24.851618,12.280569,5.4240294,-20.635735,0.9920782,10.338354,-11.136703
7246301041979886875,-6.213791,20.390013,7.927652,5.963286,33.415665,5.4481936,1.5719123,21.473282,17.914106,4.122434,6.8050666,3.481721,-3.7954307,24.322691,11.851752,4.5965257,-20.098953,1.0260366,9.8567,-11.598995
7246343164108295450,-5.98328,20.504332,7.848263,6.043199,33.343433,5.3567724,1.5516311,21.404379,17.932726,4.363476,7.0248203,3.6156776,-3.889866,24.201166,11.797236,4.690706,-20.630856,1.0243975,9.996628,-11.144773
7246672390841715995,-6.221408,20.528294,7.925665,5.999013,33.42387,5.434814,1.6456262,21.479193,18.010918,4.007282,6.8933525,3.4353652,-3.7910953,24.267488,11.880044,4.587904,-20.241323,1.1110878,9.848555,-11.537219
7246768104922008858,-6.064134,20.875368,7.864663,6.168034,33.351173,5.007674,2.1045022,21.615591,18.157673,4.272322,7.171396,3.3301632,-3.6567774,24.323555,11.93193,4.757211,-21.012283,1.0788364,9.9546995,-11.022114
7246805127942737178,-6.2048197,20.483877,7.9213095,5.991029,33.43172,5.477379,1.5895457,21.459625,17.976997,4.040102,6.863247,3.4775043,-3.823924,24.246939,11.860409,4.592955,-20.213158,1.1191504,9.843911,-11.525755
7246825881904139546,-5.8117895,20.07914,8.499243,5.947453,33.080563,5.551202,2.0471864,21.413708,17.957249,5.1581974,7.063713,3.3226113,-3.571925,24.75225,12.257922,5.2459927,-20.885117,1.0653282,10.545687,-10.8101845
7249312172956732698,-6.1071143,20.397825,8.3649025,5.927159,33.15881,5.6819525,2.0026286,21.415117,17.997086,4.3848124,7.014099,3.0763545,-3.5665398,24.628006,12.307534,4.83996,-20.384098,1.4443038,10.207219,-11.250564
7249677053153283354,-6.287459,20.706116,8.541534,6.0896807,33.260586,5.287574,2.5860934,21.856007,18.20345,4.202268,6.821578,2.8189926,-3.3815346,24.661627,12.317267,5.0348563,-20.624819,1.5968858,10.011253,-11.119762
7249813717225950490,-6.2584167,20.580526,7.981332,6.0063972,33.422882,5.479638,1.6824732,21.515146,18.023796,3.903573,6.852391,3.37686,-3.7899904,24.243057,11.9044485,4.5909305,-20.216679,1.253886,9.810168,-11.526397
7250832194392886554,-5.907003,20.635921,8.102267,6.0703034,33.135624,5.2008543,2.2427394,21.462263,18.080868,4.767704,7.301664,3.1797843,-3.495915,24.64432,12.230068,4.9461293,-21.118032,1.1297033,10.299154,-10.837711
7251996103178997018,-6.1667967,20.44533,7.9589176,5.9741464,33.38711,5.4900594,1.6252528,21.408325,18.014711,4.123233,6.963922,3.4497178,-3.783003,24.319355,11.924263,4.6233807,-20.2696,1.0536053,9.956238,-11.512112
7252271385467161882,-5.9277043,20.460524,7.819352,6.1130505,33.245846,4.919621,1.6609102,21.767178,17.533209,4.771306,6.575291,3.668857,-3.8560975,24.308401,11.567146,4.863162,-20.60471,1.0373206,9.848706,-10.85096
7252274964206832923,-5.8815074,20.605108,8.065525,6.0476127,33.11357,5.25403,2.180696,21.408375,18.02869,4.80161,7.316036,3.1989377,-3.5151224,24.646652,12.238373,4.9046063,-21.077593,1.149685,10.308027,-10.838562
7252374564108274970,-6.115873,20.821283,8.082906,6.142714,33.29482,5.02671,2.2894976,21.687107,18.19696,4.3075123,7.115025,3.1560457,-3.5389295,24.472132,12.0692215,4.86757,-20.934761,1.1684692,10.032969,-11.046254
7252685251112176922,-5.9911556,20.47852,7.8186913,6.027653,33.401245,5.6189327,1.702953,21.381857,17.821356,4.524443,6.8659983,3.55815,-3.8305092,24.23279,11.940714,4.6981754,-20.739536,1.3728576,9.827105,-10.962991
7253058884762537242,-5.9245696,20.197535,7.8862314,5.9247494,33.338085,5.8180547,1.418991,21.229912,17.705183,4.661076,6.852948,3.6802812,-3.9096854,24.27789,11.930281,4.7133493,-20.478916,1.259868,9.9791765,-11.08848
7253425216984976667,-6.064885,19.91957,9.093802,6.0238075,33.129932,5.0585575,2.762013,22.052687,18.145342,5.3057795,6.576102,3.007054,-3.2228456,25.137415,12.310027,5.7750106,-20.808304,0.840342,10.577762,-10.917646
7254561581449612571,-6.1085467,20.867132,7.955018,6.2171173,33.341587,4.7734036,2.1531012,21.858252,18.078857,4.283769,6.918145,3.334365,-3.6654074,24.305262,11.779021,4.8567314,-20.950645,1.0469271,9.872484,-10.958578
7254588789559938330,-6.05352,20.142925,7.8542438,6.0286145,33.292732,4.856831,1.473934,21.884674,17.319153,4.8171988,6.1952314,3.754428,-3.860243,24.427128,11.42209,4.8601036,-19.977934,0.80915564,9.74778,-11.245229
7255981234374069530,-5.968596,20.025965,8.849477,5.9473424,33.081413,5.4537015,2.514814,21.654194,18.1063,5.189969,6.90659,3.0273042,-3.3095198,25.028067,12.462282,5.487115,-20.834269,1.103834,10.591688,-10.908557
7256066819247623450,-5.8464227,20.287218,7.5760975,5.997776,33.323997,5.2606263,1.2046545,21.31796,17.63211,4.713619,6.930932,3.9222128,-4.005958,24.198496,11.584516,4.6309147,-20.49827,0.7444407,9.985203,-11.144402
7256464845132827931,-5.8193336,20.5275,8.03216,6.125826,33.130405,5.0150137,1.74825,21.6444,17.770348,4.757962,6.942922,3.556976,-3.8451333,24.315542,11.717741,4.9424753,-20.935827,1.0289959,10.155491,-10.668104
7257874855037586714,-5.8950334,20.115215,8.292639,5.870608,33.075607,5.7825365,1.8885925,21.308762,17.726843,5.0022635,6.9276752,3.2727745,-3.58708,24.728119,12.300604,4.9658175,-20.570963,1.3828619,10.301521,-10.947533
7258676118033599771,-5.9220977,20.31085,7.666677,5.9803567,33.322567,5.2716756,1.3402495,21.312698,17.759203,4.607543,7.0141835,3.7726936,-3.9055955,24.295664,11.7071,4.6148424,-20.440565,0.71254957,10.036023,-11.288986
7259047429796908315,-6.053838,20.599842,8.001811,6.1366115,33.49056,5.392506,2.080087,21.5908,18.105434,4.4822397,6.9065576,3.4519773,-3.7268476,24.257053,11.963456,4.9001384,-21.042074,1.2369838,9.857361,-10.887761
7259307845332602139,-5.9046807,20.105667,7.9292426,5.8921027,33.307293,5.839139,1.416916,21.192099,17.693727,4.759803,6.8780174,3.6693187,-3.8762834,24.364532,11.977679,4.746074,-20.420502,1.1860372,10.064751,-11.13741
7259455690996075803,-6.0190816,20.727646,7.8830757,6.14029,33.37198,5.141638,1.8710115,21.547123,18.110264,4.300177,7.1095023,3.482959,-3.7907045,24.20746,11.836528,4.756493,-20.945015,1.0314885,9.971237,-11.007987
7260104911830945051,-6.3410287,20.619646,8.64684,6.0531974,33.248928,5.3561587,2.5756314,21.884718,18.162622,4.16575,6.714254,2.7663279,-3.3632116,24.718863,12.347485,5.057474,-20.409382,1.655879,10.010528,-11.230072
7260420548553887002,-5.9830227,19.995699,8.700855,5.873326,33.02163,5.6902137,2.4212623,21.594336,17.769278,5.2742386,6.6818666,2.979597,-3.3021302,25.062494,12.520598,5.312882,-20.632479,1.497723,10.371041,-10.844923
7260814503728696602,-5.834633,20.201366,7.726797,6.0114293,33.226524,5.117422,1.2638123,21.534983,17.41194,4.8924727,6.628353,3.8873727,-3.9894257,24.28484,11.50675,4.788393,-20.359045,0.8564866,9.961913,-11.010589
7261499359819336986,-6.034675,20.387959,8.39502,5.9389744,32.995686,5.5255113,2.216064,21.60173,17.688398,4.792942,6.759815,2.9716618,-3.4397488,24.812346,12.337962,4.971693,-20.511415,1.6912404,10.149761,-10.891766
7261562285791956251,-5.971092,20.425268,8.294724,5.947023,33.061237,5.5987296,1.9532868,21.380217,17.90418,4.5808487,7.097867,3.1398218,-3.6015594,24.61767,12.263867,4.8584285,-20.588467,1.4219712,10.289197,-11.019425
7261564389075995930,-5.992191,20.380259,8.29203,5.928896,33.079056,5.6408825,1.8911586,21.363508,17.887814,4.545382,7.066408,3.1597407,-3.6225927,24.608334,12.24785,4.8297954,-20.484045,1.4012599,10.272175,-11.096886
7261565962875358491,-5.883283,20.391743,7.5988936,6.042594,33.345882,5.1920195,1.2764071,21.395296,17.692099,4.59497,6.9238067,3.8842714,-4.0104003,24.141905,11.551398,4.63163,-20.560467,0.77787465,9.936167,-11.114825
7261658279900744987,-5.8052087,20.220222,7.71885,5.969859,33.27071,5.4146276,1.3964322,21.260857,17.659658,4.910562,6.995103,3.7929065,-3.8975484,24.343952,11.789253,4.734381,-20.629122,0.8583171,10.105469,-11.026618
7261958198775532832,-5.8838224,20.25659,7.5836563,6.004186,33.366688,5.2914906,1.1531633,21.367691,17.587555,4.6597943,6.810721,3.9606404,-4.0541034,24.138128,11.511264,4.615842,-20.408327,0.7656789,9.896869,-11.168674
7261965250864467232,-6.082903,20.882948,7.7914667,6.169392,33.388443,4.996174,2.096358,21.63723,18.101784,4.2888465,7.0913916,3.3668728,-3.6659904,24.295382,11.895016,4.727444,-21.0024,1.1220422,9.857707,-11.010502
7261996739446590753,-5.9335976,20.2507,7.772657,5.999254,33.262447,5.194724,1.2841948,21.536463,17.493969,4.662069,6.631875,3.798755,-3.9729767,24.263659,11.549837,4.713118,-20.238708,0.9216696,9.908231,-11.156772
7262001980095106337,-5.8009953,20.065504,7.633565,5.9171786,33.304405,5.5227313,1.2670642,21.223614,17.487999,5.0447373,6.8209352,3.8891757,-3.9228203,24.366774,11.762705,4.7013726,-20.460106,0.8883073,10.0084505,-11.074307
7262342975752113441,-6.2786784,20.330124,7.9293833,6.0391006,33.456757,5.097738,1.6510305,21.873034,17.614044,4.2961864,6.2556963,3.5517294,-3.8060737,24.327038,11.577423,4.722943,-19.930452,1.0321662,9.577152,-11.478962
7262363967157226785,-5.8373675,20.317404,7.7730546,5.997625,33.28339,5.538138,1.3781849,21.294674,17.652664,4.7214384,6.9093924,3.7579687,-3.9722474,24.212996,11.773812,4.713961,-20.612123,1.1247771,10.008324,-10.9477415
7262465807949647136,-6.0269766,20.170843,8.420062,5.931002,33.1267,5.5977445,2.21448,21.62144,17.717953,5.0111504,6.623567,3.1363099,-3.4576175,24.801188,12.283938,5.0987377,-20.617891,1.4910413,10.116601,-10.875881
7263733416292617505,-5.9730554,20.211767,8.036485,5.9185443,33.286835,5.788839,1.5373982,21.29232,17.755878,4.593851,6.8506985,3.5402675,-3.83664,24.365732,12.006332,4.7614827,-20.405624,1.3012053,10.041158,-11.14236
7264173669612670240,-5.8099794,20.473938,8.189531,6.106814,33.093224,5.1203303,1.8878367,21.629795,17.825565,4.8484626,6.9758835,3.4512541,-3.7697334,24.415062,11.860198,5.0386705,-20.998999,1.1051458,10.253628,-10.613061
7264519435086466336,-6.1774154,20.537582,8.107103,6.1617684,33.33117,4.7569304,1.9181681,22.092253,17.686134,4.401285,6.3183923,3.458639,-3.7650197,24.345152,11.5504055,4.9808197,-20.307804,1.1182088,9.725303,-11.097101
7264884699636469025,-6.1638827,20.108994,7.9882746,6.0371194,33.303375,4.7133713,1.672553,22.073671,17.325806,4.813413,6.019905,3.6316974,-3.742737,24.556086,11.435575,4.947439,-19.851448,0.76376694,9.69976,-11.344492
7264958192017362208,-5.859168,20.636402,7.792399,6.125079,33.27388,5.1123385,1.6693395,21.47096,17.927982,4.558358,7.139325,3.638761,-3.880861,24.193747,11.737194,4.7640376,-21.004303,0.95172,10.064802,-10.83644
7265242959048723745,-5.957368,20.320276,7.719604,6.028768,33.34278,5.2659087,1.3392048,21.546566,17.519136,4.613019,6.5875754,3.8116484,-3.9880605,24.182877,11.555365,4.698252,-20.347496,1.0504421,9.787577,-11.08464
7265326628274752801,-5.947385,20.437326,7.903591,6.0192165,33.321815,5.622548,1.6272763,21.380558,17.777958,4.5453577,6.8743486,3.5622418,-3.8740568,24.229033,11.909593,4.7268195,-20.699797,1.3627124,9.917925,-10.918554
7265677943228075296,-6.055266,20.53999,8.224698,6.0288177,33.255024,5.623984,1.8759859,21.488016,17.974579,4.287288,6.935919,3.27358,-3.7579525,24.323069,12.075322,4.8117924,-20.63786,1.5126787,10.029524,-10.995984
7267229404584037638,-6.2459764,19.934023,8.214534,5.91125,33.266724,5.073094,1.9357086,21.916878,17.428574,4.914896,6.118564,3.3303063,-3.5011303,24.874672,11.853758,4.9677253,-19.709358,0.89107007,9.841661,-11.539347
7267879991004761376,-6.0159874,19.972511,7.889863,6.0137343,33.21077,4.588458,1.6066425,21.989664,17.182842,5.20287,6.105779,3.718512,-3.7231083,24.69471,11.415912,4.974396,-19.890324,0.5060053,9.85513,-11.267947
7269755991049260320,-5.794095,19.993626,7.676653,5.94468,33.23385,5.199611,1.1632489,21.417946,17.335703,5.1118736,6.633323,3.9644673,-3.97466,24.387455,11.535141,4.772904,-20.240515,0.67000496,10.0281,-11.11492
7269759073967525153,-5.954852,20.333239,7.7712016,6.0016036,33.281544,5.2825994,1.269312,21.484344,17.57774,4.4994817,6.712489,3.7726693,-3.9948733,24.197327,11.589329,4.6685886,-20.265177,1.0241116,9.898551,-11.181672
7270111755886415137,-5.83028,20.03463,7.6189737,5.9764094,33.246628,4.9617968,1.3852144,21.560612,17.288658,5.267116,6.5358863,3.8877869,-3.839148,24.527319,11.547435,4.8123918,-20.293064,0.59644896,9.950556,-11.093008
7271935381937884448,-6.0551143,20.721935,7.748293,6.126595,33.425323,5.174852,1.7675488,21.555113,17.985228,4.2582464,6.975496,3.559119,-3.8353083,24.15313,11.760533,4.6664762,-20.805878,1.101257,9.811487,-11.069232
7272402191233584417,-5.927632,20.320202,7.5916543,6.041383,33.391617,5.223509,1.1961218,21.481768,17.547272,4.587795,6.676977,3.9471612,-4.0698304,24.090029,11.446588,4.6299176,-20.375391,0.85497946,9.789499,-11.136338
7272755309658098976,-5.885685,20.182178,8.552621,5.9516354,33.106297,5.6075225,2.219589,21.411636,18.095089,5.010478,7.1380086,3.1769967,-3.48492,24.787313,12.393106,5.229703,-20.934067,1.1764358,10.529919,-10.866531
7273016085954317600,-6.2536364,20.461222,8.064672,5.971071,33.39107,5.557096,1.6993605,21.530462,17.922533,4.0304675,6.736776,3.3472602,-3.761708,24.326792,11.949644,4.64568,-20.107473,1.3285817,9.820254,-11.510176
7274647533002034465,-5.899902,20.305645,8.355408,5.9661493,32.963764,5.4373803,2.0251148,21.597061,17.604399,4.9707017,6.757492,3.1734715,-3.576747,24.705622,12.157554,5.021317,-20.65435,1.5067186,10.22047,-10.705764
7274897399045246241,-5.831715,20.5727,7.8332825,6.123751,33.279026,5.1206446,1.7392869,21.476458,17.929594,4.702954,7.1266856,3.645503,-3.8480642,24.248693,11.773696,4.8444223,-21.076256,0.9242775,10.1017685,-10.7797575
7276041559500475680,-5.77925,20.499743,8.1082535,6.1361322,33.075985,4.9446483,1.8290052,21.694378,17.750036,4.8968816,6.9324346,3.5270581,-3.8072624,24.383596,11.734839,5.034576,-21.010464,1.0072685,10.227102,-10.567332
7277906809787059489,-6.189418,20.480377,8.248202,5.935022,33.269257,5.769207,1.8668427,21.380138,18.04698,4.103088,6.9957037,3.1419234,-3.658016,24.45723,12.231766,4.697582,-20.283182,1.4768738,10.0495405,-11.395464
7277939332831251744,-5.971202,19.999588,7.9291563,5.9108453,33.33699,5.57515,1.3198129,21.377518,17.601301,4.758375,6.6602015,3.7695916,-3.9203465,24.35567,11.74183,4.7620573,-20.178154,0.88843393,9.988614,-11.290263
7278716528839626016,-6.0724635,20.15415,9.032133,6.030745,33.121204,5.2493973,2.7804773,21.896334,18.261843,5.022533,6.8189893,2.8822553,-3.2370408,25.031155,12.452299,5.6073217,-20.905163,1.1248959,10.548728,-10.885848
7278768931857354016,-5.8557596,20.089228,7.750832,6.010386,33.222332,4.920853,1.3517509,21.62253,17.373205,5.068046,6.563369,3.8668604,-3.907304,24.438108,11.473765,4.838945,-20.24342,0.5726974,10.004407,-11.1197815
7279032970286009632,-6.002002,20.990005,7.787354,6.181288,33.28934,5.0312834,2.036295,21.568584,18.108633,4.244636,7.2229652,3.3505347,-3.7076018,24.229864,11.91741,4.709968,-21.148813,1.2525824,9.939146,-10.8498125
7279078872455384352,-6.180954,20.562296,8.111693,6.04803,33.43531,5.6094284,2.0731869,21.57645,18.009752,4.287221,6.7683654,3.2618814,-3.659295,24.353626,12.107807,4.805419,-20.65249,1.5399903,9.7880335,-11.092181
7280108212878200096,-6.328799,20.752584,8.200756,6.148302,33.495564,5.2734404,2.4116619,21.906153,18.093449,4.2243695,6.5847335,3.1005852,-3.5413582,24.391573,12.058914,4.9029484,-20.689638,1.5860993,9.629294,-11.08869
7280571511138782496,-6.149841,20.822182,8.03805,6.1074414,33.33952,5.292225,1.9292309,21.586061,18.148907,3.9641466,7.0623083,3.283865,-3.7483377,24.220034,11.954069,4.701391,-20.712803,1.3413509,9.922059,-11.153761
7281279828307856673,-6.197469,20.683104,8.213908,6.080389,33.283363,5.344908,2.1360812,21.672106,18.04407,4.151809,6.8832808,3.0841904,-3.610078,24.438158,12.081762,4.758123,-20.559994,1.40801,9.922006,-11.1519985
7282663509505133856,-6.2497196,20.266243,8.321839,6.148936,33.36351,4.606927,2.77526,22.419785,17.555323,5.2529626,5.886224,3.1416597,-3.252044,24.944786,11.901471,5.357336,-20.596489,1.132039,9.622277,-10.852862
7282668264617004321,-5.8222895,20.038181,7.868236,5.882583,33.253185,5.7460127,1.358573,21.160688,17.610641,4.955025,6.9155436,3.7335804,-3.8788047,24.421255,11.941345,4.7597995,-20.443806,1.0426202,10.142951,-11.089975
7283105183352016160,-6.0762362,20.57926,8.318594,6.2213387,33.04195,4.222697,2.6430347,22.418444,17.56414,5.112887,6.2818494,3.0772128,-3.3401976,24.868292,11.768004,5.2819967,-20.814423,1.0284146,9.924988,-10.613447
7283139399582240032,-6.1291747,20.012917,9.021572,5.9589286,33.253212,5.642912,2.6170611,21.73754,18.30659,4.906391,6.7621865,2.9846933,-3.3099313,24.927631,12.503029,5.5481315,-20.7915,1.2275559,10.460507,-11.038022
7283524894585883936,-5.760251,20.275154,7.643605,6.0010476,33.260548,5.299769,1.3057246,21.280727,17.641222,4.897188,7.014066,3.8858836,-3.9653869,24.262476,11.678479,4.7308674,-20.696663,0.80521727,10.101313,-10.960815
7284876929713442080,-5.7816143,20.495941,7.943732,6.136044,33.13413,4.9299407,1.6137339,21.660856,17.679977,4.810884,6.8879557,3.6787155,-3.9188006,24.257812,11.588362,4.924457,-20.897255,0.9336134,10.124967,-10.651108
7285256841158790433,-5.9867973,20.388206,7.83173,5.996757,33.432274,5.767497,1.57642,21.308655,17.810549,4.5015683,6.847519,3.6279063,-3.8948977,24.184673,11.929237,4.685387,-20.645523,1.375846,9.8337965,-11.02268
7286830586478578976,-6.1258535,20.689886,8.114038,6.2586637,33.196102,4.168764,2.4769757,22.36564,17.695808,4.8359556,6.372729,3.240625,-3.4567327,24.666447,11.622859,5.1581626,-20.785875,0.8720662,9.817224,-10.802006
7286863155026808096,-6.2220907,20.536045,8.111353,6.2144213,33.385746,4.4693103,2.492702,22.308197,17.727142,4.8279085,6.2097745,3.2831388,-3.4489975,24.649904,11.703635,5.1504717,-20.663885,0.9610102,9.65174,-10.950972
7287983702959869217,-6.3303103,20.75842,8.354253,6.221295,33.294617,4.5163765,2.6950586,22.322075,17.954165,4.423717,6.4166903,2.9495397,-3.3521385,24.70526,11.908398,5.120047,-20.575804,1.2011666,9.772768,-11.068195
7287986771483282720,-6.108553,19.9676,8.233722,5.939769,33.27645,5.2234864,1.6790665,21.744236,17.59489,4.7943716,6.377888,3.5251026,-3.712438,24.615976,11.770279,4.989865,-19.964674,0.8461226,10.00604,-11.38659
7288261263757446433,-6.1273713,19.948042,8.845293,5.902746,33.208893,5.699564,2.4211607,21.677893,17.999851,4.963129,6.614105,3.0030487,-3.352304,24.961994,12.459153,5.3551807,-20.433119,1.3385834,10.32284,-11.126224
7288326750243704096,-5.9468474,20.431164,7.6322317,6.038679,33.433018,5.453363,1.4403186,21.38597,17.708378,4.554531,6.8159933,3.7875767,-3.959272,24.127914,11.705152,4.6373405,-20.63385,1.1326683,9.780111,-11.028639
7289785625367153952,-5.9043217,20.437155,7.9859886,6.005801,33.23171,5.583198,1.692699,21.359213,17.818357,4.6164403,6.989698,3.4862127,-3.8116438,24.323336,11.992107,4.777513,-20.768675,1.3380075,10.060769,-10.875874
7290457107726339360,-5.873045,20.3533,8.020011,5.987526,33.21975,5.564377,1.7597394,21.31485,17.86626,4.7689495,7.07311,3.4724667,-3.7489402,24.432978,12.062241,4.838231,-20.809696,1.1861315,10.176053,-10.906967
7290823677195603233,-6.1951175,20.347416,8.755315,5.993286,33.156227,5.439162,2.5934622,21.813332,18.059082,4.6569414,6.7078943,2.831581,-3.308089,24.899624,12.43428,5.252602,-20.541489,1.5427295,10.215978,-11.0617075
7290947930108857633,-5.8294926,19.794186,8.718484,5.899697,32.837933,5.06646,2.5442119,21.837248,17.499622,5.940926,6.5390115,3.0423834,-3.1730108,25.395132,12.362798,5.5700817,-20.627848,1.0021538,10.577156,-10.704537
7290955653349133600,-6.0476375,20.171093,8.74015,5.9187326,33.2104,5.8813367,2.3152254,21.439629,18.246208,4.7146225,7.02058,3.0612113,-3.449827,24.744535,12.521341,5.2581553,-20.815006,1.4341995,10.428556,-11.018814
7291228337123511585,-6.0545425,20.72725,8.233737,6.2503242,33.095352,4.2406287,2.5795586,22.281836,17.791374,4.893065,6.574096,3.1287372,-3.400084,24.736916,11.778401,5.2164907,-20.972542,0.9426338,10.003205,-10.675267
7291237498506743072,-6.1184955,20.202,7.747934,5.966803,33.490482,5.531263,1.3277445,21.50482,17.559938,4.4348583,6.4479337,3.7779572,-3.9661598,24.18528,11.628544,4.611946,-20.06112,1.1093019,9.631422,-11.373895
7291300657355689249,-6.2326427,20.505163,8.377173,6.046118,33.160343,5.151539,2.284874,21.954365,17.722466,4.478494,6.445416,2.9952967,-3.4762287,24.684063,12.057325,4.9537973,-20.311695,1.5217458,9.864125,-11.0792055
7291678102948810016,-6.1584916,20.026665,9.108071,6.0185156,33.242268,5.340023,2.7820625,21.97131,18.288498,4.986856,6.609732,2.9470074,-3.2485828,24.997623,12.412718,5.679728,-20.81063,1.1083388,10.44266,-10.985278
7292048482456587553,-5.8888993,20.514824,7.7535267,6.0384827,33.23066,5.3407555,1.6108997,21.46239,17.62101,4.682251,6.839124,3.601179,-3.8431728,24.281487,11.814784,4.7168913,-20.740292,1.3235077,9.893952,-10.820909
7293173989143366945,-6.1131063,20.715715,8.287045,6.082191,33.262222,5.4249434,2.2374077,21.589441,18.18882,4.2490625,7.070417,3.0905228,-3.5755603,24.446367,12.209481,4.902353,-20.870298,1.4775476,10.0756,-10.989111
7293176268361665824,-6.2525783,20.747288,8.243765,6.21004,33.31191,4.709395,2.3089523,22.148718,17.959463,4.254538,6.521213,3.1683328,-3.584517,24.425257,11.757481,4.975415,-20.641203,1.1636847,9.773838,-11.021351
7293541624359996704,-6.5488086,20.398268,8.218937,6.036994,33.469414,4.975199,2.3166182,22.159477,17.752966,4.234704,6.0770407,3.0585735,-3.4096792,24.702446,11.8904295,4.8316584,-19.816412,1.1815828,9.484285,-11.667835
7294149539781463328,-5.8945775,20.287357,7.5729527,5.9855905,33.365734,5.280982,1.3391862,21.316132,17.682184,4.7314253,6.930736,3.8467717,-3.9119606,24.282171,11.685435,4.629291,-20.514063,0.7542905,9.953329,-11.2024145
7294200756586958113,-5.859667,19.618773,8.935468,5.811374,32.933384,5.6255274,2.5020046,21.603994,17.71008,5.8315554,6.6420918,3.0310645,-3.198801,25.354967,12.594977,5.6346655,-20.608797,1.1840577,10.681972,-10.818841
7294284376454532384,-6.065753,20.122662,8.642947,5.913179,33.069683,5.602138,2.3788779,21.682932,17.779686,5.0178823,6.609144,2.9734113,-3.3548272,24.941948,12.41095,5.209725,-20.541792,1.5332881,10.226896,-10.916488
7294659855434911008,-6.1408896,19.91913,9.031956,5.926002,33.220985,5.6336026,2.6406384,21.771759,18.181427,5.0402966,6.6405168,2.9542024,-3.257557,25.03639,12.523595,5.5601544,-20.659275,1.2358023,10.437606,-11.066602
7294901504752782625,-6.189263,20.612347,8.18711,6.1957307,33.260838,4.584607,2.2094557,22.229803,17.727915,4.5237913,6.3144135,3.3014324,-3.608477,24.473364,11.626599,5.0546346,-20.577888,1.0960201,9.747598,-10.9339075
7295785443528920352,-6.262707,20.414062,8.534364,6.0891547,33.113384,4.738826,2.4747217,22.269445,17.665796,4.7004747,6.2071867,2.9815428,-3.3724866,24.844347,11.92925,5.197278,-20.29087,1.2746485,9.903348,-11.048027
7296075013734616353,-6.2977734,20.6452,8.235358,6.1881166,33.33622,4.6829867,2.2339213,22.232445,17.834692,4.2883077,6.301817,3.2371852,-3.601401,24.437574,11.666808,5.0045233,-20.44544,1.1549087,9.681746,-11.106209
7296115605927644449,-6.2246485,20.054066,8.445938,6.025763,33.289314,4.815695,2.2546968,22.110456,17.727255,4.934121,6.223921,3.2760267,-3.4332764,24.87034,11.859288,5.257394,-20.148146,0.76706934,9.991725,-11.326025
7296124478130572577,-6.3923354,20.52801,8.448883,6.0431323,33.260254,5.124138,2.4635508,22.010353,17.891762,4.2791696,6.449592,2.8478882,-3.3652923,24.769077,12.149388,4.9261336,-20.135748,1.4415789,9.816716,-11.362368
7296154996683410720,-6.1871204,20.383514,8.599377,6.0890355,33.066467,4.7001524,2.727651,22.179743,17.772074,4.9514527,6.4497914,2.8196554,-3.2129076,25.071028,12.155294,5.2500124,-20.443264,1.1295727,10.10813,-11.004096
7296417264591441185,-6.2329087,20.37346,8.612376,6.01657,32.99741,4.8967032,2.6411083,22.082142,17.660807,4.8256507,6.435314,2.6996014,-3.203852,25.124561,12.262686,5.116295,-20.129265,1.3707137,10.08777,-11.142657
7296501143700606241,-6.0488257,20.078972,7.9564223,6.063142,33.221462,4.5050354,1.6940023,22.101816,17.244862,5.0843267,6.068283,3.675556,-3.7279522,24.633476,11.384819,5.0211153,-19.973738,0.5918156,9.812552,-11.19484
7296855348714016033,-6.2894254,20.664324,8.187257,6.2017097,33.33122,4.5406723,2.3784273,22.263044,17.851507,4.429008,6.3466105,3.1995463,-3.5067878,24.540535,11.703036,5.0286145,-20.559223,1.0355016,9.699065,-11.085341
7296889866002910497,-6.39412,20.602526,8.048242,6.159359,33.425934,4.577043,2.2532387,22.224216,17.792536,4.299452,6.260902,3.2346556,-3.521102,24.542728,11.657274,4.868189,-20.208506,0.9425857,9.559629,-11.39668
7297134358689860896,-6.389536,20.252415,8.021223,6.0267925,33.47234,4.9983425,1.7748241,22.046564,17.537077,4.3161325,6.0088134,3.4658241,-3.712874,24.449701,11.570198,4.7818637,-19.704647,1.0292541,9.483746,-11.606346
7297157611294706976,-6.473456,20.218096,8.1459465,5.962165,33.489334,5.2709355,1.836548,21.925377,17.664755,4.1544666,6.10559,3.3096554,-3.6434805,24.5183,11.779286,4.729926,-19.563387,1.1427039,9.530844,-11.793926
7297177472615861536,-6.531,20.324896,8.130033,5.99645,33.48971,5.0638003,2.0189455,22.029617,17.735485,4.117854,6.133523,3.2108827,-3.539615,24.595844,11.792362,4.731204,-19.627014,1.0631055,9.51255,-11.836732
7297205575501270304,-6.367325,20.170086,8.031505,5.999306,33.435276,4.916187,2.169047,22.03771,17.551683,4.7502685,6.0973864,3.281596,-3.4331622,24.800602,11.825746,4.8742685,-19.903727,0.897396,9.584008,-11.553329
7297256040544931105,-6.4729133,20.175375,8.1595125,5.964344,33.46246,5.13473,2.0037315,22.01219,17.614077,4.3620663,6.036789,3.2531586,-3.5287998,24.669947,11.817502,4.808158,-19.615881,1.070554,9.539955,-11.749056
7298264093100674336,-5.995215,20.879906,7.79023,6.177934,33.335335,5.0167875,2.094687,21.598667,18.071949,4.4275017,7.1390147,3.3893528,-3.6766913,24.29246,11.915051,4.773404,-21.164093,1.1608243,9.92001,-10.835838
7298393830204640545,-6.3384995,20.56058,8.28015,6.097772,33.288094,4.895922,2.3769813,22.080095,17.813105,4.3749228,6.405058,3.0094626,-3.437553,24.684217,11.952954,4.9125443,-20.239323,1.2518599,9.749027,-11.276235
7298756408994991393,-6.0286074,19.994179,8.8900385,5.912744,33.163662,5.7218366,2.5018628,21.569704,18.192507,5.0546303,6.8967257,3.01527,-3.3209987,24.97149,12.554001,5.4598575,-20.810474,1.2511659,10.532937,-10.985013
7299732621825690912,-6.277252,20.670807,8.237783,6.1243386,33.327972,5.1128116,2.3300328,21.956202,17.923214,4.277497,6.54863,3.0698333,-3.529119,24.495577,11.983758,4.8771305,-20.56267,1.4285321,9.732161,-11.07107
7299777182828645664,-6.1935253,20.540403,8.228095,6.254167,33.348194,4.325345,2.6642458,22.411375,17.754044,4.953727,6.202708,3.2055182,-3.3829756,24.738062,11.733647,5.2739716,-20.759417,0.9193245,9.727657,-10.841457
7300495910595808545,-6.432748,20.231737,8.0080385,6.013574,33.522053,5.078551,1.7546612,22.041594,17.535053,4.2590685,5.9450297,3.4797742,-3.7212455,24.424522,11.5725975,4.759628,-19.637627,1.0776914,9.413363,-11.667642
7300846195444927776,-6.101678,20.13109,9.045835,6.053795,33.1468,5.1178484,2.845874,22.011768,18.236053,5.073402,6.703547,2.8896093,-3.2091365,25.05988,12.391545,5.6516914,-20.889904,1.0357516,10.497652,-10.890263
7300927450463194400,-6.0032377,20.10504,8.325995,6.0777698,33.050003,4.40447,2.404695,22.199371,17.423426,5.497859,6.2589607,3.2250443,-3.3333006,25.09094,11.832834,5.321784,-20.390612,0.6782506,10.118829,-10.919328
7301229129314159904,-5.9561615,20.720888,7.7523627,6.1326804,33.380077,5.187514,1.8442519,21.46944,18.042694,4.445362,7.139054,3.5534618,-3.795853,24.206512,11.851211,4.73597,-21.052628,1.062304,9.945426,-10.916937
7301350531325365537,-6.095915,19.830036,9.127685,5.9748254,33.19427,5.3035836,2.7340326,21.957294,18.178331,5.2707047,6.5546017,3.0173683,-3.2216406,25.123154,12.400759,5.7658796,-20.748384,0.9368111,10.542175,-10.9921465
7302041138670619936,-6.462468,20.541374,8.31125,6.072739,33.34942,4.990421,2.3927698,22.1375,17.789642,4.2202163,6.2344007,2.9501514,-3.4152157,24.68068,11.96869,4.861583,-20.032558,1.378629,9.601041,-11.423418
7302346370701118752,-6.3733654,20.494305,8.096448,6.0742974,33.39955,4.941795,2.061574,22.032654,17.750378,4.240037,6.2933974,3.2636364,-3.5917068,24.508366,11.749008,4.819252,-20.090166,1.1404535,9.610977,-11.432825
7302352085796916513,-6.459623,20.196692,8.086736,5.962254,33.475975,5.1323957,1.8364253,21.940533,17.654467,4.236061,6.1341996,3.3423955,-3.6149044,24.571337,11.737572,4.7302613,-19.575382,0.9762786,9.565628,-11.833512
7302473271067397409,-6.025498,20.653728,7.9101176,6.1122985,33.46636,5.461715,1.9691536,21.464605,18.126608,4.402583,7.043852,3.4771194,-3.7607512,24.208956,11.98932,4.805842,-21.06368,1.2715553,9.889643,-10.91397
7303174310259166497,-6.2301908,20.359232,8.498467,6.004276,33.146046,5.260005,2.4028478,21.918276,17.736511,4.6497703,6.446679,2.9039555,-3.3820183,24.834343,12.20053,5.0099545,-20.29409,1.4826376,9.946755,-11.094341
7303586993965960480,-6.336495,20.512428,8.165663,6.097571,33.389957,4.97671,2.1193032,22.014463,17.821314,4.253833,6.375232,3.2137878,-3.5962565,24.484121,11.795913,4.829498,-20.198547,1.1479189,9.66481,-11.342536
7303884823578397984,-6.0521703,20.974993,7.7920356,6.212671,33.322933,4.8884196,2.1093142,21.750778,18.006947,4.3019953,6.983063,3.3632414,-3.6884718,24.244555,11.820905,4.770039,-21.094963,1.2631277,9.803667,-10.818243
7303968237966904609,-6.5331564,20.278196,8.15399,6.0241494,33.501625,4.881231,2.3328283,22.178339,17.695267,4.445465,6.020382,3.1330473,-3.3678668,24.790445,11.858366,4.8746605,-19.800844,0.9873386,9.482153,-11.709334
7304665669872782625,-6.162975,20.0614,8.341718,6.080369,33.177612,4.424922,2.3227813,22.371717,17.35892,5.276941,5.9039726,3.2975736,-3.3994215,24.968714,11.67236,5.310879,-20.132347,0.76380646,9.858392,-11.076154
7304693853758491936,-5.8193784,19.969522,7.719116,5.979502,33.210186,4.953135,1.2895147,21.619787,17.22524,5.2479205,6.4346075,3.932962,-3.9135764,24.48261,11.455448,4.869837,-20.175083,0.5979298,9.977686,-11.080594
7305781724238105889,-6.054859,21.053194,8.019729,6.2466044,33.12826,4.582672,2.3904855,21.967518,17.972729,4.3932633,6.9584665,3.1108437,-3.528747,24.456915,11.880481,4.9044833,-21.113752,1.2758301,9.946151,-10.701777
7306457226254781729,-6.4697876,20.487389,8.244451,6.107039,33.36175,4.6280117,2.4646323,22.314816,17.7146,4.4191537,6.0988874,3.024029,-3.3565314,24.779333,11.823971,4.9524465,-20.012566,1.0747942,9.5755005,-11.459714
7306460792310877472,-6.242737,20.626562,8.162693,6.0614705,33.403564,5.4966083,2.2027535,21.692253,17.994032,4.233945,6.6928067,3.1448543,-3.5828376,24.421177,12.128466,4.817803,-20.59656,1.6022792,9.746419,-11.112777
7306559173217488160,-5.9778314,20.064363,8.627829,5.954286,32.86759,4.983257,2.5364234,21.968157,17.465517,5.497145,6.421457,2.923949,-3.2167141,25.239254,12.266841,5.3508058,-20.453556,1.2421606,10.310917,-10.782352
7306585450305555745,-6.239029,20.101372,8.297015,5.9777164,33.228615,4.9340715,2.4496012,22.021336,17.531511,5.1105003,6.2182007,3.0440357,-3.260912,25.08228,12.094661,5.0673394,-20.080162,1.018336,9.871085,-11.292471
7306870694137187616,-6.0425224,20.09113,8.169834,6.0687313,33.0891,4.3167295,2.1808944,22.20229,17.345053,5.374539,6.1939464,3.3604355,-3.4275503,24.99575,11.654061,5.196727,-20.18271,0.52185774,10.022287,-11.095016
7307595143559859488,-5.8223844,20.200127,8.260424,6.049478,32.977055,4.5986013,2.490667,21.824707,17.719307,5.644221,6.8930483,3.2043085,-3.2651782,25.146746,12.1135845,5.3285875,-20.933136,0.58109707,10.467596,-10.783791
7307663369090207009,-6.5213695,20.308388,8.1062155,6.0143013,33.46094,4.864724,2.3023744,22.135944,17.659338,4.43058,6.0752163,3.098886,-3.3634038,24.815426,11.875194,4.804665,-19.736794,0.9878097,9.500919,-11.741362
7307971449870994720,-6.213401,19.776537,9.016934,5.9146895,33.285744,5.467388,2.6135893,21.879879,18.134552,5.094279,6.473074,3.0206926,-3.233667,25.10536,12.411385,5.585957,-20.429884,0.96187264,10.385995,-11.279829
7308389510113512737,-6.0406294,21.1653,7.9279313,6.1804233,33.1394,5.0263176,2.268949,21.629517,18.104269,4.141773,7.2678742,3.060739,-3.5677586,24.356571,12.100209,4.7112575,-21.159689,1.5730921,9.980224,-10.765547
7308758430318071072,-6.316366,20.55927,8.350756,6.0951095,33.254063,5.0102196,2.2921736,22.08419,17.776485,4.3198314,6.342757,3.0364964,-3.5101335,24.58984,11.923817,4.934534,-20.275803,1.4144641,9.738853,-11.159416
7309091598472727840,-6.3747077,20.450521,8.091045,6.0693655,33.442505,5.028465,2.0021513,22.005,17.754292,4.2215147,6.2643166,3.3021202,-3.6347463,24.449759,11.734172,4.791347,-20.048716,1.1443068,9.573543,-11.455807
7309107806202842400,-6.0235333,20.395668,7.763665,6.010442,33.47575,5.715755,1.5329651,21.378716,17.730165,4.468784,6.7063785,3.67791,-3.9275885,24.13575,11.837493,4.653856,-20.55973,1.3960497,9.706216,-11.044537
7309113734360780064,-6.420167,20.477346,8.110405,6.1319833,33.494564,4.8118243,2.4481096,22.261469,17.662058,4.537441,6.0009923,3.1678147,-3.4278777,24.650755,11.813013,4.966681,-20.213078,1.2533693,9.408362,-11.267316
7309133635578236192,-6.2208056,19.917841,8.6018095,5.984166,33.257248,4.9481835,2.2974539,22.102419,17.714834,5.0420175,6.162244,3.2350445,-3.3940692,24.954988,11.944584,5.3564715,-20.109764,0.8153549,10.0664,-11.314783
7309427596553489696,-6.509701,20.417023,8.083123,6.09153,33.558777,4.882066,2.3418562,22.23349,17.708097,4.384708,5.963178,3.2093377,-3.445626,24.6157,11.776697,4.8911815,-20.049696,1.1548522,9.352522,-11.490972
7310258308969991457,-6.3174615,20.138025,8.072455,5.9551253,33.37857,5.065404,1.7391891,21.844252,17.637003,4.4334345,6.30825,3.4205081,-3.649023,24.603586,11.718646,4.7711296,-19.696547,0.79420674,9.765913,-11.728724
7310606511775026464,-6.3191276,20.244333,7.9420114,6.0042467,33.410202,4.9094396,1.7668161,21.91231,17.60987,4.428123,6.2841053,3.459641,-3.6594975,24.550343,11.629714,4.730506,-19.79469,0.7633565,9.663734,-11.66551
7310626433129270560,-6.1999807,20.182816,7.9378157,6.001127,33.343727,4.8937764,1.6295698,21.848059,17.559956,4.56705,6.356417,3.5678403,-3.7353222,24.521502,11.572315,4.776698,-19.869558,0.6798013,9.790085,-11.55015
7311263969220644129,-6.293711,20.441698,8.049054,6.1189356,33.391647,4.7129817,1.9606702,22.098354,17.703209,4.3730736,6.2768197,3.3986263,-3.6677566,24.456783,11.571894,4.8523517,-20.116293,0.86367387,9.653906,-11.376319
7311663059695570208,-6.2589154,20.495619,8.546543,6.090353,33.346348,5.277068,2.2582848,21.866056,18.196642,4.185333,6.7130804,3.10421,-3.5787413,24.479797,12.0522785,5.0554447,-20.539743,1.2424322,10.020975,-11.203951
7311689753676533024,-6.299798,20.347858,8.632174,5.976464,33.31706,5.5816216,2.2875204,21.691206,18.199654,4.2292,6.772318,2.97195,-3.4715977,24.662804,12.3018265,5.024745,-20.314905,1.3593678,10.108642,-11.403434
7312076882822909217,-6.273275,20.169748,8.230233,5.9057465,33.288776,5.32624,2.0846574,21.666475,17.806587,4.594852,6.6003885,3.1378317,-3.429206,24.84023,12.141566,4.8415704,-19.976957,1.0142139,9.975655,-11.610239
7312851563037330721,-5.829638,19.968664,8.376112,5.976046,32.979404,4.815403,2.33239,21.779999,17.622944,5.7018085,6.7359195,3.264135,-3.317175,25.166203,12.118092,5.3743067,-20.679644,0.62432665,10.49058,-10.875971
7314256868556213537,-6.2728333,20.39341,8.107917,6.1857266,33.34557,4.225327,2.7068496,22.464779,17.557093,5.148661,6.00925,3.176848,-3.2495592,24.951828,11.741292,5.2130094,-20.493046,0.7824815,9.619938,-11.044075
7314335987033738528,-6.073113,19.941362,8.311463,5.9251056,33.15415,5.1279025,1.9009776,21.792233,17.51297,5.0529923,6.382026,3.3568099,-3.552538,24.847664,11.910447,5.063812,-20.013433,0.87535286,10.100212,-11.284522
7315822267781467424,-6.060731,20.29628,7.785751,6.0609245,33.292965,4.7730794,1.7390357,21.900736,17.384743,4.892943,6.2937546,3.6201715,-3.720433,24.521666,11.556944,4.855093,-20.215416,0.8869109,9.718403,-11.144777
7315824288173493536,-5.9012775,20.484169,8.137416,6.169497,33.035023,4.3117356,2.4585688,22.067013,17.685051,5.321741,6.7244678,3.2528613,-3.3795002,24.90054,11.84544,5.246884,-20.966333,0.68753767,10.204157,-10.697818
7316159323728661792,-6.2967887,20.224478,8.4906,6.11752,33.363174,4.824551,2.8032403,22.408382,17.596067,5.15512,5.8303704,3.061546,-3.2473285,24.940832,11.999095,5.401967,-20.525312,1.3397988,9.627491,-10.867188
7316431760194096416,-6.0039124,20.520033,8.293722,6.234597,32.94197,3.9068704,2.3574693,22.466698,17.46809,5.107719,6.3083496,3.227734,-3.4674373,24.829523,11.51481,5.274292,-20.586746,0.67016584,10.070148,-10.71536
7316470398261021985,-6.1798434,19.849041,8.276968,5.9396577,33.217415,4.8375645,1.9171498,22.020403,17.405035,5.091605,6.086523,3.421958,-3.5166752,24.911964,11.725714,5.1115317,-19.762356,0.6324996,9.960914,-11.473753
7316851921288006944,-5.8003073,20.24628,8.207006,6.0824347,32.941948,4.4350533,2.484771,21.912992,17.624067,5.6982236,6.823464,3.2273417,-3.2765837,25.14181,12.023334,5.3317404,-20.94647,0.5637944,10.425535,-10.702373
7317290713673190688,-6.0722666,20.328003,8.077085,6.1928053,33.220974,4.1691895,2.508013,22.393074,17.424908,5.402628,6.0893755,3.3393161,-3.3659265,24.905434,11.636771,5.27918,-20.641155,0.7022198,9.78658,-10.7940035
7317307650499251488,-5.9825616,20.424803,8.278844,6.2009115,32.93929,3.9780993,2.236016,22.410282,17.41208,5.1478815,6.283854,3.293613,-3.5089414,24.824013,11.490248,5.260134,-20.48892,0.63079363,10.090434,-10.763966
7317653042533305633,-6.189741,20.44518,8.388368,6.2094727,33.210594,4.3176875,2.8390882,22.502077,17.6217,5.1884804,6.06799,3.054222,-3.2394588,24.95345,11.852649,5.390173,-20.753551,1.0421824,9.789621,-10.728402
7317664309432077600,-6.208824,20.560083,8.707084,6.2028513,33.2157,4.670709,2.7399712,22.258612,18.147207,4.610355,6.5718303,2.951996,-3.3531263,24.752287,12.020195,5.3776627,-20.849718,1.0632653,10.117324,-10.88885
7318026666939256096,-5.9698524,19.755457,8.841184,5.8903823,33.018547,5.4039383,2.6382043,21.875622,17.595852,5.7552996,6.320387,3.0167854,-3.1801188,25.29068,12.445601,5.617598,-20.611393,1.3094726,10.365971,-10.739327
7318707614332849441,-6.0065093,20.402334,8.330143,6.202544,32.939133,3.9338858,2.317906,22.469652,17.395775,5.1856327,6.2196784,3.238777,-3.4618356,24.888557,11.511265,5.2985754,-20.443598,0.6316292,10.08294,-10.7827425
7318769443222359329,-6.0002112,20.540524,8.43147,6.255086,32.913937,3.8654904,2.479267,22.525604,17.563066,5.1155806,6.3451757,3.1669283,-3.4253492,24.86468,11.559195,5.3927274,-20.68763,0.6732362,10.16013,-10.653852
7318832237842156832,-5.9031014,20.665428,8.001307,6.085088,33.189545,5.2427278,2.0643466,21.44606,18.049595,4.64383,7.2453747,3.3101017,-3.6276007,24.461617,12.101921,4.8645782,-21.108545,1.1780047,10.190211,-10.808094
7319511492888366342,-6.1869807,20.421215,8.620204,6.056507,33.00022,4.8666987,2.6646287,22.151281,17.686712,4.8882275,6.3919706,2.7976124,-3.2425158,25.020636,12.185152,5.227243,-20.449278,1.4198352,10.063584,-10.907084
7319513643534568736,-6.284565,20.567383,8.347023,6.1908226,33.35329,4.7134666,2.295236,22.26083,17.894775,4.3713865,6.27475,3.2519715,-3.5857813,24.456066,11.68994,5.1227803,-20.542593,1.1164391,9.7373705,-11.050137
7319902152686718241,-6.2363777,20.531164,8.69151,6.1126766,33.068935,4.733023,2.794154,22.19135,17.922306,4.70472,6.5443745,2.7306044,-3.2149918,25.010265,12.208953,5.268564,-20.472113,1.2874233,10.134053,-11.027675
7319919643378912544,-6.190329,20.186094,8.228585,6.0118184,33.130505,4.7021527,2.4952672,22.119112,17.395288,5.2296243,6.17966,3.0177686,-3.2333379,25.13063,12.028213,5.0669827,-20.136307,1.0225046,9.859808,-11.151428
7320159598290226464,-6.1327496,19.773836,8.688039,5.9228406,33.189915,5.10954,2.2062395,21.926966,17.764624,5.1644807,6.3454356,3.2550368,-3.4011211,25.020582,12.046562,5.395885,-20.122538,0.7180365,10.290657,-11.332099
7320606856995523846,-6.4455743,20.454937,8.338015,6.1551447,33.500298,4.7746143,2.5703797,22.360022,17.86468,4.493405,6.0162287,3.1450086,-3.3965347,24.644892,11.824202,5.156068,-20.39831,1.1707737,9.524921,-11.225605
7320909330314775840,-6.109349,20.27283,8.9408655,6.056769,33.14703,5.246273,2.7471821,21.923927,18.223257,4.8713,6.772987,2.874656,-3.2781618,24.934313,12.398136,5.4964504,-20.885712,1.2425089,10.411156,-10.870402
7321012358594235681,-6.5461063,20.262081,8.174977,5.9857044,33.487007,5.0349603,2.1294315,22.080788,17.69765,4.2446723,6.055486,3.1614826,-3.4616172,24.702618,11.840146,4.789233,-19.610441,1.0437568,9.5086975,-11.831657
7321969929564065057,-6.094024,20.024456,8.224732,6.040874,33.125465,4.4853506,1.9367028,22.206623,17.287968,5.154387,6.02649,3.4622066,-3.5741165,24.833267,11.538251,5.167292,-19.943314,0.65259916,9.933633,-11.188226
7322847358646078752,-6.021347,19.891977,9.081142,5.9513674,33.07909,5.337213,2.670762,21.839808,18.139795,5.2873654,6.7244415,2.9768734,-3.227101,25.145031,12.458109,5.694302,-20.785036,1.0011344,10.643316,-10.933323
7322866542985710881,-6.2804794,20.330492,8.40978,6.1559606,33.27139,4.528438,2.675448,22.505808,17.510788,5.0544686,5.833189,3.1012838,-3.311065,24.885471,11.806954,5.3322253,-20.442211,1.2005558,9.636459,-10.878787
7323108113698147616,-6.0346537,19.99672,8.510819,5.908033,32.93574,5.047161,2.4670477,21.853062,17.45678,5.4412622,6.4697013,2.9074302,-3.1937308,25.30219,12.316345,5.193701,-20.175764,1.1140164,10.273258,-11.065157
7323194315415588129,-5.9245114,20.146662,8.088715,6.114258,33.056145,4.1910934,2.2246995,22.20051,17.326809,5.580831,6.2805037,3.4311378,-3.4340358,24.985691,11.621501,5.261324,-20.47617,0.46677706,10.076611,-10.861592
7323224822169750816,-6.17741,20.588278,8.323488,6.111561,33.26075,5.22653,2.1902647,21.909071,17.861446,4.36852,6.5409927,3.1532228,-3.6252887,24.429808,11.951075,4.9499393,-20.624409,1.5025584,9.828698,-10.905916
7323237610665544966,-6.268364,20.177343,8.4829645,6.0957527,33.3762,4.9472904,2.753374,22.329065,17.599323,5.192807,5.864621,3.0996761,-3.2699025,24.92398,12.032877,5.3973703,-20.55546,1.3612949,9.647177,-10.850904
7323612868484631840,-6.0968595,20.260506,8.894153,6.021227,33.11752,5.348821,2.6824632,21.839838,18.16861,4.87483,6.8027835,2.8681376,-3.2841942,24.945421,12.4393215,5.4299192,-20.829445,1.316148,10.410722,-10.891251
7323667240933444896,-6.046437,20.014486,8.004886,6.046791,33.184807,4.4545584,1.7783638,22.136862,17.207806,5.2179728,6.031204,3.625253,-3.6538,24.752075,11.42908,5.074469,-19.95137,0.5442192,9.855937,-11.196501
7323972466445946145,-6.278473,20.302841,8.335521,6.1640987,33.361187,4.571314,2.8115118,22.456741,17.565075,5.2123814,5.8635006,3.1057682,-3.232057,24.946957,11.899954,5.3463655,-20.585018,1.1611598,9.593384,-10.859111
7324283735749266721,-6.300687,20.137718,8.302085,5.971207,33.28729,5.0646386,2.3806028,21.96648,17.580917,4.877871,6.2364545,3.0077908,-3.3118584,25.005507,12.117321,4.9643373,-19.90335,1.1140735,9.811525,-11.431071
7324339550283664672,-6.2861013,20.34622,8.384364,6.179676,33.359203,4.5624,2.7982287,22.510563,17.578808,5.1220083,5.830202,3.1134422,-3.2762904,24.880999,11.854293,5.3813863,-20.601654,1.2226996,9.580137,-10.81908
7324421973612825889,-6.009347,19.802948,8.883544,5.8188314,33.07985,5.929274,2.3884983,21.531607,17.866941,5.2798667,6.6498303,3.0111508,-3.3130949,25.079655,12.598875,5.427549,-20.545544,1.4871745,10.455493,-10.953514
7324696131143847201,-6.1227417,20.551304,8.066196,6.245022,33.30051,4.296943,2.568605,22.379725,17.59607,5.1038623,6.1738544,3.3038688,-3.4156127,24.713783,11.665763,5.228999,-20.859516,0.9512286,9.677227,-10.704443
7324725007391804705,-6.073775,19.88226,8.325775,6.0078497,33.131653,4.5765605,2.135363,22.185646,17.304611,5.432972,6.0080204,3.3888814,-3.4416885,25.018688,11.711125,5.298983,-20.027613,0.6497825,10.009438,-11.143107
7324741085438397729,-6.0914865,20.318258,8.600949,6.130235,33.033302,4.397011,2.7680197,22.270206,17.782417,5.2207236,6.476802,2.9399824,-3.1979709,25.131157,12.039974,5.420186,-20.63233,0.7966806,10.247016,-10.900179
7325724813115346208,-5.9852624,20.509415,8.259592,6.2141757,32.982224,4.0698,2.3503685,22.341217,17.540249,5.110539,6.4185905,3.2396777,-3.4699068,24.810081,11.599273,5.2401342,-20.676851,0.69586957,10.091431,-10.715812
7325764964172467489,-6.337164,20.567636,8.062173,6.030161,33.419277,5.293527,1.7995895,21.740652,17.914015,3.9123962,6.597824,3.312229,-3.7354872,24.314913,11.834172,4.6616483,-20.055222,1.2833204,9.701798,-11.549431
7325861199604665606,-6.416012,20.433279,7.989539,6.097254,33.466133,4.657893,2.2622995,22.165583,17.708834,4.485778,6.189384,3.2487533,-3.4501922,24.677086,11.722908,4.848485,-20.066353,0.8528991,9.530087,-11.527787
7325862287540096289,-5.96249,20.168926,8.629145,6.046007,32.94688,4.633129,2.691463,22.01764,17.81265,5.4518204,6.71539,2.9771163,-3.1792111,25.225004,12.202328,5.4605784,-20.761803,0.74712276,10.48833,-10.856387
7326123173311728929,-6.0472007,20.595156,8.0586,6.238195,33.116436,4.012605,2.4818878,22.34312,17.597292,5.113119,6.425723,3.2585561,-3.3968546,24.819874,11.621594,5.1797953,-20.771624,0.64859337,9.931541,-10.795863
7326857703958105376,-6.353644,20.439173,8.830175,6.054039,33.200024,5.1343837,2.6314285,22.07933,18.055847,4.3540907,6.4984164,2.748381,-3.3173022,24.873762,12.26952,5.2316713,-20.176613,1.4759886,10.084531,-11.287942
7326887540705873185,-5.986913,20.17358,8.224999,6.1354237,33.074165,4.193567,2.5651753,22.341427,17.357275,5.682565,6.1490784,3.2564201,-3.2756655,25.117067,11.76835,5.391326,-20.609144,0.6573192,10.00896,-10.743624
7327333280297127201,-6.3440704,20.74596,8.398658,6.232013,33.304287,4.467655,2.7420685,22.368633,17.977514,4.433068,6.3915377,2.935848,-3.334386,24.72712,11.903565,5.1652684,-20.567366,1.164777,9.783928,-11.080586
7327632037437820193,-6.347697,20.242596,8.369142,6.0633903,33.363102,4.955349,2.2158287,22.234936,17.576283,4.611054,5.9199495,3.2357645,-3.5267873,24.659027,11.773434,5.109987,-20.013391,1.2658778,9.616163,-11.254415
7327710709201014049,-6.0441184,20.02333,8.026811,6.010649,33.127235,4.4975023,2.0569918,22.049335,17.259258,5.396651,6.199791,3.4047594,-3.44507,25.005133,11.705245,5.062086,-20.031134,0.5644565,9.957211,-11.211007
7328066217929985286,-5.9859433,19.940815,7.82182,5.990378,33.225784,4.686979,1.5323527,21.906437,17.147041,5.2469387,6.1227145,3.7689648,-3.7504973,24.672577,11.436812,4.9359956,-19.896112,0.54968286,9.841089,-11.255758
7328709134126206241,-5.984505,20.303558,8.038698,6.1728606,33.124958,4.099132,2.3821707,22.298405,17.39125,5.4789586,6.2483144,3.379194,-3.3957877,24.939474,11.613564,5.2457123,-20.610678,0.5466799,9.941297,-10.810519
7329087770905840928,-6.1720843,20.321758,8.133454,6.1981025,33.294987,4.160352,2.756512,22.491783,17.476734,5.428661,5.97872,3.217275,-3.2319043,25.01693,11.739711,5.332033,-20.640642,0.7499595,9.692372,-10.84993
7329423244992236832,-6.035577,20.009396,8.980107,5.936883,33.139355,5.6179185,2.629717,21.655449,18.22183,5.093247,6.8860097,2.9397197,-3.265466,25.03516,12.577264,5.5296183,-20.84523,1.2246907,10.572539,-10.94564
7329526946751089953,-6.063771,20.224476,8.387947,6.0871906,33.006004,4.3092933,2.6337228,22.22389,17.551,5.4083414,6.405124,3.012596,-3.1921713,25.21754,11.9727,5.293086,-20.426651,0.6603302,10.181369,-10.9945965
7329560864518901024,-6.2311215,20.150429,8.982652,6.0258183,33.220707,5.2122645,2.8023145,22.03486,18.160543,4.871054,6.5354853,2.8478699,-3.212629,25.035963,12.387914,5.530022,-20.58177,1.2058601,10.299155,-11.093568
7329596850804100358,-6.250656,20.538528,8.496756,6.154655,33.084484,4.4839296,2.6508777,22.396803,17.65088,4.7746253,6.2067623,2.907343,-3.3044953,24.894743,11.903988,5.2141385,-20.43749,1.2290708,9.874649,-10.922612
7329933240775527713,-5.8459296,19.702457,8.790268,5.866433,32.878246,5.2417917,2.516077,21.773903,17.553692,5.9311275,6.537654,3.0560617,-3.1829793,25.391584,12.420575,5.5985036,-20.581902,1.0272633,10.603288,-10.767626
7329985883539541253,-5.9338965,20.488953,8.380211,6.1967845,32.91869,4.090101,2.6545084,22.288559,17.668514,5.363128,6.606718,3.0853875,-3.2822754,25.036446,11.850917,5.3979907,-20.92616,0.68720174,10.2895975,-10.631051
7330293520395275553,-6.2029324,20.37136,8.193646,6.208829,33.27211,4.1049705,2.8299496,22.53865,17.522543,5.360971,5.997108,3.1423037,-3.19563,25.044197,11.762682,5.346812,-20.633419,0.76197433,9.713407,-10.871044
7330883086684622112,-6.0416255,20.120758,7.806714,6.0328093,33.282356,4.7680006,1.5252624,21.928642,17.230219,4.9560056,6.1230154,3.7500248,-3.819314,24.495277,11.411533,4.870806,-19.966068,0.7781434,9.714466,-11.211227
7331017914612567329,-6.1282864,20.296406,8.416802,6.1690154,33.142498,4.2874494,2.788104,22.458624,17.534746,5.393531,6.079835,3.0714574,-3.215888,25.07734,11.871551,5.4299393,-20.640606,0.9020919,9.914613,-10.763197
7331415350828911904,-5.977768,20.429361,8.329403,6.2086554,32.901283,3.90868,2.3192725,22.457403,17.407484,5.207492,6.279608,3.239798,-3.4613993,24.887896,11.51618,5.3055468,-20.513882,0.6237975,10.126417,-10.726621
7331811695360363809,-6.1936283,20.669455,8.295951,6.068364,33.312515,5.4291244,2.1311264,21.641418,18.158817,4.0967865,6.942494,3.122889,-3.6257038,24.395641,12.123817,4.848734,-20.638533,1.4448113,9.987647,-11.153185
7332156358902500640,-6.013509,20.490503,8.352761,6.238117,32.92964,3.8415387,2.4742038,22.531334,17.460712,5.202221,6.2584667,3.1736336,-3.399115,24.919022,11.5500965,5.3453655,-20.594915,0.6502255,10.088039,-10.70082
7332509276432289057,-6.2626767,20.263268,7.9191566,6.050645,33.413326,4.9008846,1.6256752,22.022928,17.430119,4.4557796,6.0405397,3.6109235,-3.808704,24.375708,11.447747,4.7978783,-19.825924,0.9803221,9.529545,-11.430067
7332521954538245408,-6.033024,19.887747,8.640208,5.8634996,33.05316,5.500348,2.284073,21.691257,17.679749,5.2756705,6.5202537,3.0964828,-3.3378992,25.067251,12.338802,5.298993,-20.387604,1.2369399,10.315346,-11.03739
7332775399883033888,-6.0667877,21.076054,7.939714,6.158716,33.17715,5.0819817,2.2616346,21.63292,18.067686,4.1876693,7.1814246,3.0751302,-3.559692,24.3862,12.106767,4.7183914,-21.067917,1.5592098,9.94187,-10.823344
7332835826579164449,-6.2939663,20.231617,7.982804,6.0448,33.406487,4.8634653,1.7059208,22.0672,17.445835,4.4781823,6.011296,3.551201,-3.7525153,24.448273,11.480844,4.8297005,-19.783577,0.9388084,9.547729,-11.474915
7332865581789629729,-6.198599,20.737347,8.051501,6.0460105,33.336792,5.4065084,1.8492897,21.537024,18.0961,3.9095988,7.0106153,3.2645874,-3.738543,24.26986,11.996567,4.649606,-20.470707,1.3771261,9.909135,-11.323911
7332928025517903109,-5.984326,20.413109,8.321849,6.1801186,32.919434,3.9924989,2.4519334,22.36717,17.49233,5.28574,6.399809,3.162087,-3.3580973,25.001585,11.676048,5.3088017,-20.579926,0.60599893,10.181081,-10.784764
7333562774750088480,-6.0645423,19.883123,9.070988,5.9508553,33.134544,5.3707457,2.6726234,21.850977,18.158337,5.229706,6.6769714,2.984553,-3.2311206,25.122505,12.451404,5.6728354,-20.73587,1.0024744,10.582858,-10.995501
7333568243367431456,-5.980279,19.98292,8.766395,5.9763217,32.901073,4.848785,2.5761204,22.034021,17.631247,5.5139356,6.468452,2.9768627,-3.2106075,25.256725,12.216211,5.504754,-20.511478,0.9553285,10.451542,-10.8531685
7333604507793853728,-6.0096707,20.491137,8.511226,6.219713,32.870647,3.9259467,2.6285136,22.500746,17.55421,5.230413,6.363666,3.0259075,-3.3093019,25.025717,11.718937,5.4197726,-20.655745,0.7389479,10.216743,-10.67354
7333701921573850374,-6.037999,21.167473,7.8709707,6.2214007,33.16897,4.8256006,2.2691834,21.736536,18.068346,4.2023892,7.185206,3.1369116,-3.587386,24.335213,11.970271,4.7411838,-21.184782,1.4222045,9.930943,-10.744352
7335020484637068576,-6.4645863,20.467213,8.039735,6.0724387,33.40659,4.685748,2.3410583,22.173391,17.657257,4.423539,6.1698136,3.084925,-3.3757994,24.779724,11.828686,4.790965,-19.888828,0.99760795,9.521293,-11.600065
7335091592077856032,-5.9470105,20.064466,8.279634,5.964639,32.972305,4.901371,2.0478792,21.850132,17.394537,5.305957,6.4639683,3.2661705,-3.473392,24.95365,11.937279,5.106274,-20.294722,0.9268308,10.195154,-10.961898
7335348681832418593,-6.184927,20.106243,8.958899,6.113676,33.28665,4.891281,2.8046837,22.24062,18.139616,5.04091,6.3706985,3.0437799,-3.2754204,24.955265,12.139065,5.6843886,-20.767319,0.91629094,10.255159,-10.9438925
7336193209883839776,-6.0535693,20.542929,8.262762,6.254507,33.01184,3.8452847,2.5526397,22.536728,17.501495,5.1815624,6.248206,3.1767893,-3.3676033,24.904089,11.568383,5.314066,-20.664736,0.66518855,9.985877,-10.7221155
7336238126651706656,-6.1913915,20.89611,8.099474,6.1569476,33.32405,5.062258,2.0913904,21.755438,18.176962,3.9527082,7.000855,3.2060273,-3.6810296,24.27358,11.917623,4.7704415,-20.749718,1.2794794,9.90741,-11.13236
7336480513269583136,-5.982573,20.216457,7.8811483,6.1168184,33.20292,4.354843,1.8602163,22.098066,17.343243,5.194582,6.256508,3.6452162,-3.6621726,24.660463,11.428162,5.0462165,-20.32502,0.51149195,9.874936,-11.024059
7336662438282120481,-6.093281,20.22828,7.834382,6.052842,33.291245,4.6334777,1.6613209,21.901321,17.49666,4.792106,6.4081464,3.6411328,-3.7317476,24.54612,11.479955,4.829171,-20.076475,0.51532537,9.843278,-11.370502
7337268516128591136,-6.1602755,20.459126,8.795347,6.143358,33.161934,4.8977003,2.6936073,22.116776,18.15465,4.679233,6.664936,2.921741,-3.3483539,24.80399,12.149276,5.3929553,-20.834793,1.1426016,10.242481,-10.878192
7337328365147295009,-6.0656323,20.101519,8.198064,6.058657,33.107834,4.4141803,2.1341987,22.1553,17.391771,5.2482877,6.2313905,3.3432834,-3.4587195,24.953335,11.678074,5.1579623,-20.10844,0.5762221,10.024935,-11.163324
7337687297132973344,-6.1153197,20.304016,8.195576,6.1891026,33.206955,4.1322856,2.7320073,22.466692,17.46576,5.487081,6.0560637,3.1969523,-3.232539,25.05846,11.756482,5.366793,-20.652008,0.71809995,9.81866,-10.804568
7338052242651598112,-5.964571,20.420101,8.353249,6.206521,32.89508,3.9564667,2.325327,22.451365,17.399803,5.227736,6.266591,3.2402666,-3.4678094,24.87828,11.531682,5.3255773,-20.552004,0.6822527,10.128659,-10.673101
7338070752501026081,-6.0229607,20.465015,8.386254,6.2181883,32.984093,3.9626536,2.5171928,22.423594,17.634209,5.167006,6.413998,3.1677642,-3.368396,24.934572,11.656328,5.3695216,-20.67035,0.58298033,10.173726,-10.7947235
7338384626773216545,-5.960573,20.272297,8.1697645,6.177367,33.042103,4.0149426,2.396677,22.36613,17.378963,5.5135627,6.2308316,3.3409877,-3.3884947,24.985212,11.597453,5.3333344,-20.58616,0.5160328,10.046293,-10.765404
7340356860299496736,-6.2448835,20.417032,8.119166,6.1731477,33.259506,4.1333423,2.7116468,22.422537,17.587559,5.1568384,6.162607,3.1188745,-3.2102518,25.030546,11.776842,5.1916213,-20.474014,0.66638714,9.754297,-11.096828
7340682108735671584,-6.4607253,20.339527,8.139009,6.102547,33.571568,4.895474,2.4711347,22.278511,17.68543,4.6304965,5.884157,3.229901,-3.398283,24.675573,11.818745,5.0371723,-20.234367,1.1822603,9.364901,-11.316441
7340684346040290593,-6.0904512,19.913588,9.124905,5.926618,33.181087,5.639564,2.6448042,21.720457,18.300116,5.0424953,6.7949753,2.9536095,-3.2621706,25.039616,12.563049,5.635195,-20.775684,1.1625715,10.599295,-11.03626
7340916267571858721,-6.1388493,20.062561,8.462441,5.9153275,33.01182,5.07622,2.4566166,21.891401,17.469269,5.2250896,6.386877,2.875939,-3.2082229,25.234837,12.287065,5.0875707,-20.03732,1.1941022,10.117881,-11.194271
7341020687345192197,-5.9995565,20.029127,8.603915,5.9390397,32.86692,4.923153,2.5306432,21.961226,17.45078,5.505509,6.433067,2.9026945,-3.186647,25.305252,12.270738,5.3143473,-20.316984,1.1310239,10.327582,-10.908683
7341738165746634017,-5.8052554,19.957056,8.489803,5.9927125,32.862377,4.667052,2.4919982,21.961504,17.459566,5.912318,6.5452766,3.1695998,-3.2351036,25.289558,12.117439,5.503408,-20.729568,0.7581179,10.483679,-10.663799
7342403362714914080,-5.83733,19.724325,8.744139,5.882659,32.86456,5.15413,2.5550728,21.841925,17.45626,6.007391,6.4426117,3.0573988,-3.1678824,25.407597,12.38494,5.606137,-20.609127,1.0703636,10.537807,-10.682497
7342531903209114913,-5.895321,19.924412,7.8013453,5.997711,33.177925,4.6402364,1.5139025,21.86459,17.132856,5.3988047,6.215449,3.8143616,-3.760844,24.68995,11.431427,4.974679,-20.031937,0.4715297,9.939973,-11.142482
7342536344561896737,-6.042904,20.625748,8.378591,6.2229733,33.02882,4.1995807,2.718091,22.287405,17.817041,5.0516553,6.627712,3.011103,-3.2870848,24.934307,11.898398,5.3107414,-20.905178,0.83378553,10.1631565,-10.733479
7343256943923858720,-6.2823195,20.189268,8.53965,6.102315,33.348816,4.9021482,2.787109,22.379864,17.599676,5.172214,5.8363037,3.0609517,-3.2554255,24.942228,12.028715,5.427984,-20.532139,1.3830371,9.662097,-10.844553
7343530174526377249,-6.285281,20.758642,8.287695,6.246189,33.3251,4.495016,2.4622116,22.302614,17.982517,4.3251786,6.4350395,3.1453934,-3.510535,24.499527,11.721075,5.089662,-20.67966,1.0609218,9.763729,-11.021169
7343665662876781856,-6.1584516,19.910034,8.313782,5.87249,33.165455,5.24505,2.0391386,21.76904,17.481237,5.067665,6.3237453,3.2121274,-3.422624,24.994612,12.071587,5.0116005,-19.875294,0.9953671,10.031396,-11.413715
7343666836812123424,-6.0222306,19.861195,8.953035,6.0157466,33.090317,4.9087315,2.6472225,22.100988,17.908281,5.4711056,6.425098,3.102092,-3.2486408,25.159063,12.18055,5.730112,-20.676786,0.77100056,10.492287,-10.89095
7343923844316548384,-6.076433,20.646017,8.312372,6.2512436,33.057316,4.057434,2.6350758,22.40881,17.728876,4.995216,6.4605856,3.0995405,-3.34792,24.849104,11.728164,5.29413,-20.838146,0.79816526,10.037563,-10.734987
7343970143497653537,-6.068096,20.587534,8.317655,6.264859,33.012188,3.9035656,2.6697283,22.56163,17.532341,5.1786513,6.2347226,3.1031435,-3.3262231,24.915606,11.640854,5.345704,-20.766241,0.804091,9.961261,-10.635352
7343975400122354977,-6.3044252,20.78246,8.277941,6.238435,33.371212,4.6223326,2.4426637,22.22123,18.060278,4.2176433,6.5109954,3.1314821,-3.52992,24.45046,11.774228,5.0339923,-20.679161,1.1093429,9.752594,-11.0713
7344270149593091361,-6.2019353,19.980316,8.156404,5.960582,33.237007,4.7633915,2.0859306,21.988646,17.461687,5.0881944,6.2228684,3.3055074,-3.4157147,24.982069,11.827237,5.0072703,-19.866957,0.61923623,9.919657,-11.487981
7344271684406349088,-6.1451983,20.269003,8.244591,6.151834,33.26604,4.450795,2.7867327,22.370123,17.512184,5.459052,6.0397553,3.1465576,-3.2118254,25.042034,11.91002,5.355458,-20.710602,0.9598487,9.759969,-10.771855
7344802060019256609,-5.973481,19.683342,9.000319,5.817823,33.034817,5.766522,2.543835,21.606138,17.873093,5.543766,6.642954,2.969445,-3.206305,25.268797,12.644844,5.5933404,-20.565098,1.2932959,10.599934,-10.943396
7345082142235413793,-5.9962616,19.980154,8.153358,6.031992,33.065758,4.384166,2.0403895,22.133608,17.26137,5.4612722,6.1748123,3.4377782,-3.4765637,24.999512,11.627976,5.190778,-20.085167,0.48073587,10.065101,-11.117058
7345144791094660384,-6.1704993,20.125122,8.397672,6.0997977,33.22383,4.514776,2.614915,22.325182,17.500683,5.3398867,6.0352597,3.1230724,-3.2670236,25.079433,11.902955,5.3422546,-20.302082,0.8727486,9.887824,-11.018659
7345477638619778309,-6.290951,20.420334,8.511793,6.1449237,33.16234,4.5341406,2.7294648,22.485878,17.560589,4.9280624,5.960262,2.9425607,-3.2660675,24.939077,11.902018,5.300643,-20.40562,1.2969384,9.741953,-10.895773
7345515480288922912,-6.415851,20.517141,8.429404,6.145391,33.427982,4.8716183,2.5271442,22.270336,17.95927,4.358523,6.192282,3.0826075,-3.426243,24.60748,11.890885,5.135478,-20.437227,1.2446216,9.654403,-11.208372
7345543122400726305,-6.284161,20.15174,7.943503,6.0036445,33.416492,4.970973,1.607871,21.972343,17.416216,4.503172,6.0332108,3.5924833,-3.7731507,24.457773,11.501045,4.782647,-19.687979,0.9088233,9.563142,-11.555206
7346110636008475937,-5.9259834,20.095072,8.449322,5.888414,32.975174,5.558646,2.1719754,21.533985,17.648113,5.204782,6.753244,3.1007814,-3.4186144,24.939203,12.34979,5.1222396,-20.582396,1.4088994,10.3233385,-10.852289
7346541062267079968,-6.081289,20.08,7.8645916,6.0349283,33.28084,4.6754875,1.5096964,22.005617,17.233639,4.9088597,6.0599055,3.7536905,-3.8205082,24.509901,11.347102,4.897762,-19.853262,0.6678339,9.722763,-11.302594
7346623546229099781,-6.3752117,20.418907,8.077794,6.164309,33.430298,4.3677897,2.6721556,22.428976,17.609795,4.927177,5.9773088,3.1510901,-3.2624314,24.89205,11.767236,5.1078925,-20.350948,0.869043,9.503606,-11.214325
7348379737519082784,-6.176532,20.865107,7.956433,6.1473427,33.358543,5.0635614,1.8903244,21.721264,18.079504,3.9334388,6.943906,3.3530815,-3.7802396,24.1761,11.788315,4.6876774,-20.658426,1.2278502,9.82643,-11.176316
7348384350297165061,-6.144087,20.255692,8.450595,6.0444164,33.02972,4.5670958,2.7056246,22.149284,17.627483,5.2492776,6.4290404,2.8887005,-3.141969,25.225447,12.13456,5.238043,-20.396542,0.89974856,10.13454,-11.062871
7348413567797841185,-5.8987203,19.880888,8.13167,5.9737167,33.085503,4.760002,1.7685909,21.856924,17.308155,5.436491,6.3448586,3.5909789,-3.624832,24.860043,11.672281,5.1506357,-20.12225,0.5557631,10.169506,-11.103707
7348433044216253729,-6.1286893,19.968098,8.13747,6.0223637,33.20251,4.553023,2.0507705,22.198208,17.219547,5.3009896,5.918551,3.4347613,-3.4913142,24.92471,11.621835,5.1433377,-19.916557,0.7078701,9.81001,-11.215339
7348717316856712480,-6.0087647,21.100376,7.8516455,6.1874857,33.229942,5.0729,2.0915039,21.55276,18.15756,4.1165433,7.313707,3.2355874,-3.6885297,24.226292,11.99345,4.681914,-21.1756,1.4050751,9.980766,-10.812019
7348766265927814432,-6.049465,21.161934,7.894463,6.179502,33.145596,5.014861,2.2085147,21.645353,18.060225,4.1132,7.2145166,3.0961828,-3.5990438,24.321066,12.04839,4.6846833,-21.107477,1.5787344,9.935741,-10.779676
7349173304613162246,-6.192128,20.609772,8.384989,6.2126813,33.13198,4.320366,2.775557,22.420408,17.727821,4.9268804,6.295175,2.9737914,-3.2686925,24.887718,11.878898,5.269522,-20.772947,1.0759451,9.877417,-10.774435
7350207537771220256,-6.0040874,20.248991,8.386096,5.9558244,32.947475,5.22522,2.2459166,21.773825,17.488815,5.0911236,6.549349,3.0054622,-3.4001505,24.942207,12.203561,5.031813,-20.408411,1.4367793,10.13559,-10.849013
7350221322317761825,-6.0366793,21.149137,7.9328585,6.1718807,33.142815,5.0638566,2.2414787,21.601826,18.117628,4.1325507,7.286687,3.0724108,-3.5788844,24.348192,12.108092,4.7087784,-21.149923,1.5666149,9.995566,-10.7828865
7350265065762819360,-5.960308,19.965858,7.9742737,6.035208,33.135582,4.412402,1.8306925,22.063765,17.205564,5.4487085,6.162674,3.6257334,-3.5985713,24.858074,11.496089,5.109463,-20.082527,0.41571048,9.983156,-11.127863
7350310562586283297,-6.0713997,20.014626,8.9150915,5.9244556,33.013844,5.46246,2.5747583,21.837593,17.838058,5.162851,6.5381703,2.874408,-3.2553527,25.100977,12.457733,5.4370255,-20.543987,1.4237205,10.378222,-10.888073
7350708094302735649,-6.155802,20.567535,8.153937,6.2275486,33.238117,4.359215,2.502469,22.404709,17.547764,4.9590006,6.11553,3.239882,-3.4474711,24.685377,11.658,5.1894608,-20.714474,1.092133,9.669597,-10.725893
7350954462992682272,-6.033768,20.235441,8.305818,6.074151,33.084484,4.7139444,2.5983837,22.145412,17.440378,5.463404,6.2343225,3.0925944,-3.2651584,25.050396,12.0328,5.269775,-20.677235,1.1462803,9.951525,-10.68556
7351073088601148704,-5.9762435,19.927523,8.001194,5.9980283,33.126034,4.528764,1.9016314,21.998451,17.216072,5.488356,6.200169,3.5411885,-3.5290933,24.947672,11.624206,5.088793,-20.049915,0.4721862,10.00539,-11.170177
7351084194061126945,-6.0522103,20.443247,8.263337,5.997195,33.21162,5.348227,2.1963127,21.481512,18.140465,4.606249,7.156786,3.145951,-3.4793627,24.696207,12.262695,4.9507613,-20.727715,1.0601026,10.282821,-11.182993
7351779832969104673,-6.1393204,20.542562,8.08403,6.235476,33.296593,4.341657,2.544689,22.38817,17.569366,5.0680804,6.124458,3.2970505,-3.4271348,24.698013,11.661956,5.2151995,-20.818535,1.0123101,9.647374,-10.705769
7352233957276044577,-6.0547075,21.179356,7.849998,6.2432594,33.17073,4.6886044,2.3246589,21.825596,18.024065,4.2472534,7.113277,3.1283162,-3.5586731,24.371046,11.92142,4.7576995,-21.163399,1.363497,9.889568,-10.742606
7353226118662589728,-5.9554157,19.66728,8.80852,5.8375916,33.078716,5.5653768,2.413213,21.609594,17.818386,5.5833626,6.649864,3.1072776,-3.256729,25.236307,12.483912,5.508143,-20.492653,0.99928695,10.560445,-11.047842
7353535610641976609,-6.0426702,20.236912,8.384853,6.092126,33.007774,4.3295937,2.7059627,22.202887,17.571407,5.4757743,6.446673,2.987529,-3.1589456,25.2475,12.029268,5.3133087,-20.520765,0.68678933,10.197314,-10.937296
7354009165796216097,-6.055623,20.507742,8.282196,6.1717877,33.032265,4.4559436,2.3793588,22.309053,17.443432,5.032047,6.216785,3.1710968,-3.471214,24.747883,11.720202,5.183327,-20.655901,1.1825372,9.87326,-10.622737
7354275810578140449,-6.3109164,20.661856,8.342643,6.17332,33.242207,4.656412,2.456408,22.267517,17.816355,4.39203,6.325938,3.027743,-3.4529834,24.625744,11.829243,5.0331473,-20.447317,1.2450672,9.744794,-11.068546
7354350552693656864,-6.0518794,19.93178,9.116219,6.021247,33.095467,5.0317626,2.7851892,22.049807,18.1367,5.3136864,6.606809,2.9684534,-3.200391,25.167042,12.336971,5.776243,-20.79174,0.84992665,10.606578,-10.910021
7354375095868984608,-5.8703775,19.909883,7.8437667,5.9929595,33.150253,4.654876,1.5018833,21.83734,17.168959,5.406146,6.278794,3.814198,-3.7677538,24.692158,11.445238,4.9982696,-20.069935,0.44003353,10.01043,-11.124625
7355500880721939744,-5.8555913,19.955837,7.867083,6.025681,33.140198,4.5524893,1.6514072,21.898485,17.20087,5.495177,6.2977867,3.763925,-3.7052622,24.74614,11.476651,5.063007,-20.20966,0.42282897,10.030755,-11.030071
7355765566625402144,-5.764708,20.510109,8.071669,6.147652,33.068554,4.8952394,1.7364024,21.713596,17.700819,4.8666697,6.902013,3.5825984,-3.8656037,24.326227,11.648399,5.008898,-20.96974,0.9848914,10.205152,-10.556694
7356509644170333473,-5.979939,20.413376,7.7315354,6.0118713,33.42262,5.522723,1.4599594,21.333353,17.831009,4.4517207,6.918526,3.7185862,-3.9275098,24.165613,11.790124,4.644814,-20.582376,1.0957638,9.876912,-11.149755
7356608348030012704,-6.013036,20.395464,7.9145,5.9729304,33.349358,5.6111984,1.600741,21.314571,17.9135,4.4246483,6.9860973,3.5417302,-3.8199604,24.30059,11.96784,4.7026854,-20.541574,1.1859369,9.999786,-11.204781
7357327030335114528,-5.983094,20.464245,8.337781,6.2348747,32.896812,3.7975678,2.3824325,22.528399,17.409988,5.217751,6.2549534,3.2211509,-3.4395294,24.903973,11.48842,5.3361225,-20.54893,0.5892135,10.11836,-10.698033
7358723892992642336,-6.141468,20.007923,9.043309,5.9268765,33.28003,5.8018756,2.4740071,21.594868,18.438953,4.703133,6.922692,3.016082,-3.3783052,24.845089,12.532603,5.4885077,-20.717754,1.2029387,10.540232,-11.188284
7358820174952172832,-6.0981317,20.15212,8.75656,5.9398017,32.91066,5.1292653,2.6353128,21.927975,17.649841,5.176378,6.5250154,2.7413106,-3.1681776,25.256943,12.422357,5.3019266,-20.268312,1.3933225,10.327161,-11.004773
7361030582446378272,-5.94825,20.51666,7.7162766,6.059934,33.35679,5.3573246,1.5611267,21.478613,17.713345,4.540147,6.805311,3.6909058,-3.9033682,24.170422,11.735741,4.7016306,-20.71617,1.238553,9.807465,-10.929373
7361057454454508833,-6.317303,19.919561,8.384292,5.871262,33.322033,5.3947144,2.0641026,21.808474,17.634642,4.7613244,6.2247787,3.190347,-3.4377956,24.89693,12.081367,4.987674,-19.742043,1.0683998,9.88928,-11.621542
7361717788299250976,-6.293838,20.04305,8.091915,5.935681,33.348225,5.049873,1.69915,21.868008,17.535172,4.558201,6.2139997,3.454647,-3.6514208,24.65113,11.690706,4.8148403,-19.617458,0.7741487,9.77865,-11.714695
7361799258107841825,-6.009317,20.48651,7.9089527,6.0086594,33.319695,5.5056276,1.5943041,21.375847,17.907671,4.344291,6.9997635,3.537361,-3.850781,24.247469,11.894293,4.68391,-20.581474,1.1839144,9.987852,-11.152591
7363657122795490593,-6.2560396,20.59666,8.2365,6.0997686,33.41528,5.2476926,1.9439317,21.772036,18.126087,3.9873662,6.7455616,3.3041306,-3.742952,24.265835,11.856054,4.8338623,-20.439053,1.1785583,9.869883,-11.313634
7365161137324805408,-5.850526,20.13007,7.7007985,5.926449,33.343685,5.678085,1.1663164,21.193077,17.582474,4.7540464,6.8480353,3.8907542,-4.024335,24.207771,11.734961,4.649264,-20.39491,1.0113093,9.977685,-11.129663
7365841944318086432,-6.3523016,20.571125,8.021748,6.1835895,33.566803,4.856941,2.5629923,22.221003,17.775957,4.648267,6.1043806,3.2372732,-3.428514,24.55943,11.84341,5.016249,-20.677921,1.2965064,9.37509,-11.009276
7366603470272515361,-6.0257325,20.675879,7.9091835,6.132454,33.35419,5.0884237,1.8500317,21.57573,18.081562,4.3272653,7.0706716,3.4827502,-3.7850974,24.242538,11.808907,4.7681923,-20.854488,0.9655616,9.994029,-11.057152
7367273018181160224,-5.9836326,20.469795,7.726204,6.0233593,33.433163,5.6008162,1.547598,21.332916,17.826717,4.453761,6.9075637,3.6679509,-3.9066455,24.151966,11.846821,4.630889,-20.689175,1.2507001,9.816255,-11.04723
7369882061445926177,-5.8788095,19.585587,8.940798,5.7754946,32.976448,5.8429136,2.4244838,21.481165,17.777609,5.725378,6.710904,3.0394156,-3.2312524,25.309753,12.662988,5.576904,-20.559196,1.2431704,10.688827,-10.904951
7369936386000031009,-6.0182476,20.50457,7.754668,6.0405188,33.403606,5.313664,1.5267855,21.385334,17.966543,4.320781,7.054132,3.6591108,-3.8866522,24.194101,11.762465,4.627556,-20.589663,0.8879074,9.954635,-11.268067
7369943098031443233,-5.982784,20.053732,7.7202964,5.975811,33.29906,4.960291,1.2793181,21.657423,17.355179,4.872738,6.4179907,3.8669999,-3.9080355,24.419876,11.4380045,4.749807,-19.972414,0.5875277,9.862014,-11.358053
7371436708778315041,-6.0222597,20.828878,7.774357,6.1819663,33.40583,5.0347943,1.9412738,21.607063,18.080015,4.318221,7.080043,3.4998982,-3.7792807,24.181677,11.790981,4.736427,-21.04639,1.062538,9.869467,-10.933794
7372132003078032672,-5.8986397,19.93133,7.9024835,5.9868793,33.18457,4.7589955,1.8695703,21.81409,17.286324,5.5681953,6.354547,3.6306758,-3.5679667,24.87085,11.708653,5.072297,-20.306095,0.5495454,10.020922,-11.049039
7372168611449900321,-5.935848,20.603544,8.226885,6.087193,33.129593,5.0896297,2.2988513,21.576265,18.114761,4.750006,7.231208,3.1545954,-3.486117,24.668316,12.190065,5.033568,-21.052168,1.0627798,10.335181,-10.865756
7374072615356353825,-5.832169,20.389847,7.8711348,5.9935126,33.218323,5.561951,1.5240889,21.282953,17.74961,4.703373,7.0370617,3.618639,-3.883416,24.282568,11.909254,4.7372932,-20.769043,1.2210758,10.092722,-10.865369
7374412100833250593,-6.0168796,20.4224,7.782129,6.012486,33.373375,5.542437,1.605645,21.473177,17.633764,4.5495563,6.6594143,3.5940201,-3.8556492,24.244627,11.833178,4.669076,-20.520367,1.3992748,9.727734,-11.003907
7374727208394411297,-5.9207735,20.349714,8.42413,6.019063,33.21344,5.548556,2.1712995,21.424034,18.200386,4.7744517,7.195911,3.24351,-3.575883,24.59409,12.282215,5.126641,-21.028734,1.1513554,10.405693,-10.875749
7376630682824576289,-5.813069,20.18686,7.6092362,5.950561,33.311512,5.482347,1.196002,21.225742,17.563969,4.837226,6.900769,3.9088054,-3.9943187,24.243248,11.6922865,4.643919,-20.488478,0.8930778,9.997496,-11.087273
7377004580510436641,-6.0275784,20.80798,7.828142,6.180348,33.43015,5.1255174,2.0741675,21.609987,18.108181,4.403893,7.0496516,3.4509497,-3.7224836,24.224882,11.886606,4.8008385,-21.155968,1.1627176,9.853201,-10.855019
7378467106636991777,-6.0472207,20.200314,8.617484,5.9094653,33.213615,5.9307218,2.2198877,21.41016,18.131235,4.6935897,6.957317,3.0987551,-3.4914815,24.689682,12.481333,5.1582975,-20.758917,1.5426228,10.317938,-10.999131
7379167807679761697,-5.8658094,19.935272,8.7469225,5.8910832,33.074486,5.736054,2.2615018,21.414251,18.040537,5.255025,7.02106,3.1627474,-3.4275143,24.93881,12.482761,5.3957267,-20.840334,1.1629778,10.640266,-10.868664
7379193504355978528,-5.9305134,20.321726,7.6448774,5.9617867,33.407993,5.654154,1.2255138,21.192156,17.750273,4.4631033,6.965178,3.8288589,-4.017422,24.11811,11.750568,4.549374,-20.460922,1.0468462,9.9070425,-11.217172
7379227737271094561,-6.0533614,20.14472,8.681402,5.8998995,33.204857,5.9185777,2.2823634,21.437881,18.137592,4.7636714,6.929086,3.069349,-3.4479575,24.756193,12.514123,5.217068,-20.744698,1.5060488,10.355623,-11.010681
7379994182741429536,-6.228146,20.668821,8.099777,6.016747,33.33867,5.4933333,1.8355182,21.527636,18.066406,3.906946,6.9458065,3.2391322,-3.7276964,24.301556,12.027969,4.649295,-20.354912,1.4187965,9.898244,-11.385986
7381115594076146977,-5.8518195,20.416847,7.6421022,6.038489,33.37222,5.3908095,1.4300408,21.304525,17.789173,4.67059,7.025783,3.8198054,-3.9518807,24.167524,11.730578,4.683728,-20.802538,0.95433694,9.965607,-10.974292
7381446389819018529,-6.2623568,20.117985,7.982519,5.970693,33.36947,5.0037065,1.6144953,21.881039,17.486156,4.5261607,6.190375,3.545373,-3.731509,24.534939,11.588307,4.775217,-19.688452,0.8145279,9.699067,-11.623599
7382166710029208865,-6.076259,20.144556,8.719922,5.9113646,33.228905,5.905737,2.321822,21.476728,18.171133,4.739695,6.905306,3.0593328,-3.4399836,24.752632,12.510098,5.246232,-20.754616,1.5018613,10.3403225,-11.01664
7382840415893998880,-5.8632674,20.114141,7.632109,5.961279,33.29794,5.25905,1.0712123,21.394617,17.446999,4.792635,6.6970553,3.982022,-4.049639,24.228386,11.482096,4.657214,-20.218178,0.71676993,9.94333,-11.21273
7384098121715813664,-5.910929,20.344494,7.6854033,6.020869,33.333996,5.404383,1.210656,21.42101,17.541313,4.542565,6.7021832,3.8580253,-4.073397,24.08707,11.557063,4.6344986,-20.379387,1.0986054,9.829788,-11.057792
7384476119744974112,-5.9994864,20.539722,7.8119545,6.0322914,33.394466,5.484383,1.6141933,21.318932,18.019009,4.330726,7.1125507,3.585996,-3.8553243,24.201187,11.900454,4.6602283,-20.71838,1.0937303,9.979788,-11.162874
7384844059896057120,-5.970317,20.200756,8.018614,5.901218,33.27856,5.806875,1.5159674,21.246653,17.77518,4.590258,6.90628,3.5383153,-3.8258514,24.384634,12.029988,4.7358346,-20.394543,1.259656,10.072585,-11.188247
7385258008760028448,-5.8761597,20.181862,7.619272,5.9611487,33.33693,5.3978796,1.0693811,21.29842,17.55973,4.6569495,6.820084,3.959594,-4.0695305,24.161856,11.54751,4.600425,-20.287073,0.78648525,9.948731,-11.23556
7386194546062839073,-5.9992347,20.888313,7.867274,6.11663,33.231304,5.2129145,1.9438674,21.511784,18.032602,4.256618,7.152051,3.3364663,-3.7149277,24.256823,11.979995,4.726895,-21.02077,1.4019701,9.971916,-10.867634
7387308322162052385,-5.992874,20.575855,7.857014,6.042693,33.37902,5.5590496,1.7993203,21.357697,17.980297,4.441206,7.0458555,3.4860127,-3.778327,24.25818,12.013104,4.71867,-20.865263,1.3215332,9.928686,-10.98434
7388136382436281633,-5.8261952,20.24173,7.771722,5.972529,33.246593,5.345925,1.2265755,21.256819,17.753246,4.679822,7.080545,3.8339121,-3.9875107,24.252693,11.684422,4.6963277,-20.498524,0.7130546,10.186482,-11.171607
7388867149407849760,-5.852026,20.21073,7.505121,5.972736,33.345478,5.230136,1.355571,21.338749,17.531424,4.9690695,6.8264394,3.8803933,-3.8767943,24.366865,11.676013,4.6563315,-20.506384,0.74451756,9.921966,-11.130734
7390334004001639713,-5.8223968,20.070913,7.6125298,5.937524,33.350708,5.548684,1.1349161,21.263227,17.443813,4.926502,6.7140822,3.9800456,-4.0343537,24.227264,11.6316595,4.6705036,-20.377775,0.92323667,9.911348,-11.079023
7390632928780340512,-6.00629,20.980957,7.8396006,6.1396995,33.228317,5.1651325,2.0041573,21.523924,18.063673,4.2048016,7.205036,3.2939005,-3.6962059,24.250334,11.993801,4.6993346,-21.079426,1.4331981,9.9569025,-10.845311
7392856168214957345,-5.972941,20.802845,7.8061004,6.1000414,33.246246,5.2168083,1.8390244,21.47666,17.966562,4.3382316,7.124925,3.4235215,-3.75412,24.254133,11.924386,4.705112,-20.951963,1.2994039,9.969258,-10.9049425
7392879054988397856,-5.8538823,20.18642,7.6043,5.938917,33.361897,5.6167774,1.0917684,21.187769,17.587023,4.6762166,6.878622,3.9429493,-4.061153,24.145472,11.664665,4.5797224,-20.402233,0.9567,9.935452,-11.159839
7393260705048268065,-5.7737412,20.113165,7.6394424,5.974957,33.261982,5.2676983,1.201023,21.349516,17.4481,5.021569,6.778154,3.9555147,-3.9985368,24.30185,11.57952,4.740828,-20.430134,0.7432154,10.031287,-11.0377245
7393316600922885409,-6.0030937,20.287231,7.881983,5.944688,33.32288,5.54708,1.3528129,21.30939,17.810549,4.3959374,6.9247456,3.6621456,-3.9182897,24.26308,11.815063,4.654798,-20.284952,1.013176,10.024551,-11.347904
7393953054967581985,-5.7937193,20.031282,7.727075,5.9030337,33.293617,5.680427,1.1380526,21.16732,17.517864,4.92282,6.845717,3.916746,-4.0156446,24.275925,11.744348,4.697834,-20.382957,0.9468695,10.059521,-11.095056
7394351547376880929,-5.7745037,20.500685,7.931051,6.101793,33.14493,5.135306,1.6240506,21.527292,17.732075,4.789449,6.9913015,3.6395895,-3.8995564,24.26168,11.717811,4.877408,-20.955116,1.0557029,10.142708,-10.651172
7394757283214806305,-5.923444,20.273228,7.717434,5.963899,33.393116,5.709355,1.3368459,21.276678,17.633484,4.623658,6.780913,3.7886896,-3.977516,24.167788,11.790641,4.6452565,-20.505213,1.2463055,9.836646,-11.050564
7395189160081935649,-5.798065,20.090128,7.639658,5.9435763,33.317802,5.5594773,1.1237296,21.268545,17.418913,4.927863,6.7100506,3.9744332,-4.0545883,24.209991,11.630244,4.690443,-20.39578,0.99624366,9.928522,-11.014047
7395222817677085985,-5.95506,20.4086,7.768608,6.029381,33.3234,5.2952614,1.3113525,21.455101,17.709908,4.418605,6.8259296,3.7717304,-4.002903,24.139273,11.609911,4.669489,-20.412699,1.0003592,9.917702,-11.158222
7395950056001572128,-5.7991586,20.110647,7.6829605,5.955562,33.254898,5.3821054,1.0518122,21.31409,17.452204,4.835601,6.7716002,3.9727826,-4.0812936,24.21139,11.541075,4.686704,-20.28426,0.81463844,10.029589,-11.116223
7396708038398266656,-6.1515555,20.424486,8.228308,5.9248633,33.26284,5.760784,1.8095891,21.344486,18.034199,4.1719503,7.0230985,3.1994538,-3.6769438,24.464159,12.208213,4.7079763,-20.29317,1.3937594,10.096869,-11.395266
7396981634572078369,-5.883548,20.271803,7.5594063,6.0097833,33.345024,5.272445,1.0568568,21.397614,17.485392,4.6113906,6.717213,3.9898624,-4.118015,24.08259,11.433366,4.583244,-20.288546,0.8360807,9.84437,-11.163508
7397062762150513952,-6.0068464,20.430523,8.116123,5.9731216,33.214413,5.6742907,1.7214181,21.399647,17.821499,4.4317007,6.9089017,3.3571448,-3.7792592,24.36407,12.053562,4.7513433,-20.531301,1.4701085,10.033955,-11.027821
7397696022975188257,-6.2520123,20.451475,8.057354,5.968703,33.426365,5.646774,1.678853,21.495823,17.936186,4.0171876,6.7309184,3.373773,-3.7864113,24.285578,11.961753,4.643607,-20.135363,1.3824935,9.793789,-11.492474
7399196283501628705,-5.899572,20.373417,7.8380027,5.975729,33.314705,5.7372947,1.4975791,21.252007,17.754026,4.5957537,6.9436545,3.6376843,-3.90619,24.220118,11.933723,4.6917286,-20.684267,1.3538421,9.962044,-10.944502
7399975638112783649,-6.010221,20.128544,8.065284,6.0787067,33.148655,4.382673,2.033416,22.104404,17.419853,5.278005,6.3025217,3.49434,-3.5293405,24.845387,11.587039,5.1403794,-20.291893,0.46775597,10.013805,-11.0922
7400010201476123937,-5.844197,20.00539,7.710249,5.9371724,33.24936,5.22982,1.0933841,21.414713,17.383614,4.9370685,6.639563,3.9593475,-4.0114417,24.336338,11.506831,4.7303915,-20.121006,0.6593817,10.019915,-11.232418
7400379104962284832,-6.140562,20.033241,9.074647,5.9293714,33.211147,5.7185936,2.585237,21.662584,18.362093,4.7886405,6.873498,2.9200053,-3.305225,24.946415,12.574851,5.516011,-20.697956,1.2758899,10.543926,-11.131107
7400784701633416481,-5.783609,20.35646,7.808601,6.0466204,33.216015,5.2982273,1.3501527,21.439293,17.595558,4.7736416,6.854889,3.8116894,-4.012475,24.177645,11.625538,4.7914696,-20.69962,1.0572791,10.036965,-10.794609
7401059521860209952,-5.948977,20.287148,7.5652347,5.992348,33.438637,5.4431286,1.1878166,21.32713,17.64171,4.5350633,6.8026004,3.9185555,-4.041764,24.102802,11.5786085,4.549095,-20.393688,0.8894631,9.801797,-11.227996
7402923905754746145,-5.8076625,20.107569,7.600165,5.931802,33.350685,5.6332793,1.1477535,21.1996,17.483694,4.8963366,6.7911606,3.959963,-4.0301056,24.212208,11.693016,4.6474533,-20.45616,0.99827576,9.9254055,-11.0443325
7407736509996043553,-6.2117233,20.32627,8.550758,5.9518557,33.296677,5.680966,2.1349394,21.528027,18.222048,4.267799,6.9401107,3.0745842,-3.538442,24.606451,12.305866,4.983555,-20.40954,1.3016878,10.203823,-11.374081
7407843953539583265,-6.312888,20.730803,8.608812,6.0980477,33.230103,5.2394114,2.6874168,21.933329,18.184082,4.205518,6.7596,2.7371995,-3.3294196,24.715933,12.347572,5.077582,-20.599358,1.6753173,9.999793,-11.090469
7410298388022824225,-6.1787434,20.461409,8.915686,6.209525,33.195385,4.676444,2.90642,22.323137,18.224894,4.7876577,6.5441484,2.909107,-3.283438,24.848436,12.10232,5.5891905,-20.990192,1.0444291,10.246308,-10.774867
7410359060681297184,-5.913259,19.588894,8.934896,5.794521,32.956654,5.638841,2.4584024,21.61733,17.694118,5.7504473,6.584416,3.0231085,-3.2044609,25.357393,12.576464,5.590098,-20.451569,1.1685419,10.638498,-10.938189
7410754655682153761,-5.8944273,20.116209,7.963414,5.9117513,33.188572,5.479137,1.2677017,21.312037,17.646309,4.679134,6.8841443,3.7009358,-3.927928,24.37711,11.781508,4.749074,-20.20126,0.9032518,10.185337,-11.265482
7412540786975231264,-5.931878,19.807447,8.960296,5.844496,33.051964,5.843562,2.4466307,21.495152,18.02302,5.3546453,6.8538365,3.0251148,-3.301253,25.10289,12.628241,5.534867,-20.750257,1.3050582,10.653122,-10.890854
7412939421089090849,-6.257912,20.168076,8.528043,6.0778503,33.401,5.103492,2.2468886,22.13288,17.79862,4.684574,6.1113772,3.2960386,-3.5653555,24.605024,11.849541,5.265583,-20.304733,1.1729193,9.812844,-11.126524
7413269884840267040,-6.342411,20.676687,8.623196,6.080565,33.22759,5.233097,2.6633458,21.959745,18.128714,4.2100396,6.68254,2.7276604,-3.3235192,24.749294,12.329929,5.062873,-20.463602,1.6544044,9.975635,-11.164644
7413699830469397793,-5.938528,20.363663,7.71439,6.037902,33.342106,5.380693,1.2099844,21.48689,17.514338,4.483577,6.616691,3.8523314,-4.096722,24.052315,11.510195,4.6427283,-20.324133,1.146324,9.778678,-11.053577
7414059508630031648,-6.3574815,20.468391,8.579067,6.016739,33.29775,5.380686,2.378611,21.843079,18.109383,4.1687784,6.6524987,2.893404,-3.431671,24.683317,12.238318,4.9773417,-20.241629,1.4210954,9.981094,-11.395273
7414073681992895776,-6.4889145,20.322815,8.022785,6.00689,33.56842,5.1719403,2.04678,21.970823,17.737736,4.2449427,6.1289864,3.2996597,-3.5503821,24.541855,11.816215,4.7468157,-19.855387,1.1294962,9.434165,-11.695653
7414109220523511073,-5.899379,20.13952,8.646077,6.0204506,32.91933,4.7924843,2.694047,21.907206,17.81717,5.5543876,6.804182,2.9698393,-3.171499,25.249605,12.305206,5.483056,-20.862732,0.8478296,10.558234,-10.76398
7414443436134223137,-6.4453645,20.501373,8.155009,6.1658816,33.490856,4.600467,2.5229123,22.384977,17.751526,4.535186,5.9945345,3.1833189,-3.39389,24.659342,11.730547,5.048759,-20.334711,1.0560583,9.444243,-11.26774
7415541670361500961,-6.2657976,20.203468,8.031906,6.0768285,33.367397,4.6144714,1.8343843,22.187492,17.433323,4.6581707,5.9837437,3.5337698,-3.6838973,24.561646,11.445043,4.9491534,-19.837877,0.7573132,9.62258,-11.426358
7415546238927523104,-6.034728,20.286701,7.742626,5.986887,33.3399,5.1728864,1.3179173,21.487823,17.684427,4.457372,6.773742,3.748991,-3.920338,24.282402,11.591048,4.6203337,-20.163183,0.71931916,9.919466,-11.427388
7415576931577433349,-6.10527,20.216425,8.847382,6.0031934,33.19782,5.478759,2.603646,21.750292,18.230541,4.8289547,6.8389754,2.949076,-3.325342,24.88263,12.445106,5.406175,-20.833023,1.2850908,10.390815,-10.966057
7415589341981986080,-6.349904,20.515627,8.392304,6.036852,33.354176,5.3521857,2.1074822,21.859716,17.963318,4.054414,6.5025887,3.0984643,-3.6038256,24.481153,12.021499,4.9023213,-20.102484,1.5123559,9.810994,-11.39896
7416286728513735968,-5.991771,20.15789,7.7834926,6.049579,33.257248,4.7268205,1.5200253,21.912989,17.242886,4.9968076,6.186976,3.7745914,-3.833931,24.475138,11.398844,4.885759,-20.074556,0.75945574,9.75775,-11.124801
7418133778406657313,-6.3752294,20.565777,8.737272,6.080168,33.209663,5.079995,2.652207,22.092543,18.062729,4.2537117,6.5289536,2.725635,-3.3184836,24.825056,12.248356,5.1509376,-20.227715,1.5259304,10.00773,-11.272834
7418157210896698657,-5.7767353,20.123152,7.5847893,5.9968204,33.28057,5.1637015,1.2169805,21.387669,17.427958,5.0613413,6.7585325,3.9773157,-3.9957826,24.307125,11.52406,4.729195,-20.427956,0.63452387,10.005911,-11.051428
7418230327207939360,-6.2193213,20.342216,8.173753,6.1665516,33.297703,4.389973,2.1707327,22.396414,17.46948,4.8295846,5.944431,3.4104187,-3.576951,24.63428,11.486792,5.1651473,-20.203045,0.8853981,9.661361,-11.08326
7421838132624002336,-6.5486603,20.299013,8.162779,5.989887,33.470657,4.9978366,2.1746013,22.072075,17.721975,4.2401533,6.1161356,3.1149368,-3.4304426,24.735458,11.8716955,4.7665486,-19.625101,1.0265768,9.530024,-11.84607
7421851827794152737,-6.3231206,20.40026,7.8959737,6.0566754,33.43944,4.8611164,1.7882968,21.939255,17.686829,4.286952,6.3409925,3.4686089,-3.699248,24.435564,11.587251,4.705858,-19.946205,0.83134973,9.61206,-11.586775
7421927684965502240,-6.142795,19.849318,9.027379,5.885803,33.261127,5.8282456,2.5600677,21.657198,18.202915,5.014163,6.6695595,2.9865746,-3.2869794,25.013538,12.579525,5.5286183,-20.587215,1.2820436,10.443197,-11.137496
7423318018853178657,-6.1383767,19.82414,8.296693,5.9188924,33.177563,4.9094014,1.8918954,21.950886,17.403494,5.139081,6.155725,3.4147258,-3.5186074,24.929653,11.7763605,5.113229,-19.7971,0.66023046,10.029387,-11.435344
7423773390932135201,-6.3852153,20.23739,7.973496,6.0400114,33.517788,5.0025997,1.9647534,22.103844,17.476456,4.541292,5.8895707,3.4475784,-3.6211102,24.52638,11.634775,4.852101,-19.878946,1.1245334,9.379548,-11.456347
7424512450856357153,-6.3803635,20.370945,8.410435,6.0654154,33.2853,4.948804,2.4714274,22.227041,17.604898,4.599771,6.044218,2.9588423,-3.3721988,24.813522,11.976406,5.022935,-20.056797,1.4034637,9.636904,-11.224267
7425904564697632032,-5.9367523,20.02924,8.478626,5.8785257,33.020077,5.6097746,2.206681,21.538948,17.648548,5.2679515,6.6951327,3.1185355,-3.4031487,24.962477,12.373382,5.1689363,-20.583387,1.4055703,10.302202,-10.855266
7425965869924142369,-5.911165,20.60167,7.8319707,6.0536284,33.260548,5.2930865,1.8810258,21.366835,17.978672,4.6359024,7.2067757,3.446923,-3.692254,24.405565,12.026693,4.7632637,-20.973772,1.0980158,10.1023035,-10.938897
7426709076924484897,-6.1949606,20.171164,7.842802,5.966658,33.404568,5.142873,1.4442419,21.67811,17.574575,4.4399595,6.428137,3.649803,-3.8335197,24.397356,11.585752,4.651803,-19.815577,0.7703576,9.742662,-11.616393
7426721230721453318,-6.3736,20.368067,8.205883,6.1628995,33.419018,4.4784346,2.3912404,22.465738,17.563982,4.712521,5.833098,3.2789218,-3.4590428,24.68739,11.601135,5.145444,-20.168968,0.99217314,9.49621,-11.211222
7428251635102534945,-5.8944836,20.406082,8.295127,6.004227,32.935757,5.291427,2.0095818,21.66532,17.55803,4.9159994,6.7409463,3.1763616,-3.6039305,24.65753,12.069832,4.9781537,-20.673328,1.5075586,10.173777,-10.651058
7429021024517229857,-6.062123,20.877756,8.22813,6.2574987,33.06425,4.3511086,2.576096,22.214554,17.852654,4.6956635,6.696418,3.049821,-3.4229064,24.655745,11.840054,5.1249757,-21.046253,1.138771,9.994664,-10.627735
7429720640111791392,-6.2523656,19.992828,8.040639,5.9451356,33.337646,4.972553,1.709901,21.92532,17.398489,4.7515154,6.08972,3.5058281,-3.646556,24.686993,11.640075,4.858166,-19.636501,0.7721663,9.730726,-11.610327
7429721456851864864,-5.887144,20.510092,7.7507734,6.0974765,33.37659,5.1883082,1.7692848,21.426157,17.956537,4.7259927,7.0916986,3.6750572,-3.81016,24.277573,11.8209095,4.807094,-21.021069,0.8750276,10.015056,-10.914314
7431168865142328608,-6.13911,20.356686,7.72255,6.0033026,33.442844,5.189005,1.4230087,21.525883,17.785984,4.2956834,6.74275,3.6960099,-3.8803291,24.258486,11.621375,4.5779057,-20.143139,0.75083405,9.802729,-11.5415125
7431201197672975648,-6.1965914,20.533459,8.077991,6.1664977,33.36013,4.726787,1.9558461,22.05496,17.771612,4.3744006,6.4210987,3.4193816,-3.7354155,24.357647,11.57095,4.888149,-20.356483,0.9251164,9.739398,-11.16329
7433411068988280097,-5.7782845,20.024605,7.7144794,5.938468,33.22192,5.339232,1.1251464,21.362656,17.361506,5.0319886,6.674168,3.956297,-4.015775,24.324373,11.575364,4.7670116,-20.28344,0.8274485,10.041211,-11.060838
7433817907278269729,-6.2764707,20.019562,8.049066,5.9193687,33.401707,5.313283,1.6715004,21.798042,17.450544,4.6043077,6.1126833,3.490803,-3.6940002,24.579716,11.747841,4.794939,-19.671461,1.0611762,9.653004,-11.583379
7434514141697625377,-6.07965,20.076962,8.889586,5.9065213,33.21019,5.8755817,2.419083,21.503225,18.284647,4.7760797,6.954163,3.0050347,-3.3848362,24.841661,12.572691,5.3720627,-20.763786,1.3919675,10.485243,-11.062281
7434931188642352417,-5.809221,20.182058,7.833628,5.922241,33.241325,5.6761656,1.4387217,21.174528,17.682232,4.895326,7.0110335,3.6934838,-3.8619916,24.38195,11.957165,4.7455134,-20.635166,1.0948472,10.137832,-10.986258
7436044441170857249,-5.909804,20.62279,7.7296557,6.1089926,33.361958,5.2315335,1.7467705,21.438547,17.944498,4.570825,7.081414,3.6295278,-3.832709,24.208649,11.817756,4.7472115,-21.017729,1.0488117,9.952297,-10.878147
7436403924350864672,-6.0318236,20.455118,7.729367,6.0231333,33.430447,5.3520947,1.4297249,21.355951,17.955162,4.283989,7.0310435,3.711013,-3.9253654,24.162863,11.724289,4.5911756,-20.488827,0.8337924,9.937673,-11.3477955
7436439641298865441,-6.4624577,20.212421,8.094281,5.9837556,33.506756,5.1730876,1.821067,21.983715,17.613262,4.2113214,6.0338063,3.3736563,-3.6649275,24.49661,11.694279,4.74794,-19.582539,1.0955995,9.486537,-11.757164
7436650165861141792,-6.038829,20.184174,8.46396,6.104975,32.96714,4.2314415,2.6675704,22.33495,17.459087,5.5263443,6.2646575,3.0194118,-3.1929777,25.239922,11.92203,5.391615,-20.441233,0.703158,10.17478,-10.868137
7436892906801073441,-6.4575067,20.5202,8.062372,6.1416235,33.525146,4.7563457,2.313801,22.273079,17.7358,4.351078,6.02587,3.2565737,-3.5013187,24.526411,11.687386,4.9108953,-20.214695,1.1266979,9.383191,-11.358689
7437476740533865761,-5.840611,19.902126,8.235994,6.0195804,32.986588,4.479117,2.109022,22.030207,17.291632,5.7761345,6.3275204,3.462021,-3.4463387,25.074455,11.748005,5.349602,-20.403425,0.4928205,10.271245,-10.860773
7437536576072125728,-6.2348,20.311365,7.961755,5.93825,33.4096,5.552883,1.6408963,21.518818,17.746521,4.250152,6.606387,3.421961,-3.7534015,24.400742,11.909489,4.613178,-19.976719,1.2326003,9.751893,-11.546501
7438288130567949601,-6.1103063,20.992949,7.974868,6.19665,33.296783,5.0024977,2.2956593,21.757051,18.081348,4.2270703,7.012165,3.1558316,-3.5927145,24.346785,12.000866,4.801091,-21.034842,1.4466072,9.85243,-10.849369
7438966885879696662,-6.5783553,20.31414,8.163275,6.0160456,33.510284,4.9214892,2.3410282,22.165483,17.73061,4.32823,6.0344715,3.0793014,-3.357272,24.785448,11.890716,4.8256135,-19.73188,1.0312911,9.460971,-11.7878065
7439254923365059873,-6.3966303,20.181873,8.022501,5.9625554,33.44831,5.086101,1.711263,21.887066,17.627254,4.276893,6.2073026,3.4291122,-3.675445,24.533743,11.669762,4.7045054,-19.587915,0.86566764,9.623684,-11.81742
7439269165111725345,-6.3724694,20.58272,8.126843,6.1474576,33.33496,4.5986357,2.2210631,22.2762,17.669313,4.3374476,6.1541758,3.2026844,-3.537107,24.551394,11.640128,4.89381,-20.167557,1.086674,9.561964,-11.285267
7439301301864877344,-6.5031943,20.247606,8.105877,5.9665127,33.49113,5.1507945,1.8929105,21.955338,17.699274,4.145665,6.1392465,3.2836082,-3.5892897,24.571606,11.773765,4.7115884,-19.563435,1.0357515,9.535605,-11.869261
7439661735742557472,-6.217829,20.087448,8.038055,5.9589195,33.32211,5.0026984,1.6115441,21.815311,17.556805,4.5676317,6.3355913,3.5269988,-3.7194583,24.576597,11.633428,4.797166,-19.73728,0.7005992,9.84465,-11.628843
7439731424854379809,-5.8130627,20.305283,8.25332,6.072373,33.017963,4.7090073,2.4694088,21.744526,17.863523,5.480362,7.0392976,3.2192984,-3.3198001,25.02109,12.14166,5.296056,-21.092281,0.6563978,10.479788,-10.739322
7440465091817999649,-6.3984733,20.468145,8.261571,6.079233,33.426655,5.15786,2.283698,22.090872,17.748884,4.323808,6.1441693,3.128311,-3.5220952,24.540598,11.906016,4.91513,-20.196346,1.4641262,9.5287285,-11.25372
7440567441777757472,-6.0481777,20.139553,8.061678,6.107356,33.244896,4.460689,2.45168,22.228579,17.356903,5.5765057,6.071371,3.3669724,-3.3426027,24.985643,11.769948,5.2649546,-20.560081,0.7693558,9.8005705,-10.843389
7441626192760884513,-6.17156,20.88358,7.976411,6.123072,33.335403,5.1756115,1.8930832,21.64167,18.109566,3.8904946,7.027196,3.3023012,-3.766603,24.190876,11.876927,4.659025,-20.656624,1.3194469,9.866898,-11.189368
7443846446362774817,-5.9138274,20.079754,8.599442,5.9093223,32.98173,5.494716,2.3526304,21.567207,17.808935,5.274029,6.8519607,3.0426672,-3.3428376,25.022665,12.432765,5.2726107,-20.735634,1.2926359,10.461594,-10.823676
7443866656956255510,-6.105556,20.82971,7.9023747,6.2407546,33.333138,4.5325284,2.3570554,22.015816,17.938028,4.589055,6.7538104,3.308734,-3.5399346,24.476604,11.761244,4.950539,-20.98874,0.96364456,9.805733,-10.879789
7444192177149742358,-5.9339347,19.887835,8.108362,5.9861145,33.044495,4.4977226,1.9146615,21.986189,17.244297,5.546903,6.281286,3.504321,-3.5080042,25.013252,11.659794,5.1572576,-20.062025,0.40932748,10.155503,-11.151771
7444595106025442593,-5.999427,20.54854,8.36977,6.230039,32.87658,3.9658327,2.3361437,22.489697,17.410664,5.0539784,6.259657,3.1734722,-3.4911408,24.803684,11.523254,5.2700734,-20.56433,0.8413364,10.065742,-10.627529
7444856032486116630,-6.1785846,19.941442,8.492604,5.859821,33.170116,5.4833007,2.1329675,21.705463,17.666735,4.938797,6.431504,3.1202974,-3.4025595,24.960955,12.224268,5.079755,-20.032597,1.1815755,10.110316,-11.359326
7444926040855661846,-5.968929,20.091713,8.194025,6.082428,33.022995,4.2315264,2.3736293,22.226665,17.314318,5.6453247,6.2361617,3.2892122,-3.3198943,25.13933,11.751041,5.298207,-20.379946,0.5278191,10.101893,-10.915123
7444957131670949142,-6.070546,20.3304,8.310585,5.9091477,33.18431,5.7486377,1.8307241,21.324436,18.007072,4.3745985,7.065151,3.1993678,-3.6520329,24.548695,12.244746,4.8003964,-20.37467,1.326339,10.237823,-11.292232
7446341554735828256,-6.4798675,20.404211,8.263568,6.110356,33.535503,4.915221,2.6446185,22.283163,17.812498,4.580321,5.9942102,3.0778093,-3.3127227,24.743382,11.951397,5.076007,-20.340387,1.2406257,9.449145,-11.288765
7446429495948594454,-5.997382,20.18669,8.382336,6.139418,33.015995,4.2044635,2.6428394,22.396107,17.385153,5.6415977,6.1341834,3.1551607,-3.248317,25.149334,11.819527,5.4552794,-20.60848,0.75616163,10.068475,-10.690484
7447184186034654496,-6.3664074,20.494665,8.109481,6.1450152,33.359936,4.489986,2.1907732,22.306396,17.661844,4.4312267,6.118737,3.2813988,-3.5347292,24.589592,11.575715,4.94817,-20.110943,0.89029306,9.592596,-11.362615
7447200750096223510,-6.012403,20.102556,8.298146,6.0729747,33.00043,4.27888,2.3810232,22.244104,17.345589,5.513516,6.2253027,3.2076108,-3.3174212,25.140394,11.783925,5.288698,-20.277578,0.60442436,10.1200485,-10.973792
7447515391426825504,-6.1612654,20.135242,7.903674,5.998966,33.336124,4.9394064,1.4684066,21.875252,17.391722,4.606134,6.185139,3.6831734,-3.8395643,24.433456,11.462042,4.7891498,-19.782051,0.81164116,9.708783,-11.462409
7447538385993895201,-6.346838,20.37051,8.498543,6.14273,33.278347,4.624849,2.656317,22.479923,17.611872,4.819973,5.886493,3.0241094,-3.3231812,24.849802,11.85301,5.287212,-20.322683,1.2694427,9.655439,-11.008401
7448354400998853910,-5.901456,19.87366,7.8306074,5.9767165,33.180214,4.696885,1.5940542,21.85119,17.123978,5.4891315,6.192233,3.7678065,-3.702314,24.767923,11.512539,5.003649,-20.03224,0.505577,9.945084,-11.14151
7449430237114404128,-5.991641,20.490515,8.317976,6.2208996,32.886036,3.8706071,2.3478649,22.471945,17.42954,5.1602516,6.31714,3.2096958,-3.4463365,24.885628,11.523673,5.282645,-20.537603,0.63953567,10.118365,-10.7220955
7450432979526012182,-5.8558426,19.757076,8.265269,5.981049,33.108936,4.7435026,2.011387,21.918201,17.37337,5.7554045,6.3065505,3.5710306,-3.5066607,25.00264,11.781743,5.376888,-20.371393,0.48965314,10.258601,-10.950472
7450928915159190806,-6.370415,20.534662,8.094779,6.171661,33.449112,4.679985,2.3518198,22.332996,17.625256,4.5205054,5.9738116,3.2581825,-3.512845,24.541958,11.664753,4.9957676,-20.322811,1.2245073,9.4138155,-11.131384
7451579890048027937,-5.9712834,20.542717,8.300699,6.062615,33.04088,4.982281,2.4313426,21.691555,17.959692,4.897131,7.075487,3.0101712,-3.3658817,24.864006,12.24303,5.0621195,-20.86891,1.1046432,10.324108,-10.888181
7451599218545970454,-6.0053487,19.925755,8.667059,5.848239,33.021694,5.6960826,2.2927551,21.609274,17.657822,5.257924,6.561861,3.0325978,-3.347538,25.044472,12.442628,5.263374,-20.44479,1.4826485,10.310909,-10.92422
7451629003380755734,-6.4502625,20.36138,8.377793,6.0911765,33.512215,5.091372,2.669878,22.249401,17.816923,4.630645,5.9763637,3.0562487,-3.316582,24.743877,12.035102,5.16153,-20.407152,1.4269253,9.492554,-11.176887
7452387800818666785,-6.0862474,20.114126,7.938229,6.032627,33.240444,4.623563,1.779764,22.009155,17.34163,5.029178,6.1852202,3.5887299,-3.6514904,24.687292,11.528728,4.9674597,-20.017975,0.6448625,9.825308,-11.271963
7452742967695002902,-6.242426,19.934101,8.192824,5.9249473,33.27245,4.970404,1.8011671,21.930563,17.457495,4.820417,6.1481843,3.4213758,-3.5770874,24.797823,11.728187,4.951912,-19.649414,0.7254224,9.8739,-11.616028
7452758752337399073,-6.0218577,19.907469,8.016208,5.926235,33.12961,4.8353696,1.8364117,21.827665,17.26212,5.3313637,6.294562,3.4595325,-3.5224373,24.945147,11.774729,4.95874,-19.937105,0.631976,10.007698,-11.296895
7453016788465454358,-6.4830737,20.198076,8.140043,5.944002,33.471287,5.20781,1.8985008,21.90867,17.708519,4.205197,6.1784472,3.270089,-3.568606,24.617334,11.828344,4.733259,-19.567522,1.0257035,9.596756,-11.872905
7453069595327384865,-6.333982,20.41492,8.430841,6.132764,33.218918,4.58474,2.5078218,22.44305,17.546715,4.718851,5.9314666,3.0392673,-3.380722,24.806793,11.788625,5.178892,-20.20043,1.2558386,9.665396,-11.062138
7453132168940915991,-6.2022204,19.910112,8.359379,5.9596653,33.218723,4.873788,1.935338,22.07105,17.461664,4.9708643,6.0609136,3.4067192,-3.5461314,24.832457,11.711648,5.149868,-19.841959,0.75265217,9.939532,-11.404137
7454985264952266016,-6.038049,20.511745,8.305964,6.1744537,32.977276,4.3882613,2.2962565,22.332947,17.400703,4.9944654,6.2108393,3.186099,-3.513841,24.726162,11.654234,5.177041,-20.582079,1.1538208,9.912282,-10.623886
7455305851092389142,-5.9173284,19.826944,8.130591,6.0056057,33.198124,4.7359424,1.9524071,21.975544,17.29922,5.6306057,6.1529055,3.6303873,-3.564033,24.888756,11.680827,5.285613,-20.293646,0.5927339,10.043002,-10.979242
7455422115802565910,-6.038735,20.935753,7.9530807,6.1261334,33.170277,5.1199765,2.2704165,21.613472,17.988121,4.392414,7.1202006,3.0962095,-3.5269597,24.48096,12.137485,4.763746,-21.027363,1.5047907,9.969156,-10.818
7456101045601570070,-6.261091,20.13284,8.412152,6.0781255,33.40636,4.9761972,2.7126873,22.267023,17.592525,5.237469,5.892034,3.141587,-3.2697833,24.937782,12.039708,5.3601336,-20.527878,1.2921009,9.643431,-10.910381
7456840693982465312,-5.969759,20.388794,8.31317,6.201069,32.90835,3.9098067,2.3392785,22.45918,17.372963,5.2936234,6.245092,3.2513554,-3.4411178,24.923397,11.5267315,5.322812,-20.516987,0.60953194,10.114987,-10.714908
7457155091238259990,-6.221934,20.57988,8.196096,6.24606,33.243492,4.1530547,2.5546854,22.521755,17.601542,4.8797517,6.0803866,3.2115817,-3.407266,24.730764,11.594343,5.221755,-20.609936,0.9153219,9.68349,-10.867424
7458325240628661537,-6.0598574,21.196095,7.8209076,6.209994,33.19467,4.90243,2.2083244,21.686293,18.084414,4.106118,7.2071295,3.153897,-3.6123238,24.285887,11.973992,4.679486,-21.145473,1.4819237,9.888982,-10.803504
7458328611213298976,-6.4211297,19.995153,8.429899,5.9150906,33.40174,5.3267946,2.1440687,21.956259,17.692923,4.576743,6.0879126,3.1624563,-3.4416947,24.824883,12.015388,5.005528,-19.708511,1.1234722,9.753787,-11.664679
7458331354212666646,-6.073133,20.327522,8.356441,5.9889545,33.038795,5.2379365,2.0929954,21.817213,17.52688,4.7843323,6.4745984,3.0843298,-3.5335286,24.74377,12.063215,4.9600844,-20.265453,1.4940851,10.007097,-10.950862
7458336545490193686,-6.535036,20.37373,8.163002,6.034725,33.449207,4.853874,2.2420216,22.16728,17.711409,4.2623944,6.087873,3.106335,-3.424529,24.722095,11.818017,4.807791,-19.72783,1.027639,9.513065,-11.741012
7458380266004843798,-6.4747233,20.286842,8.197028,5.9658637,33.445755,5.22955,1.9671501,21.903738,17.78188,4.1309958,6.266881,3.19754,-3.5619297,24.59409,11.879862,4.7362733,-19.675236,1.1140541,9.634438,-11.797563
7459384907962305825,-6.2294254,19.959368,8.233675,5.9145045,33.21532,5.021114,2.1698508,21.927002,17.405231,5.091289,6.167427,3.1635334,-3.356616,25.052893,12.009607,4.9816446,-19.784712,0.93726593,9.878019,-11.461232
7459403430122097942,-6.0121174,20.07078,8.083533,6.0149627,33.22928,4.9426785,1.634722,21.876316,17.41739,4.9488745,6.2701073,3.647669,-3.7811081,24.541853,11.578344,5.0287533,-20.111523,0.8577856,9.927927,-11.141201
7459483581803482390,-5.9880857,19.999794,7.842213,5.9980135,33.2327,4.7867036,1.4951354,21.875446,17.197983,5.116947,6.165349,3.770115,-3.800771,24.578136,11.44057,4.910804,-19.958088,0.663217,9.827037,-11.211715
7459503727737687318,-5.8945465,19.924522,8.094607,6.003546,33.09517,4.607377,1.9400432,21.917727,17.34024,5.560359,6.371927,3.5480394,-3.5319872,24.945963,11.704983,5.195071,-20.269459,0.46828955,10.170876,-11.052471
7460568175726398742,-5.899223,20.583447,8.108333,6.0460486,33.084324,5.1770205,2.248388,21.47837,17.987366,4.8565683,7.2475758,3.149698,-3.4650571,24.720778,12.244512,4.9404116,-21.026628,1.1367815,10.309094,-10.844607
7461940902890605829,-6.3228455,20.120886,8.662783,6.0405703,33.388176,5.201082,2.4395256,22.153948,17.84061,4.7232738,6.0716424,3.1384563,-3.4305248,24.755375,12.019994,5.3255444,-20.27507,1.2803459,9.832788,-11.176183
7463089844516965637,-6.258499,20.252787,8.480739,6.1377597,33.32252,4.726036,2.8352683,22.444067,17.568348,5.2328033,5.8436656,3.0622973,-3.236707,24.959541,11.974714,5.4311247,-20.608355,1.3094407,9.655627,-10.779164
7463198577188146464,-6.030657,20.837078,7.8338785,6.2482877,33.216835,4.3308063,2.2335844,22.054888,17.787836,4.6834373,6.742947,3.3661826,-3.5785565,24.489935,11.636192,4.932484,-20.941717,0.8582147,9.85983,-10.81695
7463500754318347542,-6.253606,19.969757,8.919886,5.952929,33.281055,5.3980355,2.6097534,21.933666,18.1103,4.900932,6.454509,2.988459,-3.2636397,25.007105,12.353249,5.4886637,-20.44319,1.1241683,10.256152,-11.245094
7463516081081027862,-5.9959927,19.90359,8.293192,5.909979,33.0731,5.0736775,1.7741137,21.745333,17.468155,5.1306434,6.456509,3.4287727,-3.5970004,24.845284,11.853605,5.071054,-20.034191,0.765782,10.212296,-11.2470665
7463520186876939552,-5.993749,20.321142,8.28359,6.031004,32.916214,4.7895007,2.3198245,22.009624,17.34602,5.229846,6.3899984,3.047881,-3.3754737,24.975903,12.004805,5.0721703,-20.449463,1.2618564,10.046689,-10.7470455
7464875419959921952,-6.5247173,20.23164,8.089058,5.96364,33.49581,5.081451,1.9414165,21.978958,17.691252,4.190972,6.137804,3.244784,-3.533553,24.647346,11.790117,4.698208,-19.514553,0.93801737,9.535677,-11.934256
7464890614258158870,-6.5025635,20.218712,8.121881,5.9519672,33.490643,5.1856275,1.9100745,21.929108,17.713446,4.1742344,6.1615887,3.268542,-3.5665967,24.605394,11.813669,4.718671,-19.563774,1.0227038,9.5616045,-11.888162
7465291116045208865,-6.3796926,20.053158,8.137391,5.939587,33.416454,5.1659713,1.8978469,21.969156,17.488392,4.587963,5.993638,3.3575182,-3.5682976,24.68848,11.780778,4.85863,-19.638783,1.0459287,9.593387,-11.644304
7465375886779403552,-6.120488,20.86181,8.17838,6.2427187,33.138287,4.4910917,2.4367738,22.198418,17.811214,4.535797,6.579338,3.1137846,-3.508166,24.534039,11.776619,5.0356445,-20.906027,1.2411278,9.851909,-10.706975
7465714414814137623,-6.5685143,20.445093,8.242085,6.0639734,33.494545,4.932408,2.3695304,22.21347,17.80044,4.188955,6.057497,3.0524251,-3.4065342,24.673208,11.872349,4.867173,-19.878601,1.1970533,9.459035,-11.639794
7466084820825787680,-6.4517136,20.105064,8.131619,5.947569,33.418503,5.001018,2.0982642,22.021936,17.562714,4.5732007,6.0640254,3.2060626,-3.4262168,24.839193,11.860603,4.8209195,-19.597275,0.903349,9.60542,-11.784688
7466106459403701526,-6.1910024,19.692162,8.995084,5.82543,33.224766,5.772818,2.5130613,21.719313,17.986477,5.1643867,6.455761,2.9850984,-3.2336085,25.15676,12.54129,5.5048065,-20.288082,1.2226478,10.373816,-11.283866
7466109584952855840,-5.7994237,19.931898,8.320406,6.017132,32.877525,4.467044,2.0011446,22.023542,17.27455,5.6918344,6.3900595,3.4454648,-3.5068643,25.031107,11.710588,5.3446746,-20.374506,0.53171825,10.374742,-10.80666
7466117788898315552,-5.9176292,20.227491,7.9939456,6.1105413,33.09588,4.420561,2.1327095,22.111778,17.296652,5.464911,6.2696853,3.4711864,-3.515101,24.829762,11.634848,5.15717,-20.580324,0.74115217,9.94412,-10.743135
7466514918137728278,-6.399803,20.32641,8.441791,6.0873404,33.349773,4.8624434,2.2572114,22.291533,17.684696,4.4279976,5.984478,3.1588333,-3.5171044,24.639475,11.75888,5.0890512,-19.995659,1.2095857,9.648265,-11.330647
7467185543240109345,-5.9424243,19.980867,8.065624,6.0306563,33.061832,4.3552012,1.9289064,22.049498,17.292341,5.473528,6.305577,3.53146,-3.527581,24.95215,11.578868,5.1532187,-20.147882,0.33756384,10.12883,-11.129769
7467231080735690017,-6.491184,20.356869,8.050284,6.040071,33.528435,5.0128846,2.1225715,22.101864,17.670038,4.2978473,6.028179,3.265178,-3.5263536,24.570187,11.759915,4.792493,-19.87122,1.1375846,9.402684,-11.609366
7467247804717550870,-5.925222,19.994022,8.033264,6.053253,33.109875,4.380792,1.9890066,22.07101,17.264122,5.555646,6.2382298,3.5569572,-3.5281863,24.93514,11.587541,5.1953335,-20.23298,0.4315474,10.05928,-11.032746
7467520617160396054,-6.2243943,20.74891,8.021554,6.060676,33.31649,5.282773,1.7777156,21.65275,17.964327,3.8691745,6.854556,3.2970383,-3.7837052,24.234098,11.862004,4.622723,-20.332396,1.3977665,9.804472,-11.328474
7467999174936644886,-6.0025163,19.88241,8.029641,5.993646,33.14656,4.5622177,1.7960417,22.035671,17.160332,5.4206266,6.067597,3.599342,-3.595187,24.88654,11.548728,5.1018047,-19.903374,0.51104915,9.951547,-11.218951
7468313844230704406,-6.033055,20.604279,8.390244,6.2565575,32.971855,3.9124897,2.6047485,22.466944,17.692152,5.074739,6.4611154,3.1096241,-3.355517,24.893452,11.667278,5.3683586,-20.803345,0.67710394,10.1506815,-10.706936
7468323433714126112,-6.2371182,19.971582,8.205846,5.9621854,33.25464,4.74611,2.0659041,22.026348,17.51892,5.004133,6.2035303,3.327946,-3.4315078,24.948015,11.785319,5.03672,-19.852894,0.56654173,9.925161,-11.542429
7468709057516326177,-6.2464814,20.532114,8.01534,6.178501,33.366894,4.583874,2.1261947,22.267145,17.568174,4.5804224,6.0873003,3.412938,-3.6309824,24.455725,11.527926,4.98125,-20.39227,1.0777715,9.531082,-11.042159
7468715378743528736,-6.069995,20.85816,8.260369,6.2430334,33.038715,4.4046254,2.5274212,22.216068,17.79678,4.658945,6.6420226,3.0322962,-3.44693,24.64191,11.835056,5.0995393,-20.95997,1.2170527,9.976777,-10.625601
7469067273794456854,-6.1769013,20.001062,8.593874,5.937453,33.221252,5.2493634,2.581636,21.841305,17.866257,5.1564007,6.5147147,2.9845545,-3.204028,25.137835,12.359066,5.2867994,-20.381145,1.0304266,10.190249,-11.234383
7470159373935856918,-6.286174,20.131311,8.283479,6.097881,33.397007,4.666388,2.5953915,22.368288,17.505697,5.2100024,5.8253016,3.225739,-3.3005831,24.938017,11.840137,5.294006,-20.339756,1.001277,9.607997,-11.0632515
7470212560399109398,-5.829273,19.644014,8.869151,5.827363,32.857662,5.415287,2.5227427,21.7008,17.556175,5.96491,6.55695,3.0228295,-3.171467,25.418446,12.52465,5.630884,-20.594677,1.1514809,10.650774,-10.731097
7470495287212084503,-5.9166546,19.935516,8.668791,5.944212,32.891716,4.977873,2.5548375,21.934393,17.534424,5.702122,6.4736905,3.0223417,-3.2007565,25.287868,12.276827,5.491118,-20.598673,1.0507247,10.431663,-10.751747
7470532387223407904,-6.3970327,20.25523,7.978978,5.9879417,33.468063,5.128868,1.780095,21.951561,17.532742,4.3143463,6.0587144,3.4250596,-3.67405,24.490177,11.673878,4.7290196,-19.682743,1.1311793,9.478318,-11.647769
7470850262840691990,-6.1398435,20.520044,8.608976,6.228366,33.121582,4.347024,2.87521,22.445726,17.855515,5.0425463,6.342569,2.96337,-3.2533367,24.927576,11.93693,5.4715886,-20.918036,1.0125228,10.049317,-10.671766
7470863926922579205,-5.90277,19.687998,8.814574,5.884337,32.954147,5.183348,2.5164943,21.819963,17.648367,5.816525,6.520194,3.08082,-3.1951494,25.357553,12.368865,5.606784,-20.524164,0.89092946,10.58594,-10.891773
7471186366500539670,-6.438785,20.070776,8.165294,5.9295096,33.435474,5.1652203,1.8129247,21.943575,17.59976,4.363807,6.0709934,3.35868,-3.6057522,24.64026,11.7434435,4.803971,-19.493301,0.9517703,9.630677,-11.835837
7471251146288418070,-6.441651,20.382204,8.159993,6.0544295,33.53194,5.198223,2.2569883,22.06492,17.754402,4.368562,6.074091,3.2213795,-3.5074933,24.545025,11.88873,4.9011087,-20.15872,1.3571227,9.440731,-11.375659
7471286673494527254,-6.3441553,20.734186,8.610033,6.1186585,33.210693,5.035489,2.7092445,22.049862,18.126677,4.2199016,6.679198,2.7163758,-3.310356,24.766102,12.263808,5.081017,-20.479399,1.5564841,9.982104,-11.158623
7471289820795374870,-6.0361204,19.832087,9.110458,5.997474,33.103218,5.06415,2.7391284,22.040482,18.07784,5.4222684,6.5370703,3.0295472,-3.207232,25.189642,12.317392,5.8066745,-20.757656,0.8071298,10.605158,-10.9144
7471348371962334486,-5.850601,19.59994,8.948564,5.821853,32.910233,5.543435,2.547373,21.683693,17.635695,5.9315248,6.5490594,3.0293727,-3.17694,25.393745,12.565312,5.685134,-20.625387,1.1955975,10.655752,-10.7473135
7471349532496842006,-5.951079,20.314476,8.434146,6.1546597,32.860577,4.0728226,2.446497,22.375795,17.41365,5.3984013,6.321419,3.1391723,-3.353647,25.051933,11.712508,5.3765416,-20.543718,0.69087446,10.230628,-10.700394
7471566242168491286,-6.3482814,20.248873,8.309042,6.098522,33.536266,5.109608,2.5388122,22.233347,17.67545,4.859287,5.8708844,3.2359104,-3.411054,24.684978,11.931973,5.218163,-20.46059,1.3994032,9.465115,-11.025217
7472755159945252118,-6.3016825,20.375114,8.334994,6.1881394,33.38495,4.515406,2.797155,22.501762,17.626299,5.072559,5.877628,3.1246328,-3.2728398,24.867624,11.837695,5.3460345,-20.614258,1.1398342,9.574168,-10.873777
7473095088948759830,-6.014349,20.933382,7.9552794,6.107819,33.179092,5.29031,2.1042917,21.530365,18.025143,4.2792025,7.1423426,3.1916268,-3.6281612,24.336662,12.1128,4.7568054,-21.0782,1.6113693,9.97416,-10.78016
7473224176086584598,-5.918312,19.836243,7.935941,5.960935,33.176826,4.7499824,1.7422522,21.83767,17.215387,5.538789,6.2488136,3.6778958,-3.6151419,24.861586,11.634839,5.0667667,-20.100817,0.49904624,10.016367,-11.148355
7473874393719000342,-6.052267,19.971582,7.8914523,6.014128,33.23805,4.60744,1.5387137,22.026436,17.154465,5.103412,6.012396,3.749723,-3.7700827,24.630245,11.35886,4.95523,-19.795797,0.5632341,9.782488,-11.306818
7474625701350509846,-6.1341953,20.020693,8.577456,5.9667974,33.03992,4.9377627,2.5241156,22.106592,17.454453,5.336624,6.154149,2.984698,-3.2329488,25.181417,12.146861,5.3212905,-20.20704,1.1860836,10.072298,-11.0124655
7474850979473640726,-6.096179,20.317139,8.292468,6.1818085,33.05704,3.9892871,2.459587,22.499868,17.405375,5.271509,6.087912,3.2213135,-3.362105,24.98219,11.586824,5.319083,-20.37396,0.61820346,9.956317,-10.907137
7475273206497086742,-6.008201,20.502642,7.85874,6.1614256,33.22368,4.490713,1.8194101,22.000185,17.561962,4.7591357,6.50411,3.5885508,-3.7523382,24.429579,11.461386,4.9087086,-20.512417,0.7319949,9.854703,-10.981042
7475642830430522646,-6.4921885,20.246088,8.184044,5.936229,33.444885,5.256335,2.0504272,21.867579,17.780745,4.2154274,6.290435,3.1362789,-3.4765418,24.706285,11.974742,4.726532,-19.6438,1.0885202,9.64909,-11.863461
7475687308797299990,-6.1665072,20.287256,8.1036825,6.1926,33.305984,4.1432595,2.71707,22.486479,17.45063,5.460296,5.9599395,3.2564666,-3.2443326,25.018879,11.710947,5.32851,-20.600504,0.69701016,9.686944,-10.87898
7475816575975623958,-5.937783,19.601414,8.891445,5.805642,33.015648,5.631828,2.4135926,21.61239,17.740282,5.6687145,6.589002,3.0737295,-3.2396863,25.294922,12.528161,5.559028,-20.441048,1.1050646,10.598479,-10.999367
7476157177149803798,-6.158653,19.918911,9.052211,5.9506183,33.261555,5.5330644,2.6846192,21.852673,18.202417,5.051531,6.5717,2.98393,-3.250866,25.03469,12.4716625,5.6192327,-20.68231,1.1529082,10.412792,-11.06806
7476404323317222658,-6.111004,20.456738,8.453585,6.2248845,33.063087,4.1254005,2.7642443,22.550447,17.559628,5.238069,6.124582,3.0515864,-3.2724433,24.97584,11.76679,5.4245505,-20.745455,0.929443,9.941681,-10.643085
7477287305078934786,-5.9784737,20.382101,8.254265,6.2092285,32.939358,3.8638546,2.288782,22.478352,17.346647,5.2797947,6.202161,3.3105476,-3.4691515,24.891247,11.461439,5.3041725,-20.475435,0.5553524,10.067334,-10.748161
7477935287646063894,-6.2566986,20.465082,8.6114025,6.0715127,33.026955,4.7405715,2.7193215,22.196718,17.72592,4.768657,6.409107,2.712774,-3.201743,25.07154,12.185435,5.160309,-20.266697,1.3166275,10.044085,-11.084027
7478288153153916182,-6.1774883,19.919027,8.246538,5.982913,33.22081,4.6441703,1.9992422,22.085443,17.464058,5.104224,6.14748,3.4120362,-3.4859014,24.92501,11.6843405,5.126963,-19.868492,0.48883393,9.979102,-11.453922
7478407463675481366,-6.0933156,19.863026,8.24148,5.8928194,33.10942,4.9873066,2.0937617,21.845232,17.33977,5.3419023,6.275529,3.228038,-3.3702147,25.122854,12.013468,5.050089,-19.865376,0.8145817,10.063659,-11.34965
7478417820376812822,-5.873685,19.639357,8.906273,5.8066297,32.91212,5.6070457,2.49402,21.62758,17.672089,5.823453,6.6132045,3.0079615,-3.1917837,25.365038,12.586112,5.602583,-20.580233,1.2207363,10.648144,-10.8008
7478712216724802838,-6.3380733,20.281143,8.543781,6.122013,33.353928,4.8518767,2.7828119,22.424402,17.633484,4.9840226,5.8365026,3.0114758,-3.2711248,24.894323,11.995859,5.3673735,-20.450462,1.4163579,9.616943,-10.914682
7478735064881237270,-5.816414,19.728926,8.765619,5.8637223,32.82014,5.230467,2.5070324,21.779509,17.465761,5.97261,6.5181737,3.0361779,-3.1814048,25.40728,12.418798,5.578612,-20.590017,1.1075562,10.595135,-10.689693
7479068329584364823,-5.985431,20.250957,8.109553,6.163489,33.098698,4.083756,2.432719,22.33199,17.377653,5.5472946,6.210877,3.3435025,-3.3583324,25.006521,11.641567,5.3036203,-20.581331,0.5342012,9.981699,-10.808464
7479081271746989334,-5.970178,19.76615,8.894969,5.8470273,32.955708,5.500289,2.4488869,21.708574,17.7309,5.496478,6.5809555,2.9847605,-3.2416751,25.248592,12.479816,5.500011,-20.450193,1.2030325,10.550756,-10.946571
7479158367873748246,-5.8940477,20.045956,7.840341,6.0537343,33.143147,4.4446797,1.658643,21.970257,17.207743,5.3769503,6.270876,3.7475312,-3.7144942,24.703362,11.414055,5.0280323,-20.194265,0.42524776,9.972572,-11.049806
7479794065983147269,-6.2864532,19.967506,8.212184,5.935096,33.304432,4.899003,2.3105173,21.971886,17.566467,5.094276,6.2254558,3.1715553,-3.2785094,25.095217,12.014203,5.029923,-19.902426,0.7068815,9.880187,-11.568565
7480244111207976214,-5.9295845,19.80017,7.968328,5.9415255,33.168453,4.8157067,1.6379079,21.824343,17.1955,5.4681654,6.214052,3.7017076,-3.6620119,24.823849,11.605374,5.0509505,-19.991116,0.5232865,10.021118,-11.200482
7480563839319264534,-6.0177975,19.9997,8.613803,5.925571,32.883778,4.9673543,2.5958946,21.949572,17.447252,5.5487094,6.4170547,2.8557713,-3.1387825,25.367098,12.33708,5.3151145,-20.290472,1.1579317,10.314741,-10.941147
7480851478555659543,-6.2342696,20.475525,8.318769,6.2372103,33.28099,4.241431,2.8214378,22.573,17.61331,5.120648,5.974683,3.1100545,-3.2687726,24.88662,11.758296,5.36443,-20.730295,1.0033085,9.674253,-10.763515
7480918194438278422,-6.0539446,19.762215,8.643817,5.92489,33.09529,5.0110307,2.2879002,21.963709,17.59626,5.4399376,6.293162,3.222246,-3.338796,25.13525,12.06927,5.4298058,-20.21008,0.7663845,10.300914,-11.147538
7480938335133863190,-6.262584,20.00692,9.055006,5.967983,33.23924,5.395544,2.7473617,21.99313,18.124922,4.8954115,6.4410815,2.8565404,-3.2112136,25.069937,12.437084,5.5516653,-20.433477,1.2627962,10.292313,-11.180902
7481596789448117526,-6.3081727,20.450687,8.154304,6.2103157,33.395344,4.359716,2.422834,22.502193,17.553469,4.7902946,5.8704243,3.3191752,-3.4779325,24.645672,11.547796,5.1799064,-20.372305,0.9836214,9.503831,-11.036855
7481624954484690198,-6.5523386,20.347918,8.251046,6.0023274,33.477837,5.104614,2.247326,22.065443,17.812674,4.1741195,6.1529856,3.0685759,-3.4286458,24.693003,11.936722,4.8120885,-19.757004,1.164355,9.544558,-11.757062
7481977420220779798,-5.997416,20.306688,8.41933,5.895726,32.994038,5.6358404,1.9807216,21.395279,17.834562,4.649554,7.027019,3.043594,-3.5371509,24.761864,12.337722,4.8913155,-20.37221,1.4352574,10.355357,-11.116131
7482898265906646294,-6.174311,20.80182,8.0023575,6.1976557,33.40536,5.0213265,2.2763147,21.948849,17.902468,4.3786817,6.5693336,3.2807362,-3.626822,24.315193,11.854516,4.8993597,-20.920053,1.4683511,9.623728,-10.808843
7483098002547100950,-6.151348,19.938103,8.822647,5.893934,33.17503,5.5903177,2.560392,21.757174,17.943472,5.105946,6.538526,2.9486208,-3.2401867,25.085308,12.486332,5.3922234,-20.48609,1.3046348,10.292858,-11.105788
7483220883759303959,-6.0408163,19.914307,9.077021,5.9937396,33.075256,5.104827,2.7493603,21.99216,18.089756,5.341972,6.6150355,2.967355,-3.1968632,25.182547,12.368485,5.733893,-20.766401,0.90002453,10.599222,-10.913135
7483430893965626646,-5.8939366,20.123358,8.059983,6.0940623,33.027805,4.2583556,2.031098,22.133299,17.278416,5.5088797,6.300469,3.5061193,-3.5306726,24.900026,11.555599,5.1984262,-20.393234,0.47384435,10.095767,-10.878254
7483554122663234838,-6.1151257,19.814547,8.238926,5.886538,33.162216,5.0226617,1.9445446,21.845963,17.376768,5.239885,6.2323327,3.3564057,-3.4594533,25.0077,11.902143,5.0569644,-19.834072,0.73100674,10.039346,-11.418129
7483888039303843094,-5.875957,19.85613,7.873705,5.985215,33.14435,4.6256046,1.5938332,21.879047,17.124016,5.5336847,6.2065034,3.7745233,-3.7033978,24.78837,11.487523,5.050845,-20.045267,0.43603024,10.008178,-11.116993
7483898615803612418,-6.0620112,19.81103,9.040799,5.9601455,33.145,5.210393,2.6827333,21.926895,18.094578,5.362085,6.5917463,3.030084,-3.2096474,25.182894,12.376756,5.709734,-20.675293,0.82712495,10.573855,-11.030222
7484305196332436758,-6.214139,20.148895,8.965576,5.9670596,33.171574,5.452204,2.7439358,21.873983,18.136024,4.840667,6.6354647,2.7894738,-3.20745,25.05262,12.518788,5.4385858,-20.54569,1.388818,10.329266,-11.103726
7484928854029634838,-6.080593,19.748354,8.431826,5.9130015,33.120255,4.928216,2.0292523,21.975325,17.392796,5.3617167,6.141708,3.358708,-3.448643,25.043835,11.8727045,5.263308,-19.919363,0.70803475,10.136041,-11.286273
7485773090555956503,-6.22633,20.155996,8.566666,6.0988436,33.285206,4.8197627,2.8717167,22.376986,17.594284,5.350622,5.9021835,3.028358,-3.1887457,25.053164,12.079955,5.495666,-20.62463,1.2954382,9.772893,-10.778389
7485818484723567894,-6.106597,20.950571,8.019906,6.2633834,33.224503,4.442501,2.4786978,22.087915,17.976397,4.51452,6.809474,3.1625924,-3.4840062,24.5188,11.815106,4.987746,-21.06563,1.0732254,9.8804245,-10.788784
7486043762590895382,-5.8890066,19.88582,8.023393,5.996136,33.059837,4.494358,1.7732754,21.957321,17.19782,5.553871,6.2755704,3.622627,-3.5970771,24.91719,11.563136,5.128397,-20.085625,0.37925866,10.131613,-11.1068125
7486129539827928342,-6.35295,20.688524,8.671337,6.117725,33.219658,5.0367413,2.7778552,22.093765,18.129484,4.281817,6.6165986,2.7023158,-3.2766826,24.806479,12.285934,5.1523275,-20.498146,1.563844,9.9832945,-11.1337185
7486138878026321174,-5.883262,19.910902,8.668611,5.9588733,32.848007,4.8290243,2.5521367,22.005104,17.458584,5.8129783,6.421337,3.0480416,-3.1987128,25.326263,12.208098,5.536367,-20.587133,0.9644693,10.456832,-10.7039585
7486391346727537942,-6.042516,21.093332,7.923492,6.151823,33.178627,5.179368,2.138688,21.543474,18.110977,4.087164,7.2718067,3.122192,-3.635411,24.296585,12.094831,4.6687484,-21.064602,1.5765918,9.976608,-10.839203
7486822725684792599,-6.379567,20.394697,8.372388,6.1640244,33.513233,4.8533864,2.5346234,22.34544,17.81235,4.6118255,5.963434,3.2082295,-3.4520772,24.607805,11.816577,5.2275324,-20.443758,1.2558987,9.532644,-11.0911045
7487960173529582870,-6.155067,19.883541,9.0438595,5.899495,33.226658,5.7158756,2.5718622,21.721762,18.181177,4.9817834,6.649157,2.960614,-3.2796104,25.029919,12.538495,5.533454,-20.548084,1.2560177,10.449374,-11.150863
7488220279244623126,-6.310632,20.605196,8.12822,6.1186676,33.278545,4.8041797,2.1241643,22.128113,17.670038,4.2995872,6.2828956,3.1932278,-3.5887544,24.496702,11.71523,4.8306212,-20.23544,1.2468114,9.625164,-11.200028
7488241037907905797,-6.0344114,19.866446,8.060867,5.946648,33.12868,4.719567,1.883046,21.956572,17.171806,5.417629,6.1176476,3.4684694,-3.5114846,24.983736,11.712525,5.0473843,-19.85157,0.63772374,9.961638,-11.273378
7490119511731965206,-5.898475,19.790382,8.681629,5.8830256,33.019913,5.3606873,2.3950737,21.653858,17.739819,5.62096,6.6877446,3.1318603,-3.2784104,25.205496,12.390722,5.4581637,-20.593521,0.9668103,10.541134,-10.92512
7490222588883422486,-6.187044,20.512775,8.3696165,6.250982,33.133198,4.010011,2.705783,22.63944,17.54907,5.0790763,6.0195384,3.1083674,-3.3151677,24.892193,11.636071,5.3701863,-20.627972,0.87806195,9.806555,-10.760507
7490268698918309142,-6.083458,19.910892,8.564893,5.957161,33.129044,5.1338964,2.5088406,22.05106,17.457293,5.5160418,6.0880227,3.1251051,-3.2732005,25.115181,12.1581545,5.415534,-20.427294,1.2436153,10.026643,-10.856725
7490984274049469718,-5.895457,20.285255,8.44073,6.0582647,32.94191,4.680099,2.6628623,21.899754,17.750162,5.5024076,6.8448462,2.9717524,-3.1863723,25.213093,12.257814,5.346889,-20.828289,0.8672824,10.44643,-10.766071
7491219464474856727,-6.0500154,20.023327,7.958661,6.051883,33.20378,4.4527516,1.7140422,22.14157,17.174452,5.17961,5.993181,3.671906,-3.6948435,24.701033,11.3765745,5.0456753,-19.918299,0.555505,9.806864,-11.203443
7491322585624349974,-5.9029374,20.357965,8.399962,6.082589,32.963215,4.618835,2.6433017,21.902538,17.808401,5.4090066,6.9022045,2.9994328,-3.216564,25.150618,12.210685,5.3208413,-20.8652,0.82187545,10.440566,-10.793168
7491632736105450774,-6.027539,20.94204,7.8473597,6.209482,33.319218,4.88113,2.1908994,21.704885,18.107374,4.3780327,7.114386,3.329914,-3.6410978,24.313965,11.893524,4.814811,-21.179846,1.1379246,9.920999,-10.832143
7493248933460741378,-6.171979,20.879234,8.063074,6.2816844,33.33899,4.4370284,2.5111704,22.181215,18.007372,4.4935374,6.6521306,3.2137856,-3.496777,24.489359,11.757422,5.0554366,-20.993267,1.0206721,9.787671,-10.860769
7493891893026180374,-6.537368,20.28063,8.2077465,5.9839697,33.43591,5.002578,2.26936,22.088709,17.696966,4.3405557,6.1015563,3.0516732,-3.372675,24.812248,11.936022,4.805,-19.666197,1.0722973,9.553087,-11.785177
7493955664008498454,-6.550304,20.29433,8.074834,6.0031066,33.575397,5.105829,2.2582924,22.066826,17.7241,4.3463655,6.030692,3.180582,-3.416425,24.690685,11.899137,4.799062,-19.832232,1.1330541,9.393219,-11.723828
7494193739187916054,-6.41574,20.369957,8.148837,6.0669856,33.322987,4.5255713,2.4809763,22.24037,17.651888,4.685204,6.1836443,3.038449,-3.2698805,24.956419,11.86881,4.9390693,-19.97669,0.81520015,9.676536,-11.540693
7494205664135236886,-6.4674067,20.229582,8.069277,5.9626307,33.471924,5.125063,1.8151009,21.925314,17.673994,4.173501,6.1717377,3.3359227,-3.6239185,24.554796,11.732951,4.6963577,-19.556423,0.96940774,9.56926,-11.866915
7494230009050139926,-6.1976967,19.9107,8.948791,5.884515,33.25674,5.759443,2.5110905,21.678274,18.15207,4.881636,6.647883,2.9512665,-3.292387,25.004063,12.534427,5.407798,-20.425621,1.2763907,10.3655615,-11.257646
7494238893546474774,-6.5003734,20.150333,8.0977335,5.9549546,33.483746,5.068727,1.9323354,22.022276,17.58271,4.3286915,6.003334,3.2953594,-3.542104,24.66894,11.753365,4.7590904,-19.492,0.9717976,9.507143,-11.865142
7494590607797554454,-6.1988287,20.069477,7.9196835,5.9794507,33.351295,4.9408584,1.4939264,21.89861,17.36293,4.640826,6.112797,3.66274,-3.8026495,24.492863,11.474998,4.7924795,-19.677082,0.77230495,9.6852455,-11.542342
7495322095065238806,-6.0144553,19.763683,8.786407,5.9486055,33.103867,5.0544515,2.4955876,21.9708,17.751066,5.559374,6.3810444,3.168508,-3.2662065,25.185835,12.194209,5.5997777,-20.50206,0.79614866,10.412693,-10.991531
7495368561821535510,-6.3309155,20.05359,8.622767,6.0465207,33.400684,5.0686746,2.2704706,22.22984,17.74034,4.7042537,5.9353666,3.2615182,-3.5163357,24.699743,11.83985,5.3211126,-20.08228,1.142083,9.788262,-11.263115
7495455289882184982,-5.9365106,19.96643,7.7513714,5.997797,33.22896,4.7263293,1.3754683,21.833805,17.152706,5.184692,6.1980863,3.8728733,-3.8524709,24.55125,11.361832,4.88582,-19.944878,0.5317598,9.85309,-11.218589
7496799936558796054,-6.190893,20.15281,8.474974,5.9462233,33.085003,5.1644306,2.4699035,21.924948,17.539593,5.042244,6.3407145,2.878637,-3.2565072,25.10242,12.265695,5.068781,-20.109684,1.339457,10.004961,-11.155585
7496845046814166294,-6.2983537,20.681805,8.117819,6.187154,33.39434,4.723362,2.150173,22.102652,17.914627,4.1802506,6.46898,3.262718,-3.6430635,24.377794,11.673144,4.8610134,-20.412071,1.0359449,9.681859,-11.225796
7500926454671232278,-5.8771963,19.599958,8.810618,5.7827425,33.04899,5.9210305,2.2706635,21.446926,17.722906,5.6535726,6.6439304,3.1725855,-3.3376172,25.160599,12.560452,5.500012,-20.56156,1.2958802,10.55722,-10.886045
7500939642972212502,-5.9555225,20.239973,7.6543064,5.9941864,33.331425,5.115458,1.2321944,21.466581,17.598753,4.617983,6.763498,3.86446,-3.9687657,24.262314,11.515729,4.635703,-20.220825,0.6387409,9.931143,-11.340342
7502082897935928598,-6.0103993,20.283783,7.69044,6.008208,33.355988,5.155109,1.201451,21.533989,17.571342,4.4628263,6.6408157,3.854422,-4.016846,24.179655,11.466638,4.6214294,-20.123592,0.7869915,9.829911,-11.350644
7504627479449963798,-6.0564737,20.633858,8.072407,6.251641,33.131683,4.1040387,2.2422674,22.341164,17.571953,4.858345,6.363545,3.3509862,-3.571628,24.604733,11.482902,5.114195,-20.650763,0.77168864,9.868026,-10.798555
7504668782045039894,-5.960792,20.039896,8.124268,5.870891,33.19164,5.7180667,1.4908547,21.34637,17.60224,4.7677298,6.715968,3.5279417,-3.8028135,24.506142,11.981071,4.820589,-20.183039,1.2009736,10.116215,-11.202891
7505058159258504470,-5.8683796,20.27154,7.5665145,5.9860163,33.352108,5.328298,1.133189,21.276224,17.658884,4.626905,6.952125,3.941717,-4.041001,24.156715,11.570649,4.5766687,-20.428392,0.71616143,9.973531,-11.223865
7506217095441435926,-5.835086,20.221338,7.5309787,5.9596066,33.350483,5.4719634,0.9869918,21.211472,17.57955,4.6286025,6.8955216,4.02324,-4.123187,24.086731,11.539947,4.5370326,-20.370752,0.81405807,9.942295,-11.198324
7506795063012232470,-5.877427,20.267256,7.567329,6.0215073,33.333714,5.0865836,1.1896523,21.416832,17.59465,4.709998,6.851859,3.9462242,-4.0174046,24.207369,11.470511,4.6281824,-20.377356,0.5673082,9.959841,-11.227765
7506824474902433026,-5.8427715,20.097319,7.6643615,5.921834,33.373024,5.7359996,1.2004284,21.197277,17.520287,4.8569956,6.7661147,3.9114275,-4.0094395,24.218523,11.754115,4.6639056,-20.44431,1.0903785,9.906658,-11.057801
7508716246301510914,-6.2533507,20.3245,8.089069,6.0935526,33.548035,5.1804805,2.1858227,22.028282,17.674164,4.708942,6.063817,3.4501696,-3.601875,24.479889,11.8144455,5.085208,-20.445713,1.3784131,9.497531,-11.060631
7508723396641852694,-5.9533076,20.282133,7.6155596,5.9871116,33.447815,5.575717,1.2718359,21.335464,17.605536,4.5830865,6.7174935,3.8715227,-4.0162315,24.114687,11.659366,4.59598,-20.443213,1.1032499,9.748122,-11.124226
7509512878026788118,-5.824555,20.150331,8.256902,5.9137325,33.096897,5.6619725,1.8318964,21.274807,17.846373,5.006818,7.0955305,3.3816078,-3.6503341,24.65313,12.220446,5.005171,-20.730402,1.1641785,10.412009,-10.916946
7510326060676975894,-6.222042,20.634209,7.965357,6.0097036,33.365067,5.4434233,1.7357363,21.504206,17.997644,3.9545965,6.9146314,3.3287876,-3.755429,24.28482,11.947959,4.5841537,-20.292807,1.3026301,9.844088,-11.446787
7510479503592901910,-5.8566937,20.451685,8.173274,5.9976726,33.047867,5.352821,2.2035363,21.424698,17.891533,5.0077133,7.1726894,3.169361,-3.4705224,24.76186,12.302994,4.997548,-20.99968,1.2579376,10.339752,-10.770541
7511669950990290198,-5.870133,20.038528,7.9146233,5.9069242,33.19207,5.4856043,1.1343493,21.366423,17.463665,4.762756,6.6773324,3.8189402,-4.0067983,24.31956,11.659907,4.764529,-20.102287,0.9740298,10.083541,-11.199205
7512478582627732758,-5.8443966,20.155876,7.7501864,5.904787,33.307686,5.783026,1.2309451,21.123222,17.644709,4.7356153,6.9549537,3.800082,-3.9739902,24.254183,11.860038,4.638323,-20.458275,1.1008224,10.041482,-11.112974
7514700901009886486,-5.833557,20.148602,7.7520323,5.9654884,33.25086,5.2800126,1.1192291,21.326122,17.620987,4.7351522,6.914003,3.9183438,-4.035936,24.24012,11.562738,4.7019005,-20.342947,0.6452562,10.125208,-11.207362
7515407893357759766,-6.3771267,20.613173,8.545772,6.0675764,33.320328,5.298894,2.5057125,21.942574,18.097479,4.140437,6.5817065,2.8583705,-3.4096334,24.651588,12.232057,5.0208044,-20.339289,1.6204714,9.874729,-11.274486
7515834191922072854,-5.8810096,20.309097,7.5324574,6.0011177,33.38543,5.460359,1.039944,21.29923,17.532053,4.5430055,6.7755136,3.9882472,-4.1449866,24.013653,11.502379,4.533976,-20.366732,0.9832442,9.810623,-11.125326
7516624091097337110,-5.8137517,20.04034,8.448128,5.8929453,33.00262,5.6208653,2.0836527,21.386425,17.771729,5.296996,6.9736023,3.2301702,-3.4893575,24.886192,12.355428,5.183512,-20.767109,1.2301375,10.492475,-10.796395
7516934430083091734,-5.891076,20.277758,7.7509594,6.0320606,33.364517,5.4076295,1.4463278,21.503723,17.5297,4.8148756,6.592573,3.8334002,-3.9630086,24.197798,11.648456,4.8055987,-20.598864,1.1702005,9.804268,-10.878117
7517305745210232086,-5.861466,20.198534,7.501206,5.954345,33.411118,5.5598736,1.0260677,21.195053,17.561018,4.65634,6.854254,4.021659,-4.1017427,24.085865,11.580718,4.534614,-20.391077,0.88427347,9.870554,-11.185977
7517644986310020408,-5.822202,20.017963,7.7360053,5.91171,33.311646,5.6163564,1.2327727,21.225714,17.512587,4.9789023,6.790689,3.8772886,-3.9607046,24.336378,11.756777,4.721193,-20.370201,0.9050499,10.032045,-11.114243
7517676181366295830,-5.914928,19.91151,8.853139,5.9027324,33.103237,5.6898947,2.3034096,21.492762,18.120651,5.180924,6.9721227,3.1502135,-3.418414,24.935465,12.459468,5.4666843,-20.807295,1.101522,10.65543,-10.9307
7518292077080268054,-5.832234,20.135485,7.51138,5.9499044,33.37092,5.4609113,1.0133742,21.240202,17.486044,4.782267,6.794266,4.046411,-4.091932,24.144424,11.537659,4.577361,-20.345655,0.7985132,9.898285,-11.172572
7518400955877199127,-5.7216854,20.254572,7.6925673,6.025131,33.20683,5.145799,1.2449478,21.329628,17.640175,4.9246807,7.04531,3.9251354,-4.0120096,24.25166,11.574775,4.7705655,-20.66923,0.62262416,10.198057,-10.959891
7519058140860583190,-5.8948665,19.98557,8.011105,5.8664637,33.195602,5.6812625,1.2274511,21.286839,17.529015,4.774191,6.7280383,3.7171013,-3.9393268,24.396566,11.823272,4.775958,-20.101707,1.0627356,10.132965,-11.234922
7520150754858896645,-6.1837797,19.960077,8.040979,5.9242225,33.258335,4.9200406,2.010086,21.857628,17.423916,5.1177115,6.2765408,3.3414612,-3.4312205,24.965563,11.874354,4.908889,-19.872602,0.6712073,9.882635,-11.504496
7520582757412556054,-6.064967,19.881832,8.779927,5.8320575,33.073338,5.778509,2.3944645,21.596386,17.78867,5.196011,6.594723,2.9591703,-3.2886627,25.104353,12.546643,5.3134294,-20.38749,1.4646971,10.354413,-11.05161
7520640970199698710,-5.976113,20.547329,8.237277,6.0819283,33.26126,5.2880073,2.245026,21.522738,18.218475,4.6488853,7.2012615,3.2397194,-3.5523143,24.547571,12.186272,5.029773,-21.086422,1.0806202,10.261939,-10.9139595
7523154104273915158,-5.99093,20.863453,7.782414,6.175681,33.338642,4.9634585,2.0961556,21.585102,18.10231,4.451053,7.193662,3.3982005,-3.6645694,24.32117,11.912098,4.7740746,-21.151167,1.04875,9.965644,-10.891244
7523190975850679554,-5.9817047,20.089365,8.572374,5.881746,33.01103,5.6893497,2.267303,21.556068,17.705944,5.1228995,6.7018685,3.0199838,-3.3888433,24.946278,12.434995,5.162467,-20.56974,1.5510548,10.292138,-10.856056
7524285666692271382,-5.8115373,20.202242,7.628652,5.9943333,33.253773,5.221748,1.131293,21.412806,17.42773,4.8368196,6.7252784,3.95656,-4.0521383,24.210114,11.494602,4.689443,-20.36163,0.82674295,9.958432,-11.050359
7524347836541046038,-6.0559883,20.364182,7.7887383,5.952694,33.400635,5.599135,1.3251806,21.271063,17.873468,4.2297473,6.9652767,3.6758313,-3.9427042,24.181622,11.80407,4.5501165,-20.278772,1.0270193,9.930915,-11.433891
7524995526518000901,-5.9512715,20.295734,7.550396,6.008052,33.435513,5.3870115,1.1404663,21.381916,17.568441,4.5266385,6.7059555,3.9517229,-4.082476,24.064444,11.501698,4.5528283,-20.327559,0.90932333,9.75448,-11.211161
7527665793501318456,-5.8043847,20.12166,8.187891,6.0606146,32.95711,4.4055295,2.4232926,21.939903,17.517885,5.802189,6.6960397,3.2843058,-3.2809923,25.188286,11.969967,5.341839,-20.78956,0.4924715,10.395205,-10.768853
7528398053666016534,-6.0586605,20.392431,7.9697537,5.9553423,33.328766,5.554998,1.5629909,21.290194,18.01956,4.272806,7.1059637,3.4956005,-3.808577,24.332628,11.96857,4.657696,-20.398363,1.0048537,10.100047,-11.411223
7528433357093358870,-5.7362237,20.02225,7.6718893,5.9398804,33.243126,5.405564,1.2182528,21.315605,17.365002,5.179592,6.707871,3.9591076,-3.972938,24.355722,11.654758,4.7983384,-20.468224,0.8809741,10.033316,-10.939401
7528439846218550550,-5.843079,20.02843,7.8263154,5.914262,33.20492,5.4191346,1.0830662,21.355997,17.424099,4.8256245,6.6814456,3.886159,-4.0286937,24.30825,11.602632,4.7409253,-20.11067,0.8782025,10.070986,-11.199051
7529427220335496450,-5.781302,20.158838,8.394026,5.9548593,33.025604,5.4894342,2.0215435,21.405941,17.859028,5.1800485,7.0790386,3.3094978,-3.5757139,24.74989,12.236185,5.167545,-20.900206,1.1266707,10.507602,-10.742436
7529820615637847318,-5.915164,20.682953,7.7711024,6.1301417,33.342068,5.1372614,1.8297323,21.456825,18.034485,4.5315266,7.184963,3.5667007,-3.7944927,24.243765,11.8418665,4.76514,-21.065416,0.9614861,10.028366,-10.903588
7529912051498552598,-6.1585727,19.923002,8.074239,5.91825,33.29916,5.090596,1.6608609,21.76286,17.517994,4.862446,6.3377156,3.5549214,-3.6612303,24.688213,11.706127,4.883419,-19.861439,0.62260884,9.923712,-11.538195
7530943991257386262,-5.8482666,20.149565,7.6848097,5.963683,33.246613,5.2796903,1.0785037,21.417099,17.413296,4.7698197,6.66789,3.9452746,-4.0578275,24.219137,11.499274,4.6870027,-20.226875,0.86560565,9.954218,-11.137207
7532382235463339286,-5.7632713,19.962622,7.8552513,5.892644,33.265568,5.7545943,1.3284134,21.19454,17.511581,5.136793,6.795475,3.8400662,-3.9197564,24.394356,11.880877,4.847763,-20.52953,1.0730777,10.110207,-10.940038
7532594185912847638,-5.8045554,20.164608,7.5775843,5.978289,33.3058,5.322366,1.0230008,21.305183,17.497423,4.787634,6.8267426,4.0310173,-4.1036386,24.15216,11.481218,4.6293097,-20.355732,0.7116602,9.984226,-11.137301
7533124404062981398,-6.1220126,20.426813,8.049586,6.0414796,33.450172,5.608326,1.9997851,21.60485,17.845701,4.53635,6.601103,3.3974936,-3.699313,24.350092,12.016827,4.8559337,-20.682302,1.500321,9.726709,-10.973744
7533680078866238742,-5.9350886,20.43511,8.363379,6.0215645,33.04804,5.1734486,2.3267295,21.578218,18.007412,4.913793,7.1328254,3.078426,-3.4111674,24.836437,12.284055,5.1042876,-20.878872,1.101735,10.4144,-10.9056835
7535123405562006806,-5.835783,19.851112,8.710022,5.8468113,32.97948,5.7089615,2.2601018,21.425217,17.834318,5.468017,6.913001,3.1302035,-3.3669515,25.075848,12.508093,5.385578,-20.731522,1.2049704,10.633177,-10.834708
7535476048444558614,-5.8776193,20.197144,7.5806956,5.98353,33.310062,5.1710234,1.0921528,21.40866,17.503193,4.7156677,6.7570744,3.9746537,-4.042939,24.203419,11.460789,4.621796,-20.268568,0.6734964,9.92949,-11.233057
7535840388725378306,-5.86163,20.0714,7.6149044,5.959893,33.294735,5.2121286,1.0150462,21.436556,17.357843,4.8329315,6.595907,4.024979,-4.075112,24.228003,11.416234,4.66566,-20.12062,0.69971836,9.90916,-11.225791
7535846060476976406,-5.905094,20.56594,7.717916,6.09298,33.323555,5.2316194,1.5497684,21.446703,17.811255,4.520352,6.987585,3.6931767,-3.9292011,24.153343,11.695527,4.6871653,-20.79702,1.0199383,9.937047,-10.939422
7535846685101149462,-5.873193,20.13427,8.489994,5.943806,33.140476,5.6362967,2.114884,21.376339,18.05962,5.0251193,7.114858,3.2640934,-3.5363078,24.744015,12.337431,5.2011623,-20.886425,1.121699,10.503228,-10.9001465
7535846854743821590,-5.7972145,20.049688,7.730122,5.9449883,33.250973,5.422903,1.1378336,21.356535,17.38544,4.976424,6.655975,3.9474425,-4.033979,24.27505,11.587949,4.7604775,-20.308302,0.913073,9.998745,-11.033513
7536170254989315350,-6.311065,20.307365,8.411702,6.1512303,33.364872,4.6799183,2.7125092,22.468237,17.5692,5.032803,5.807923,3.1151729,-3.31177,24.850292,11.861808,5.3397317,-20.47964,1.2774364,9.568928,-10.893022
7537707440142454038,-5.8968754,20.428291,8.1820135,6.021595,32.961967,5.035952,2.1623745,21.669075,17.649864,5.0451818,6.882907,3.1506271,-3.4765427,24.805687,12.104443,4.979784,-20.744707,1.1843656,10.23874,-10.770538
7537717748512705814,-6.0759387,19.865162,9.042706,5.901103,33.159462,5.6287236,2.538715,21.68777,18.176155,5.0788183,6.7543926,2.9897015,-3.2852972,25.064997,12.526659,5.5702887,-20.610262,1.1409876,10.578661,-11.098925
7537787296209259782,-6.1585917,20.209349,7.984133,5.929776,33.407192,5.665238,1.5592276,21.487019,17.686613,4.407172,6.5491676,3.5294137,-3.8164742,24.349863,11.877395,4.685588,-20.09553,1.2641901,9.773918,-11.386395
7538076349500689666,-5.9188576,20.050858,8.381529,5.848617,33.04259,5.79675,1.9532695,21.360762,17.676617,5.0691204,6.8292193,3.2099836,-3.532796,24.813578,12.344118,5.0186253,-20.495813,1.4360435,10.306649,-10.952682
7538370537211432214,-5.7443004,20.020319,7.6362324,5.9273853,33.26507,5.457545,1.18485,21.261883,17.39177,5.143737,6.754419,3.9692566,-3.9798858,24.341402,11.672048,4.7527256,-20.45656,0.8642582,10.028433,-10.986961
7539973950877584662,-6.1187305,19.89721,8.016935,5.901525,33.306873,5.18515,1.529409,21.655481,17.526312,4.8500967,6.4238253,3.631512,-3.7279868,24.623425,11.687179,4.827606,-19.877213,0.5832685,9.954039,-11.545828
7540185950714875158,-5.9436193,19.935644,8.709088,5.8464556,32.977013,5.7163506,2.4213364,21.550716,17.721676,5.400265,6.706786,2.9715369,-3.2741277,25.137304,12.568256,5.3347964,-20.621094,1.4873623,10.434606,-10.82791
7541326779697564930,-5.9332404,20.62782,7.687074,6.155253,33.30196,4.788916,1.6585706,21.678452,17.774937,4.577965,6.8894835,3.6908228,-3.8677247,24.226439,11.543074,4.7469606,-20.785929,0.77675575,9.908927,-10.95743
7542515768215211286,-5.9030986,19.895449,8.1033945,5.981507,33.03988,4.5472617,1.8237739,21.908978,17.313532,5.4843554,6.4001436,3.5528064,-3.5601497,24.950089,11.647844,5.1365576,-20.116537,0.3565564,10.223589,-11.159498
7542538735116684566,-5.8561735,20.224789,7.806055,6.014472,33.38826,5.5325294,1.5640275,21.4056,17.658613,4.9381976,6.7317166,3.8070238,-3.897011,24.263988,11.795848,4.8754535,-20.79517,1.1398842,9.905614,-10.831976
7545046455229205782,-5.9300237,20.60368,7.777634,6.163174,33.36094,4.917452,2.076447,21.679909,17.862837,4.874184,6.919959,3.5366657,-3.6695561,24.400434,11.815816,4.9009748,-21.117388,0.9191887,9.921448,-10.771293
7545446733921209622,-5.953423,20.408594,8.367311,5.9952216,32.97189,5.3924165,2.1160154,21.67209,17.628084,4.854589,6.722062,3.0908947,-3.5507336,24.684645,12.162298,4.989079,-20.6765,1.5972927,10.142968,-10.68624
7545528304237841720,-6.0312557,20.434923,7.6376295,6.0378976,33.4139,5.255859,1.2839812,21.486967,17.68526,4.3272715,6.738036,3.814267,-4.014474,24.088526,11.533534,4.5673704,-20.323875,0.94210273,9.759203,-11.274906
7545851939586723094,-5.9289703,20.210358,7.6261864,6.022079,33.40662,5.255937,1.1653292,21.487268,17.501184,4.6740837,6.5958915,3.9730291,-4.0718193,24.125307,11.440361,4.6588144,-20.287682,0.8028108,9.791889,-11.17053
7547707789863406870,-5.9647317,20.42133,7.818669,6.0287566,33.409885,5.6583986,1.5845714,21.392752,17.749096,4.546271,6.779417,3.657367,-3.9164748,24.15386,11.848144,4.711991,-20.715422,1.3829441,9.794673,-10.911905
7547744113433627926,-5.972104,20.336279,8.111838,5.9532022,33.25356,5.7735248,1.8385534,21.343325,17.831892,4.662581,6.9133363,3.36799,-3.7042305,24.458769,12.166098,4.8375845,-20.662537,1.4708499,10.056022,-10.966051
7548437152137350422,-6.134108,19.92526,9.113927,5.9011197,33.18573,5.717799,2.5555522,21.677193,18.288656,4.8864875,6.795629,2.934559,-3.2932594,25.01093,12.567624,5.554019,-20.593315,1.2302914,10.5712805,-11.164091
7549089036447649046,-6.0270247,20.434628,8.239972,5.946974,33.07395,5.5403514,1.8714882,21.449284,17.808146,4.4828835,6.9636483,3.1594906,-3.636306,24.578646,12.165047,4.7829905,-20.412527,1.4310334,10.173352,-11.103336
7549175046128831766,-5.8106112,20.11225,7.5433974,5.964855,33.31689,5.3066607,0.97230273,21.320898,17.424784,4.828906,6.74206,4.072943,-4.113796,24.160025,11.443494,4.621923,-20.27701,0.6989057,9.940359,-11.164759
7551795663772798211,-5.827439,20.144064,8.150311,5.9566073,33.194633,5.497893,1.8655295,21.32021,17.89818,5.0732923,7.096858,3.4751215,-3.651711,24.63152,12.129732,5.016072,-20.814196,0.9198069,10.365577,-10.94967
7551820830615899414,-5.7652397,20.163979,7.5810947,6.014556,33.2669,5.1296206,1.1075418,21.402166,17.429012,4.954785,6.7721715,4.0315204,-4.0755935,24.210823,11.430421,4.7083235,-20.413086,0.6257883,10.007148,-11.038857
7553173878785297720,-6.246542,20.278267,7.9107995,6.02563,33.426384,5.022023,1.5667225,21.855383,17.59991,4.3473444,6.295334,3.612043,-3.82372,24.345478,11.527202,4.7322445,-19.89681,0.8846645,9.648562,-11.52424
7553223847730777346,-6.5567436,20.474228,8.244558,6.066486,33.448303,4.8917236,2.3906817,22.220715,17.770798,4.199164,6.082672,3.0040302,-3.3901346,24.703928,11.886776,4.8438787,-19.866188,1.2140894,9.479608,-11.616846
7553554500972367107,-6.437932,20.101187,8.341134,5.906618,33.450787,5.485208,1.9916646,21.803907,17.820393,4.3006864,6.2684727,3.2045658,-3.530288,24.668701,12.021678,4.8616834,-19.722641,1.1696389,9.74336,-11.764908
7553663983383858454,-5.8532724,20.222345,7.516308,5.9564486,33.391937,5.5582685,0.9956099,21.183203,17.58801,4.603429,6.8944893,4.0202584,-4.1230035,24.064144,11.57075,4.5235124,-20.385687,0.8784397,9.8974285,-11.196223
7553924193562266902,-5.795801,20.548113,7.8897843,6.1210985,33.188663,5.1003575,1.6602904,21.536306,17.783007,4.7444134,7.0129447,3.6457882,-3.8942835,24.234804,11.706799,4.860522,-21.005907,1.0255239,10.104173,-10.668775
7554403190200945942,-5.846665,20.118078,7.508267,5.9609,33.333576,5.2756557,1.0924451,21.369297,17.375046,4.897852,6.6597958,4.013372,-4.0311093,24.240044,11.494361,4.618705,-20.276121,0.75360656,9.860131,-11.160504
7555760932794764566,-6.0674267,21.212181,7.857233,6.211425,33.17697,4.9097176,2.1765356,21.703238,18.076963,4.0387545,7.1936355,3.1481633,-3.6440322,24.253355,11.951687,4.662665,-21.107668,1.5037438,9.893339,-10.807923
7556260834817723670,-5.804929,20.069979,7.5549016,5.987041,33.27478,5.065083,1.2472585,21.493628,17.285814,5.1690626,6.571987,3.9755855,-3.9473708,24.383778,11.484551,4.7463164,-20.327127,0.6480856,9.910899,-11.0528555
7556661292233379075,-6.0698047,19.991884,8.940436,5.9023094,33.217155,5.8619914,2.4507668,21.534065,18.276693,4.8924327,6.900552,3.0273776,-3.3652165,24.885996,12.568973,5.4466996,-20.782007,1.321858,10.511585,-11.044374
7556999098637880598,-6.0401616,20.111164,7.8577495,6.045192,33.242912,4.651383,1.4752324,21.993982,17.218084,4.919151,6.101864,3.7668805,-3.84889,24.484043,11.3272505,4.8966556,-19.902618,0.68331766,9.757808,-11.23326
7558085942557347094,-6.0877767,20.170803,8.041975,6.101614,33.17292,4.2596674,1.9708718,22.233545,17.348537,5.119794,6.1336017,3.511434,-3.574724,24.781017,11.450909,5.0975833,-20.094137,0.47932267,9.883478,-11.18572
7559134249731853579,-6.0856094,19.880089,8.188885,6.0205173,33.25736,4.6672153,2.1827414,22.168053,17.273232,5.5151734,5.915351,3.4516482,-3.440084,24.975904,11.724925,5.2686887,-20.127127,0.73175573,9.840203,-11.086309
7560707094018542870,-6.008097,20.33979,8.457731,6.1782756,32.98138,4.1801143,2.735829,22.428461,17.496923,5.4854717,6.234453,3.0581675,-3.2391353,25.100164,11.856839,5.461487,-20.751228,0.865916,10.101446,-10.604383
7563265888623840534,-6.187601,20.731295,7.841971,6.1923933,33.300568,4.454934,2.0289652,22.07659,17.72163,4.3984337,6.529515,3.3912907,-3.6513157,24.422316,11.546842,4.7967005,-20.456778,0.87015426,9.69939,-11.160955
7563724139240885526,-5.9082856,20.145193,8.453514,5.8766894,32.982216,5.747131,2.121643,21.429646,17.685408,5.1044602,6.8356366,3.0959318,-3.4657738,24.860266,12.412711,5.0787067,-20.642855,1.5811089,10.322418,-10.798615
7564069366606679318,-6.2199397,19.739477,8.962326,5.8306084,33.24128,5.7828717,2.4405694,21.720945,17.985495,5.034154,6.4422545,3.0013423,-3.2807074,25.08428,12.492972,5.441873,-20.222246,1.2577977,10.320839,-11.331014
7565230748026899734,-6.494338,20.159782,8.140167,5.971061,33.444485,4.9742327,2.2776897,22.104128,17.558022,4.6055126,5.9835534,3.118317,-3.3490086,24.886627,11.9155855,4.84495,-19.669458,1.0144918,9.514399,-11.720454
7565890573115165974,-6.4989676,20.209509,8.0461235,5.9794807,33.517925,5.0804453,1.8749763,22.031574,17.58212,4.249197,5.9806805,3.3532507,-3.6051915,24.563421,11.689604,4.734462,-19.537777,1.0321311,9.439344,-11.819429
7565953021411216662,-6.413034,20.66777,8.645432,6.099503,33.2542,5.0769663,2.6899407,22.097345,18.089638,4.159908,6.5376725,2.7119212,-3.310679,24.773762,12.245952,5.0772924,-20.296473,1.5834148,9.904782,-11.270549
7565955844764863755,-6.046749,19.853224,8.068976,5.987154,33.181778,4.5715656,1.899065,22.07175,17.200207,5.439813,6.0395627,3.5483856,-3.5351455,24.940027,11.593966,5.126966,-19.906965,0.5028942,9.928277,-11.2535515
7566270741134462230,-6.363314,20.48829,8.479007,6.066088,33.23947,5.071328,2.5037467,22.115324,17.781029,4.4297147,6.2902236,2.8683546,-3.369338,24.76928,12.090831,4.9890184,-20.221682,1.4819548,9.758855,-11.188999
7566297785914412310,-5.8917246,20.33151,8.262998,6.0056076,33.224373,5.4983587,2.086159,21.369383,18.133009,4.8512096,7.216623,3.3294537,-3.5895956,24.595825,12.235407,5.056993,-21.017517,1.0458208,10.375787,-10.912968
7566313596351778070,-6.0376406,20.089088,8.660561,5.9156246,33.019764,5.502448,2.5353973,21.75929,17.697178,5.2592254,6.536561,2.9260123,-3.2549908,25.080746,12.454027,5.3052893,-20.633871,1.5364629,10.23925,-10.802092
7566632651352853782,-6.049914,20.927353,7.999126,6.24391,33.247513,4.638121,2.3648849,21.922743,18.047108,4.487713,6.963494,3.2271872,-3.555021,24.443722,11.8601885,4.953767,-21.134268,1.088201,9.951438,-10.778258
7566676756199951638,-6.377143,20.733276,8.553879,6.1574044,33.251396,4.8420253,2.6894133,22.21739,18.028803,4.2369785,6.467002,2.8063908,-3.3415203,24.7194,12.091983,5.1174,-20.435146,1.4897674,9.8478,-11.1406355
7566939859156290838,-5.77931,19.628544,8.770344,5.8425565,32.836933,5.259268,2.489256,21.720434,17.490541,6.090816,6.563023,3.0909283,-3.173613,25.450129,12.445862,5.6293015,-20.613953,1.0035264,10.671199,-10.714367
7566941841996647702,-5.993078,19.96273,8.666982,5.839709,33.017704,5.780152,2.339463,21.530972,17.72612,5.2432256,6.6783614,2.9857109,-3.3192768,25.061338,12.536802,5.2471695,-20.52012,1.5341309,10.354928,-10.916518
7567386738709073174,-5.883903,20.370499,7.620107,6.049703,33.275978,4.9862785,1.3795459,21.533775,17.557524,4.752757,6.781667,3.8210478,-3.9283035,24.277122,11.531636,4.6897354,-20.48946,0.7567928,9.922291,-11.073033
7568382003330993430,-5.9644713,19.943592,8.743701,5.8346663,33.027092,5.9037685,2.3196492,21.470732,17.815847,5.219309,6.7528944,3.0095603,-3.3525085,25.01202,12.577084,5.3019443,-20.621214,1.57345,10.427211,-10.868088
7569206708090850582,-6.0409846,20.155691,7.7681074,5.9347343,33.341915,5.4077244,1.3419977,21.471668,17.494726,4.619817,6.564757,3.712005,-3.8928783,24.351171,11.684566,4.6243033,-20.041395,0.99185216,9.808054,-11.361372
7569526874024512780,-6.528413,20.473377,8.255039,6.0668325,33.44647,4.9421325,2.2979093,22.175436,17.803997,4.145373,6.1356544,3.0585706,-3.4543426,24.631123,11.856877,4.842453,-19.892044,1.2110604,9.519513,-11.601681
7569927329154190614,-6.4405556,20.438923,8.341237,6.057484,33.32446,4.970079,2.3935711,22.17319,17.690744,4.378763,6.1331425,2.9630299,-3.3992608,24.744835,11.955867,4.904728,-19.984043,1.3467265,9.605881,-11.387265
7569964600523853078,-6.0348463,20.354507,7.9067636,6.158058,33.263,4.434609,1.810162,22.115177,17.443762,4.885611,6.263437,3.643492,-3.757814,24.4714,11.379636,4.9909883,-20.340342,0.6700488,9.785022,-11.019094
7570012092829748502,-6.5006475,20.326534,8.123694,6.0574107,33.63845,5.2058997,2.3611515,22.12539,17.754246,4.446531,5.935979,3.2439322,-3.4535968,24.578053,11.896474,4.938371,-20.175446,1.334732,9.317644,-11.412326
7570044496004533516,-6.343829,20.440805,8.552157,6.097145,33.175823,4.812396,2.518184,22.330679,17.656218,4.5787325,6.074038,2.9337082,-3.3721128,24.798573,11.93201,5.153675,-20.227903,1.4134451,9.757624,-11.071689
7571134268403895574,-6.1230555,19.980223,9.131748,5.9187055,33.176292,5.713184,2.6712136,21.687395,18.32952,4.9301443,6.839367,2.8788857,-3.246831,25.035578,12.627892,5.583742,-20.736622,1.2876347,10.580661,-11.072703
7571821778746592534,-6.319378,20.45539,8.3466,6.1689243,33.354286,4.5679913,2.8315153,22.357912,17.784603,4.904165,6.1649547,2.9825857,-3.2229939,24.923738,11.981205,5.223725,-20.557346,1.0728028,9.705155,-11.040559
7571893908754451734,-6.1496205,19.993961,8.758831,5.9297476,33.3322,5.764271,2.4977841,21.67443,18.114834,4.9592175,6.6109285,3.0869231,-3.3462062,24.870968,12.456112,5.3846116,-20.714043,1.3420173,10.217292,-11.053928
7572210750937107734,-6.028058,21.183706,7.8372016,6.214735,33.194576,4.9177046,2.2095857,21.654366,18.11675,4.138079,7.265064,3.1655724,-3.6246443,24.279316,11.9870825,4.696755,-21.209934,1.4391161,9.938956,-10.7629385
7572210786991344918,-6.0387464,21.214434,7.8343577,6.21866,33.19045,4.909942,2.2257335,21.663465,18.120962,4.1059813,7.267676,3.144966,-3.6171725,24.276922,11.993171,4.685536,-21.209675,1.4693508,9.9259615,-10.764167
7572223162520177942,-5.9405556,20.283094,7.5357428,5.9866714,33.47339,5.558827,1.1580272,21.283205,17.628386,4.5334754,6.7817183,3.9534369,-4.071243,24.053734,11.595423,4.538664,-20.42905,0.98867434,9.754973,-11.185805
7572235624627899670,-5.922614,20.073053,8.708917,6.0018463,32.869495,4.8737216,2.6481478,22.04443,17.559458,5.6218824,6.4496675,2.9702253,-3.2041025,25.228634,12.240161,5.520226,-20.741314,1.1580647,10.39177,-10.6053295
7572598154063990038,-5.796812,19.664621,8.806918,5.8516665,32.82187,5.2436724,2.5111206,21.750294,17.504986,6.035892,6.558688,3.0537035,-3.1700463,25.441639,12.443788,5.6275606,-20.606815,1.0317911,10.666969,-10.710075
7572605667299708182,-6.3732133,20.634968,8.720582,6.093862,33.249554,5.174834,2.7483768,22.052443,18.15559,4.2403646,6.5986576,2.7050414,-3.2923214,24.789223,12.324431,5.157001,-20.4509,1.6203779,9.979979,-11.176252
7572922723836431638,-6.0490823,20.139261,8.770076,5.92536,33.015762,5.59459,2.510518,21.728683,17.812286,5.0713716,6.6243806,2.8785515,-3.3007827,25.001425,12.485668,5.2968407,-20.640026,1.6083064,10.296271,-10.8070755
7574759080368114966,-6.5733523,20.387606,8.209989,6.0280395,33.476635,4.959285,2.3097339,22.159822,17.75561,4.20528,6.0748215,3.0473776,-3.3978817,24.722187,11.88968,4.80765,-19.743221,1.1405264,9.478802,-11.741949
7574767270392532246,-6.427119,20.193487,8.012428,5.968751,33.489468,5.132871,1.6794187,21.915262,17.606024,4.2063417,6.1176248,3.4564104,-3.7109056,24.471235,11.634337,4.694621,-19.548412,0.95248747,9.537758,-11.820409
7574884067729050902,-6.4282746,20.306295,7.9702234,6.0120215,33.554436,5.192751,1.9150699,21.926746,17.680075,4.2785993,6.148178,3.3910654,-3.636949,24.46277,11.740238,4.7149367,-19.884472,1.1083741,9.442866,-11.621723
7575105754374458646,-6.074844,19.927681,8.791717,5.872704,33.13924,5.694934,2.5301995,21.616896,17.964468,5.1866503,6.6991997,2.9522448,-3.24215,25.10405,12.571305,5.368439,-20.583254,1.3118745,10.392604,-11.049946
7575110522522144022,-6.4701023,20.085676,8.242014,5.9491873,33.431232,5.101169,2.058743,22.080751,17.53574,4.497087,5.911944,3.2291226,-3.4815373,24.767078,11.835323,4.902862,-19.539074,1.101183,9.559779,-11.731171
7575167976853228822,-6.431358,20.076982,8.114471,5.930552,33.436825,5.1179996,1.8450702,21.9351,17.576408,4.4090004,6.0977373,3.3377626,-3.5685067,24.684935,11.767941,4.770247,-19.51612,0.8922632,9.622432,-11.847038
7575170897451945238,-5.952773,19.963194,8.760372,5.858148,32.91629,5.5725,2.5560565,21.629436,17.70956,5.463096,6.705047,2.8662145,-3.1867995,25.253143,12.6048565,5.372908,-20.609184,1.4527389,10.478257,-10.821598
7575831202117045526,-5.9790864,20.180555,8.796857,6.035042,32.865993,4.8365846,2.7913764,22.13493,17.627838,5.4941874,6.433452,2.8473616,-3.1585402,25.229158,12.2822,5.5376296,-20.7794,1.2760354,10.358623,-10.575603
7575902535349816588,-6.270682,20.682096,8.007313,6.2311096,33.418972,4.406506,2.6732125,22.2766,17.840364,4.760249,6.363068,3.1659062,-3.3377478,24.713411,11.81372,5.0629883,-20.774837,0.9428218,9.618485,-11.01272
7576309328584592643,-6.3890657,20.30481,8.339658,6.139653,33.50134,4.833349,2.637439,22.415556,17.672657,4.849307,5.787567,3.2022002,-3.3614712,24.725348,11.836852,5.2786193,-20.478296,1.2815353,9.451959,-11.022607
7576319921030827286,-5.8320537,20.186947,8.163548,6.0812287,32.954063,4.3463097,2.3928998,22.014029,17.467747,5.712208,6.611711,3.2853618,-3.318476,25.124844,11.891686,5.3084364,-20.741447,0.54306936,10.312656,-10.751667
7577087400501857592,-6.529056,20.440254,8.220717,6.0345488,33.4042,4.959034,2.3337135,22.138561,17.724476,4.23693,6.141484,2.9867117,-3.3905356,24.738646,11.928565,4.7836237,-19.80763,1.2200294,9.522556,-11.639073
7577088828171734294,-6.001993,20.039328,8.713026,5.8626866,32.986633,5.713947,2.4908965,21.582365,17.768597,5.248613,6.7132297,2.8842578,-3.2487023,25.117628,12.597602,5.2807794,-20.614523,1.5813185,10.374562,-10.85535
7577096797580053782,-6.176064,19.92399,8.99894,5.868351,33.180573,5.8510823,2.5718205,21.703465,18.03517,4.973432,6.5528646,2.886733,-3.2606244,25.043995,12.599435,5.4505467,-20.478907,1.5444816,10.334699,-11.090859
7577374333048196374,-5.854973,19.606289,8.929036,5.806865,32.908398,5.572503,2.4973168,21.618698,17.681763,5.8606896,6.63883,3.023693,-3.186324,25.388683,12.584892,5.6306214,-20.57439,1.1420077,10.698816,-10.830716
7577768828214512918,-5.884735,19.7321,8.956984,5.8424025,32.984535,5.6746545,2.5006874,21.571562,17.890882,5.6014824,6.769416,3.0294018,-3.2431843,25.23214,12.599589,5.611171,-20.734959,1.2038205,10.692024,-10.827086
7577797962017918230,-5.966781,19.979029,8.163957,6.057192,33.07424,4.3239975,2.1750112,22.175838,17.256828,5.612126,6.1600366,3.4091675,-3.422625,25.06115,11.667468,5.260022,-20.201614,0.48044685,10.070363,-11.013436
7578151818585328918,-6.406419,20.445242,8.394577,6.108266,33.32727,4.848417,2.464271,22.312637,17.667088,4.494792,6.010365,3.0214834,-3.4130423,24.710533,11.868654,5.047481,-20.16261,1.3526344,9.581488,-11.196345
7578256886286322966,-6.123411,20.003489,7.9541245,5.975226,33.25934,4.7572255,1.6827979,21.908646,17.357958,4.9719534,6.2271223,3.580784,-3.656314,24.724176,11.572273,4.8902206,-19.80728,0.55537593,9.86152,-11.475958
7578641094464867595,-6.351414,20.536692,8.552991,6.1632266,33.26911,4.6885962,2.7194157,22.368881,17.885317,4.5711007,6.2111535,2.9278436,-3.3140538,24.78713,11.962721,5.238399,-20.520899,1.2595326,9.7903,-11.032249
7578925701114481942,-6.0537963,20.5522,8.347691,6.2571697,33.036777,3.9634304,2.612146,22.4951,17.632677,5.125924,6.3287616,3.1445653,-3.3607852,24.880909,11.649818,5.36316,-20.779501,0.7187917,10.04271,-10.694194
7579238923172547842,-5.966917,19.959558,7.7651634,5.9758377,33.25486,4.843786,1.3032734,21.771011,17.204456,5.054994,6.2396603,3.8763921,-3.8854754,24.5044,11.381651,4.835516,-19.873907,0.5590928,9.852784,-11.311701
7579287270092459286,-6.000195,20.081942,8.785191,5.9205594,33.162502,5.759681,2.4653876,21.491142,18.197845,5.010766,6.999742,3.0238123,-3.3473694,24.919256,12.567208,5.3729434,-20.882145,1.3034987,10.514259,-10.948491
7579293926796922134,-6.138456,20.021465,7.893444,6.004974,33.313866,4.7702823,1.5202932,21.999187,17.234903,4.851935,5.9966044,3.725855,-3.7934108,24.543608,11.385483,4.882394,-19.724216,0.6970227,9.680074,-11.423113
7579299127637363990,-6.1717463,20.494696,8.343182,6.2474084,33.133514,4.0045943,2.685013,22.624462,17.529812,5.118618,6.0236044,3.1323059,-3.3205929,24.897211,11.62677,5.366494,-20.627123,0.8492406,9.8113785,-10.759082
7580000663845850390,-5.8428354,20.429634,8.144717,6.1443954,32.95401,4.2580476,2.5654464,22.027485,17.648338,5.557818,6.8071046,3.1864378,-3.274269,25.074081,11.948927,5.288654,-21.021852,0.6055764,10.323331,-10.656544
7580037763580415244,-5.919998,20.324175,8.43178,6.004786,32.983833,5.0868363,2.5119338,21.698124,17.863564,5.2364097,6.952906,3.014641,-3.281079,25.029528,12.337826,5.2403736,-20.92079,1.1216604,10.411961,-10.785094
7580065942730738966,-6.352255,20.491886,8.694644,6.040897,33.170315,5.1244745,2.6403759,22.04476,17.964054,4.3936324,6.507255,2.7150624,-3.279364,24.908247,12.292716,5.1187205,-20.189528,1.5217023,10.0124235,-11.270557
7580305629634399510,-6.3532887,20.372435,8.451415,6.1065474,33.316174,4.912073,2.4568148,22.294466,17.637337,4.6093526,5.9886603,3.0419347,-3.4317336,24.717312,11.887647,5.10241,-20.20386,1.3738792,9.623971,-11.101496
7580401530428394775,-5.926702,20.063583,8.490874,5.854119,32.987373,5.690801,2.1237411,21.41346,17.739857,5.1270876,6.8855586,3.0884485,-3.4272661,24.946978,12.429889,5.1003804,-20.524261,1.383953,10.412175,-10.962532
7581507576219618582,-6.371754,20.53183,8.703852,6.0995913,33.224953,4.9558115,2.7553203,22.190208,17.995138,4.4317737,6.411257,2.7415006,-3.2629478,24.88717,12.215208,5.2079115,-20.31052,1.4571779,9.946699,-11.195524
7581822570454879510,-6.4685974,20.272657,8.071829,5.942557,33.49013,5.306371,1.868744,21.806,17.77694,4.1217475,6.3072405,3.2779298,-3.5901527,24.55639,11.874028,4.6676693,-19.662155,1.086421,9.598445,-11.864058
7583420207629225238,-5.86604,20.432693,8.064882,6.136546,33.04047,4.3962593,2.2805455,21.932053,17.682396,5.290958,6.8213086,3.3337526,-3.4461453,24.862291,11.830056,5.168901,-20.8674,0.60559034,10.257586,-10.796447
7583720650200730902,-6.2274647,20.481407,8.08144,6.1437073,33.380844,4.7736135,1.9300717,22.035131,17.77184,4.351456,6.4005585,3.413051,-3.7283802,24.375563,11.583422,4.8548627,-20.264471,0.8881515,9.725189,-11.253296
7584105481719844118,-6.108514,20.697075,8.513399,6.24234,33.02407,4.269984,2.7306836,22.37982,17.838617,4.831094,6.5167427,2.9380763,-3.3270562,24.838734,11.882279,5.3175364,-20.862965,1.0580672,10.091383,-10.686154
7584519298459176214,-6.184213,20.053942,7.919029,6.0079203,33.322544,4.7416134,1.547662,22.026577,17.26982,4.772453,5.9952474,3.6762402,-3.777899,24.546831,11.394825,4.860747,-19.66976,0.6958879,9.666994,-11.480886
7584845578429828375,-5.94206,20.186522,8.361486,6.122875,32.897945,4.0990033,2.4179661,22.341291,17.321907,5.5651684,6.2474313,3.1922796,-3.3327677,25.124416,11.718394,5.3660445,-20.438412,0.60625035,10.197782,-10.767001
7584927758497697035,-6.4111023,20.38058,8.362239,6.106946,33.385235,4.837045,2.282442,22.310823,17.666155,4.4199724,5.9551234,3.1713169,-3.5173059,24.608204,11.737714,5.0531216,-20.046095,1.244061,9.56234,-11.299409
7586610643130764566,-6.0757217,20.25047,8.068194,6.137954,33.1458,4.1421347,2.0756018,22.295183,17.395214,5.131883,6.177302,3.4664843,-3.539592,24.795498,11.452273,5.1408496,-20.231813,0.46367204,9.913551,-11.0986595
7586630099286510870,-6.57572,20.273857,8.250842,6.015031,33.516617,4.9654455,2.33467,22.177216,17.775745,4.3182926,6.0195904,3.0976155,-3.3751588,24.76374,11.888316,4.892703,-19.760096,1.0296181,9.500431,-11.769091
7586689516153343288,-6.49089,20.29053,8.284189,6.0043993,33.45486,5.1623096,2.1972642,22.064976,17.74135,4.2857523,6.0931063,3.124565,-3.4783943,24.658737,11.909774,4.865565,-19.824043,1.2309046,9.555648,-11.614383
7587070120556580118,-6.1656284,20.931105,8.050248,6.258709,33.30192,4.559284,2.479118,22.089054,18.012718,4.4163637,6.744468,3.160524,-3.5041573,24.47448,11.828971,4.978293,-20.985456,1.1515324,9.805169,-10.857775
7587134900852100374,-6.1219893,20.977245,7.96091,6.2455745,33.301647,4.6451645,2.4179094,21.947859,18.069649,4.3869176,6.9187145,3.1883838,-3.5256639,24.436916,11.878317,4.906953,-21.077242,1.1494045,9.852616,-10.85786
7587308013363449121,-6.415247,20.33997,8.065051,5.9515104,33.469902,5.4236555,1.789268,21.720406,17.806164,4.046404,6.4079003,3.3009884,-3.6662114,24.450531,11.887258,4.6358223,-19.765772,1.2175211,9.627411,-11.755339
7587402623129636118,-6.2297835,20.782839,8.047925,6.0615954,33.334938,5.3484926,1.822338,21.607695,18.047205,3.8160512,6.9243393,3.2626834,-3.7668505,24.227564,11.93071,4.628098,-20.395723,1.4300616,9.841778,-11.333999
7587440240327937302,-6.005405,20.31205,8.381108,6.140217,32.89822,4.1204333,2.250246,22.347746,17.369286,5.178034,6.2714796,3.1773593,-3.4517312,24.95507,11.624542,5.2395577,-20.250963,0.69771457,10.15187,-10.888521
7587442936376233238,-6.5023155,20.263308,8.046235,6.0252147,33.514477,4.8842063,2.2217212,22.161564,17.594471,4.4920464,5.9549294,3.2283423,-3.4305642,24.731627,11.778935,4.831972,-19.780804,0.9966649,9.414423,-11.669363
7587478416618736918,-6.1809225,20.618097,8.455524,6.2550488,33.101334,4.148415,2.873846,22.568369,17.677763,5.019751,6.1886525,2.9465976,-3.244661,24.924894,11.824836,5.366253,-20.806696,1.0626612,9.874563,-10.666235
7587702184708558102,-5.9459367,19.92109,8.719317,5.9139047,32.829353,5.0415564,2.5236986,21.95225,17.434494,5.6555495,6.3864923,2.949592,-3.1939037,25.319447,12.299183,5.451913,-20.436344,1.1990052,10.404346,-10.773747
7587833111010954518,-6.14858,20.020334,7.898637,5.993591,33.315533,4.800505,1.4891737,21.967258,17.25375,4.8169804,6.0282,3.7155294,-3.8025982,24.535814,11.401766,4.8544936,-19.684797,0.6943484,9.695689,-11.46116
7589754729350155542,-6.458868,20.305782,8.051536,5.95427,33.484745,5.2925615,1.8065876,21.810719,17.761171,4.066689,6.3045015,3.3085346,-3.6378229,24.496307,11.823942,4.6452246,-19.656954,1.1092714,9.58197,-11.841485
7590184087122660630,-6.092111,20.517971,8.403274,6.0054398,32.98115,5.1884136,2.3960907,21.808083,17.709555,4.751961,6.6973486,2.8884614,-3.3610766,24.866276,12.264348,5.0142465,-20.537981,1.5941972,10.104438,-10.893338
7590299923803884803,-6.0411882,20.07308,8.102657,6.0740027,33.1268,4.318323,2.0120106,22.209377,17.288418,5.3072476,6.1105523,3.488068,-3.5323381,24.877434,11.523176,5.1641555,-20.109215,0.5047138,9.950525,-11.116564
7590718903144287510,-6.0517774,20.161541,8.614094,5.891431,33.24332,6.0314393,2.1432686,21.356432,18.134644,4.647349,6.956721,3.133615,-3.5317254,24.649345,12.483382,5.131544,-20.699533,1.5627992,10.306782,-11.045023
7591860205567151382,-5.923595,20.053345,7.8557444,6.065224,33.161564,4.3981457,1.7020708,22.02187,17.219418,5.3556023,6.229717,3.7331324,-3.698283,24.711132,11.39919,5.043172,-20.176598,0.40648854,9.943565,-11.0732565
7591891163175554326,-6.5015492,20.08829,8.23282,5.942631,33.49894,5.172339,2.1180246,21.998682,17.706274,4.435612,6.0683107,3.210448,-3.4468482,24.765472,11.906449,4.865664,-19.646149,0.96852,9.595902,-11.823668
7592263862284586263,-6.3918133,20.671299,8.65802,6.0881367,33.223488,5.132377,2.6905158,22.053537,18.090721,4.173485,6.5869236,2.686593,-3.304248,24.785519,12.289838,5.065807,-20.33026,1.6252092,9.940036,-11.2370205
7592281951206133014,-6.246646,20.469246,8.786719,6.0931873,33.079315,4.7924643,2.7736213,22.162416,17.956915,4.667956,6.5500603,2.7094152,-3.2247818,25.031635,12.25575,5.3142586,-20.331997,1.3196795,10.193806,-11.112971
7593041331174362390,-6.447254,20.259714,8.004302,6.0241437,33.518097,5.009882,1.8494858,22.082073,17.543272,4.293936,5.941485,3.4319334,-3.666527,24.474318,11.596489,4.7696347,-19.682758,1.0628883,9.401523,-11.654652
7593403675297467651,-6.468187,20.43776,8.538666,6.0116487,33.348778,5.232894,2.4642882,21.975302,18.038189,4.169943,6.4653993,2.8537037,-3.35024,24.781487,12.199679,4.9661117,-20.01766,1.3512027,9.850077,-11.575212
7593661214027156758,-6.1547074,19.868309,8.949265,5.8786926,33.27954,5.893678,2.531111,21.642473,18.133665,5.005369,6.611976,3.0009627,-3.300202,24.982332,12.573977,5.469128,-20.583677,1.3883477,10.345326,-11.114627
7593664206210157827,-6.17755,19.805355,9.0601015,5.929212,33.334564,5.64229,2.628719,21.80376,18.259092,5.0591116,6.563328,3.053952,-3.2749596,25.006657,12.470607,5.6314573,-20.655336,1.0687301,10.413572,-11.156436
7593673061476420920,-6.502186,20.398462,8.087777,6.051386,33.48862,4.914535,2.1508338,22.13856,17.697866,4.242626,6.075017,3.208331,-3.507124,24.595339,11.751717,4.779132,-19.844961,1.0803319,9.446262,-11.640077
7593727684606168342,-6.4616885,20.619576,8.379759,6.144668,33.43958,4.964097,2.5770454,22.233854,17.953678,4.2320595,6.2199225,2.9779367,-3.4039593,24.596027,11.966907,5.015397,-20.394081,1.4216497,9.564842,-11.228186
7593820955810598156,-6.2757134,20.368374,8.202196,6.1095457,33.268993,4.4332266,2.7794242,22.260633,17.684025,5.1094327,6.2844315,2.987798,-3.1406505,25.10851,12.006217,5.1446047,-20.431376,0.8037708,9.814917,-11.191244
7594160012247797014,-5.984465,20.108883,8.211182,6.071785,33.000362,4.258989,2.3595455,22.220913,17.316841,5.588962,6.2439437,3.2660477,-3.3203423,25.13198,11.759969,5.2760468,-20.362997,0.56728876,10.103456,-10.929812
7594911702613773590,-5.855644,19.742146,8.847986,5.819341,32.864105,5.5617476,2.5399992,21.595484,17.65689,5.798654,6.7046537,2.9394763,-3.1584775,25.389305,12.6271925,5.5290713,-20.62061,1.2618243,10.655114,-10.785364
7595900789546044684,-6.0076284,19.848295,8.061546,5.9747844,33.14124,4.6029687,1.8446038,22.016804,17.17804,5.461222,6.0871344,3.5607157,-3.5532508,24.94073,11.608133,5.1150036,-19.909435,0.5162045,9.979384,-11.232991
7595972634450431254,-5.9905815,19.978642,7.7938433,6.003499,33.24461,4.691965,1.3992194,21.892712,17.175852,5.0961223,6.1462083,3.8413424,-3.8424532,24.549944,11.343626,4.8884025,-19.865196,0.52833366,9.821785,-11.2889595
7596412614402460950,-6.370856,20.02692,8.307574,5.9244246,33.32868,5.115757,2.3182046,21.989138,17.575214,4.8614492,6.1171684,3.0793421,-3.3027472,25.01415,12.074479,4.989384,-19.805908,1.0376639,9.764546,-11.574035
7596993704146046230,-6.0141273,19.877441,7.944779,5.934946,33.180317,4.8130064,1.7290096,21.835367,17.223879,5.3346095,6.2293243,3.5767937,-3.5912807,24.872368,11.674185,4.9548264,-19.897528,0.57569385,9.952735,-11.319223
7597116010528902422,-5.934543,20.007795,7.7617974,6.000372,33.233273,4.8076177,1.3226168,21.798283,17.18747,5.080845,6.2388043,3.883038,-3.9007554,24.47542,11.361498,4.8610053,-19.966084,0.6136613,9.850524,-11.204692
7597370054556011798,-5.950709,20.036486,7.747169,6.0293694,33.236088,4.6546984,1.381916,21.871796,17.201384,5.0864296,6.21619,3.8713443,-3.8733015,24.49611,11.31537,4.8755937,-19.955345,0.51509255,9.838508,-11.21794
7597422827196763414,-6.135487,19.947067,8.740627,5.8584557,33.13595,5.733335,2.3922057,21.680023,17.809025,5.05164,6.4947686,2.9853318,-3.3136125,25.01321,12.463665,5.2799764,-20.395294,1.4848639,10.221327,-11.079654
7597437745258073400,-6.500211,20.107866,8.131003,5.945234,33.50154,5.1299195,2.0366507,21.987848,17.646467,4.413566,6.0638695,3.2512352,-3.4816158,24.730864,11.8409195,4.7822313,-19.592392,0.9315926,9.544217,-11.852871
7598574537407548694,-6.397308,20.305414,8.453589,6.1338387,33.454563,4.87737,2.7203007,22.444038,17.653503,4.85796,5.7575507,3.0925808,-3.321889,24.785772,11.915537,5.3136916,-20.427103,1.4180267,9.478659,-10.985153
7598953535165959426,-6.1182427,19.870472,9.064157,5.9315305,33.140766,5.389656,2.743258,21.875128,18.099571,5.242565,6.602488,2.9019792,-3.1678004,25.200766,12.507257,5.6365385,-20.609573,1.0742447,10.513144,-11.062549
7601164093910715670,-5.904965,19.7248,9.002547,5.908308,32.934223,5.243617,2.677921,21.895666,17.732132,5.8101625,6.4903636,3.000082,-3.160792,25.3545,12.444562,5.753915,-20.708101,1.0701472,10.62188,-10.724824
7602656035161050390,-6.2450233,20.189016,8.530565,6.006925,33.15211,5.0246773,2.5995622,22.123697,17.55032,5.0337896,6.1472993,2.8867164,-3.2445204,25.063404,12.178362,5.173526,-20.187407,1.3609459,9.884084,-11.073324
7602968538319539478,-5.835203,19.967285,8.495379,5.962487,32.964455,4.9416957,2.4697394,21.753242,17.712828,5.7205954,6.7900434,3.1658258,-3.2516656,25.22139,12.259442,5.4432273,-20.797043,0.74367917,10.550368,-10.818001
7603273994216738070,-6.0625277,21.143795,7.864814,6.204314,33.213196,4.925422,2.1811585,21.691526,18.109715,4.104103,7.186087,3.185776,-3.6321366,24.273077,11.959033,4.717267,-21.13091,1.4268951,9.909728,-10.826609
7603412461068291350,-5.9544377,19.999813,8.529154,5.9219427,32.969856,5.1437383,2.4641557,21.731318,17.624075,5.4800005,6.678919,2.9744465,-3.2271404,25.244736,12.370931,5.257198,-20.428055,1.0420026,10.403514,-10.978346
7603743614157458710,-6.4520326,20.193268,7.9897714,5.992255,33.545444,5.1326375,1.8633095,22.009665,17.544127,4.3560066,5.9563065,3.4247186,-3.6395893,24.513403,11.668485,4.7471633,-19.671495,1.0682901,9.397753,-11.689656
7604808799404264726,-6.1218033,19.787397,8.297512,5.8969755,33.163975,4.96202,1.8760728,21.895771,17.406984,5.1790214,6.203616,3.411776,-3.5081856,24.959631,11.815768,5.104265,-19.79375,0.6404629,10.072222,-11.452567
7604886753471761686,-6.1910777,19.865232,8.989922,5.9206176,33.20275,5.4299417,2.5330217,21.879808,18.036802,5.0087523,6.4855933,2.9800692,-3.2799993,25.07605,12.378981,5.512443,-20.315907,1.0954701,10.382573,-11.247733
7606001119243881750,-6.605309,20.352806,8.140616,6.0306478,33.52416,4.8919077,2.291219,22.209665,17.703356,4.231424,5.971669,3.0992918,-3.3994048,24.721931,11.823054,4.791754,-19.672644,1.0694822,9.392429,-11.803721
7606360801234013462,-6.0757732,19.869034,8.924678,5.8473063,33.113297,5.8734026,2.5388334,21.636435,17.909607,5.218323,6.573028,2.9326985,-3.253867,25.096416,12.620045,5.457507,-20.585365,1.5552806,10.376957,-10.943191
