video_id,avg_face_count,max_face_coverage,body_presence_score,dominant_emotion_angry,dominant_emotion_fear,dominant_emotion_happy,dominant_emotion_neutral,dominant_emotion_none,dominant_emotion_sad,dominant_emotion_surprise
VIDEO_7343665662876781856,0.0,0.0,0.0,False,False,False,False,True,False,False
VIDEO_7372567531258727712,0.0,0.0,0.0,False,False,False,False,True,False,False
VIDEO_7391169699821669665,1.0,0.0008,1.0,False,False,False,False,False,True,False
VIDEO_7391879654983912736,0.0,0.0,0.0,False,False,False,False,True,False,False
VIDEO_7351084194061126945,1.0,0.0006,0.6666666666666666,False,False,False,False,False,True,False
VIDEO_7397696022975188257,0.0,0.0,0.0,False,False,False,False,True,False,False
VIDEO_7371436708778315041,0.6666666666666666,0.0061,0.6666666666666666,False,False,False,False,True,False,False
VIDEO_7366182227119525152,3.0,0.0006,1.0,False,False,False,False,False,True,False
VIDEO_7391036925550906657,1.0,0.0017,1.0,False,True,False,False,False,False,False
VIDEO_7384098121715813664,0.3333333333333333,0.0008,0.3333333333333333,False,False,False,False,True,False,False
VIDEO_7333568243367431456,0.3333333333333333,0.0002,0.3333333333333333,False,False,False,False,True,False,False
VIDEO_7369623012087172384,0.6666666666666666,0.0002,0.3333333333333333,False,False,False,False,True,False,False
VIDEO_7439301301864877344,0.0,0.0,0.0,False,False,False,False,True,False,False
VIDEO_7369882061445926177,0.6666666666666666,0.0011,0.6666666666666666,False,False,False,False,False,True,False
VIDEO_7379994182741429536,0.0,0.0,0.6666666666666666,False,False,False,False,True,False,False
VIDEO_7361717788299250976,0.0,0.0,0.0,False,False,False,False,True,False,False
VIDEO_7510326060676975894,0.0,0.0,0.6666666666666666,False,False,False,False,True,False,False
VIDEO_7475642830430522646,0.0,0.0,0.0,False,False,False,False,True,False,False
VIDEO_7494590607797554454,0.6666666666666666,0.0011,0.3333333333333333,False,False,False,False,True,False,False
VIDEO_7458380266004843798,0.0,0.0,0.0,False,False,False,False,True,False,False
VIDEO_7463516081081027862,0.6666666666666666,0.0013,0.6666666666666666,True,False,False,False,False,False,False
VIDEO_7494205664135236886,0.0,0.0,0.0,False,False,False,False,True,False,False
VIDEO_7462409528211033366,1.0,0.001,0.6666666666666666,False,False,False,False,True,False,False
VIDEO_7467520617160396054,0.0,0.0,0.0,False,False,False,False,True,False,False
VIDEO_7440140885246971169,0.0,0.0,0.0,False,False,False,False,True,False,False
VIDEO_7483554122663234838,0.0,0.0,0.0,False,False,False,False,True,False,False
VIDEO_7452742967695002902,0.0,0.0,0.0,False,False,False,False,True,False,False
VIDEO_7511357874082286870,1.0,0.0003,0.6666666666666666,False,False,False,False,True,False,False
VIDEO_7444856032486116630,0.0,0.0,0.3333333333333333,False,False,False,False,True,False,False
VIDEO_7453132168940915991,0.0,0.0,0.3333333333333333,False,False,False,False,True,False,False
VIDEO_7460568175726398742,0.3333333333333333,0.0001,0.6666666666666666,False,False,False,False,True,False,False
VIDEO_7456101045601570070,0.0,0.0,0.0,False,False,False,False,True,False,False
VIDEO_7464890614258158870,0.6666666666666666,0.0001,0.3333333333333333,False,False,False,False,True,False,False
VIDEO_7446804107312008470,1.3333333333333333,0.0003,1.0,True,False,False,False,False,False,False
VIDEO_7471186366500539670,0.0,0.0,0.0,False,False,False,False,True,False,False
VIDEO_7453016788465454358,0.6666666666666666,0.0002,0.6666666666666666,False,False,False,False,True,False,False
VIDEO_6919824999914245381,0.0,0.0,0.0,False,False,False,False,True,False,False
VIDEO_6921227616347327749,0.0,0.0,0.0,False,False,False,False,True,False,False
VIDEO_6952049416425590022,0.0,0.0,0.0,False,False,False,False,True,False,False
VIDEO_6959192993014287622,0.6666666666666666,0.0007,0.6666666666666666,False,False,False,False,False,True,False
VIDEO_6963197595422346502,1.0,0.0533,1.0,False,False,False,False,False,True,False
VIDEO_6972416280762649861,0.0,0.0,0.0,False,False,False,False,True,False,False
VIDEO_6994481888182144262,0.0,0.0,0.0,False,False,False,False,True,False,False
VIDEO_6982843678305897734,0.0,0.0,0.0,False,False,False,False,True,False,False
VIDEO_6980260193653378309,0.0,0.0,0.0,False,False,False,False,True,False,False
VIDEO_6978753193882832133,0.0,0.0,0.3333333333333333,False,False,False,False,True,False,False
VIDEO_7014030961486630149,0.0,0.0,0.0,False,False,False,False,True,False,False
VIDEO_7001083090462346501,0.0,0.0,0.0,False,False,False,False,True,False,False
VIDEO_7019307301299424518,0.6666666666666666,0.0027,0.6666666666666666,False,False,False,True,False,False,False
VIDEO_7039259712038112518,0.3333333333333333,0.0009,0.3333333333333333,False,False,False,False,True,False,False
VIDEO_7038189746484563205,0.0,0.0,0.0,False,False,False,False,True,False,False
VIDEO_7062023531764256006,0.0,0.0,0.0,False,False,False,False,True,False,False
VIDEO_7077597820538146053,0.3333333333333333,0.0001,0.3333333333333333,False,False,False,False,True,False,False
VIDEO_7063459529668742406,1.0,0.0026,1.0,False,False,False,False,False,True,False
VIDEO_7076423248698690822,0.6666666666666666,0.0007,1.0,False,False,False,False,True,False,False
VIDEO_7057560274424958214,0.0,0.0,0.0,False,False,False,False,True,False,False
VIDEO_7052727837165505797,0.0,0.0,0.0,False,False,False,False,True,False,False
VIDEO_7081140277083213062,1.0,0.0022,1.0,False,False,False,False,False,True,False
VIDEO_7075788593930816773,0.0,0.0,0.0,False,False,False,False,True,False,False
VIDEO_7061519229182315781,0.0,0.0,0.0,False,False,False,False,True,False,False
VIDEO_7045558641969073414,1.0,0.0004,1.0,True,False,False,False,False,False,False
VIDEO_7071521897082621189,0.6666666666666666,0.0008,1.0,False,False,False,True,False,False,False
VIDEO_7055714634526969093,1.0,0.0017,1.0,False,False,False,True,False,False,False
VIDEO_7069326966159084806,0.0,0.0,0.0,False,False,False,False,True,False,False
VIDEO_7059414649581604102,1.0,0.0009,1.0,False,False,False,False,False,True,False
VIDEO_7053545705868152069,0.0,0.0,0.0,False,False,False,False,True,False,False
VIDEO_7054948838716493061,1.3333333333333333,0.0028,0.6666666666666666,True,False,False,False,False,False,False
VIDEO_7064489288125189382,0.0,0.0,0.0,False,False,False,False,True,False,False
VIDEO_7060887870688529670,0.6666666666666666,0.0009,0.6666666666666666,False,False,False,False,False,True,False
VIDEO_7075005822228499717,0.3333333333333333,0.0002,0.3333333333333333,False,False,False,False,True,False,False
VIDEO_7079069070078889221,1.0,0.0019,1.0,False,False,False,False,False,True,False
VIDEO_7055321327174946054,1.0,0.0185,1.0,False,False,False,False,False,True,False
VIDEO_7070550742880292101,0.6666666666666666,0.0003,0.6666666666666666,False,False,False,False,False,True,False
VIDEO_7073510812542913798,0.0,0.0,0.0,False,False,False,False,True,False,False
VIDEO_7073157554024566021,0.0,0.0,0.0,False,False,False,False,True,False,False
VIDEO_7067217215925275910,0.0,0.0,0.0,False,False,False,False,True,False,False
VIDEO_7084890005491010821,0.0,0.0,0.0,False,False,False,False,True,False,False
VIDEO_7130620750842678533,0.0,0.0,0.0,False,False,False,False,True,False,False
VIDEO_7146479472022277381,0.0,0.0,0.0,False,False,False,False,True,False,False
VIDEO_7145813168818900229,0.0,0.0,0.0,False,False,False,False,True,False,False
VIDEO_7088705916027063557,0.3333333333333333,0.0003,0.3333333333333333,False,False,False,False,True,False,False
VIDEO_7087822626005060870,1.0,0.0024,1.0,False,False,False,False,False,True,False
VIDEO_7178872221375548677,0.6666666666666666,0.0002,0.6666666666666666,False,False,True,False,False,False,False
VIDEO_7163552631053503749,0.0,0.0,0.0,False,False,False,False,True,False,False
VIDEO_7156881114106170630,0.0,0.0,0.0,False,False,False,False,True,False,False
VIDEO_7168038506772679942,0.0,0.0,0.0,False,False,False,False,True,False,False
VIDEO_7158447069152300293,0.0,0.0,0.0,False,False,False,False,True,False,False
VIDEO_7182218891702127877,0.6666666666666666,0.0003,0.6666666666666666,True,False,False,False,False,False,False
VIDEO_7155814731897376006,0.0,0.0,0.0,False,False,False,False,True,False,False
VIDEO_7163303756447223045,0.0,0.0,0.0,False,False,False,False,True,False,False
VIDEO_7169948893805825285,0.0,0.0,0.0,False,False,False,False,True,False,False
VIDEO_7164769032430767365,0.0,0.0,0.0,False,False,False,False,True,False,False
VIDEO_7179637090932509958,0.6666666666666666,0.0006,0.6666666666666666,False,False,False,False,True,False,False
VIDEO_7162174902865251589,0.0,0.0,0.0,False,False,False,False,True,False,False
VIDEO_7173707401302920453,1.3333333333333333,0.0033,1.0,True,False,False,False,False,False,False
VIDEO_7202617948983315717,1.6666666666666667,0.0162,1.0,False,False,False,False,False,True,False
VIDEO_7195225752541875462,0.0,0.0,0.0,False,False,False,False,True,False,False
VIDEO_7199586123952311557,0.0,0.0,0.0,False,False,False,False,True,False,False
VIDEO_7192237337412177157,0.0,0.0,0.0,False,False,False,False,True,False,False
VIDEO_7196211164093631749,0.0,0.0,0.0,False,False,False,False,True,False,False
VIDEO_7193338808870456582,0.3333333333333333,0.0002,0.3333333333333333,False,False,False,False,True,False,False
VIDEO_7211565992852475141,0.0,0.0,0.0,False,False,False,False,True,False,False
VIDEO_7229679892399426842,1.0,0.0002,0.6666666666666666,False,False,False,False,True,False,False
VIDEO_7231544878478445850,0.0,0.0,0.0,False,False,False,False,True,False,False
VIDEO_7215238321247751430,1.0,0.0009,1.0,False,False,False,False,False,True,False
VIDEO_7261564389075995930,1.0,0.0035,1.0,False,True,False,False,False,False,False
VIDEO_7261499359819336986,0.3333333333333333,0.0008,0.3333333333333333,False,False,False,False,True,False,False
VIDEO_7261562285791956251,1.0,0.0007,1.0,False,False,True,False,False,False,False
VIDEO_7277906809787059489,2.0,0.0004,0.6666666666666666,False,False,False,False,False,True,False
VIDEO_7296501143700606241,0.0,0.0,0.0,False,False,False,False,True,False,False
VIDEO_7309783088618409248,0.0,0.0,0.0,False,False,False,False,True,False,False
VIDEO_7317290713673190688,0.0,0.0,0.0,False,False,False,False,True,False,False
VIDEO_7302352085796916513,0.0,0.0,0.0,False,False,False,False,True,False,False
VIDEO_7318026666939256096,0.0,0.0,0.0,False,False,False,False,True,False,False
VIDEO_7319092525329829153,0.0,0.0,0.0,False,False,False,False,True,False,False
VIDEO_7297157611294706976,0.0,0.0,0.0,False,False,False,False,True,False,False
VIDEO_7314335987033738528,0.0,0.0,0.0,False,False,False,False,True,False,False
VIDEO_7308389510113512737,1.0,0.0021,1.0,False,True,False,False,False,False,False
VIDEO_7312547480120380705,0.0,0.0,0.0,False,False,False,False,True,False,False
VIDEO_7310606511775026464,0.0,0.0,0.0,False,False,False,False,True,False,False
VIDEO_7318769443222359329,1.0,0.0015,1.0,False,False,False,False,False,True,False
VIDEO_7316431760194096416,0.6666666666666666,0.0009,0.6666666666666666,False,False,False,False,False,True,False
VIDEO_7304693853758491936,0.0,0.0,0.0,False,False,False,False,True,False,False
VIDEO_7306457226254781729,1.0,0.0001,1.0,False,False,False,False,False,True,False
VIDEO_7314256868556213537,0.0,0.0,0.0,False,False,False,False,True,False,False
VIDEO_7317653042533305633,0.0,0.0,0.0,False,False,False,False,True,False,False
VIDEO_7332775399883033888,0.3333333333333333,0.0002,0.3333333333333333,False,False,False,False,True,False,False
VIDEO_7333604507793853728,1.0,0.0003,1.0,False,False,False,False,False,False,True
VIDEO_7324339550283664672,0.0,0.0,0.0,False,False,False,False,True,False,False
VIDEO_7336480513269583136,0.0,0.0,0.0,False,False,False,False,True,False,False
VIDEO_7335348681832418593,0.0,0.0,0.0,False,False,False,False,True,False,False
VIDEO_7338384626773216545,0.0,0.0,0.0,False,False,False,False,True,False,False
VIDEO_7329087770905840928,0.0,0.0,0.0,False,False,False,False,True,False,False
VIDEO_7334752917439712545,0.0,0.0,0.0,False,False,False,False,True,False,False
VIDEO_7334339873127632161,0.0,0.0,0.0,False,False,False,False,True,False,False
VIDEO_7337328365147295009,0.0,0.0,0.0,False,False,False,False,True,False,False
VIDEO_7322495223089712416,0.0,0.0,0.0,False,False,False,False,True,False,False
VIDEO_7345850735894072609,0.0,0.0,0.0,False,False,False,False,True,False,False
VIDEO_7344271684406349088,0.0,0.0,0.0,False,False,False,False,True,False,False
VIDEO_7332156358902500640,1.0,0.0003,1.0,False,False,False,True,False,False,False
VIDEO_7345082142235413793,0.0,0.0,0.0,False,False,False,False,True,False,False
VIDEO_7321969929564065057,0.0,0.0,0.0,False,False,False,False,True,False,False
VIDEO_7336662438282120481,0.0,0.0,0.0,False,False,False,False,True,False,False
VIDEO_7331017914612567329,0.0,0.0,0.0,False,False,False,False,True,False,False
VIDEO_7336193209883839776,1.3333333333333333,0.0002,1.0,False,False,True,False,False,False,False
VIDEO_7342531903209114913,0.0,0.0,0.0,False,False,False,False,True,False,False
VIDEO_7342403362714914080,0.3333333333333333,0.0,0.3333333333333333,False,False,False,False,True,False,False
VIDEO_7327632037437820193,0.0,0.0,0.0,False,False,False,False,True,False,False
VIDEO_7337687297132973344,0.0,0.0,0.0,False,False,False,False,True,False,False
VIDEO_7350265065762819360,0.0,0.0,0.0,False,False,False,False,True,False,False
VIDEO_7345753568462261537,0.0,0.0,0.0,False,False,False,False,True,False,False
VIDEO_7322866542985710881,0.0,0.0,0.0,False,False,False,False,True,False,False
VIDEO_7338777101547490593,1.0,0.0228,1.0,False,False,True,False,False,False,False
VIDEO_7335020484637068576,0.0,0.0,0.0,False,False,False,False,True,False,False
VIDEO_7340682108735671584,0.0,0.0,0.0,False,False,False,False,True,False,False
VIDEO_7338699162768149792,0.0,0.0,0.0,False,False,False,False,True,False,False
VIDEO_7348433044216253729,0.0,0.0,0.0,False,False,False,False,True,False,False
VIDEO_7323194315415588129,0.0,0.0,0.0,False,False,False,False,True,False,False
VIDEO_7338875309913017633,0.6666666666666666,0.0001,0.3333333333333333,False,False,False,False,True,False,False
VIDEO_7326887540705873185,0.3333333333333333,0.0003,0.3333333333333333,False,False,False,False,True,False,False
VIDEO_7357327030335114528,0.3333333333333333,0.0001,0.3333333333333333,False,False,False,False,True,False,False
VIDEO_7388136382436281633,0.0,0.0,0.3333333333333333,False,False,False,False,True,False,False
VIDEO_7382840415893998880,0.0,0.0,0.0,False,False,False,False,True,False,False
VIDEO_7354375095868984608,0.0,0.0,0.0,False,False,False,False,True,False,False
VIDEO_7383600515478736161,0.0,0.0,0.0,False,False,False,False,True,False,False
VIDEO_7355500880721939744,0.0,0.0,0.0,False,False,False,False,True,False,False
VIDEO_7381446389819018529,0.0,0.0,0.0,False,False,False,False,True,False,False
VIDEO_7385258008760028448,0.0,0.0,0.0,False,False,False,False,True,False,False
VIDEO_7369943098031443233,0.0,0.0,0.0,False,False,False,False,True,False,False
VIDEO_7393260705048268065,0.0,0.0,0.0,False,False,False,False,True,False,False
VIDEO_7391769807764458784,0.0,0.0,0.0,False,False,False,False,True,False,False
VIDEO_7400010201476123937,0.0,0.0,0.0,False,False,False,False,True,False,False
VIDEO_7394757283214806305,0.0,0.0,0.0,False,False,False,False,True,False,False
VIDEO_7401059521860209952,0.0,0.0,0.0,False,False,False,False,True,False,False
VIDEO_7393953054967581985,0.0,0.0,0.0,False,False,False,False,True,False,False
VIDEO_7402923905754746145,0.0,0.0,0.0,False,False,False,False,True,False,False
VIDEO_7396708038398266656,4.0,0.0016,1.0,False,True,False,False,False,False,False
VIDEO_7392879054988397856,0.0,0.0,0.0,False,False,False,False,True,False,False
VIDEO_7396981634572078369,0.0,0.0,0.0,False,False,False,False,True,False,False
VIDEO_7439254923365059873,0.0,0.0,0.0,False,False,False,False,True,False,False
VIDEO_7444192177149742358,0.0,0.0,0.0,False,False,False,False,True,False,False
VIDEO_7431201197672975648,0.0,0.0,0.0,False,False,False,False,True,False,False
VIDEO_7425904564697632032,0.3333333333333333,0.1594,0.3333333333333333,False,False,False,False,True,False,False
VIDEO_7415546238927523104,2.0,0.0004,0.6666666666666666,False,False,False,False,False,True,False
VIDEO_7444957131670949142,0.6666666666666666,0.0014,0.6666666666666666,True,False,False,False,False,False,False
VIDEO_7429721456851864864,0.0,0.0,0.0,False,False,False,False,True,False,False
VIDEO_7426709076924484897,0.3333333333333333,0.0001,0.3333333333333333,False,False,False,False,True,False,False
VIDEO_7437476740533865761,0.0,0.0,0.0,False,False,False,False,True,False,False
VIDEO_7464875419959921952,0.0,0.0,0.0,False,False,False,False,True,False,False
VIDEO_7467999174936644886,0.0,0.0,0.0,False,False,False,False,True,False,False
VIDEO_7461582150937169174,0.0,0.0,0.0,False,False,False,False,True,False,False
VIDEO_7457889721201577248,0.0,0.0,0.0,False,False,False,False,True,False,False
VIDEO_7462724279965125920,0.0,0.0,0.0,False,False,False,False,True,False,False
VIDEO_7466084820825787680,0.0,0.0,0.0,False,False,False,False,True,False,False
VIDEO_7446787674863684886,0.0,0.0,0.0,False,False,False,False,True,False,False
VIDEO_7447835163444235552,0.0,0.0,0.0,False,False,False,False,True,False,False
VIDEO_7447515391426825504,0.0,0.0,0.0,False,False,False,False,True,False,False
VIDEO_7459384907962305825,0.0,0.0,0.0,False,False,False,False,True,False,False
VIDEO_7467185543240109345,0.0,0.0,0.0,False,False,False,False,True,False,False
VIDEO_7465291116045208865,0.0,0.0,0.0,False,False,False,False,True,False,False
VIDEO_7483888039303843094,0.0,0.0,0.0,False,False,False,False,True,False,False
VIDEO_7473874393719000342,0.0,0.0,0.0,False,False,False,False,True,False,False
VIDEO_7491219464474856727,0.0,0.0,0.0,False,False,False,False,True,False,False
VIDEO_7486043762590895382,0.0,0.0,0.0,False,False,False,False,True,False,False
VIDEO_7474850979473640726,0.0,0.0,0.0,False,False,False,False,True,False,False
VIDEO_7477287305078934786,0.3333333333333333,0.0,0.3333333333333333,False,False,False,False,True,False,False
VIDEO_7476738167522053398,0.0,0.0,0.0,False,False,False,False,True,False,False
VIDEO_7483430893965626646,0.0,0.0,0.0,False,False,False,False,True,False,False
VIDEO_7479068329584364823,0.0,0.0,0.0,False,False,False,False,True,False,False
VIDEO_7475273206497086742,0.0,0.0,0.0,False,False,False,False,True,False,False
VIDEO_7512478582627732758,0.3333333333333333,0.0002,0.3333333333333333,False,False,False,False,True,False,False
VIDEO_7508723396641852694,0.0,0.0,0.0,False,False,False,False,True,False,False
VIDEO_7506824474902433026,0.0,0.0,0.0,False,False,False,False,True,False,False
VIDEO_7500939642972212502,0.0,0.0,0.0,False,False,False,False,True,False,False
VIDEO_7523190975850679554,0.0,0.0,0.3333333333333333,False,False,False,False,True,False,False
VIDEO_7514700901009886486,0.0,0.0,0.6666666666666666,False,False,False,False,True,False,False
VIDEO_7529912051498552598,0.0,0.0,0.0,False,False,False,False,True,False,False
VIDEO_7515834191922072854,0.0,0.0,0.3333333333333333,False,False,False,False,True,False,False
VIDEO_7517305745210232086,0.0,0.0,0.0,False,False,False,False,True,False,False
VIDEO_7516934430083091734,0.3333333333333333,0.0034,0.3333333333333333,False,False,False,False,True,False,False
VIDEO_7528398053666016534,0.0,0.0,0.0,False,False,False,False,True,False,False
VIDEO_7518400955877199127,0.0,0.0,0.3333333333333333,False,False,False,False,True,False,False
VIDEO_7514333529551949078,0.0,0.0,0.3333333333333333,False,False,False,False,True,False,False
VIDEO_7535840388725378306,0.0,0.0,0.0,False,False,False,False,True,False,False
VIDEO_7538370537211432214,0.0,0.0,0.0,False,False,False,False,True,False,False
VIDEO_7546552028168719638,0.0,0.0,0.0,False,False,False,False,True,False,False
VIDEO_7542515768215211286,0.0,0.0,0.0,False,False,False,False,True,False,False
VIDEO_7538076349500689666,0.0,0.0,0.0,False,False,False,False,True,False,False
VIDEO_7543616748017241366,0.3333333333333333,0.0002,0.3333333333333333,False,False,False,False,True,False,False
VIDEO_7553663983383858454,0.0,0.0,0.0,False,False,False,False,True,False,False
VIDEO_7558085942557347094,0.0,0.0,0.0,False,False,False,False,True,False,False
VIDEO_7565230748026899734,0.0,0.0,0.0,False,False,False,False,True,False,False
VIDEO_7554403190200945942,0.0,0.0,0.0,False,False,False,False,True,False,False
VIDEO_7550653411583102230,0.0,0.0,0.0,False,False,False,False,True,False,False
VIDEO_7549175046128831766,0.0,0.0,0.0,False,False,False,False,True,False,False
VIDEO_7547707789863406870,0.0,0.0,0.0,False,False,False,False,True,False,False
VIDEO_7556260834817723670,0.0,0.0,0.0,False,False,False,False,True,False,False
VIDEO_7555760932794764566,2.3333333333333335,0.0032,0.6666666666666666,False,False,False,False,False,True,False
VIDEO_7572210786991344918,1.3333333333333333,0.0071,1.0,True,False,False,False,False,False,False
VIDEO_7567318876392901910,0.0,0.0,0.0,False,False,False,False,True,False,False
VIDEO_7587702184708558102,1.0,0.0024,1.0,False,False,False,False,False,True,False
VIDEO_7591860205567151382,0.0,0.0,0.0,False,False,False,False,True,False,False
VIDEO_7582501864428604694,0.0,0.0,0.0,False,False,False,False,True,False,False
VIDEO_7572210750937107734,1.0,0.0123,0.6666666666666666,False,False,False,False,False,True,False
VIDEO_7569964600523853078,0.0,0.0,0.0,False,False,False,False,True,False,False
VIDEO_7572235624627899670,1.0,0.2827,1.0,False,True,False,False,False,False,False
VIDEO_7579238923172547842,0.0,0.0,0.0,False,False,False,False,True,False,False
VIDEO_7587833111010954518,0.0,0.0,0.0,False,False,False,False,True,False,False
VIDEO_7580401530428394775,1.3333333333333333,0.002,1.0,True,False,False,False,False,False,False
VIDEO_7590299923803884803,0.0,0.0,0.0,False,False,False,False,True,False,False
VIDEO_7572223162520177942,0.0,0.0,0.0,False,False,False,False,True,False,False
VIDEO_7586610643130764566,0.0,0.0,0.0,False,False,False,False,True,False,False
VIDEO_7597370054556011798,0.0,0.0,0.0,False,False,False,False,True,False,False
VIDEO_7261996739446590753,0.6666666666666666,0.002,0.6666666666666666,False,False,False,False,True,False,False
VIDEO_7260814503728696602,1.0,0.0032,0.3333333333333333,False,False,False,False,True,False,False
VIDEO_7254588789559938330,0.0,0.0,0.3333333333333333,False,False,False,False,True,False,False
VIDEO_7259698322791795995,0.3333333333333333,0.0016,0.3333333333333333,False,False,False,False,True,False,False
VIDEO_7309107806202842400,0.0,0.0,0.0,False,False,False,False,True,False,False
VIDEO_7306559173217488160,1.0,0.0007,1.0,False,False,False,False,False,True,False
VIDEO_7307282681899896096,0.0,0.0,0.3333333333333333,False,False,False,False,True,False,False
VIDEO_7315068001533840672,0.0,0.0,0.0,False,False,False,False,True,False,False
VIDEO_7324725007391804705,0.0,0.0,0.0,False,False,False,False,True,False,False
VIDEO_7350310562586283297,0.0,0.0,0.0,False,False,False,False,True,False,False
VIDEO_7335855508873694496,0.0,0.0,0.0,False,False,False,False,True,False,False
VIDEO_7325862287540096289,0.6666666666666666,0.0019,0.6666666666666666,False,False,False,False,False,True,False
VIDEO_7343666836812123424,0.3333333333333333,0.0001,0.3333333333333333,False,False,False,False,True,False,False
VIDEO_7332509276432289057,0.0,0.0,0.0,False,False,False,False,True,False,False
VIDEO_7354350552693656864,2.0,0.0108,1.0,False,True,False,False,False,False,False
VIDEO_7358820174952172832,1.0,0.0141,1.0,False,False,False,False,False,True,False
VIDEO_7356608348030012704,0.0,0.0,0.0,False,False,False,False,True,False,False
VIDEO_7393316600922885409,0.0,0.0,0.0,False,False,False,False,True,False,False
VIDEO_7391864864840387872,0.3333333333333333,0.0003,0.3333333333333333,False,False,False,False,True,False,False
VIDEO_7407351220127419681,0.6666666666666666,0.0096,1.0,False,False,False,False,True,False,False
VIDEO_7400379104962284832,1.0,0.0296,1.0,False,False,False,False,False,True,False
VIDEO_7372168611449900321,1.0,0.0015,1.0,False,False,True,False,False,False,False
VIDEO_7395950056001572128,0.0,0.0,0.0,False,False,False,False,True,False,False
VIDEO_7407843953539583265,2.6666666666666665,0.0076,0.6666666666666666,False,True,False,False,False,False,False
VIDEO_7433411068988280097,0.3333333333333333,0.001,0.3333333333333333,False,False,False,False,True,False,False
VIDEO_7434514141697625377,0.0,0.0,0.0,False,False,False,False,True,False,False
VIDEO_7438288130567949601,1.0,0.0016,1.0,False,False,False,False,False,True,False
VIDEO_7410754655682153761,1.0,0.0008,1.0,False,False,False,False,False,True,False
VIDEO_7439731424854379809,1.0,0.0003,0.6666666666666666,False,False,False,True,False,False,False
VIDEO_7414109220523511073,1.0,0.0009,0.6666666666666666,True,False,False,False,False,False,False
VIDEO_7458331354212666646,0.0,0.0,0.0,False,False,False,False,True,False,False
VIDEO_7451629003380755734,0.0,0.0,0.3333333333333333,False,False,False,False,True,False,False
VIDEO_7462683592603340054,0.0,0.0,0.0,False,False,False,False,True,False,False
VIDEO_7459403430122097942,0.0,0.0,0.0,False,False,False,False,True,False,False
VIDEO_7450432979526012182,0.0,0.0,0.0,False,False,False,False,True,False,False
VIDEO_7455305851092389142,1.0,0.0001,0.6666666666666666,False,False,False,False,True,False,False
VIDEO_7447927530448915735,0.0,0.0,0.0,False,False,False,False,True,False,False
VIDEO_7470159373935856918,0.0,0.0,0.0,False,False,False,False,True,False,False
VIDEO_7519058140860583190,0.0,0.0,0.0,False,False,False,False,True,False,False
VIDEO_7511669950990290198,0.0,0.0,0.0,False,False,False,False,True,False,False
VIDEO_7515407893357759766,0.3333333333333333,0.0036,0.3333333333333333,False,False,False,False,True,False,False
VIDEO_7496845046814166294,0.0,0.0,0.0,False,False,False,False,True,False,False
VIDEO_7475687308797299990,0.0,0.0,0.0,False,False,False,False,True,False,False
VIDEO_7488659236717628694,0.0,0.0,0.0,False,False,False,False,True,False,False
VIDEO_7545851939586723094,0.0,0.0,0.0,False,False,False,False,True,False,False
VIDEO_7524285666692271382,0.0,0.0,0.0,False,False,False,False,True,False,False
VIDEO_7530943991257386262,0.0,0.0,0.0,False,False,False,False,True,False,False
VIDEO_7548437152137350422,0.0,0.0,0.0,False,False,False,False,True,False,False
VIDEO_7528439846218550550,0.3333333333333333,0.0001,0.3333333333333333,False,False,False,False,True,False,False
VIDEO_7537717748512705814,0.0,0.0,0.0,False,False,False,False,True,False,False
VIDEO_7597116010528902422,0.0,0.0,0.0,False,False,False,False,True,False,False
VIDEO_6814175723704683782,0.0,0.0,0.0,False,False,False,False,True,False,False
VIDEO_6821547365887905030,0.6666666666666666,0.001,0.6666666666666666,False,False,False,False,False,True,False
VIDEO_7207862806899592453,0.0,0.0,0.3333333333333333,False,False,False,False,True,False,False
VIDEO_7219294434465238298,0.3333333333333333,0.0001,0.3333333333333333,False,False,False,False,True,False,False
VIDEO_7026774067223055621,0.0,0.0,0.0,False,False,False,False,True,False,False
VIDEO_7212344637523283205,1.6666666666666667,0.0008,1.0,False,False,False,False,False,True,False
VIDEO_7022596866374192390,0.0,0.0,0.0,False,False,False,False,True,False,False
VIDEO_7217888414631283995,0.3333333333333333,0.0153,0.3333333333333333,False,False,False,False,True,False,False
VIDEO_7022925491963481349,0.0,0.0,0.0,False,False,False,False,True,False,False
VIDEO_7256464845132827931,0.6666666666666666,0.0182,1.0,False,False,False,False,False,True,False
VIDEO_7004414493086240006,1.0,0.0012,1.0,False,False,False,True,False,False,False
VIDEO_7014868849635904773,0.0,0.0,0.0,False,False,False,False,True,False,False
VIDEO_7211165738957163782,0.0,0.0,0.0,False,False,False,False,True,False,False
VIDEO_7038707297396198661,0.0,0.0,0.0,False,False,False,False,True,False,False
VIDEO_7039252769894616326,0.0,0.0,0.0,False,False,False,False,True,False,False
VIDEO_7215515219164990746,0.0,0.0,0.0,False,False,False,False,True,False,False
VIDEO_7040810874281479430,1.0,0.0005,1.0,False,False,False,True,False,False,False
VIDEO_7027511633060695301,0.0,0.0,0.0,False,False,False,False,True,False,False
VIDEO_7007863408129215749,3.3333333333333335,0.0026,1.0,False,False,True,False,False,False,False
VIDEO_7036326405155638533,0.0,0.0,0.0,False,False,False,False,True,False,False
VIDEO_7206680972555750661,0.3333333333333333,0.0004,0.3333333333333333,False,False,False,False,True,False,False
VIDEO_7022178037378731270,0.0,0.0,0.0,False,False,False,False,True,False,False
VIDEO_7011522309198515462,1.0,0.0044,0.6666666666666666,False,False,False,False,True,False,False
VIDEO_7206682386531110149,0.6666666666666666,0.0009,0.6666666666666666,False,False,False,False,False,True,False
VIDEO_7033466696245497093,1.0,0.0029,1.0,False,False,False,False,False,True,False
VIDEO_7044982077288189190,0.0,0.0,0.3333333333333333,False,False,False,False,True,False,False
VIDEO_7039005707844308229,0.0,0.0,0.0,False,False,False,False,True,False,False
VIDEO_7346541062267079968,1.0,0.0028,0.6666666666666666,False,False,False,False,False,True,False
VIDEO_7299062448965946657,3.0,0.001,1.0,False,False,False,True,False,False,False
VIDEO_7343923844316548384,1.0,0.0037,1.0,False,False,False,True,False,False,False
VIDEO_7262807521008635168,0.0,0.0,0.0,False,False,False,False,True,False,False
VIDEO_7263733416292617505,0.0,0.0,0.3333333333333333,False,False,False,False,True,False,False
VIDEO_7303884823578397984,1.0,0.0326,1.0,False,False,True,False,False,False,False
VIDEO_7348766265927814432,3.0,0.0074,1.0,False,False,False,False,False,True,False
VIDEO_7291237498506743072,0.3333333333333333,0.0002,0.3333333333333333,False,False,False,False,True,False,False
VIDEO_7545046455229205782,2.3333333333333335,0.0004,1.0,False,True,False,False,False,False,False
VIDEO_7431510658845379872,1.3333333333333333,0.0016,1.0,False,False,False,True,False,False,False
VIDEO_7504627479449963798,0.3333333333333333,0.0097,0.3333333333333333,False,False,False,False,True,False,False
VIDEO_7516624091097337110,2.0,0.0072,0.6666666666666666,False,False,False,False,True,False,False
VIDEO_7441982856659815713,0.0,0.0,0.0,False,False,False,False,True,False,False
VIDEO_7484928854029634838,0.0,0.0,0.0,False,False,False,False,True,False,False
VIDEO_7481596789448117526,0.3333333333333333,0.0031,0.3333333333333333,False,False,False,False,True,False,False
VIDEO_7486129539827928342,0.0,0.0,0.0,False,False,False,False,True,False,False
VIDEO_7529427220335496450,1.0,0.0162,1.0,False,True,False,False,False,False,False
VIDEO_7491322585624349974,0.0,0.0,0.6666666666666666,False,False,False,False,True,False,False
VIDEO_7494230009050139926,1.0,0.011,1.0,False,False,False,False,False,False,True
VIDEO_7485773090555956503,0.0,0.0,0.0,False,False,False,False,True,False,False
VIDEO_7550598568415874326,0.0,0.0,0.0,False,False,False,False,True,False,False
VIDEO_7495704452696116503,1.6666666666666667,0.0021,0.3333333333333333,False,False,False,False,True,False,False
VIDEO_7560707094018542870,1.0,0.0002,1.0,True,False,False,False,False,False,False
VIDEO_7478735064881237270,0.3333333333333333,0.0017,0.3333333333333333,False,False,False,False,True,False,False
VIDEO_7601164093910715670,0.3333333333333333,0.0001,0.6666666666666666,False,False,False,False,True,False,False
VIDEO_6887883845954178305,0.3333333333333333,0.0148,0.6666666666666666,False,False,False,False,True,False,False
VIDEO_7587442936376233238,0.3333333333333333,0.0002,0.3333333333333333,False,False,False,False,True,False,False
VIDEO_6834056379355991301,0.3333333333333333,0.0002,0.3333333333333333,False,False,False,False,True,False,False
VIDEO_6896055761982639362,1.3333333333333333,0.0106,1.0,False,False,False,False,False,False,True
VIDEO_6864806467329903878,0.3333333333333333,0.0002,0.3333333333333333,False,False,False,False,True,False,False
VIDEO_6883876793380572417,0.0,0.0,0.0,False,False,False,False,True,False,False
VIDEO_7604886753471761686,0.0,0.0,0.0,False,False,False,False,True,False,False
VIDEO_6876369843591941377,0.0,0.0,0.0,False,False,False,False,True,False,False
VIDEO_6899015791086210306,0.0,0.0,0.0,False,False,False,False,True,False,False
VIDEO_6869621825035357441,0.3333333333333333,0.0003,0.3333333333333333,False,False,False,False,True,False,False
VIDEO_7605520662588902678,0.0,0.0,0.0,False,False,False,False,True,False,False
VIDEO_6798641094109269253,1.3333333333333333,0.0002,1.0,True,False,False,False,False,False,False
VIDEO_6895292772857826562,1.0,0.0091,1.0,False,False,False,False,False,True,False
VIDEO_7606001119243881750,0.6666666666666666,0.0285,0.6666666666666666,False,True,False,False,False,False,False
VIDEO_6879407335484214530,1.0,0.0026,1.0,False,False,True,False,False,False,False
VIDEO_6891319697220898050,0.0,0.0,0.3333333333333333,False,False,False,False,True,False,False
VIDEO_6895747396404284674,1.0,0.0082,1.0,False,False,False,False,False,True,False
VIDEO_7564704328649428246,0.0,0.0,0.0,False,False,False,False,True,False,False
VIDEO_7566676756199951638,0.6666666666666666,0.0001,0.6666666666666666,False,False,False,False,False,True,False
VIDEO_6883389583271185666,0.0,0.0,0.0,False,False,False,False,True,False,False
VIDEO_7578256886286322966,0.3333333333333333,0.0002,0.3333333333333333,False,False,False,False,True,False,False
VIDEO_6864458828012899589,0.0,0.0,0.0,False,False,False,False,True,False,False
VIDEO_6798648871401819398,1.0,0.0002,1.0,False,False,True,False,False,False,False
VIDEO_6923235061999373574,0.6666666666666666,0.0002,0.6666666666666666,True,False,False,False,False,False,False
VIDEO_6922868220890254597,0.0,0.0,0.3333333333333333,False,False,False,False,True,False,False
VIDEO_6936835146301672709,0.3333333333333333,0.0,1.0,False,False,False,False,True,False,False
VIDEO_6923976137928445190,0.0,0.0,0.0,False,False,False,False,True,False,False
VIDEO_6930236006654364934,0.3333333333333333,0.0002,0.3333333333333333,False,False,False,False,True,False,False
VIDEO_6963263758630194437,0.3333333333333333,0.0013,0.3333333333333333,False,False,False,False,True,False,False
VIDEO_6964763152974187781,0.0,0.0,0.0,False,False,False,False,True,False,False
VIDEO_6958424996964355334,0.0,0.0,0.3333333333333333,False,False,False,False,True,False,False
VIDEO_6979673025503366405,0.6666666666666666,0.0047,1.0,False,False,True,False,False,False,False
VIDEO_6994839726846971142,0.3333333333333333,0.0479,0.3333333333333333,False,False,False,False,True,False,False
VIDEO_7012661937477537030,0.0,0.0,0.0,False,False,False,False,True,False,False
VIDEO_7042694987141745926,0.3333333333333333,0.0052,0.3333333333333333,False,False,False,False,True,False,False
VIDEO_7050043192732912901,0.0,0.0,0.0,False,False,False,False,True,False,False
VIDEO_7064507087086161157,1.0,0.0016,1.0,False,False,False,False,False,True,False
VIDEO_7079095510904229126,0.6666666666666666,0.0008,0.6666666666666666,False,False,False,False,False,True,False
VIDEO_7060539961459641605,0.6666666666666666,0.0004,1.0,False,False,False,False,True,False,False
VIDEO_7065372841423801605,0.0,0.0,0.0,False,False,False,False,True,False,False
VIDEO_7081711774084484358,0.0,0.0,0.6666666666666666,False,False,False,False,True,False,False
VIDEO_7073916316566031622,0.6666666666666666,0.0003,1.0,False,False,False,True,False,False,False
VIDEO_7123931386964184326,0.6666666666666666,0.0024,0.6666666666666666,False,False,True,False,False,False,False
VIDEO_7120944943270530309,0.6666666666666666,0.0047,0.3333333333333333,False,False,False,False,True,False,False
VIDEO_7111379317900332293,0.0,0.0,0.0,False,False,False,False,True,False,False
VIDEO_7116158724288400645,0.0,0.0,0.3333333333333333,False,False,False,False,True,False,False
VIDEO_7158057918431120645,0.3333333333333333,0.0002,0.3333333333333333,False,False,False,False,True,False,False
VIDEO_7159544328061275397,0.0,0.0,0.3333333333333333,False,False,False,False,True,False,False
VIDEO_7146624079615790341,0.0,0.0,0.3333333333333333,False,False,False,False,True,False,False
VIDEO_7168426884852747526,0.3333333333333333,0.0004,0.3333333333333333,False,False,False,False,True,False,False
VIDEO_7171408287785782533,0.3333333333333333,0.0009,0.3333333333333333,False,False,False,False,True,False,False
VIDEO_7183332234605268250,0.0,0.0,0.3333333333333333,False,False,False,False,True,False,False
VIDEO_7175881254233967878,1.6666666666666667,0.0006,1.0,False,False,False,False,False,True,False
VIDEO_7167309818519227653,0.3333333333333333,0.0002,0.3333333333333333,False,False,False,False,True,False,False
VIDEO_7167014945626787078,1.0,0.0012,1.0,False,False,False,False,False,True,False
VIDEO_7167292362857794821,0.0,0.0,0.0,False,False,False,False,True,False,False
VIDEO_7162439514428919046,0.0,0.0,0.0,False,False,False,False,True,False,False
VIDEO_7187762825270463750,0.3333333333333333,0.0022,0.3333333333333333,False,False,False,False,True,False,False
VIDEO_7161744414979771653,0.3333333333333333,0.0006,0.3333333333333333,False,False,False,False,True,False,False
VIDEO_7214862934139260166,0.0,0.0,0.0,False,False,False,False,True,False,False
VIDEO_7208551637869268230,1.0,0.0097,1.0,False,False,False,False,False,False,True
VIDEO_7246825881904139546,0.0,0.0,0.0,False,False,False,False,True,False,False
VIDEO_7219646733901450502,0.3333333333333333,0.0002,0.3333333333333333,False,False,False,False,True,False,False
VIDEO_7238904736253054234,0.3333333333333333,0.0014,0.3333333333333333,False,False,False,False,True,False,False
VIDEO_7214113271018753285,0.3333333333333333,0.0132,0.3333333333333333,False,False,False,False,True,False,False
VIDEO_7203684040606633222,0.3333333333333333,0.0018,0.3333333333333333,False,False,False,False,True,False,False
VIDEO_7210834532591963398,0.0,0.0,0.0,False,False,False,False,True,False,False
VIDEO_7208933349933452550,1.3333333333333333,0.0362,1.0,True,False,False,False,False,False,False
VIDEO_7213795540574735621,0.6666666666666666,0.0019,0.6666666666666666,False,False,False,False,False,True,False
VIDEO_7294200756586958113,1.0,0.0005,1.0,False,False,False,False,False,True,False
VIDEO_7254929536557567259,0.0,0.0,0.0,False,False,False,False,True,False,False
VIDEO_7270891504346942753,0.3333333333333333,0.0001,0.3333333333333333,False,False,False,False,True,False,False
VIDEO_7278716528839626016,0.6666666666666666,0.0004,0.6666666666666666,False,False,False,False,False,True,False
VIDEO_7296124478130572577,1.0,0.0007,1.0,False,True,False,False,False,False,False
VIDEO_7296417264591441185,0.0,0.0,0.0,False,False,False,False,True,False,False
VIDEO_7288261263757446433,0.3333333333333333,0.0002,0.3333333333333333,False,False,False,False,True,False,False
VIDEO_7295785443528920352,0.0,0.0,0.0,False,False,False,False,True,False,False
VIDEO_7255981234374069530,1.0,0.0015,0.6666666666666666,True,False,False,False,False,False,False
VIDEO_7296075013734616353,0.3333333333333333,0.021,0.3333333333333333,False,False,False,False,True,False,False
VIDEO_7326857703958105376,0.0,0.0,0.0,False,False,False,False,True,False,False
VIDEO_7315824288173493536,1.0,0.0025,1.0,False,True,False,False,False,False,False
VIDEO_7324421973612825889,0.0,0.0,0.0,False,False,False,False,True,False,False
VIDEO_7344802060019256609,1.0,0.0013,1.0,False,False,False,False,False,True,False
VIDEO_7325106846744743200,0.0,0.0,0.0,False,False,False,False,True,False,False
VIDEO_7341346159023246624,3.3333333333333335,0.0032,1.0,True,False,False,False,False,False,False
VIDEO_7353226118662589728,0.3333333333333333,0.0015,0.3333333333333333,False,False,False,False,True,False,False
VIDEO_7379167807679761697,0.6666666666666666,0.0001,0.6666666666666666,False,False,False,False,True,False,False
VIDEO_7415541670361500961,0.0,0.0,0.0,False,False,False,False,True,False,False
VIDEO_7413269884840267040,0.0,0.0,0.0,False,False,False,False,True,False,False
VIDEO_7412939421089090849,0.0,0.0,0.0,False,False,False,False,True,False,False
VIDEO_7414059508630031648,1.3333333333333333,0.0018,1.0,False,False,False,False,False,True,False
VIDEO_7415589341981986080,0.0,0.0,0.3333333333333333,False,False,False,False,True,False,False
VIDEO_7438966885879696662,0.0,0.0,0.0,False,False,False,False,True,False,False
VIDEO_7442009228555930913,0.0,0.0,0.0,False,False,False,False,True,False,False
VIDEO_7400784701633416481,0.0,0.0,0.0,False,False,False,False,True,False,False
VIDEO_7410359060681297184,0.0,0.0,0.0,False,False,False,False,True,False,False
VIDEO_7418133778406657313,0.6666666666666666,0.0005,1.0,False,False,False,False,False,True,False
VIDEO_7413699830469397793,1.0,0.004,1.0,False,False,False,False,False,True,False
VIDEO_7478417820376812822,1.0,0.0164,0.6666666666666666,False,False,False,False,False,True,False
VIDEO_7490984274049469718,0.0,0.0,0.3333333333333333,False,False,False,False,True,False,False
VIDEO_7470212560399109398,0.6666666666666666,0.0002,0.6666666666666666,False,False,False,False,False,True,False
VIDEO_7479481184100044054,0.6666666666666666,0.0006,1.0,False,False,False,True,False,False,False
VIDEO_7456392986897730838,0.0,0.0,0.0,False,False,False,False,True,False,False
VIDEO_7490119511731965206,0.3333333333333333,0.0004,0.3333333333333333,False,False,False,False,True,False,False
VIDEO_7468313844230704406,2.3333333333333335,0.0095,1.0,False,True,False,False,False,False,False
VIDEO_7475816575975623958,0.0,0.0,0.0,False,False,False,False,True,False,False
VIDEO_7471348371962334486,1.0,0.0016,1.0,False,True,False,False,False,False,False
VIDEO_7479081271746989334,1.3333333333333333,0.0008,1.0,False,False,False,True,False,False,False
VIDEO_7471349532496842006,1.6666666666666667,0.001,1.0,False,False,False,False,False,True,False
VIDEO_7481977420220779798,1.0,0.0007,0.6666666666666666,False,False,False,False,False,True,False
VIDEO_7540185950714875158,0.6666666666666666,0.0014,0.3333333333333333,False,False,False,False,True,False,False
VIDEO_7533680078866238742,1.6666666666666667,0.0074,0.6666666666666666,False,False,False,False,False,True,False
VIDEO_7529820615637847318,0.6666666666666666,0.0029,0.3333333333333333,False,False,False,False,True,False,False
VIDEO_7517676181366295830,1.0,0.0369,1.0,False,True,False,False,False,False,False
VIDEO_7579293926796922134,0.0,0.0,0.0,False,False,False,False,True,False,False
VIDEO_7584519298459176214,0.0,0.0,0.0,False,False,False,False,True,False,False
VIDEO_7327710709201014049,0.0,0.0,0.0,False,False,False,False,True,False,False
VIDEO_7305425778076880161,0.0,0.0,0.0,False,False,False,False,True,False,False
VIDEO_7303968237966904609,0.0,0.0,0.0,False,False,False,False,True,False,False
VIDEO_7321012358594235681,0.3333333333333333,0.0063,0.3333333333333333,False,False,False,False,True,False,False
VIDEO_7318832237842156832,0.3333333333333333,0.0002,0.3333333333333333,False,False,False,False,True,False,False
VIDEO_7307971449870994720,0.0,0.0,0.0,False,False,False,False,True,False,False
VIDEO_7261958198775532832,0.0,0.0,0.0,False,False,False,False,True,False,False
VIDEO_7274897399045246241,1.3333333333333333,0.0039,0.6666666666666666,False,False,False,False,False,True,False
VIDEO_7323667240933444896,0.0,0.0,0.0,False,False,False,False,True,False,False
VIDEO_7333562774750088480,2.0,0.0047,1.0,False,True,False,False,False,False,False
VIDEO_7338778286597655840,0.0,0.0,0.0,False,False,False,False,True,False,False
VIDEO_7283105183352016160,0.0,0.0,0.0,False,False,False,False,True,False,False
VIDEO_7297205575501270304,0.0,0.0,0.0,False,False,False,False,True,False,False
VIDEO_7322420132649749793,0.0,0.0,0.0,False,False,False,False,True,False,False
VIDEO_7309133635578236192,0.0,0.0,0.0,False,False,False,False,True,False,False
VIDEO_7321436866287373600,0.6666666666666666,0.0014,0.6666666666666666,False,False,False,False,False,False,True
VIDEO_7291228337123511585,1.0,0.0107,1.0,False,False,False,False,False,True,False
VIDEO_7286830586478578976,1.0,0.0093,1.0,False,False,False,False,False,True,False
VIDEO_7312523032025730337,0.0,0.0,0.0,False,False,False,False,True,False,False
VIDEO_7319919643378912544,0.0,0.0,0.0,False,False,False,False,True,False,False
VIDEO_7315822267781467424,2.0,0.0004,1.0,False,False,False,False,False,True,False
VIDEO_7325457714312727840,0.0,0.0,0.0,False,False,False,False,True,False,False
VIDEO_7267879991004761376,0.0,0.0,0.0,False,False,False,False,True,False,False
VIDEO_7304272406548319520,0.0,0.0,0.0,False,False,False,False,True,False,False
VIDEO_7457587495031606560,0.0,0.0,0.0,False,False,False,False,True,False,False
VIDEO_7442354645382532385,0.0,0.0,0.0,False,False,False,False,True,False,False
VIDEO_7447538385993895201,0.0,0.0,0.0,False,False,False,False,True,False,False
VIDEO_7341738165746634017,1.3333333333333333,0.001,0.6666666666666666,False,True,False,False,False,False,False
VIDEO_7351073088601148704,0.0,0.0,0.0,False,False,False,False,True,False,False
VIDEO_7372132003078032672,0.0,0.0,0.0,False,False,False,False,True,False,False
VIDEO_7450183993355488545,0.3333333333333333,0.0001,0.3333333333333333,False,False,False,False,True,False,False
VIDEO_7340356860299496736,0.3333333333333333,0.0003,0.3333333333333333,False,False,False,False,True,False,False
VIDEO_7446341554735828256,0.0,0.0,0.0,False,False,False,False,True,False,False
VIDEO_7343970143497653537,1.0,0.0135,1.0,False,True,False,False,False,False,False
VIDEO_7453069595327384865,0.6666666666666666,0.0002,0.6666666666666666,False,False,False,False,False,True,False
VIDEO_7447184186034654496,0.3333333333333333,0.0014,0.3333333333333333,False,False,False,False,True,False,False
VIDEO_7399975638112783649,0.0,0.0,0.0,False,False,False,False,True,False,False
VIDEO_7390334004001639713,0.0,0.0,0.0,False,False,False,False,True,False,False
VIDEO_7491632736105450774,1.0,0.0106,1.0,False,False,False,True,False,False,False
VIDEO_7507578375586712854,0.3333333333333333,0.0694,0.3333333333333333,False,False,False,False,True,False,False
VIDEO_7471566242168491286,0.0,0.0,0.3333333333333333,False,False,False,False,True,False,False
VIDEO_7566632651352853782,1.6666666666666667,0.0015,1.0,False,False,True,False,False,False,False
VIDEO_7586630099286510870,0.0,0.0,0.0,False,False,False,False,True,False,False
VIDEO_7486822725684792599,0.3333333333333333,0.001,0.3333333333333333,False,False,False,False,True,False,False
VIDEO_7570012092829748502,0.0,0.0,0.0,False,False,False,False,True,False,False
VIDEO_7477935287646063894,0.3333333333333333,0.0011,1.0,False,False,False,False,True,False,False
VIDEO_7520582757412556054,0.0,0.0,0.0,False,False,False,False,True,False,False
VIDEO_7546567057056353558,0.3333333333333333,0.0011,0.3333333333333333,False,False,False,False,True,False,False
VIDEO_7471289820795374870,1.0,0.0029,1.0,False,False,False,True,False,False,False
VIDEO_7465714414814137623,0.0,0.0,0.0,False,False,False,False,True,False,False
VIDEO_7469067273794456854,0.0,0.0,0.0,False,False,False,False,True,False,False
VIDEO_7495368561821535510,0.0,0.0,0.0,False,False,False,False,True,False,False
VIDEO_7476865863409257750,0.0,0.0,0.0,False,False,False,False,True,False,False
VIDEO_7578151818585328918,0.0,0.0,0.0,False,False,False,False,True,False,False
VIDEO_7575110522522144022,0.0,0.0,0.0,False,False,False,False,True,False,False
VIDEO_7523154104273915158,2.3333333333333335,0.0099,1.0,False,False,False,False,False,True,False
VIDEO_7470495287212084503,0.6666666666666666,0.0002,0.3333333333333333,False,False,False,False,True,False,False
VIDEO_7580000663845850390,0.0,0.0,0.6666666666666666,False,False,False,False,True,False,False
VIDEO_7493891893026180374,0.0,0.0,0.0,False,False,False,False,True,False,False
VIDEO_7559557230903774486,0.3333333333333333,0.0004,0.6666666666666666,False,False,False,False,True,False,False
VIDEO_7466106459403701526,0.0,0.0,0.0,False,False,False,False,True,False,False
VIDEO_7576319921030827286,0.0,0.0,0.0,False,False,False,False,True,False,False
VIDEO_7517987561692794134,0.0,0.0,0.0,False,False,False,False,True,False,False
VIDEO_7483098002547100950,1.0,0.0087,1.0,False,True,False,False,False,False,False
VIDEO_7553223847730777346,0.0,0.0,0.0,False,False,False,False,True,False,False
VIDEO_7466514918137728278,0.0,0.0,0.0,False,False,False,False,True,False,False
VIDEO_7473224176086584598,0.0,0.0,0.0,False,False,False,False,True,False,False
VIDEO_7481624954484690198,0.3333333333333333,0.0001,0.3333333333333333,False,False,False,False,True,False,False
VIDEO_7582254546236230934,1.0,0.0001,1.0,False,False,True,False,False,False,False
VIDEO_7598574537407548694,0.0,0.0,0.0,False,False,False,False,True,False,False
VIDEO_7604101089775865110,0.0,0.0,0.0,False,False,False,False,True,False,False
VIDEO_6895288761354112258,0.0,0.0,0.0,False,False,False,False,True,False,False
VIDEO_7587478416618736918,0.3333333333333333,0.0024,0.3333333333333333,False,False,False,False,True,False,False
VIDEO_7598953535165959426,1.0,0.0009,1.0,False,False,True,False,False,False,False
VIDEO_7596412614402460950,0.3333333333333333,0.0012,0.3333333333333333,False,False,False,False,True,False,False
VIDEO_7606743080678591766,0.0,0.0,0.0,False,False,False,False,True,False,False
VIDEO_7597422827196763414,0.0,0.0,0.0,False,False,False,False,True,False,False
VIDEO_7594160012247797014,0.3333333333333333,0.0017,0.6666666666666666,False,False,False,False,True,False,False
VIDEO_6897900291631402242,0.3333333333333333,0.0002,0.3333333333333333,False,False,False,False,True,False,False
VIDEO_7591891163175554326,0.0,0.0,0.0,False,False,False,False,True,False,False
VIDEO_6876847536938749185,0.0,0.0,0.0,False,False,False,False,True,False,False
VIDEO_6918691694791691525,0.6666666666666666,0.0007,0.6666666666666666,False,False,False,True,False,False,False
VIDEO_7593664206210157827,0.0,0.0,0.0,False,False,False,False,True,False,False
VIDEO_7062046390570061061,0.6666666666666666,0.0034,0.6666666666666666,True,False,False,False,False,False,False
VIDEO_7070569241413422342,0.0,0.0,0.0,False,False,False,False,True,False,False
VIDEO_7064650116321250566,0.0,0.0,0.0,False,False,False,False,True,False,False
VIDEO_6945377653587266822,0.3333333333333333,0.0002,0.3333333333333333,False,False,False,False,True,False,False
VIDEO_7041160388334980357,0.6666666666666666,0.0002,0.6666666666666666,False,False,False,False,True,False,False
VIDEO_7061663961090936070,0.6666666666666666,0.0004,0.3333333333333333,False,False,False,False,True,False,False
VIDEO_7059832468412583173,0.6666666666666666,0.0027,1.0,True,False,False,False,False,False,False
VIDEO_7056858947935915270,0.0,0.0,0.0,False,False,False,False,True,False,False
VIDEO_6921676134212029701,1.3333333333333333,0.0002,1.0,False,False,False,False,False,False,True
VIDEO_7064244808700726533,1.0,0.0004,1.0,False,False,False,False,False,False,True
VIDEO_7058664802880589062,4.333333333333333,0.0005,1.0,False,False,False,True,False,False,False
VIDEO_7063505399307144454,1.0,0.0003,1.0,False,False,False,False,False,True,False
VIDEO_7054964457310539013,0.0,0.0,0.0,False,False,False,False,True,False,False
VIDEO_7062415851231677702,0.0,0.0,0.0,False,False,False,False,True,False,False
VIDEO_7070218376328563973,0.6666666666666666,0.0004,1.0,False,False,False,False,False,True,False
VIDEO_7064585014561754373,0.3333333333333333,0.0003,0.3333333333333333,False,False,False,False,True,False,False
VIDEO_7058348964306783493,0.0,0.0,0.0,False,False,False,False,True,False,False
VIDEO_7059081815985818886,0.0,0.0,0.3333333333333333,False,False,False,False,True,False,False
VIDEO_7060513660975844614,0.6666666666666666,0.0054,0.6666666666666666,False,False,False,False,True,False,False
VIDEO_6923874728902003973,0.0,0.0,0.0,False,False,False,False,True,False,False
VIDEO_7066474035613388037,0.6666666666666666,0.0009,0.6666666666666666,False,True,False,False,False,False,False
VIDEO_7038692809985051909,0.0,0.0,0.0,False,False,False,False,True,False,False
VIDEO_7054255399968476422,1.0,0.0045,1.0,False,False,False,False,False,True,False
VIDEO_7068731699701484806,2.3333333333333335,0.0023,1.0,False,False,False,True,False,False,False
VIDEO_6934012329067597061,0.3333333333333333,0.0001,0.3333333333333333,False,False,False,False,True,False,False
VIDEO_6926459852134845701,0.0,0.0,0.0,False,False,False,False,True,False,False
VIDEO_7061273234259610885,0.3333333333333333,0.0002,0.3333333333333333,False,False,False,False,True,False,False
VIDEO_6980696986135710981,0.0,0.0,0.0,False,False,False,False,True,False,False
VIDEO_7070907935722917126,0.0,0.0,0.0,False,False,False,False,True,False,False
VIDEO_7053886455805955333,0.3333333333333333,0.0002,0.3333333333333333,False,False,False,False,True,False,False
VIDEO_7059747853035441414,1.6666666666666667,0.0052,1.0,False,True,False,False,False,False,False
VIDEO_7060191695681375493,1.0,0.0275,1.0,False,False,False,False,False,True,False
VIDEO_7067623396279930117,0.3333333333333333,0.0002,1.0,False,False,False,False,True,False,False
VIDEO_7056423267564899590,1.0,0.0031,1.0,True,False,False,False,False,False,False
VIDEO_7053136217717607686,0.0,0.0,0.3333333333333333,False,False,False,False,True,False,False
VIDEO_7066872454249073925,0.3333333333333333,0.0004,0.3333333333333333,False,False,False,False,True,False,False
VIDEO_7057221943623306501,0.6666666666666666,0.0003,1.0,False,False,False,False,True,False,False
VIDEO_7064977105032858885,0.0,0.0,0.0,False,False,False,False,True,False,False
VIDEO_6946128715000663301,0.0,0.0,0.0,False,False,False,False,True,False,False
VIDEO_6980319450687868166,0.3333333333333333,0.0058,0.3333333333333333,False,False,False,False,True,False,False
VIDEO_7069844079122599173,0.3333333333333333,0.0001,0.3333333333333333,False,False,False,False,True,False,False
VIDEO_7065769954695564550,0.0,0.0,0.0,False,False,False,False,True,False,False
VIDEO_7059442492080491781,0.6666666666666666,0.0002,0.6666666666666666,False,False,False,False,True,False,False
VIDEO_7067985901011373317,0.3333333333333333,0.0004,0.3333333333333333,False,False,False,False,True,False,False
VIDEO_6942166804311575814,0.3333333333333333,0.0009,0.3333333333333333,False,False,False,False,True,False,False
VIDEO_7175115192966106374,0.0,0.0,0.0,False,False,False,False,True,False,False
VIDEO_7079418950315969798,1.0,0.0002,1.0,False,False,False,False,False,True,False
VIDEO_7186344254921280773,0.3333333333333333,0.0005,0.3333333333333333,False,False,False,False,True,False,False
VIDEO_7082037036730813701,0.0,0.0,0.3333333333333333,False,False,False,False,True,False,False
VIDEO_7081323710442917125,0.3333333333333333,0.0188,0.6666666666666666,False,False,False,False,True,False,False
VIDEO_7185872343988702470,1.0,0.0007,1.0,False,False,False,False,False,True,False
VIDEO_7075406881111444742,0.3333333333333333,0.0098,0.3333333333333333,False,False,False,False,True,False,False
VIDEO_7071272326746230021,0.6666666666666666,0.0034,0.6666666666666666,False,False,False,False,False,True,False
VIDEO_7072060893818899717,0.3333333333333333,0.0003,0.3333333333333333,False,False,False,False,True,False,False
VIDEO_7087653844863208709,2.0,0.007,1.0,False,False,False,False,False,True,False
VIDEO_7080583186522098949,0.0,0.0,0.0,False,False,False,False,True,False,False
VIDEO_7085404371671846150,1.0,0.0016,1.0,False,False,False,False,False,True,False
VIDEO_7180432290151959814,1.3333333333333333,0.0012,0.6666666666666666,False,False,False,False,False,True,False
VIDEO_7078352231413697797,0.6666666666666666,0.0006,1.0,False,False,False,False,False,True,False
VIDEO_7085367737178000646,0.3333333333333333,0.0349,0.3333333333333333,False,False,False,False,True,False,False
VIDEO_7184475894335950085,0.0,0.0,0.0,False,False,False,False,True,False,False
VIDEO_7081701013891157253,0.0,0.0,0.0,False,False,False,False,True,False,False
VIDEO_7081276473687985413,0.0,0.0,0.0,False,False,False,False,True,False,False
VIDEO_7080188060561837318,0.3333333333333333,0.0013,0.3333333333333333,False,False,False,False,True,False,False
VIDEO_7074644027190103302,0.3333333333333333,0.0002,0.3333333333333333,False,False,False,False,True,False,False
VIDEO_7084552539126926597,0.6666666666666666,0.0063,0.6666666666666666,False,False,False,False,True,False,False
VIDEO_7174823379453644037,0.0,0.0,0.0,False,False,False,False,True,False,False
VIDEO_7179319229924084997,0.0,0.0,0.0,False,False,False,False,True,False,False
VIDEO_7087984641864502534,1.3333333333333333,0.0028,1.0,False,True,False,False,False,False,False
VIDEO_7182983364293430533,2.3333333333333335,0.0052,1.0,False,False,False,False,False,True,False
VIDEO_7076502785742720261,0.3333333333333333,0.001,0.3333333333333333,False,False,False,False,True,False,False
VIDEO_7083159832185933061,0.3333333333333333,0.001,0.3333333333333333,False,False,False,False,True,False,False
VIDEO_7087592356664315141,0.3333333333333333,0.0007,1.0,False,False,False,False,True,False,False
VIDEO_7085748815449312517,0.6666666666666666,0.0002,0.6666666666666666,False,False,False,False,False,True,False
VIDEO_7086527236471311622,0.3333333333333333,0.0013,0.3333333333333333,False,False,False,False,True,False,False
VIDEO_7176635190469512453,0.0,0.0,0.0,False,False,False,False,True,False,False
VIDEO_7083526112558517510,1.0,0.0013,1.0,True,False,False,False,False,False,False
VIDEO_7082386924677205253,1.0,0.0046,1.0,True,False,False,False,False,False,False
VIDEO_7073547434244328709,0.3333333333333333,0.0002,0.3333333333333333,False,False,False,False,True,False,False
VIDEO_7086111451965869317,0.0,0.0,0.0,False,False,False,False,True,False,False
VIDEO_7076131060420988165,0.3333333333333333,0.0004,0.3333333333333333,False,False,False,False,True,False,False
VIDEO_7175864609029491974,0.0,0.0,0.0,False,False,False,False,True,False,False
VIDEO_7072780188018380038,1.0,0.0256,1.0,False,False,False,False,False,True,False
VIDEO_7082815811529805062,0.0,0.0,0.0,False,False,False,False,True,False,False
VIDEO_7079071645771500806,0.0,0.0,0.0,False,False,False,False,True,False,False
VIDEO_7083930192657353990,0.6666666666666666,0.0001,0.3333333333333333,False,False,False,False,True,False,False
VIDEO_7073906588079246598,0.3333333333333333,0.0062,0.3333333333333333,False,False,False,False,True,False,False
VIDEO_7086144769222511877,0.0,0.0,0.0,False,False,False,False,True,False,False
VIDEO_7079836018203020549,0.0,0.0,0.0,False,False,False,False,True,False,False
VIDEO_7187448552354794758,0.0,0.0,0.0,False,False,False,False,True,False,False
VIDEO_7083882172154645765,0.6666666666666666,0.0004,0.6666666666666666,False,True,False,False,False,False,False
VIDEO_7080535307816291589,1.3333333333333333,0.0401,1.0,False,False,False,False,False,True,False
VIDEO_7072415750589254918,0.0,0.0,0.0,False,False,False,False,True,False,False
VIDEO_7073513732395044102,0.3333333333333333,0.0003,0.3333333333333333,False,False,False,False,True,False,False
VIDEO_7077597321667546373,0.0,0.0,0.0,False,False,False,False,True,False,False
VIDEO_7267229404584037638,0.0,0.0,0.0,False,False,False,False,True,False,False
VIDEO_7199338065867934982,2.0,0.0065,1.0,False,False,False,False,False,True,False
VIDEO_7319511492888366342,1.0,0.0026,1.0,False,True,False,False,False,False,False
VIDEO_7198947136300403974,0.0,0.0,0.0,False,False,False,False,True,False,False
VIDEO_7221953102184779013,0.0,0.0,0.3333333333333333,False,False,False,False,True,False,False
VIDEO_7206417246502046981,0.0,0.0,0.0,False,False,False,False,True,False,False
VIDEO_7197470706416815365,0.3333333333333333,0.004,0.6666666666666666,False,False,False,False,True,False,False
VIDEO_7189175939098561798,0.0,0.0,0.0,False,False,False,False,True,False,False
VIDEO_7214396955810680069,1.0,0.0007,1.0,False,False,False,False,False,True,False
VIDEO_7189955800851320070,1.0,0.0003,1.0,True,False,False,False,False,False,False
VIDEO_7201892299112992005,0.6666666666666666,0.0003,0.6666666666666666,False,True,False,False,False,False,False
VIDEO_7217463144069844230,1.0,0.0513,1.0,False,False,False,False,False,True,False
VIDEO_7207818125402852613,0.0,0.0,0.0,False,False,False,False,True,False,False
VIDEO_7320606856995523846,0.0,0.0,0.3333333333333333,False,False,False,False,True,False,False
VIDEO_7333701921573850374,1.0,0.0156,0.6666666666666666,False,False,False,False,True,False,False
VIDEO_7329596850804100358,1.0,0.0025,1.0,True,False,False,False,False,False,False
VIDEO_7332928025517903109,1.0,0.0004,1.0,False,False,False,False,False,True,False
VIDEO_7334734613429882117,0.0,0.0,0.0,False,False,False,False,True,False,False
VIDEO_7328066217929985286,0.0,0.0,0.0,False,False,False,False,True,False,False
VIDEO_7341020687345192197,0.0,0.0,0.3333333333333333,False,False,False,False,True,False,False
VIDEO_7339952469901970693,1.0,0.0013,1.0,False,False,False,False,True,False,False
VIDEO_7325861199604665606,0.0,0.0,0.0,False,False,False,False,True,False,False
VIDEO_7338825965419662598,0.3333333333333333,0.0006,0.6666666666666666,False,False,False,False,True,False,False
VIDEO_7329985883539541253,1.0,0.0006,1.0,False,False,False,False,False,True,False
VIDEO_7323237610665544966,0.0,0.0,0.3333333333333333,False,False,False,False,True,False,False
VIDEO_7334309352062405893,2.0,0.001,1.0,False,False,False,False,False,True,False
VIDEO_7325113581249301766,0.6666666666666666,0.0015,1.0,False,True,False,False,False,False,False
VIDEO_7426721230721453318,0.0,0.0,0.0,False,False,False,False,True,False,False
VIDEO_7349173304613162246,0.6666666666666666,0.0008,0.6666666666666666,False,False,False,False,False,True,False
VIDEO_7415576931577433349,0.6666666666666666,0.0123,1.0,False,True,False,False,False,False,False
VIDEO_7346623546229099781,0.0,0.0,0.0,False,False,False,False,True,False,False
VIDEO_7345477638619778309,0.0,0.0,0.0,False,False,False,False,True,False,False
VIDEO_7348384350297165061,0.6666666666666666,0.0035,1.0,False,False,False,False,True,False,False
VIDEO_7575902535349816588,0.0,0.0,0.3333333333333333,False,False,False,False,True,False,False
VIDEO_7517644986310020408,0.0,0.0,0.0,False,False,False,False,True,False,False
VIDEO_7584927758497697035,0.6666666666666666,0.0002,0.6666666666666666,False,False,False,False,False,True,False
VIDEO_7537787296209259782,0.0,0.0,0.0,False,False,False,False,True,False,False
VIDEO_7479794065983147269,0.0,0.0,0.0,False,False,False,False,True,False,False
VIDEO_7565955844764863755,0.0,0.0,0.0,False,False,False,False,True,False,False
VIDEO_7570044496004533516,0.3333333333333333,0.0054,0.6666666666666666,False,False,False,False,True,False,False
VIDEO_7540672667704118533,0.0,0.0,0.0,False,False,False,False,True,False,False
VIDEO_7524995526518000901,0.3333333333333333,0.0002,0.3333333333333333,False,False,False,False,True,False,False
VIDEO_7461940902890605829,0.0,0.0,0.0,False,False,False,False,True,False,False
VIDEO_7470863926922579205,0.3333333333333333,0.0008,0.3333333333333333,False,False,False,False,True,False,False
VIDEO_7545528304237841720,0.0,0.0,0.0,False,False,False,False,True,False,False
VIDEO_7577087400501857592,0.3333333333333333,0.0002,0.3333333333333333,False,False,False,False,True,False,False
VIDEO_7578641094464867595,0.0,0.0,0.3333333333333333,False,False,False,False,True,False,False
VIDEO_7586689516153343288,0.0,0.0,0.0,False,False,False,False,True,False,False
VIDEO_7520150754858896645,0.3333333333333333,0.0001,0.3333333333333333,False,False,False,False,True,False,False
VIDEO_7569526874024512780,0.0,0.0,0.0,False,False,False,False,True,False,False
VIDEO_7561497104322022667,0.0,0.0,0.0,False,False,False,False,True,False,False
VIDEO_7580037763580415244,0.6666666666666666,0.0006,0.6666666666666666,False,False,False,False,True,False,False
VIDEO_7457617290348072197,0.0,0.0,0.0,False,False,False,False,True,False,False
VIDEO_7559134249731853579,0.0,0.0,0.0,False,False,False,False,True,False,False
VIDEO_7463089844516965637,0.0,0.0,1.0,False,False,False,False,True,False,False
VIDEO_7582952363116268812,0.0,0.0,0.0,False,False,False,False,True,False,False
VIDEO_7553173878785297720,0.0,0.0,0.0,False,False,False,False,True,False,False
VIDEO_7488241037907905797,0.3333333333333333,0.0004,0.3333333333333333,False,False,False,False,True,False,False
VIDEO_7527665793501318456,0.0,0.0,0.0,False,False,False,False,True,False,False
VIDEO_6739804771013774597,0.0,0.0,0.0,False,False,False,False,True,False,False
VIDEO_7593820955810598156,0.0,0.0,0.0,False,False,False,False,True,False,False
VIDEO_6764678537346616582,0.0,0.0,0.0,False,False,False,False,True,False,False
VIDEO_7593673061476420920,1.6666666666666667,0.0014,0.3333333333333333,False,False,False,False,True,False,False
VIDEO_6825975879940820230,0.0,0.0,0.0,False,False,False,False,True,False,False
VIDEO_6750983141873224966,0.3333333333333333,0.0011,0.3333333333333333,False,False,False,False,True,False,False
VIDEO_7595900789546044684,0.0,0.0,0.0,False,False,False,False,True,False,False
VIDEO_6768860777525824773,0.3333333333333333,0.0005,0.6666666666666666,False,False,False,False,True,False,False
VIDEO_7597437745258073400,0.0,0.0,0.0,False,False,False,False,True,False,False
VIDEO_6834420537545084166,0.3333333333333333,0.0003,0.6666666666666666,False,False,False,False,True,False,False
VIDEO_6927547229486058757,1.0,0.0091,0.6666666666666666,False,True,False,False,False,False,False
VIDEO_6860766213992090886,0.0,0.0,0.0,False,False,False,False,True,False,False
VIDEO_6885735124013550850,0.6666666666666666,0.0001,0.6666666666666666,False,False,False,False,False,True,False
VIDEO_6915045654997912833,0.3333333333333333,0.0001,0.3333333333333333,False,False,False,False,True,False,False
VIDEO_7078216427131473157,1.0,0.0003,0.6666666666666666,True,False,False,False,False,False,False
VIDEO_6896455617523813633,0.0,0.0,0.0,False,False,False,False,True,False,False
VIDEO_6894530886105042178,0.0,0.0,0.0,False,False,False,False,True,False,False
VIDEO_6886076315288554754,0.0,0.0,0.0,False,False,False,False,True,False,False
VIDEO_6875699019520298242,1.3333333333333333,0.0019,0.6666666666666666,False,False,False,False,False,True,False
VIDEO_6880792115329142018,0.0,0.0,0.0,False,False,False,False,True,False,False
VIDEO_6880117942432959746,0.0,0.0,0.0,False,False,False,False,True,False,False
VIDEO_7050156581652106502,0.0,0.0,0.0,False,False,False,False,True,False,False
VIDEO_6875610422578351362,0.3333333333333333,0.0001,0.3333333333333333,False,False,False,False,True,False,False
VIDEO_7070486062182731013,3.0,0.0003,1.0,False,False,False,True,False,False,False
VIDEO_6878219367390268673,0.6666666666666666,0.0001,0.6666666666666666,True,False,False,False,False,False,False
VIDEO_6923258085528112390,0.6666666666666666,0.0076,1.0,False,False,False,False,False,True,False
VIDEO_6885984385670122753,0.0,0.0,0.0,False,False,False,False,True,False,False
VIDEO_6913929490305420545,0.0,0.0,0.0,False,False,False,False,True,False,False
VIDEO_7213794863630912773,0.0,0.0,0.0,False,False,False,False,True,False,False
VIDEO_7191515883330669830,0.3333333333333333,0.0002,0.3333333333333333,False,False,False,False,True,False,False
VIDEO_7174022295978003717,0.3333333333333333,0.0002,0.3333333333333333,False,False,False,False,True,False,False
VIDEO_7193751547749223685,0.3333333333333333,0.0004,0.3333333333333333,False,False,False,False,True,False,False
VIDEO_7197448084119506182,0.0,0.0,0.0,False,False,False,False,True,False,False
VIDEO_7125392158063955205,1.3333333333333333,0.0009,0.6666666666666666,False,False,False,False,True,False,False
VIDEO_7185555796443270405,0.6666666666666666,0.004,0.6666666666666666,False,False,False,False,False,True,False
VIDEO_7159621444312288517,0.6666666666666666,0.0129,0.6666666666666666,False,False,False,False,False,True,False
VIDEO_7157021341361753349,0.0,0.0,0.0,False,False,False,False,True,False,False
VIDEO_7200112331873897733,0.0,0.0,0.3333333333333333,False,False,False,False,True,False,False
VIDEO_7185200340310969605,0.6666666666666666,0.0015,0.6666666666666666,False,False,False,False,False,True,False
VIDEO_7192254185969044742,0.0,0.0,0.3333333333333333,False,False,False,False,True,False,False
VIDEO_7189927984172666118,0.3333333333333333,0.0023,1.0,False,False,False,False,True,False,False
VIDEO_7204870147855748357,0.6666666666666666,0.0005,0.6666666666666666,False,False,False,False,False,True,False
VIDEO_7209259784263060742,0.3333333333333333,0.0004,0.3333333333333333,False,False,False,False,True,False,False
VIDEO_7113472331917298949,0.6666666666666666,0.0005,0.6666666666666666,False,False,False,False,False,True,False
VIDEO_7195607365813636357,1.6666666666666667,0.0005,1.0,True,False,False,False,False,False,False
VIDEO_7208220006314773765,0.3333333333333333,0.0068,0.3333333333333333,False,False,False,False,True,False,False
VIDEO_7194501630111272197,0.0,0.0,0.0,False,False,False,False,True,False,False
VIDEO_7200418269629582597,1.0,0.0271,1.0,False,False,False,False,False,True,False
VIDEO_7161523791154236677,0.3333333333333333,0.024,1.0,False,False,False,False,True,False,False
VIDEO_7130169267454070021,0.6666666666666666,0.0009,0.3333333333333333,False,False,False,False,True,False,False
VIDEO_7184457014217657606,0.0,0.0,0.3333333333333333,False,False,False,False,True,False,False
VIDEO_7214886818368490758,1.0,0.0011,1.0,True,False,False,False,False,False,False
VIDEO_7210067304095173893,0.3333333333333333,0.0001,0.6666666666666666,False,False,False,False,True,False,False
VIDEO_7208590550348434694,1.0,0.0064,1.0,False,False,True,False,False,False,False
VIDEO_7197086542479854854,1.3333333333333333,0.001,1.0,False,False,False,False,False,True,False
VIDEO_7184831364422814981,1.0,0.0139,1.0,False,False,True,False,False,False,False
VIDEO_7299777182828645664,0.0,0.0,0.0,False,False,False,False,True,False,False
VIDEO_7305781724238105889,3.6666666666666665,0.0014,1.0,False,False,False,False,False,True,False
VIDEO_7262728753778822433,0.6666666666666666,0.0022,1.0,False,False,False,False,True,False,False
VIDEO_7265677943228075296,1.6666666666666667,0.0098,1.0,False,False,True,False,False,False,False
VIDEO_7260420548553887002,0.6666666666666666,0.0178,0.6666666666666666,False,False,False,False,True,False,False
VIDEO_7265242959048723745,1.0,0.0105,1.0,False,False,True,False,False,False,False
VIDEO_7272402191233584417,1.0,0.0031,1.0,False,False,False,True,False,False,False
VIDEO_7297256040544931105,0.0,0.0,0.0,False,False,False,False,True,False,False
VIDEO_7262363967157226785,0.6666666666666666,0.0001,1.0,False,True,False,False,False,False,False
VIDEO_7306460792310877472,0.3333333333333333,0.0003,0.3333333333333333,False,False,False,False,True,False,False
VIDEO_7225641498249891099,1.0,0.0047,1.0,False,False,True,False,False,False,False
VIDEO_7225245362678762779,1.0,0.0007,0.6666666666666666,False,False,False,False,False,True,False
VIDEO_7307663369090207009,0.0,0.0,0.0,False,False,False,False,True,False,False
VIDEO_7299132149167361312,1.0,0.0001,1.0,False,False,False,False,False,True,False
VIDEO_7261965250864467232,1.3333333333333333,0.0005,1.0,True,False,False,False,False,False,False
VIDEO_7264519435086466336,0.6666666666666666,0.0031,1.0,False,False,False,False,False,True,False
VIDEO_7285669773030001953,0.0,0.0,0.0,False,False,False,False,True,False,False
VIDEO_7279078872455384352,0.0,0.0,0.0,False,False,False,False,True,False,False
VIDEO_7309113734360780064,0.0,0.0,0.0,False,False,False,False,True,False,False
VIDEO_7263460179461688609,2.3333333333333335,0.0438,1.0,False,False,False,False,False,True,False
VIDEO_7223410372462611738,1.0,0.0005,1.0,False,False,False,False,False,True,False
VIDEO_7224177146263063835,0.3333333333333333,0.0001,0.3333333333333333,False,False,False,False,True,False,False
VIDEO_7306870694137187616,0.0,0.0,0.0,False,False,False,False,True,False,False
VIDEO_7221550036172213509,1.0,0.0009,0.6666666666666666,False,False,False,False,False,True,False
VIDEO_7551820830615899414,0.0,0.0,0.0,False,False,False,False,True,False,False
VIDEO_7330293520395275553,0.3333333333333333,0.0004,0.3333333333333333,False,False,False,False,True,False,False
VIDEO_6792133610360065285,0.3333333333333333,0.0005,0.3333333333333333,False,False,False,False,True,False,False
VIDEO_6793765694619143430,0.0,0.0,0.0,False,False,False,False,True,False,False
VIDEO_6794470373212589317,0.0,0.0,0.0,False,False,False,False,True,False,False
VIDEO_6792131260543225094,0.0,0.0,0.0,False,False,False,False,True,False,False
VIDEO_7323224822169750816,0.6666666666666666,0.0004,0.3333333333333333,False,False,False,False,True,False,False
VIDEO_7457876496447819030,0.0,0.0,0.0,False,False,False,False,True,False,False
VIDEO_6793347939294072069,0.0,0.0,0.0,False,False,False,False,True,False,False
VIDEO_6795606002222796037,0.3333333333333333,0.0001,0.3333333333333333,False,False,False,False,True,False,False
VIDEO_6796363351816555782,0.6666666666666666,0.001,0.6666666666666666,False,False,False,False,False,True,False
VIDEO_7025927416061250821,0.0,0.0,0.0,False,False,False,False,True,False,False
VIDEO_7036807584111709445,0.0,0.0,0.0,False,False,False,False,True,False,False
VIDEO_7041969079246245126,1.0,0.0016,1.0,True,False,False,False,False,False,False
VIDEO_7040105390410960133,0.0,0.0,0.0,False,False,False,False,True,False,False
VIDEO_7042347189179403525,0.0,0.0,0.0,False,False,False,False,True,False,False
VIDEO_7026756047805205766,0.3333333333333333,0.0035,0.3333333333333333,False,False,False,False,True,False,False
VIDEO_7043834307458141446,0.0,0.0,0.0,False,False,False,False,True,False,False
VIDEO_7054582233989958917,0.6666666666666666,0.0006,0.6666666666666666,False,False,False,False,False,True,False
VIDEO_7058313871718714629,0.3333333333333333,0.0004,0.3333333333333333,False,False,False,False,True,False,False
VIDEO_6943540424141491461,0.0,0.0,0.0,False,False,False,False,True,False,False
VIDEO_7046370407758286085,0.0,0.0,0.0,False,False,False,False,True,False,False
VIDEO_7039780337739730181,1.0,0.0017,1.0,False,False,False,False,False,True,False
VIDEO_7001054542804667653,0.6666666666666666,0.0004,0.6666666666666666,False,False,False,False,False,True,False
VIDEO_7020800251950927109,0.0,0.0,0.0,False,False,False,False,True,False,False
VIDEO_7050500563045338374,0.6666666666666666,0.0004,0.6666666666666666,False,False,False,False,True,False,False
VIDEO_7041603482742230278,0.0,0.0,0.0,False,False,False,False,True,False,False
VIDEO_6935817751898426629,0.0,0.0,0.3333333333333333,False,False,False,False,True,False,False
VIDEO_7037757089799818502,0.0,0.0,0.0,False,False,False,False,True,False,False
VIDEO_7049689395460312326,0.0,0.0,0.0,False,False,False,False,True,False,False
VIDEO_7018383080205356293,0.6666666666666666,0.0007,0.6666666666666666,False,False,False,False,False,False,True
VIDEO_7051571825989422342,0.0,0.0,0.0,False,False,False,False,True,False,False
VIDEO_7037532518978964741,0.0,0.0,0.0,False,False,False,False,True,False,False
VIDEO_7043009038623329541,0.6666666666666666,0.001,0.6666666666666666,False,False,False,False,False,True,False
VIDEO_7028978217117682949,0.0,0.0,0.0,False,False,False,False,True,False,False
VIDEO_7038638363686997254,0.0,0.0,0.0,False,False,False,False,True,False,False
VIDEO_7055610539749199109,0.0,0.0,0.0,False,False,False,False,True,False,False
VIDEO_7037974894553894150,0.0,0.0,0.0,False,False,False,False,True,False,False
VIDEO_6796364077095472389,1.0,0.0033,1.0,False,False,False,True,False,False,False
VIDEO_6937251547290045701,0.0,0.0,0.0,False,False,False,False,True,False,False
VIDEO_7057200753470950661,0.0,0.0,0.0,False,False,False,False,True,False,False
VIDEO_7059302103713402117,0.3333333333333333,0.0003,0.3333333333333333,False,False,False,False,True,False,False
VIDEO_6927665892457237765,0.0,0.0,0.0,False,False,False,False,True,False,False
VIDEO_7057548200625917190,0.0,0.0,0.0,False,False,False,False,True,False,False
VIDEO_7018826174767942918,0.0,0.0,0.0,False,False,False,False,True,False,False
VIDEO_7054222416247000325,0.6666666666666666,0.0031,0.6666666666666666,False,True,False,False,False,False,False
VIDEO_6797039273053850886,0.6666666666666666,0.0021,1.0,False,False,False,False,False,False,True
VIDEO_7145110811000835333,1.0,0.0002,0.6666666666666666,False,False,False,False,True,False,False
VIDEO_7073511726888635653,0.0,0.0,0.3333333333333333,False,False,False,False,True,False,False
VIDEO_7170730138965970181,0.0,0.0,0.0,False,False,False,False,True,False,False
VIDEO_7180392341839105286,0.3333333333333333,0.002,0.3333333333333333,False,False,False,False,True,False,False
VIDEO_7169238545779952902,0.0,0.0,0.0,False,False,False,False,True,False,False
VIDEO_7068682786437139718,0.0,0.0,0.0,False,False,False,False,True,False,False
VIDEO_7165908407793372422,0.0,0.0,0.0,False,False,False,False,True,False,False
VIDEO_7094187420819803398,0.0,0.0,0.0,False,False,False,False,True,False,False
VIDEO_7125076892729756933,0.0,0.0,0.0,False,False,False,False,True,False,False
VIDEO_7165165100075093253,0.0,0.0,0.0,False,False,False,False,True,False,False
VIDEO_7162123924233358598,0.0,0.0,0.0,False,False,False,False,True,False,False
VIDEO_7095777172513721605,0.0,0.0,0.0,False,False,False,False,True,False,False
VIDEO_7178897418107358469,0.0,0.0,0.0,False,False,False,False,True,False,False
VIDEO_7182978974253944069,0.0,0.0,0.0,False,False,False,False,True,False,False
VIDEO_7074987594026700038,0.6666666666666666,0.0003,0.3333333333333333,False,False,False,False,True,False,False
VIDEO_7062740749992971526,0.3333333333333333,0.0012,1.0,False,False,False,False,True,False,False
VIDEO_7083155569812589829,0.0,0.0,0.0,False,False,False,False,True,False,False
VIDEO_7061974363939261701,0.0,0.0,0.0,False,False,False,False,True,False,False
VIDEO_7082286078417259782,0.0,0.0,0.0,False,False,False,False,True,False,False
VIDEO_7078325137698770181,1.6666666666666667,0.005,1.0,False,False,False,False,False,False,True
VIDEO_7158468268074749189,1.6666666666666667,0.0032,1.0,False,False,False,True,False,False,False
VIDEO_7141029212244233478,1.3333333333333333,0.003,1.0,False,False,False,False,False,False,True
VIDEO_7150676745937587462,0.0,0.0,0.0,False,False,False,False,True,False,False
VIDEO_7167386112040684805,0.0,0.0,0.3333333333333333,False,False,False,False,True,False,False
VIDEO_7142874586755976454,0.0,0.0,0.0,False,False,False,False,True,False,False
VIDEO_7068298283386506502,0.3333333333333333,0.0001,0.3333333333333333,False,False,False,False,True,False,False
VIDEO_7168935772777614597,0.0,0.0,0.0,False,False,False,False,True,False,False
VIDEO_7173695147639655686,0.6666666666666666,0.1568,0.6666666666666666,False,False,False,False,False,True,False
VIDEO_7080915608727997701,3.0,0.0005,1.0,False,True,False,False,False,False,False
VIDEO_7177417414542429445,0.0,0.0,0.0,False,False,False,False,True,False,False
VIDEO_7183477138249485594,0.0,0.0,0.0,False,False,False,False,True,False,False
VIDEO_7065713702833638662,0.0,0.0,0.0,False,False,False,False,True,False,False
VIDEO_7090931568486763781,1.6666666666666667,0.0003,1.0,False,False,False,True,False,False,False
VIDEO_7075734573933530373,0.0,0.0,0.6666666666666666,False,False,False,False,True,False,False
VIDEO_7073146702995279110,0.3333333333333333,0.0009,0.6666666666666666,False,False,False,False,True,False,False
VIDEO_7093581650163944709,0.3333333333333333,0.0001,0.6666666666666666,False,False,False,False,True,False,False
VIDEO_7063127157068844294,0.3333333333333333,0.0018,0.3333333333333333,False,False,False,False,True,False,False
VIDEO_7172507378498260229,0.0,0.0,0.0,False,False,False,False,True,False,False
VIDEO_7188189006851575046,1.0,0.0004,1.0,False,False,False,False,False,False,True
VIDEO_7069799098576112901,0.0,0.0,0.0,False,False,False,False,True,False,False
VIDEO_7122480993948159238,0.0,0.0,0.0,False,False,False,False,True,False,False
VIDEO_7076526059344104709,0.3333333333333333,0.0026,0.3333333333333333,False,False,False,False,True,False,False
VIDEO_7181124364987895046,0.0,0.0,0.0,False,False,False,False,True,False,False
VIDEO_7289092371030002977,0.0,0.0,0.0,False,False,False,False,True,False,False
VIDEO_7304326742255209761,0.3333333333333333,0.0003,0.3333333333333333,False,False,False,False,True,False,False
VIDEO_7302473271067397409,0.0,0.0,0.3333333333333333,False,False,False,False,True,False,False
VIDEO_7301350531325365537,1.0,0.0021,1.0,False,False,False,True,False,False,False
VIDEO_7296889866002910497,0.0,0.0,0.0,False,False,False,False,True,False,False
VIDEO_7298393830204640545,0.0,0.0,0.0,False,False,False,False,True,False,False
VIDEO_7197824225988726021,1.0,0.0003,0.6666666666666666,False,False,False,False,False,True,False
VIDEO_7192617192850984198,4.666666666666667,0.0015,1.0,False,False,False,False,False,True,False
VIDEO_7296154996683410720,0.6666666666666666,0.0018,0.6666666666666666,False,False,False,False,False,True,False
VIDEO_7287983702959869217,0.0,0.0,0.0,False,False,False,False,True,False,False
VIDEO_7300112308179701025,0.0,0.0,0.0,False,False,False,False,True,False,False
VIDEO_7199677935949778181,1.0,0.0011,0.6666666666666666,False,True,False,False,False,False,False
VIDEO_7286863155026808096,0.0,0.0,0.0,False,False,False,False,True,False,False
VIDEO_7207842110316268805,1.0,0.0001,1.0,False,False,True,False,False,False,False
VIDEO_7262465807949647136,0.0,0.0,0.3333333333333333,False,False,False,False,True,False,False
VIDEO_7206342637316607237,1.3333333333333333,0.0014,1.0,False,False,False,False,False,True,False
VIDEO_7202277032938540294,1.0,0.0042,1.0,False,False,False,False,False,True,False
VIDEO_7210817231368785158,0.0,0.0,0.0,False,False,False,False,True,False,False
VIDEO_7280925746183408928,0.0,0.0,0.0,False,False,False,False,True,False,False
VIDEO_7203763760538897669,0.0,0.0,0.0,False,False,False,False,True,False,False
VIDEO_7294284376454532384,0.0,0.0,0.0,False,False,False,False,True,False,False
VIDEO_7291678102948810016,1.0,0.0041,1.0,False,False,False,False,False,True,False
VIDEO_7290947930108857633,0.0,0.0,0.3333333333333333,False,False,False,False,True,False,False
VIDEO_7305435593499086112,0.0,0.0,0.3333333333333333,False,False,False,False,True,False,False
VIDEO_7264884699636469025,0.0,0.0,0.0,False,False,False,False,True,False,False
VIDEO_7204395621468392709,0.0,0.0,0.0,False,False,False,False,True,False,False
VIDEO_7187436390131453190,0.3333333333333333,0.0001,0.6666666666666666,False,False,False,False,True,False,False
VIDEO_7239729661788359962,0.3333333333333333,0.0044,0.6666666666666666,False,False,False,False,True,False,False
VIDEO_7190456972418862342,0.0,0.0,0.3333333333333333,False,False,False,False,True,False,False
VIDEO_7288720379772800288,0.0,0.0,0.0,False,False,False,False,True,False,False
VIDEO_7204874673367125254,0.0,0.0,0.3333333333333333,False,False,False,False,True,False,False
VIDEO_7194859372227480838,0.3333333333333333,0.0003,0.6666666666666666,False,False,False,False,True,False,False
VIDEO_7194484239583284486,0.0,0.0,0.0,False,False,False,False,True,False,False
VIDEO_7210074063765638406,1.0,0.0003,1.0,True,False,False,False,False,False,False
VIDEO_7198558888940113158,0.6666666666666666,0.0005,0.6666666666666666,False,False,False,True,False,False,False
VIDEO_7215252214514715909,0.0,0.0,0.0,False,False,False,False,True,False,False
VIDEO_7184459390143974662,0.0,0.0,0.6666666666666666,False,False,False,False,True,False,False
VIDEO_7198194674354457861,1.0,0.0278,1.0,False,True,False,False,False,False,False
VIDEO_7203019203857665286,1.0,0.0149,1.0,True,False,False,False,False,False,False
VIDEO_7278768931857354016,0.0,0.0,0.0,False,False,False,False,True,False,False
VIDEO_7223430604547837210,0.3333333333333333,0.0001,0.3333333333333333,False,False,False,False,True,False,False
VIDEO_7228976565445512475,2.0,0.0007,0.6666666666666666,False,False,False,False,False,True,False
VIDEO_7208952610336820485,0.0,0.0,0.0,False,False,False,False,True,False,False
VIDEO_7216365794093976838,0.0,0.0,0.0,False,False,False,False,True,False,False
VIDEO_7221177538855423258,1.0,0.0015,0.3333333333333333,False,False,False,False,True,False,False
VIDEO_7197080264625966341,0.0,0.0,0.3333333333333333,False,False,False,False,True,False,False
VIDEO_7293173989143366945,1.0,0.0018,0.6666666666666666,False,False,False,False,False,True,False
VIDEO_7293541624359996704,0.0,0.0,0.0,False,False,False,False,True,False,False
VIDEO_7294659855434911008,0.6666666666666666,0.0004,0.3333333333333333,False,False,False,False,True,False,False
VIDEO_7565953021411216662,0.6666666666666666,0.0009,0.6666666666666666,False,False,False,False,False,True,False
VIDEO_7418230327207939360,1.0,0.0042,1.0,False,True,False,False,False,False,False
VIDEO_7566941841996647702,0.0,0.0,0.3333333333333333,False,False,False,False,True,False,False
VIDEO_7564712687565802774,0.0,0.0,0.0,False,False,False,False,True,False,False
VIDEO_7329560864518901024,0.3333333333333333,0.0006,0.3333333333333333,False,False,False,False,True,False,False
VIDEO_7575105754374458646,0.0,0.0,0.0,False,False,False,False,True,False,False
VIDEO_7571893908754451734,0.3333333333333333,0.0003,0.3333333333333333,False,False,False,False,True,False,False
VIDEO_7572605667299708182,0.0,0.0,0.0,False,False,False,False,True,False,False
VIDEO_7345515480288922912,0.3333333333333333,0.0045,0.6666666666666666,False,False,False,False,True,False,False
VIDEO_7458336545490193686,0.3333333333333333,0.0001,0.3333333333333333,False,False,False,False,True,False,False
VIDEO_7454233566264855831,1.3333333333333333,0.0363,1.0,False,True,False,False,False,False,False
VIDEO_7312851563037330721,0.0,0.0,0.3333333333333333,False,False,False,False,True,False,False
VIDEO_7493248933460741378,0.6666666666666666,0.0051,1.0,False,True,False,False,False,False,False
VIDEO_7484305196332436758,0.3333333333333333,0.0,0.3333333333333333,False,False,False,False,True,False,False
VIDEO_7566313596351778070,0.3333333333333333,0.0055,0.3333333333333333,False,False,False,False,True,False,False
VIDEO_7312484712440745249,0.0,0.0,0.0,False,False,False,False,True,False,False
VIDEO_7421838132624002336,0.0,0.0,0.0,False,False,False,False,True,False,False
VIDEO_7327333280297127201,0.0,0.0,0.0,False,False,False,False,True,False,False
VIDEO_7340684346040290593,1.0,0.0066,1.0,False,False,False,True,False,False,False
VIDEO_7345144791094660384,0.0,0.0,0.0,False,False,False,False,True,False,False
VIDEO_7487328540497628438,0.0,0.0,0.3333333333333333,False,False,False,False,True,False,False
VIDEO_7348413567797841185,0.0,0.0,0.0,False,False,False,False,True,False,False
VIDEO_7442235405757336864,1.0,0.022,1.0,False,False,False,False,False,True,False
VIDEO_7575170897451945238,0.0,0.0,0.6666666666666666,False,False,False,False,True,False,False
VIDEO_7485818484723567894,0.0,0.0,1.0,False,False,False,False,True,False,False
VIDEO_7377811070636920096,0.0,0.0,0.0,False,False,False,False,True,False,False
VIDEO_7459503727737687318,0.3333333333333333,0.0002,0.3333333333333333,False,False,False,False,True,False,False
VIDEO_7335861253551787297,0.3333333333333333,0.0034,0.3333333333333333,False,False,False,False,True,False,False
VIDEO_7494193739187916054,2.0,0.0008,1.0,False,False,False,True,False,False,False
VIDEO_7564069366606679318,0.0,0.0,0.0,False,False,False,False,True,False,False
VIDEO_7480244111207976214,0.0,0.0,0.0,False,False,False,False,True,False,False
VIDEO_7480938335133863190,0.0,0.0,0.0,False,False,False,False,True,False,False
VIDEO_7429021024517229857,1.6666666666666667,0.0391,1.0,False,False,False,False,False,True,False
VIDEO_7476157177149803798,0.6666666666666666,0.0041,0.6666666666666666,False,False,False,False,True,False,False
VIDEO_7319902152686718241,0.3333333333333333,0.0001,0.3333333333333333,False,False,False,False,True,False,False
VIDEO_7482898265906646294,1.0,0.0011,1.0,False,False,False,False,False,True,False
VIDEO_7324741085438397729,1.0,0.0004,1.0,False,False,True,False,False,False,False
VIDEO_7403421764769926432,0.0,0.0,0.0,False,False,False,False,True,False,False
VIDEO_7483220883759303959,1.0,0.008,1.0,False,False,False,False,False,True,False
VIDEO_7571134268403895574,1.3333333333333333,0.0078,1.0,False,False,False,False,False,True,False
VIDEO_7342536344561896737,1.0,0.0059,1.0,False,False,False,False,False,True,False
VIDEO_7463500754318347542,0.0,0.0,0.3333333333333333,False,False,False,False,True,False,False
VIDEO_7451599218545970454,0.0,0.0,0.0,False,False,False,False,True,False,False
VIDEO_7322502255616314656,0.0,0.0,0.0,False,False,False,False,True,False,False
VIDEO_7421927684965502240,0.0,0.0,0.0,False,False,False,False,True,False,False
VIDEO_7493955664008498454,0.0,0.0,0.0,False,False,False,False,True,False,False
VIDEO_7461615118414073110,0.0,0.0,0.0,False,False,False,False,True,False,False
VIDEO_7338070752501026081,2.0,0.0014,1.0,False,True,False,False,False,False,False
VIDEO_7574759080368114966,0.0,0.0,0.0,False,False,False,False,True,False,False
VIDEO_7603412461068291350,0.0,0.0,0.0,False,False,False,False,True,False,False
VIDEO_7602968538319539478,0.0,0.0,0.6666666666666666,False,False,False,False,True,False,False
VIDEO_7581507576219618582,0.0,0.0,0.0,False,False,False,False,True,False,False
VIDEO_7580065942730738966,0.0,0.0,0.0,False,False,False,False,True,False,False
VIDEO_7606360801234013462,0.0,0.0,0.0,False,False,False,False,True,False,False
VIDEO_7587070120556580118,1.0,0.0009,1.0,False,False,False,True,False,False,False
VIDEO_7577374333048196374,0.0,0.0,0.0,False,False,False,False,True,False,False
VIDEO_7594911702613773590,0.6666666666666666,0.0086,0.6666666666666666,False,False,False,False,False,True,False
VIDEO_7590184087122660630,0.3333333333333333,0.0005,0.3333333333333333,False,False,False,False,True,False,False
VIDEO_7593727684606168342,1.0,0.0017,1.0,False,False,False,False,False,False,True
VIDEO_7592281951206133014,0.0,0.0,0.0,False,False,False,False,True,False,False
VIDEO_7592263862284586263,1.3333333333333333,0.001,1.0,False,False,False,False,False,True,False
VIDEO_7593403675297467651,1.0,0.0006,1.0,False,True,False,False,False,False,False
VIDEO_7577096797580053782,0.0,0.0,0.0,False,False,False,False,True,False,False
VIDEO_7581205344420924694,0.0,0.0,0.3333333333333333,False,False,False,False,True,False,False
VIDEO_7577088828171734294,0.0,0.0,0.3333333333333333,False,False,False,False,True,False,False
VIDEO_7587134900852100374,0.0,0.0,0.0,False,False,False,False,True,False,False
VIDEO_7582921759985356054,0.0,0.0,0.3333333333333333,False,False,False,False,True,False,False
VIDEO_7583420207629225238,2.0,0.0014,1.0,False,False,True,False,False,False,False
VIDEO_7584105481719844118,3.6666666666666665,0.0009,1.0,False,False,False,False,False,True,False
VIDEO_7579578853308337430,0.0,0.0,0.3333333333333333,False,False,False,False,True,False,False
VIDEO_7593661214027156758,0.0,0.0,0.0,False,False,False,False,True,False,False
VIDEO_7579287270092459286,0.3333333333333333,0.0002,0.3333333333333333,False,False,False,False,True,False,False
VIDEO_6920160579424488710,0.6666666666666666,0.0135,0.6666666666666666,True,False,False,False,False,False,False
VIDEO_6955364241213771014,0.0,0.0,0.0,False,False,False,False,True,False,False
VIDEO_7143175958978186502,0.0,0.0,0.0,False,False,False,False,True,False,False
VIDEO_7018111226760776966,0.6666666666666666,0.03,0.6666666666666666,False,False,False,False,True,False,False
VIDEO_7093804812864670981,0.0,0.0,0.6666666666666666,False,False,False,False,True,False,False
VIDEO_6958338154617228549,0.3333333333333333,0.017,0.3333333333333333,False,False,False,False,True,False,False
VIDEO_7132514036276628742,0.0,0.0,1.0,False,False,False,False,True,False,False
VIDEO_7140222885389536517,0.0,0.0,0.0,False,False,False,False,True,False,False
VIDEO_7094270154275605765,0.0,0.0,0.3333333333333333,False,False,False,False,True,False,False
VIDEO_7156562442829466886,1.0,0.01,1.0,False,False,False,False,False,True,False
VIDEO_7128353863966444806,0.0,0.0,0.0,False,False,False,False,True,False,False
VIDEO_7099406976437718278,0.3333333333333333,0.001,0.6666666666666666,False,False,False,False,True,False,False
VIDEO_7124374690520419590,0.0,0.0,0.3333333333333333,False,False,False,False,True,False,False
VIDEO_6921604099553119494,0.0,0.0,0.3333333333333333,False,False,False,False,True,False,False
VIDEO_7329526946751089953,0.3333333333333333,0.0001,0.3333333333333333,False,False,False,False,True,False,False
VIDEO_7164397666472873222,0.0,0.0,0.6666666666666666,False,False,False,False,True,False,False
VIDEO_7290823677195603233,1.0,0.0067,1.0,False,False,True,False,False,False,False
VIDEO_7257874855037586714,0.0,0.0,0.0,False,False,False,False,True,False,False
VIDEO_7210751695771553030,0.0,0.0,0.0,False,False,False,False,True,False,False
VIDEO_7316851921288006944,0.6666666666666666,0.0003,0.6666666666666666,False,False,False,False,False,True,False
VIDEO_7174339271141100806,0.6666666666666666,0.0005,0.6666666666666666,True,False,False,False,False,False,False
VIDEO_7190283346373610757,0.0,0.0,0.0,False,False,False,False,True,False,False
VIDEO_7161354120849427717,0.0,0.0,1.0,False,False,False,False,True,False,False
VIDEO_7191884217595219206,1.0,0.0016,1.0,False,False,False,True,False,False,False
VIDEO_7176199071177215237,0.0,0.0,0.0,False,False,False,False,True,False,False
VIDEO_7192709681280781574,0.0,0.0,0.0,False,False,False,False,True,False,False
VIDEO_7193808719287766278,0.6666666666666666,0.0002,0.6666666666666666,False,False,False,False,True,False,False
VIDEO_7296855348714016033,0.3333333333333333,0.0003,0.3333333333333333,False,False,False,False,True,False,False
VIDEO_7171449726158589189,0.0,0.0,0.0,False,False,False,False,True,False,False
VIDEO_7168916057166597382,0.0,0.0,0.0,False,False,False,False,True,False,False
VIDEO_7183681305203330309,0.3333333333333333,0.0004,0.3333333333333333,False,False,False,False,True,False,False
VIDEO_7184460864404229381,0.0,0.0,0.0,False,False,False,False,True,False,False
VIDEO_7224426315074522395,0.3333333333333333,0.0038,0.3333333333333333,False,False,False,False,True,False,False
VIDEO_7261565962875358491,0.0,0.0,0.0,False,False,False,False,True,False,False
VIDEO_7297177472615861536,0.0,0.0,0.0,False,False,False,False,True,False,False
VIDEO_7325049996682759456,0.3333333333333333,0.0026,0.3333333333333333,False,False,False,False,True,False,False
VIDEO_7260104911830945051,0.6666666666666666,0.001,0.3333333333333333,False,False,False,False,True,False,False
VIDEO_7300927450463194400,0.3333333333333333,0.0003,0.3333333333333333,False,False,False,False,True,False,False
VIDEO_7165886702580403462,0.0,0.0,0.0,False,False,False,False,True,False,False
VIDEO_7329933240775527713,0.6666666666666666,0.0035,0.6666666666666666,False,False,False,False,False,True,False
VIDEO_7350221322317761825,2.3333333333333335,0.0038,1.0,False,False,False,True,False,False,False
VIDEO_7397062762150513952,1.0,0.0073,1.0,False,False,False,False,False,True,False
VIDEO_7414073681992895776,0.0,0.0,0.0,False,False,False,False,True,False,False
VIDEO_7395189160081935649,1.3333333333333333,0.0001,1.0,False,False,False,True,False,False,False
VIDEO_7343530174526377249,1.3333333333333333,0.0027,1.0,False,False,False,False,False,True,False
VIDEO_7336238126651706656,0.0,0.0,0.6666666666666666,False,False,False,False,True,False,False
VIDEO_7447512835350859040,2.0,0.0123,1.0,False,False,False,False,False,True,False
VIDEO_7458328611213298976,0.0,0.0,0.0,False,False,False,False,True,False,False
VIDEO_7454218208648727840,0.0,0.0,0.3333333333333333,False,False,False,False,True,False,False
VIDEO_7423318018853178657,0.6666666666666666,0.0002,0.3333333333333333,False,False,False,False,True,False,False
VIDEO_7441976604730936609,0.6666666666666666,0.0093,0.6666666666666666,True,False,False,False,False,False,False
VIDEO_7466109584952855840,2.0,0.0002,1.0,False,False,False,False,False,True,False
VIDEO_7451579890048027937,1.0,0.0006,0.6666666666666666,False,False,False,False,False,True,False
VIDEO_7443846446362774817,0.3333333333333333,0.1105,0.3333333333333333,False,False,False,False,True,False,False
VIDEO_7463198577188146464,1.6666666666666667,0.0016,0.6666666666666666,False,False,False,False,False,True,False
VIDEO_7468709057516326177,0.0,0.0,0.3333333333333333,False,False,False,False,True,False,False
VIDEO_7440066420332924192,0.0,0.0,0.0,False,False,False,False,True,False,False
VIDEO_7470532387223407904,0.3333333333333333,0.001,0.3333333333333333,False,False,False,False,True,False,False
VIDEO_7471286673494527254,0.0,0.0,0.0,False,False,False,False,True,False,False
VIDEO_7468323433714126112,0.0,0.0,0.0,False,False,False,False,True,False,False
VIDEO_7436439641298865441,0.0,0.0,0.0,False,False,False,False,True,False,False
VIDEO_7480918194438278422,0.0,0.0,0.0,False,False,False,False,True,False,False
VIDEO_7483898615803612418,0.3333333333333333,0.0013,0.3333333333333333,False,False,False,False,True,False,False
VIDEO_7478999877444226326,0.0,0.0,0.0,False,False,False,False,True,False,False
VIDEO_7476765597204860182,0.0,0.0,0.0,False,False,False,False,True,False,False
VIDEO_7474331497533836566,2.6666666666666665,0.0046,1.0,False,False,False,False,False,True,False
VIDEO_7480563839319264534,1.0,0.0043,1.0,False,False,False,False,False,True,False
VIDEO_7495849453228657942,1.0,0.0184,1.0,False,False,False,False,False,True,False
VIDEO_7490222588883422486,0.0,0.0,0.3333333333333333,False,False,False,False,True,False,False
VIDEO_7489499424884821270,0.6666666666666666,0.0005,0.6666666666666666,False,False,False,False,False,True,False
VIDEO_7494238893546474774,0.0,0.0,0.0,False,False,False,False,True,False,False
VIDEO_7495322095065238806,0.3333333333333333,0.0002,0.3333333333333333,False,False,False,False,True,False,False
VIDEO_7488220279244623126,0.0,0.0,0.0,False,False,False,False,True,False,False
VIDEO_7486138878026321174,0.6666666666666666,0.0036,0.6666666666666666,False,False,False,False,False,True,False
VIDEO_7512836614834474262,0.0,0.0,0.3333333333333333,False,False,False,False,True,False,False
VIDEO_7510479503592901910,0.0,0.0,0.0,False,False,False,False,True,False,False
VIDEO_7509512878026788118,1.3333333333333333,0.0017,0.3333333333333333,False,False,False,False,True,False,False
VIDEO_7522511822893616406,0.0,0.0,0.0,False,False,False,False,True,False,False
VIDEO_7528433357093358870,0.0,0.0,0.0,False,False,False,False,True,False,False
VIDEO_7517939109512449302,1.0,0.0175,0.6666666666666666,False,False,False,False,False,True,False
VIDEO_7504668782045039894,0.0,0.0,0.0,False,False,False,False,True,False,False
VIDEO_7541326779697564930,0.6666666666666666,0.0036,1.0,False,False,False,False,False,True,False
VIDEO_7542538735116684566,0.0,0.0,0.0,False,False,False,False,True,False,False
VIDEO_7539973950877584662,0.6666666666666666,0.0004,0.6666666666666666,False,False,False,False,False,True,False
VIDEO_7535846685101149462,1.0,0.0008,1.0,False,True,False,False,False,False,False
VIDEO_7535846060476976406,0.0,0.0,0.3333333333333333,False,False,False,False,True,False,False
VIDEO_7533124404062981398,0.0,0.0,0.0,False,False,False,False,True,False,False
VIDEO_7535846854743821590,1.0,0.0013,1.0,False,False,False,False,False,True,False
VIDEO_7535476048444558614,0.0,0.0,0.0,False,False,False,False,True,False,False
VIDEO_7543218614866906390,0.6666666666666666,0.0257,0.3333333333333333,False,False,False,False,True,False,False
VIDEO_7535123405562006806,0.6666666666666666,0.0036,1.0,False,False,False,False,True,False,False
VIDEO_7532382235463339286,0.0,0.0,0.0,False,False,False,False,True,False,False
VIDEO_7557004748973559043,1.0,0.003,1.0,False,True,False,False,False,False,False
VIDEO_7549089036447649046,1.0,0.004,1.0,False,False,False,False,False,True,False
VIDEO_7547744113433627926,0.0,0.0,0.0,False,False,False,False,True,False,False
VIDEO_7556999098637880598,1.0,0.0006,0.6666666666666666,False,False,False,False,False,True,False
VIDEO_7551795663772798211,0.0,0.0,0.3333333333333333,False,False,False,False,True,False,False
VIDEO_7555412968511425814,0.6666666666666666,0.0005,0.6666666666666666,False,False,False,False,False,True,False
VIDEO_7557014347273276694,0.6666666666666666,0.0001,0.6666666666666666,False,False,True,False,False,False,False
VIDEO_7563265888623840534,0.3333333333333333,0.0003,0.6666666666666666,False,False,False,False,True,False,False
VIDEO_7576309328584592643,0.0,0.0,1.0,False,False,False,False,True,False,False
VIDEO_7578925701114481942,0.0,0.0,0.0,False,False,False,False,True,False,False
VIDEO_7580305629634399510,0.0,0.0,0.0,False,False,False,False,True,False,False
VIDEO_7565890573115165974,0.0,0.0,0.0,False,False,False,False,True,False,False
VIDEO_7567372771060124950,0.6666666666666666,0.0019,0.6666666666666666,False,False,False,True,False,False,False
VIDEO_7566939859156290838,0.0,0.0,0.0,False,False,False,False,True,False,False
VIDEO_7567386738709073174,0.6666666666666666,0.0007,0.6666666666666666,True,False,False,False,False,False,False
VIDEO_7575167976853228822,0.0,0.0,0.0,False,False,False,False,True,False,False
VIDEO_7581822570454879510,0.0,0.0,0.0,False,False,False,False,True,False,False
VIDEO_7564663320058285334,0.0,0.0,0.6666666666666666,False,False,False,False,True,False,False
VIDEO_7572598154063990038,0.3333333333333333,0.0003,0.3333333333333333,False,False,False,False,True,False,False
VIDEO_7577797962017918230,0.0,0.0,0.0,False,False,False,False,True,False,False
VIDEO_7568852433271590146,0.0,0.0,0.3333333333333333,False,False,False,False,True,False,False
VIDEO_7574884067729050902,0.0,0.0,0.3333333333333333,False,False,False,False,True,False,False
VIDEO_7582631962330893570,1.3333333333333333,0.0021,1.0,False,False,False,False,False,True,False
VIDEO_7584845578429828375,0.0,0.0,0.0,False,False,False,False,True,False,False
VIDEO_7587402623129636118,1.0,0.0057,1.0,True,False,False,False,False,False,False
VIDEO_7579299127637363990,0.0,0.0,0.3333333333333333,False,False,False,False,True,False,False
VIDEO_7564379905971178755,0.0,0.0,0.0,False,False,False,False,True,False,False
VIDEO_6874890977631390978,0.0,0.0,0.0,False,False,False,False,True,False,False
VIDEO_6980342168535846149,0.0,0.0,0.0,False,False,False,False,True,False,False
VIDEO_6940653001791130885,0.3333333333333333,0.0002,0.3333333333333333,False,False,False,False,True,False,False
VIDEO_6802558843114114310,1.0,0.0018,1.0,False,False,False,False,False,True,False
VIDEO_7603743614157458710,0.0,0.0,0.0,False,False,False,False,True,False,False
VIDEO_6893888228848389377,0.3333333333333333,0.0065,0.6666666666666666,False,False,False,False,True,False,False
VIDEO_7605548189332016406,0.0,0.0,0.0,False,False,False,False,True,False,False
VIDEO_6927911225066130693,0.0,0.0,1.0,False,False,False,False,True,False,False
VIDEO_6936943102523378950,1.0,0.0133,0.6666666666666666,False,False,False,False,False,True,False
VIDEO_6876362124260691202,0.0,0.0,0.0,False,False,False,False,True,False,False
VIDEO_6923969706332327174,0.0,0.0,0.0,False,False,False,False,True,False,False
VIDEO_6904609211431357698,0.3333333333333333,0.0005,0.6666666666666666,False,False,False,False,True,False,False
VIDEO_6800982671657880837,0.0,0.0,0.0,False,False,False,False,True,False,False
VIDEO_6896446483080482050,0.6666666666666666,0.0006,0.6666666666666666,False,False,False,False,True,False,False
VIDEO_6891645296233794817,0.6666666666666666,0.0073,0.3333333333333333,False,False,False,False,True,False,False
VIDEO_7587440240327937302,0.3333333333333333,0.0002,0.6666666666666666,False,False,False,False,True,False,False
VIDEO_6855731886438763781,1.0,0.0022,1.0,False,False,False,True,False,False,False
VIDEO_7595972634450431254,0.0,0.0,0.0,False,False,False,False,True,False,False
VIDEO_6958797242429934854,0.3333333333333333,0.0004,0.3333333333333333,False,False,False,False,True,False,False
VIDEO_6852640471013920006,0.3333333333333333,0.0319,0.3333333333333333,False,False,False,False,True,False,False
VIDEO_6847902541095668997,0.3333333333333333,0.0235,0.3333333333333333,False,False,False,False,True,False,False
VIDEO_6883561429727726850,0.0,0.0,0.0,False,False,False,False,True,False,False
VIDEO_7067569943449046278,0.6666666666666666,0.0008,0.6666666666666666,False,False,False,False,True,False,False
VIDEO_7096121724990655749,1.0,0.0193,1.0,False,True,False,False,False,False,False
VIDEO_7079814734664436998,1.0,0.0068,1.0,False,False,False,False,False,True,False
VIDEO_7101685930276293894,1.0,0.0004,1.0,False,False,False,False,True,False,False
VIDEO_7114705253899029765,0.3333333333333333,0.0012,0.3333333333333333,False,False,False,False,True,False,False
VIDEO_7107270367303044358,0.0,0.0,0.0,False,False,False,False,True,False,False
VIDEO_7063121025394855173,0.3333333333333333,0.0057,0.6666666666666666,False,False,False,False,True,False,False
VIDEO_7071272731286834437,1.0,0.0127,1.0,False,False,True,False,False,False,False
VIDEO_7019559155425955077,1.3333333333333333,0.0011,0.6666666666666666,False,True,False,False,False,False,False
VIDEO_7023313220278553862,1.0,0.0007,1.0,True,False,False,False,False,False,False
VIDEO_7093894381794512133,1.0,0.0017,1.0,False,False,False,False,False,True,False
VIDEO_7177404002508803334,1.0,0.0172,1.0,False,False,False,False,False,True,False
VIDEO_7138043316087606533,0.3333333333333333,0.0363,0.3333333333333333,False,False,False,False,True,False,False
VIDEO_7164792237543394566,1.3333333333333333,0.0089,1.0,False,False,False,True,False,False,False
VIDEO_7162183685423385862,1.3333333333333333,0.0068,1.0,False,False,False,False,False,True,False
VIDEO_7156608613346184454,0.6666666666666666,0.0017,1.0,False,False,False,False,True,False,False
VIDEO_7153997940774882565,0.0,0.0,0.0,False,False,False,False,True,False,False
VIDEO_7166637213604678917,1.3333333333333333,0.0037,1.0,False,False,False,False,False,True,False
VIDEO_7185555102487416070,2.6666666666666665,0.012,1.0,False,False,False,False,False,False,True
VIDEO_7143619564775968006,1.0,0.0534,1.0,False,True,False,False,False,False,False
VIDEO_7226766521719213338,1.0,0.0098,1.0,False,False,False,False,False,True,False
VIDEO_7272755309658098976,0.6666666666666666,0.0072,0.6666666666666666,False,False,False,False,False,True,False
VIDEO_7205976379370851589,0.3333333333333333,0.0001,0.3333333333333333,False,False,False,False,True,False,False
VIDEO_7224139299594194203,0.0,0.0,0.0,False,False,False,False,True,False,False
VIDEO_7208566584535764250,0.3333333333333333,0.0014,0.3333333333333333,False,False,False,False,True,False,False
VIDEO_7348097820320173344,0.3333333333333333,0.0037,0.3333333333333333,False,False,False,False,True,False,False
VIDEO_7286486663910542625,0.3333333333333333,0.0009,0.3333333333333333,False,False,False,False,True,False,False
VIDEO_7289470545270279456,0.0,0.0,0.0,False,False,False,False,True,False,False
VIDEO_7343975400122354977,0.0,0.0,0.0,False,False,False,False,True,False,False
VIDEO_7307595143559859488,0.6666666666666666,0.0001,0.6666666666666666,False,False,False,False,False,True,False
VIDEO_7335847049495203104,0.0,0.0,0.0,False,False,False,False,True,False,False
VIDEO_7311689753676533024,1.6666666666666667,0.0005,1.0,False,False,False,False,False,False,True
VIDEO_7298756408994991393,0.6666666666666666,0.0013,0.6666666666666666,False,False,False,False,False,True,False
VIDEO_7322847358646078752,1.0,0.0021,1.0,False,False,False,False,False,True,False
VIDEO_7361057454454508833,1.0,0.0037,1.0,True,False,False,False,False,False,False
VIDEO_7416286728513735968,0.6666666666666666,0.0008,0.6666666666666666,False,False,False,False,False,True,False
VIDEO_7424512450856357153,0.0,0.0,0.0,False,False,False,False,True,False,False
VIDEO_7442737337525669142,0.0,0.0,0.0,False,False,False,False,True,False,False
VIDEO_7374727208394411297,0.0,0.0,0.0,False,False,False,False,True,False,False
VIDEO_7470850262840691990,1.0,0.0019,1.0,True,False,False,False,False,False,False
VIDEO_7478712216724802838,0.0,0.0,0.3333333333333333,False,False,False,False,True,False,False
VIDEO_7504292781637127446,0.6666666666666666,0.001,0.6666666666666666,False,False,False,False,False,True,False
VIDEO_7496799936558796054,0.0,0.0,0.0,False,False,False,False,True,False,False
VIDEO_7462655968522931478,0.3333333333333333,0.0001,0.3333333333333333,False,False,False,False,True,False,False
VIDEO_7487960173529582870,0.0,0.0,0.0,False,False,False,False,True,False,False
VIDEO_7520640970199698710,0.6666666666666666,0.0074,0.6666666666666666,False,False,False,False,False,True,False
VIDEO_7536170254989315350,0.0,0.0,0.0,False,False,False,False,True,False,False
VIDEO_7590718903144287510,1.3333333333333333,0.0169,0.6666666666666666,False,False,False,False,False,True,False
VIDEO_6956567938891599109,0.0,0.0,0.0,False,False,False,False,True,False,False
VIDEO_7602656035161050390,0.0,0.0,0.0,False,False,False,False,True,False,False
VIDEO_7568823330518748438,0.3333333333333333,0.0021,0.3333333333333333,False,False,False,False,True,False,False
VIDEO_6969101040918465798,0.0,0.0,0.0,False,False,False,False,True,False,False
VIDEO_7569927329154190614,0.0,0.0,0.0,False,False,False,False,True,False,False
VIDEO_7566270741134462230,0.3333333333333333,0.0001,0.3333333333333333,False,False,False,False,True,False,False
VIDEO_7546523294489414934,0.6666666666666666,0.0001,0.6666666666666666,True,False,False,False,False,False,False
VIDEO_7571821778746592534,0.0,0.0,0.0,False,False,False,False,True,False,False
VIDEO_7041273346830454022,0.0,0.0,0.0,False,False,False,False,True,False,False
VIDEO_7013121880366255365,0.0,0.0,0.0,False,False,False,False,True,False,False
VIDEO_7044841251262237958,0.0,0.0,0.0,False,False,False,False,True,False,False
VIDEO_7040300833019415813,0.0,0.0,0.0,False,False,False,False,True,False,False
VIDEO_7036035511869246725,0.0,0.0,0.0,False,False,False,False,True,False,False
VIDEO_7113851055355596038,0.3333333333333333,0.0001,0.3333333333333333,False,False,False,False,True,False,False
VIDEO_7130906655885102341,0.3333333333333333,0.0002,0.3333333333333333,False,False,False,False,True,False,False
VIDEO_7130612533437762821,0.0,0.0,0.0,False,False,False,False,True,False,False
VIDEO_7111254884971744518,0.0,0.0,0.0,False,False,False,False,True,False,False
VIDEO_7100934148864494854,0.0,0.0,0.0,False,False,False,False,True,False,False
VIDEO_7127182082568113413,0.0,0.0,0.0,False,False,False,False,True,False,False
VIDEO_7101649191662882053,0.0,0.0,0.3333333333333333,False,False,False,False,True,False,False
VIDEO_7103816728982916357,0.3333333333333333,0.0003,0.3333333333333333,False,False,False,False,True,False,False
VIDEO_7067063225736580357,0.3333333333333333,0.0014,0.3333333333333333,False,False,False,False,True,False,False
VIDEO_7104552926231743749,0.0,0.0,0.0,False,False,False,False,True,False,False
VIDEO_7077571361660521733,0.3333333333333333,0.0001,0.6666666666666666,False,False,False,False,True,False,False
VIDEO_7059301793574046982,0.0,0.0,0.0,False,False,False,False,True,False,False
VIDEO_7133481707449142533,0.0,0.0,0.0,False,False,False,False,True,False,False
VIDEO_7098701138203069702,0.6666666666666666,0.0006,0.6666666666666666,False,False,False,False,False,True,False
VIDEO_7135716231218318597,0.0,0.0,0.0,False,False,False,False,True,False,False
VIDEO_7080140185001938181,0.3333333333333333,0.0004,0.3333333333333333,False,False,False,False,True,False,False
VIDEO_7129505006046170373,0.3333333333333333,0.0001,0.3333333333333333,False,False,False,False,True,False,False
VIDEO_7068640088774741254,1.0,0.0015,1.0,False,False,False,False,False,True,False
VIDEO_7112440653350571269,0.6666666666666666,0.0019,0.6666666666666666,False,False,False,False,False,True,False
VIDEO_7088619536202648837,0.0,0.0,0.0,False,False,False,False,True,False,False
VIDEO_7070162555695615237,2.3333333333333335,0.0009,1.0,False,False,False,False,False,True,False
VIDEO_7108997263912979717,0.0,0.0,0.0,False,False,False,False,True,False,False
VIDEO_7116439198285958405,0.0,0.0,0.0,False,False,False,False,True,False,False
VIDEO_7140150980246719750,0.0,0.0,0.0,False,False,False,False,True,False,False
VIDEO_7128322715894729989,0.0,0.0,0.0,False,False,False,False,True,False,False
VIDEO_7137227107456879877,0.0,0.0,0.0,False,False,False,False,True,False,False
VIDEO_7078227199463066886,0.0,0.0,0.0,False,False,False,False,True,False,False
VIDEO_7143162692004482310,0.0,0.0,0.0,False,False,False,False,True,False,False
VIDEO_7095721528142155014,0.3333333333333333,0.0002,0.3333333333333333,False,False,False,False,True,False,False
VIDEO_7197445468585037062,1.6666666666666667,0.0071,1.0,False,False,False,False,False,True,False
VIDEO_7180437054843538693,0.0,0.0,0.0,False,False,False,False,True,False,False
VIDEO_7195215450970606853,0.0,0.0,0.0,False,False,False,False,True,False,False
VIDEO_7191848035784117510,0.6666666666666666,0.0055,0.6666666666666666,False,False,False,False,False,True,False
VIDEO_7203048812351327494,1.0,0.0086,1.0,False,False,False,False,False,True,False
VIDEO_7215124561799449861,0.0,0.0,0.0,False,False,False,False,True,False,False
VIDEO_7219686321739123974,0.0,0.0,0.0,False,False,False,False,True,False,False
VIDEO_7211932492914298118,0.3333333333333333,0.0001,0.3333333333333333,False,False,False,False,True,False,False
VIDEO_7196711667420384517,0.0,0.0,0.0,False,False,False,False,True,False,False
VIDEO_7193034087660031237,0.0,0.0,0.0,False,False,False,False,True,False,False
VIDEO_7220074643086904581,0.0,0.0,0.0,False,False,False,False,True,False,False
VIDEO_7218493650160897306,0.0,0.0,0.0,False,False,False,False,True,False,False
VIDEO_7172555111879757062,0.0,0.0,0.3333333333333333,False,False,False,False,True,False,False
VIDEO_7211431817205878021,0.0,0.0,0.3333333333333333,False,False,False,False,True,False,False
VIDEO_7214767845383900421,0.0,0.0,0.0,False,False,False,False,True,False,False
VIDEO_7210434710646836485,0.3333333333333333,0.0001,0.3333333333333333,False,False,False,False,True,False,False
VIDEO_7176917454893911301,0.0,0.0,0.0,False,False,False,False,True,False,False
VIDEO_7181547992061676805,0.0,0.0,0.0,False,False,False,False,True,False,False
VIDEO_7208539932422425861,0.0,0.0,0.0,False,False,False,False,True,False,False
VIDEO_7200056336321613062,1.3333333333333333,0.0021,1.0,False,True,False,False,False,False,False
VIDEO_7202313398300724485,0.0,0.0,0.0,False,False,False,False,True,False,False
VIDEO_7205658829403458821,0.3333333333333333,0.0139,1.0,False,False,False,False,True,False,False
VIDEO_7207350500419702022,1.3333333333333333,0.0454,1.0,False,False,False,False,False,True,False
VIDEO_7191012677869702405,1.0,0.01,1.0,False,False,True,False,False,False,False
VIDEO_7177655896699325702,0.0,0.0,0.0,False,False,False,False,True,False,False
VIDEO_7164772525006720262,0.0,0.0,0.0,False,False,False,False,True,False,False
VIDEO_7213053350290459910,0.0,0.0,0.3333333333333333,False,False,False,False,True,False,False
VIDEO_7188587993752702213,0.0,0.0,0.0,False,False,False,False,True,False,False
VIDEO_7184090635018784005,0.0,0.0,0.0,False,False,False,False,True,False,False
VIDEO_7187830945658031365,1.0,0.0058,1.0,False,False,False,False,False,True,False
VIDEO_7183009043407965445,1.0,0.0017,1.0,False,False,False,False,False,True,False
VIDEO_7195937456271691014,1.0,0.0206,1.0,False,False,False,True,False,False,False
VIDEO_7208839545989762309,0.0,0.0,0.0,False,False,False,False,True,False,False
VIDEO_7204907848449527045,0.3333333333333333,0.0171,0.3333333333333333,False,False,False,False,True,False,False
VIDEO_7178804187403259142,0.0,0.0,0.0,False,False,False,False,True,False,False
VIDEO_7209925340557348101,1.0,0.0038,1.0,False,True,False,False,False,False,False
VIDEO_7218857185764216069,0.0,0.0,0.0,False,False,False,False,True,False,False
VIDEO_7218219061707033882,0.0,0.0,0.0,False,False,False,False,True,False,False
VIDEO_7211130311667715334,0.3333333333333333,0.0001,0.3333333333333333,False,False,False,False,True,False,False
VIDEO_7213655175318211845,0.6666666666666666,0.0002,0.6666666666666666,False,False,False,False,False,True,False
VIDEO_7203810617180933382,0.3333333333333333,0.0009,0.3333333333333333,False,False,False,False,True,False,False
VIDEO_7212710657672678661,0.0,0.0,0.0,False,False,False,False,True,False,False
VIDEO_7198189694750838022,1.0,0.0139,1.0,False,False,False,False,False,True,False
VIDEO_7184844462525287685,0.0,0.0,0.0,False,False,False,False,True,False,False
VIDEO_7192298503878577413,0.3333333333333333,0.0028,0.3333333333333333,False,False,False,False,True,False,False
VIDEO_7198831282984324358,0.0,0.0,0.0,False,False,False,False,True,False,False
VIDEO_7213453348270378246,0.3333333333333333,0.1091,0.3333333333333333,False,False,False,False,True,False,False
VIDEO_7215656408069442822,0.6666666666666666,0.0007,1.0,False,False,False,False,False,True,False
VIDEO_7201579247616494853,0.0,0.0,0.0,False,False,False,False,True,False,False
VIDEO_7179688144382512390,0.0,0.0,0.0,False,False,False,False,True,False,False
VIDEO_7226734943869750555,0.0,0.0,0.0,False,False,False,False,True,False,False
VIDEO_7233472157588753691,0.0,0.0,0.0,False,False,False,False,True,False,False
VIDEO_7242719682128530714,1.0,0.0002,0.6666666666666666,False,False,False,False,False,True,False
VIDEO_7235266120414924058,0.0,0.0,0.0,False,False,False,False,True,False,False
VIDEO_7227881339125583131,0.0,0.0,0.0,False,False,False,False,True,False,False
VIDEO_7220765448000900357,1.0,0.0011,1.0,False,False,False,False,False,True,False
VIDEO_7233784589523717402,0.0,0.0,0.0,False,False,False,False,True,False,False
VIDEO_7221875155184733445,0.0,0.0,0.0,False,False,False,False,True,False,False
VIDEO_7238235896724704538,1.0,0.0258,1.0,False,False,True,False,False,False,False
VIDEO_7226043488738069787,1.0,0.0002,0.6666666666666666,False,False,False,False,False,True,False
VIDEO_7229342870518385946,0.0,0.0,0.0,False,False,False,False,True,False,False
VIDEO_7235651777805290778,0.0,0.0,0.0,False,False,False,False,True,False,False
VIDEO_7237872414581935386,0.0,0.0,0.0,False,False,False,False,True,False,False
VIDEO_7227547227005209882,1.3333333333333333,0.0037,0.6666666666666666,False,False,False,False,True,False,False
VIDEO_7241956873698577691,0.0,0.0,0.0,False,False,False,False,True,False,False
VIDEO_7237120496020573467,1.0,0.0448,1.0,False,False,False,False,False,False,True
VIDEO_7223080468101483781,0.0,0.0,0.0,False,False,False,False,True,False,False
VIDEO_7245708272181759258,0.0,0.0,0.0,False,False,False,False,True,False,False
VIDEO_7249004039688572186,0.0,0.0,0.0,False,False,False,False,True,False,False
VIDEO_7236382869650689306,0.0,0.0,0.0,False,False,False,False,True,False,False
VIDEO_7236043111128894747,0.3333333333333333,0.0038,0.3333333333333333,False,False,False,False,True,False,False
VIDEO_7244550731141844251,0.3333333333333333,0.0,0.3333333333333333,False,False,False,False,True,False,False
VIDEO_7231163731080711450,1.0,0.0003,1.0,False,False,False,False,False,True,False
VIDEO_7225632323146943771,0.0,0.0,0.0,False,False,False,False,True,False,False
VIDEO_7230327665918512411,0.0,0.0,0.0,False,False,False,False,True,False,False
VIDEO_7238653863794887962,0.0,0.0,0.0,False,False,False,False,True,False,False
VIDEO_7224934115089370395,0.0,0.0,0.0,False,False,False,False,True,False,False
VIDEO_7222319662787202310,0.0,0.0,0.0,False,False,False,False,True,False,False
VIDEO_7233097610821700890,0.0,0.0,0.0,False,False,False,False,True,False,False
VIDEO_7248301740670323995,0.0,0.0,0.0,False,False,False,False,True,False,False
VIDEO_7237511650532773146,0.0,0.0,0.0,False,False,False,False,True,False,False
VIDEO_7234782434531839258,0.0,0.0,0.3333333333333333,False,False,False,False,True,False,False
VIDEO_7246768104922008858,0.0,0.0,0.0,False,False,False,False,True,False,False
VIDEO_7236760874646637851,0.0,0.0,0.0,False,False,False,False,True,False,False
VIDEO_7221552853356236037,1.0,0.021,1.0,False,False,False,True,False,False,False
VIDEO_7239344688006728986,0.0,0.0,0.6666666666666666,False,False,False,False,True,False,False
VIDEO_7228975701066550554,0.0,0.0,0.0,False,False,False,False,True,False,False
VIDEO_7239735340737498395,0.0,0.0,0.0,False,False,False,False,True,False,False
VIDEO_7226428593075752218,0.0,0.0,0.0,False,False,False,False,True,False,False
VIDEO_7225296808900152603,0.0,0.0,0.0,False,False,False,False,True,False,False
VIDEO_7242348894435167514,0.6666666666666666,0.0003,0.6666666666666666,False,False,False,False,False,True,False
VIDEO_7241209133540609307,0.0,0.0,0.0,False,False,False,False,True,False,False
VIDEO_7245239505911893274,0.0,0.0,0.0,False,False,False,False,True,False,False
VIDEO_7234190958772882715,0.0,0.0,0.0,False,False,False,False,True,False,False
VIDEO_7231978849448381722,1.0,0.043,1.0,False,False,False,True,False,False,False
VIDEO_7227138868447923482,0.3333333333333333,0.0497,0.3333333333333333,False,False,False,False,True,False,False
VIDEO_7228647012009282842,0.0,0.0,0.0,False,False,False,False,True,False,False
VIDEO_7269759073967525153,0.0,0.0,0.0,False,False,False,False,True,False,False
VIDEO_7262342975752113441,0.0,0.0,0.0,False,False,False,False,True,False,False
VIDEO_7258676118033599771,0.0,0.0,0.0,False,False,False,False,True,False,False
VIDEO_7253425216984976667,1.0,0.0016,1.0,False,True,False,False,False,False,False
VIDEO_7252685251112176922,0.0,0.0,0.0,False,False,False,False,True,False,False
VIDEO_7262001980095106337,0.0,0.0,0.0,False,False,False,False,True,False,False
VIDEO_7250141865645788443,0.6666666666666666,0.0515,0.6666666666666666,False,False,False,False,False,True,False
VIDEO_7264173669612670240,0.0,0.0,0.0,False,False,False,False,True,False,False
VIDEO_7259047429796908315,0.0,0.0,0.0,False,False,False,False,True,False,False
VIDEO_7265326628274752801,0.3333333333333333,0.0007,0.3333333333333333,False,False,False,False,True,False,False
VIDEO_7256066819247623450,1.3333333333333333,0.0006,1.0,False,False,False,False,False,True,False
VIDEO_7259455690996075803,0.0,0.0,0.0,False,False,False,False,True,False,False
VIDEO_7254561581449612571,0.0,0.0,0.6666666666666666,False,False,False,False,True,False,False
VIDEO_7263464155540147489,0.0,0.0,0.6666666666666666,False,False,False,False,True,False,False
VIDEO_7270111755886415137,0.0,0.0,0.0,False,False,False,False,True,False,False
VIDEO_7255302948413099290,1.0,0.0033,1.0,False,False,True,False,False,False,False
VIDEO_7257040734174465307,0.0,0.0,0.0,False,False,False,False,True,False,False
VIDEO_7250555651993160987,0.0,0.0,0.0,False,False,False,False,True,False,False
VIDEO_7257181704241024282,0.0,0.0,0.3333333333333333,False,False,False,False,True,False,False
VIDEO_7264958192017362208,0.0,0.0,0.3333333333333333,False,False,False,False,True,False,False
VIDEO_7262720109133794592,0.0,0.0,0.3333333333333333,False,False,False,False,True,False,False
VIDEO_7283139399582240032,1.0,0.0032,1.0,False,False,False,False,False,True,False
VIDEO_7270778269899722016,0.3333333333333333,0.0001,0.3333333333333333,False,False,False,False,True,False,False
VIDEO_7290955653349133600,0.6666666666666666,0.0006,0.6666666666666666,False,False,False,False,True,False,False
VIDEO_7277939332831251744,0.3333333333333333,0.0,0.3333333333333333,False,False,False,False,True,False,False
VIDEO_7271935381937884448,0.0,0.0,0.0,False,False,False,False,True,False,False
VIDEO_7282663509505133856,0.0,0.0,0.0,False,False,False,False,True,False,False
VIDEO_7293822418068442400,0.0,0.0,0.0,False,False,False,False,True,False,False
VIDEO_7283524894585883936,0.6666666666666666,0.0005,1.0,False,False,False,False,False,True,False
VIDEO_7275592243086478624,0.0,0.0,0.0,False,False,False,False,True,False,False
VIDEO_7288326750243704096,0.3333333333333333,0.0128,0.3333333333333333,False,False,False,False,True,False,False
VIDEO_7289368885390806304,1.0,0.0025,0.6666666666666666,False,False,False,False,False,True,False
VIDEO_7289785625367153952,0.0,0.0,0.0,False,False,False,False,True,False,False
VIDEO_7285256841158790433,0.6666666666666666,0.0012,1.0,False,False,False,False,False,True,False
VIDEO_7271545826923531552,0.0,0.0,0.0,False,False,False,False,True,False,False
VIDEO_7276041559500475680,0.3333333333333333,0.0001,0.3333333333333333,False,False,False,False,True,False,False
VIDEO_7292048482456587553,0.0,0.0,0.0,False,False,False,False,True,False,False
VIDEO_7274647533002034465,0.6666666666666666,0.0008,0.6666666666666666,False,False,False,False,True,False,False
VIDEO_7281279828307856673,3.3333333333333335,0.0005,1.0,False,False,False,True,False,False,False
VIDEO_7294901504752782625,1.0,0.0212,0.6666666666666666,False,False,False,False,False,True,False
VIDEO_7280108212878200096,0.0,0.0,0.0,False,False,False,False,True,False,False
VIDEO_7286488221893020960,0.3333333333333333,0.0014,0.3333333333333333,False,False,False,False,True,False,False
VIDEO_7285720218360368417,0.3333333333333333,0.0006,0.3333333333333333,False,False,False,False,True,False,False
VIDEO_7279032970286009632,0.0,0.0,0.3333333333333333,False,False,False,False,True,False,False
VIDEO_7290457107726339360,0.0,0.0,0.0,False,False,False,False,True,False,False
VIDEO_7277097435090930977,0.0,0.0,0.0,False,False,False,False,True,False,False
VIDEO_7294149539781463328,0.0,0.0,0.0,False,False,False,False,True,False,False
VIDEO_7280571511138782496,0.6666666666666666,0.0118,0.6666666666666666,False,False,False,False,True,False,False
VIDEO_7293176268361665824,0.3333333333333333,0.0021,0.3333333333333333,False,False,False,False,True,False,False
VIDEO_7281651537124871456,0.6666666666666666,0.0003,1.0,False,False,True,False,False,False,False
VIDEO_7287986771483282720,0.0,0.0,0.0,False,False,False,False,True,False,False
VIDEO_7284876929713442080,1.0,0.0005,1.0,False,False,False,False,False,True,False
VIDEO_7291300657355689249,0.6666666666666666,0.128,0.6666666666666666,False,False,False,False,False,True,False
VIDEO_7320909330314775840,1.0,0.0017,1.0,False,False,False,True,False,False,False
VIDEO_7325724813115346208,0.0,0.0,0.0,False,False,False,False,True,False,False
VIDEO_7305093445926915361,0.0,0.0,0.0,False,False,False,False,True,False,False
VIDEO_7316470398261021985,0.0,0.0,0.0,False,False,False,False,True,False,False
VIDEO_7317307650499251488,0.0,0.0,0.0,False,False,False,False,True,False,False
VIDEO_7308758430318071072,1.3333333333333333,0.0048,1.0,False,False,False,True,False,False,False
VIDEO_7323972466445946145,0.0,0.0,0.0,False,False,False,False,True,False,False
VIDEO_7312076882822909217,0.0,0.0,0.0,False,False,False,False,True,False,False
VIDEO_7319074307202616609,0.0,0.0,0.0,False,False,False,False,True,False,False
VIDEO_7325097832015203617,1.0,0.0021,1.0,False,False,False,True,False,False,False
VIDEO_7302809103150206241,0.3333333333333333,0.0008,0.3333333333333333,False,False,False,False,True,False,False
VIDEO_7318707614332849441,0.3333333333333333,0.0001,0.6666666666666666,False,False,False,False,True,False,False
VIDEO_7300495910595808545,0.0,0.0,0.0,False,False,False,False,True,False,False
VIDEO_7310258308969991457,0.0,0.0,0.0,False,False,False,False,True,False,False
VIDEO_7309427596553489696,0.3333333333333333,0.0001,0.3333333333333333,False,False,False,False,True,False,False
VIDEO_7301229129314159904,0.0,0.0,0.0,False,False,False,False,True,False,False
VIDEO_7304665669872782625,0.0,0.0,0.0,False,False,False,False,True,False,False
VIDEO_7297529063785123104,1.0,0.0015,1.0,False,True,False,False,False,False,False
VIDEO_7319513643534568736,0.0,0.0,0.0,False,False,False,False,True,False,False
VIDEO_7296115605927644449,0.0,0.0,0.0,False,False,False,False,True,False,False
VIDEO_7304376408191683872,0.0,0.0,0.0,False,False,False,False,True,False,False
VIDEO_7303586993965960480,0.0,0.0,0.0,False,False,False,False,True,False,False
VIDEO_7297134358689860896,0.0,0.0,0.0,False,False,False,False,True,False,False
VIDEO_7299732621825690912,0.3333333333333333,0.0001,0.3333333333333333,False,False,False,False,True,False,False
VIDEO_7316159323728661792,0.0,0.0,0.3333333333333333,False,False,False,False,True,False,False
VIDEO_7300846195444927776,1.0,0.0058,1.0,False,False,False,True,False,False,False
VIDEO_7309091598472727840,0.0,0.0,0.0,False,False,False,False,True,False,False
VIDEO_7302041138670619936,1.3333333333333333,0.0196,1.0,False,False,False,False,False,True,False
VIDEO_7306585450305555745,0.0,0.0,0.0,False,False,False,False,True,False,False
VIDEO_7323108113698147616,0.0,0.0,0.0,False,False,False,False,True,False,False
VIDEO_7317664309432077600,0.0,0.0,0.0,False,False,False,False,True,False,False
VIDEO_7298264093100674336,0.3333333333333333,0.0001,0.3333333333333333,False,False,False,False,True,False,False
VIDEO_7320159598290226464,0.0,0.0,0.0,False,False,False,False,True,False,False
VIDEO_7324696131143847201,0.3333333333333333,0.0002,0.3333333333333333,False,False,False,False,True,False,False
VIDEO_7311663059695570208,1.0,0.0089,1.0,False,True,False,False,False,False,False
VIDEO_7302346370701118752,0.0,0.0,0.0,False,False,False,False,True,False,False
VIDEO_7323612868484631840,1.0,0.0111,1.0,False,False,False,False,False,True,False
VIDEO_7311263969220644129,0.0,0.0,0.0,False,False,False,False,True,False,False
VIDEO_7324283735749266721,0.3333333333333333,0.0003,0.3333333333333333,False,False,False,False,True,False,False
VIDEO_7303174310259166497,1.0,0.0085,1.0,False,False,False,False,False,True,False
VIDEO_7310626433129270560,0.0,0.0,0.0,False,False,False,False,True,False,False
VIDEO_7322488817968041249,0.0,0.0,0.0,False,False,False,False,True,False,False
VIDEO_7309856299632676129,3.0,0.0044,1.0,False,False,False,True,False,False,False
VIDEO_7334381637586652448,1.0,0.0141,1.0,False,False,False,False,False,True,False
VIDEO_7350954462992682272,0.0,0.0,0.0,False,False,False,False,True,False,False
VIDEO_7340916267571858721,0.0,0.0,0.0,False,False,False,False,True,False,False
VIDEO_7337268516128591136,1.0,0.0036,1.0,False,False,False,False,False,True,False
VIDEO_7338052242651598112,0.6666666666666666,0.0014,0.6666666666666666,False,False,False,False,False,True,False
VIDEO_7354009165796216097,0.0,0.0,0.0,False,False,False,False,True,False,False
VIDEO_7331415350828911904,0.6666666666666666,0.0004,0.6666666666666666,False,False,False,False,True,False,False
VIDEO_7353535610641976609,0.6666666666666666,0.0002,0.6666666666666666,False,False,True,False,False,False,False
VIDEO_7326123173311728929,0.3333333333333333,0.0003,0.3333333333333333,False,False,False,False,True,False,False
VIDEO_7346110636008475937,0.0,0.0,0.0,False,False,False,False,True,False,False
VIDEO_7352233957276044577,0.0,0.0,0.0,False,False,False,False,True,False,False
VIDEO_7348717316856712480,1.0,0.0304,0.6666666666666666,False,False,False,False,False,True,False
VIDEO_7343256943923858720,0.0,0.0,0.3333333333333333,False,False,False,False,True,False,False
VIDEO_7331811695360363809,1.0,0.0052,1.0,False,True,False,False,False,False,False
VIDEO_7354275810578140449,1.0,0.0261,1.0,False,False,False,True,False,False,False
VIDEO_7330883086684622112,0.0,0.0,0.0,False,False,False,False,True,False,False
VIDEO_7350207537771220256,0.0,0.0,0.0,False,False,False,False,True,False,False
VIDEO_7351779832969104673,0.3333333333333333,0.0009,0.3333333333333333,False,False,False,False,True,False,False
VIDEO_7348379737519082784,1.0,0.0014,0.3333333333333333,False,False,False,False,True,False,False
VIDEO_7328709134126206241,0.0,0.0,0.0,False,False,False,False,True,False,False
VIDEO_7350708094302735649,0.3333333333333333,0.0016,0.6666666666666666,False,False,False,False,True,False,False
VIDEO_7341290377858567456,0.0,0.0,0.0,False,False,False,False,True,False,False
VIDEO_7329423244992236832,1.0,0.0429,1.0,False,False,False,True,False,False,False
VIDEO_7345543122400726305,0.0,0.0,0.0,False,False,False,False,True,False,False
VIDEO_7335091592077856032,0.0,0.0,0.0,False,False,False,False,True,False,False
VIDEO_7332835826579164449,0.0,0.0,0.0,False,False,False,False,True,False,False
VIDEO_7344270149593091361,0.0,0.0,0.0,False,False,False,False,True,False,False
VIDEO_7361030582446378272,0.0,0.0,0.0,False,False,False,False,True,False,False
VIDEO_7365841944318086432,0.0,0.0,0.0,False,False,False,False,True,False,False
VIDEO_7369613653626113313,1.0,0.0111,1.0,False,True,False,False,False,False,False
VIDEO_7376630682824576289,0.3333333333333333,0.0001,0.3333333333333333,False,False,False,False,True,False,False
VIDEO_7361799258107841825,0.0,0.0,0.3333333333333333,False,False,False,False,True,False,False
VIDEO_7374412100833250593,0.0,0.0,0.0,False,False,False,False,True,False,False
VIDEO_7355765566625402144,0.3333333333333333,0.0002,0.3333333333333333,False,False,False,False,True,False,False
VIDEO_7356509644170333473,0.0,0.0,0.0,False,False,False,False,True,False,False
VIDEO_7357646734354304289,0.0,0.0,0.0,False,False,False,False,True,False,False
VIDEO_7360309213765045536,0.0,0.0,0.0,False,False,False,False,True,False,False
VIDEO_7366603470272515361,0.0,0.0,0.0,False,False,False,False,True,False,False
VIDEO_7378467106636991777,0.6666666666666666,0.0168,0.6666666666666666,False,False,True,False,False,False,False
VIDEO_7377004580510436641,0.0,0.0,0.0,False,False,False,False,True,False,False
VIDEO_7374072615356353825,0.3333333333333333,0.0003,0.3333333333333333,False,False,False,False,True,False,False
VIDEO_7369936386000031009,0.0,0.0,0.0,False,False,False,False,True,False,False
VIDEO_7365161137324805408,0.0,0.0,0.0,False,False,False,False,True,False,False
VIDEO_7381115594076146977,0.0,0.0,0.0,False,False,False,False,True,False,False
VIDEO_7358723892992642336,1.0,0.0042,1.0,False,False,True,False,False,False,False
VIDEO_7382166710029208865,0.6666666666666666,0.0016,0.6666666666666666,False,False,False,False,False,True,False
VIDEO_7368427984539127073,0.3333333333333333,0.0018,0.3333333333333333,False,False,False,False,True,False,False
VIDEO_7371791896622173473,0.3333333333333333,0.0001,0.3333333333333333,False,False,False,False,True,False,False
VIDEO_7362544046675447073,0.0,0.0,0.0,False,False,False,False,True,False,False
VIDEO_7363657122795490593,0.0,0.0,0.0,False,False,False,False,True,False,False
VIDEO_7367273018181160224,0.0,0.0,0.0,False,False,False,False,True,False,False
VIDEO_7375160946618076449,0.6666666666666666,0.0008,0.6666666666666666,False,False,False,False,False,True,False
VIDEO_7372534191776386336,0.0,0.0,0.0,False,False,False,False,True,False,False
VIDEO_7379227737271094561,0.6666666666666666,0.0244,0.6666666666666666,False,False,False,False,True,False,False
VIDEO_7379193504355978528,0.0,0.0,0.0,False,False,False,False,True,False,False
VIDEO_7399196283501628705,0.0,0.0,0.0,False,False,False,False,True,False,False
VIDEO_7392856168214957345,0.0,0.0,0.0,False,False,False,False,True,False,False
VIDEO_7394351547376880929,0.0,0.0,0.0,False,False,False,False,True,False,False
VIDEO_7387308322162052385,0.0,0.0,0.0,False,False,False,False,True,False,False
VIDEO_7388867149407849760,0.0,0.0,0.0,False,False,False,False,True,False,False
VIDEO_7391756601100651809,1.0,0.0024,1.0,False,False,False,False,False,True,False
VIDEO_7390632928780340512,1.0,0.0021,1.0,True,False,False,False,False,False,False
VIDEO_7386194546062839073,0.6666666666666666,0.0019,1.0,False,False,False,False,False,True,False
VIDEO_7407736509996043553,1.6666666666666667,0.0068,1.0,False,False,False,False,False,True,False
VIDEO_7401388090830359841,0.0,0.0,0.0,False,False,False,False,True,False,False
VIDEO_7414443436134223137,0.0,0.0,0.3333333333333333,False,False,False,False,True,False,False
VIDEO_7403329560554523936,0.0,0.0,0.0,False,False,False,False,True,False,False
VIDEO_7410298388022824225,1.0,0.0133,1.0,False,False,False,False,False,False,True
VIDEO_7412540786975231264,1.0,0.0051,1.0,True,False,False,False,False,False,False
VIDEO_7429720640111791392,0.0,0.0,0.0,False,False,False,False,True,False,False
VIDEO_7425965869924142369,0.0,0.0,0.0,False,False,False,False,True,False,False
VIDEO_7423773390932135201,0.0,0.0,0.0,False,False,False,False,True,False,False
VIDEO_7428251635102534945,0.6666666666666666,0.0008,0.6666666666666666,False,False,False,False,False,True,False
VIDEO_7431168865142328608,0.0,0.0,0.0,False,False,False,False,True,False,False
VIDEO_7444595106025442593,0.0,0.0,0.6666666666666666,False,False,False,False,True,False,False
VIDEO_7436044441170857249,0.0,0.0,0.0,False,False,False,False,True,False,False
VIDEO_7449430237114404128,0.6666666666666666,0.0015,0.6666666666666666,False,False,False,False,False,True,False
VIDEO_7434931188642352417,0.0,0.0,0.0,False,False,False,False,True,False,False
VIDEO_7436650165861141792,0.6666666666666666,0.0008,0.3333333333333333,False,False,False,False,True,False,False
VIDEO_7441997259060825377,0.0,0.0,0.0,False,False,False,False,True,False,False
VIDEO_7442349120498519329,0.3333333333333333,0.001,0.3333333333333333,False,False,False,False,True,False,False
VIDEO_7437536576072125728,0.0,0.0,0.0,False,False,False,False,True,False,False
VIDEO_7440142040542825760,0.0,0.0,0.0,False,False,False,False,True,False,False
VIDEO_7431962598909791521,0.0,0.0,0.0,False,False,False,False,True,False,False
VIDEO_7452758752337399073,0.0,0.0,0.0,False,False,False,False,True,False,False
VIDEO_7440465091817999649,0.0,0.0,0.0,False,False,False,False,True,False,False
VIDEO_7452387800818666785,0.0,0.0,0.0,False,False,False,False,True,False,False
VIDEO_7436403924350864672,0.0,0.0,0.0,False,False,False,False,True,False,False
VIDEO_7433817907278269729,0.0,0.0,0.0,False,False,False,False,True,False,False
VIDEO_7441626192760884513,0.0,0.0,0.6666666666666666,False,False,False,False,True,False,False
VIDEO_7485301680930688278,0.6666666666666666,0.0091,0.6666666666666666,False,False,False,False,False,True,False
VIDEO_7454985264952266016,0.0,0.0,0.0,False,False,False,False,True,False,False
VIDEO_7467231080735690017,0.0,0.0,0.0,False,False,False,False,True,False,False
VIDEO_7537707440142454038,0.0,0.0,0.0,False,False,False,False,True,False,False
VIDEO_7545446733921209622,0.3333333333333333,0.0008,0.6666666666666666,False,False,False,False,True,False,False
VIDEO_7478288153153916182,0.0,0.0,0.0,False,False,False,False,True,False,False
VIDEO_7469703437299551510,0.6666666666666666,0.0381,1.0,False,False,False,False,False,True,False
VIDEO_7456840693982465312,0.6666666666666666,0.0003,0.6666666666666666,False,False,False,False,True,False,False
VIDEO_7457582868370296096,0.0,0.0,0.0,False,False,False,False,True,False,False
VIDEO_7468715378743528736,2.6666666666666665,0.0062,1.0,False,False,False,False,False,True,False
VIDEO_7463520186876939552,0.0,0.0,0.0,False,False,False,False,True,False,False
VIDEO_7456310839121874198,0.0,0.0,0.0,False,False,False,False,True,False,False
VIDEO_7474625701350509846,0.0,0.0,0.6666666666666666,False,False,False,False,True,False,False
VIDEO_7458325240628661537,0.6666666666666666,0.0102,0.6666666666666666,False,False,False,False,False,True,False
VIDEO_7466117788898315552,0.3333333333333333,0.0002,0.3333333333333333,False,False,False,False,True,False,False
VIDEO_7476404323317222658,0.6666666666666666,0.0002,0.6666666666666666,False,False,False,False,False,True,False
VIDEO_7473095088948759830,0.3333333333333333,0.0275,0.3333333333333333,False,False,False,False,True,False,False
VIDEO_7465375886779403552,1.6666666666666667,0.0178,1.0,False,False,False,False,False,True,False
VIDEO_7471251146288418070,0.6666666666666666,0.1148,1.0,False,True,False,False,False,False,False
VIDEO_7480851478555659543,0.0,0.0,0.0,False,False,False,False,True,False,False
VIDEO_7575831202117045526,0.0,0.0,0.3333333333333333,False,False,False,False,True,False,False
VIDEO_7566297785914412310,0.0,0.0,0.3333333333333333,False,False,False,False,True,False,False
VIDEO_7587308013363449121,0.3333333333333333,0.0007,0.3333333333333333,False,False,False,False,True,False,False
VIDEO_7563724139240885526,0.0,0.0,0.3333333333333333,False,False,False,False,True,False,False
VIDEO_7593041331174362390,0.0,0.0,0.0,False,False,False,False,True,False,False
VIDEO_7583720650200730902,0.0,0.0,0.0,False,False,False,False,True,False,False
VIDEO_7589754729350155542,1.3333333333333333,0.0001,0.3333333333333333,False,False,False,False,True,False,False
VIDEO_7553924193562266902,0.6666666666666666,0.0004,0.6666666666666666,False,False,False,False,False,True,False
VIDEO_7574767270392532246,0.0,0.0,0.0,False,False,False,False,True,False,False
VIDEO_7569206708090850582,0.0,0.0,0.0,False,False,False,False,True,False,False
VIDEO_7568382003330993430,0.6666666666666666,0.005,0.6666666666666666,False,False,False,False,False,True,False
VIDEO_7546473791115791638,0.0,0.0,0.0,False,False,False,False,True,False,False
VIDEO_7577768828214512918,0.0,0.0,0.0,False,False,False,False,True,False,False
VIDEO_7596993704146046230,0.0,0.0,0.0,False,False,False,False,True,False,False
VIDEO_7572922723836431638,0.6666666666666666,0.0003,0.6666666666666666,False,False,False,False,False,True,False
VIDEO_7553554500972367107,1.3333333333333333,0.0018,1.0,False,False,True,False,False,False,False
VIDEO_7556661292233379075,0.6666666666666666,0.0036,1.0,False,True,False,False,False,False,False
VIDEO_7169218120916208902,0.0,0.0,0.0,False,False,False,False,True,False,False
VIDEO_7603273994216738070,1.0,0.01,0.6666666666666666,False,False,False,False,False,True,False
VIDEO_7156614323194875141,2.0,0.0013,1.0,False,False,True,False,False,False,False
VIDEO_7604808799404264726,0.0,0.0,0.0,False,False,False,False,True,False,False
VIDEO_7148719596487363845,0.0,0.0,0.0,False,False,False,False,True,False,False
VIDEO_7141371845248437510,0.0,0.0,0.3333333333333333,False,False,False,False,True,False,False
VIDEO_7141370905153850629,0.0,0.0,0.0,False,False,False,False,True,False,False
VIDEO_7192172787723783430,0.0,0.0,0.0,False,False,False,False,True,False,False
VIDEO_7252274964206832923,0.0,0.0,0.3333333333333333,False,False,False,False,True,False,False
VIDEO_7253058884762537242,0.0,0.0,0.0,False,False,False,False,True,False,False
VIDEO_7226711933150432538,0.3333333333333333,0.0003,0.3333333333333333,False,False,False,False,True,False,False
VIDEO_7269755991049260320,0.0,0.0,0.0,False,False,False,False,True,False,False
VIDEO_7239748390974704922,0.0,0.0,0.0,False,False,False,False,True,False,False
VIDEO_7189528219425590534,0.0,0.0,0.0,False,False,False,False,True,False,False
VIDEO_7250832194392886554,0.0,0.0,0.0,False,False,False,False,True,False,False
VIDEO_7245283945619655963,0.0,0.0,0.0,False,False,False,False,True,False,False
VIDEO_7202909898219326725,0.0,0.0,0.0,False,False,False,False,True,False,False
VIDEO_7439661735742557472,0.0,0.0,0.0,False,False,False,False,True,False,False
VIDEO_7443866656956255510,0.0,0.0,0.0,False,False,False,False,True,False,False
VIDEO_7441958558054337825,1.0,0.0018,1.0,False,False,False,False,False,True,False
VIDEO_7418157210896698657,0.0,0.0,0.0,False,False,False,False,True,False,False
VIDEO_7446429495948594454,0.6666666666666666,0.0003,0.6666666666666666,False,False,False,False,False,True,False
VIDEO_7421851827794152737,0.0,0.0,0.0,False,False,False,False,True,False,False
VIDEO_7440567441777757472,0.3333333333333333,0.0007,0.3333333333333333,False,False,False,False,True,False,False
VIDEO_7436892906801073441,0.0,0.0,0.0,False,False,False,False,True,False,False
VIDEO_7450928915159190806,0.0,0.0,0.0,False,False,False,False,True,False,False
VIDEO_7447200750096223510,0.3333333333333333,0.0004,0.3333333333333333,False,False,False,False,True,False,False
VIDEO_7442685576798604566,1.0,0.0007,1.0,False,False,True,False,False,False,False
VIDEO_7447956995182759190,0.0,0.0,0.0,False,False,False,False,True,False,False
VIDEO_7444926040855661846,0.3333333333333333,0.0001,0.3333333333333333,False,False,False,False,True,False,False
VIDEO_7448354400998853910,0.0,0.0,0.0,False,False,False,False,True,False,False
VIDEO_7439269165111725345,0.0,0.0,0.0,False,False,False,False,True,False,False
VIDEO_7446821670133845270,0.0,0.0,0.0,False,False,False,False,True,False,False
VIDEO_7459483581803482390,0.0,0.0,0.0,False,False,False,False,True,False,False
VIDEO_7455422115802565910,0.6666666666666666,0.0022,1.0,False,False,False,False,False,True,False
VIDEO_7457155091238259990,0.0,0.0,0.0,False,False,False,False,True,False,False
VIDEO_7478407463675481366,0.0,0.0,0.0,False,False,False,False,True,False,False
VIDEO_7479158367873748246,0.0,0.0,0.0,False,False,False,False,True,False,False
VIDEO_7500926454671232278,0.0,0.0,0.0,False,False,False,False,True,False,False
VIDEO_7486391346727537942,3.6666666666666665,0.0043,1.0,True,False,False,False,False,False,False
VIDEO_7487276696215817494,0.0,0.0,0.0,False,False,False,False,True,False,False
VIDEO_7474265267783208214,0.0,0.0,0.0,False,False,False,False,True,False,False
VIDEO_7472755159945252118,0.0,0.0,0.0,False,False,False,False,True,False,False
VIDEO_7490268698918309142,0.0,0.0,0.3333333333333333,False,False,False,False,True,False,False
VIDEO_7467247804717550870,0.0,0.0,0.0,False,False,False,False,True,False,False
VIDEO_7518292077080268054,0.0,0.0,0.0,False,False,False,False,True,False,False
VIDEO_7524347836541046038,0.0,0.0,0.0,False,False,False,False,True,False,False
VIDEO_7506795063012232470,0.0,0.0,0.0,False,False,False,False,True,False,False
VIDEO_7526570162976328982,0.0,0.0,0.0,False,False,False,False,True,False,False
VIDEO_7564461685881179414,0.3333333333333333,0.0302,0.3333333333333333,False,False,False,False,True,False,False
VIDEO_7505058159258504470,0.0,0.0,0.0,False,False,False,False,True,False,False
VIDEO_7555487310297533718,0.0,0.0,0.0,False,False,False,False,True,False,False
VIDEO_7506217095441435926,0.0,0.0,0.0,False,False,False,False,True,False,False
VIDEO_7557772009510358294,0.0,0.0,0.0,False,False,False,False,True,False,False
VIDEO_7504006062559776022,0.3333333333333333,0.0002,0.3333333333333333,False,False,False,False,True,False,False
VIDEO_7502082897935928598,0.3333333333333333,0.0003,0.3333333333333333,False,False,False,False,True,False,False
VIDEO_7508716246301510914,0.0,0.0,0.0,False,False,False,False,True,False,False
VIDEO_7549615777326877974,0.0,0.0,0.0,False,False,False,False,True,False,False
VIDEO_7495455289882184982,0.0,0.0,1.0,False,False,False,False,True,False,False
VIDEO_7532594185912847638,0.0,0.0,0.0,False,False,False,False,True,False,False
VIDEO_6919872357288971521,0.6666666666666666,0.0015,0.6666666666666666,False,False,False,False,False,True,False
VIDEO_6944298636553604358,0.0,0.0,0.0,False,False,False,False,True,False,False
VIDEO_6955020730140544261,0.3333333333333333,0.0006,0.3333333333333333,False,False,False,False,True,False,False
VIDEO_6943534360066804998,0.6666666666666666,0.0001,0.6666666666666666,False,False,False,False,True,False,False
VIDEO_6940187794534960389,0.0,0.0,0.0,False,False,False,False,True,False,False
VIDEO_7040071170363788550,0.0,0.0,0.0,False,False,False,False,True,False,False
VIDEO_7057846707651939590,0.0,0.0,0.0,False,False,False,False,True,False,False
VIDEO_7051617295818362117,0.3333333333333333,0.0001,0.3333333333333333,False,False,False,False,True,False,False
VIDEO_7036282180816932102,0.6666666666666666,0.0005,1.0,False,False,False,False,True,False,False
VIDEO_7080545682058169605,0.6666666666666666,0.0008,0.6666666666666666,False,False,False,True,False,False,False
VIDEO_7110099088661548293,0.0,0.0,0.0,False,False,False,False,True,False,False
VIDEO_7108626212104178949,1.0,0.0002,0.6666666666666666,False,False,False,False,False,True,False
VIDEO_7114675214583155973,2.0,0.0017,1.0,False,False,False,True,False,False,False
VIDEO_7076134412487855366,0.0,0.0,0.3333333333333333,False,False,False,False,True,False,False
VIDEO_7094149805496159494,0.0,0.0,0.0,False,False,False,False,True,False,False
VIDEO_7067578500101803269,1.0,0.002,1.0,False,False,True,False,False,False,False
VIDEO_7114309168302984454,0.6666666666666666,0.0027,1.0,False,False,False,False,False,True,False
VIDEO_7067959925141474565,2.0,0.0028,1.0,False,False,False,False,False,True,False
VIDEO_7072774694214044934,0.3333333333333333,0.0001,0.3333333333333333,False,False,False,False,True,False,False
VIDEO_7069805338601606406,0.0,0.0,0.0,False,False,False,False,True,False,False
VIDEO_7124683160218029317,0.0,0.0,0.0,False,False,False,False,True,False,False
VIDEO_7072437259127098630,0.0,0.0,0.0,False,False,False,False,True,False,False
VIDEO_7096387117462359302,0.0,0.0,0.0,False,False,False,False,True,False,False
VIDEO_7115325407318052102,0.0,0.0,0.0,False,False,False,False,True,False,False
VIDEO_7085631257542954246,0.0,0.0,0.0,False,False,False,False,True,False,False
VIDEO_7070176633931549958,0.0,0.0,0.0,False,False,False,False,True,False,False
VIDEO_7091569180054490373,1.0,0.0019,1.0,False,True,False,False,False,False,False
VIDEO_7107863534549110022,0.0,0.0,0.0,False,False,False,False,True,False,False
VIDEO_7082772534126513414,0.0,0.0,0.0,False,False,False,False,True,False,False
VIDEO_7166666264092413190,0.0,0.0,0.0,False,False,False,False,True,False,False
VIDEO_7152911692282809606,0.6666666666666666,0.0023,0.6666666666666666,True,False,False,False,False,False,False
VIDEO_7137955446320565510,0.0,0.0,0.0,False,False,False,False,True,False,False
VIDEO_7164417550791494918,0.0,0.0,0.0,False,False,False,False,True,False,False
VIDEO_7128317775524777222,0.0,0.0,0.0,False,False,False,False,True,False,False
VIDEO_7190655063470116101,0.0,0.0,0.0,False,False,False,False,True,False,False
VIDEO_7191896362630302981,0.0,0.0,0.0,False,False,False,False,True,False,False
VIDEO_7163942959916895493,0.0,0.0,0.3333333333333333,False,False,False,False,True,False,False
VIDEO_7161307348827426053,0.0,0.0,0.0,False,False,False,False,True,False,False
VIDEO_7125703838497131781,0.3333333333333333,0.0033,0.3333333333333333,False,False,False,False,True,False,False
VIDEO_7176549919933664517,0.0,0.0,0.3333333333333333,False,False,False,False,True,False,False
VIDEO_7158890098770119942,0.0,0.0,0.0,False,False,False,False,True,False,False
VIDEO_7215611067286703366,0.6666666666666666,0.0008,0.6666666666666666,False,False,False,True,False,False,False
VIDEO_7245182525016935707,1.0,0.0003,1.0,False,False,False,False,False,True,False
VIDEO_7216007272311344390,0.0,0.0,0.0,False,False,False,False,True,False,False
VIDEO_7261658279900744987,2.0,0.0048,1.0,False,False,True,False,False,False,False
VIDEO_7244559099352976666,0.0,0.0,0.0,False,False,False,False,True,False,False
VIDEO_7241878874672385306,1.0,0.0008,1.0,False,False,False,False,False,True,False
VIDEO_7252271385467161882,1.0,0.0041,1.0,False,False,True,False,False,False,False
VIDEO_7246672390841715995,2.6666666666666665,0.0016,1.0,False,True,False,False,False,False,False
VIDEO_7246301041979886875,0.0,0.0,0.0,False,False,False,False,True,False,False
VIDEO_7246805127942737178,0.0,0.0,0.0,False,False,False,False,True,False,False
VIDEO_7205134218328902917,0.0,0.0,0.0,False,False,False,False,True,False,False
VIDEO_7259307845332602139,0.0,0.0,0.0,False,False,False,False,True,False,False
VIDEO_7249813717225950490,0.3333333333333333,0.0018,0.3333333333333333,False,False,False,False,True,False,False
VIDEO_7205617494143339782,0.0,0.0,0.0,False,False,False,False,True,False,False
VIDEO_7221070563538717957,1.0,0.0059,1.0,False,False,True,False,False,False,False
VIDEO_7210806075354811654,0.0,0.0,0.0,False,False,False,False,True,False,False
VIDEO_7242237385772240155,1.0,0.0004,1.0,False,False,True,False,False,False,False
VIDEO_7205961411942468870,0.0,0.0,0.0,False,False,False,False,True,False,False
VIDEO_7251996103178997018,1.3333333333333333,0.0003,0.6666666666666666,False,False,False,False,True,False,False
VIDEO_7246343164108295450,1.0,0.001,0.6666666666666666,False,False,False,True,False,False,False
VIDEO_7236674356540165402,1.6666666666666667,0.001,1.0,False,False,False,False,False,True,False
VIDEO_7249677053153283354,0.0,0.0,0.0,False,False,False,False,True,False,False
VIDEO_7252374564108274970,2.6666666666666665,0.0022,1.0,False,False,False,False,False,True,False
VIDEO_7216240671097736454,0.0,0.0,0.0,False,False,False,False,True,False,False
VIDEO_7249312172956732698,1.3333333333333333,0.0002,0.6666666666666666,False,False,False,False,True,False,False
VIDEO_7332521954538245408,0.0,0.0,0.0,False,False,False,False,True,False,False
VIDEO_7332865581789629729,0.0,0.0,0.3333333333333333,False,False,False,False,True,False,False
VIDEO_7325764964172467489,0.0,0.0,0.0,False,False,False,False,True,False,False
VIDEO_7289115441602088225,0.3333333333333333,0.0013,0.3333333333333333,False,False,False,False,True,False,False
VIDEO_7282668264617004321,0.0,0.0,0.0,False,False,False,False,True,False,False
VIDEO_7273016085954317600,1.3333333333333333,0.0011,0.6666666666666666,False,False,False,False,False,False,True
VIDEO_7395222817677085985,0.0,0.0,0.0,False,False,False,False,True,False,False
VIDEO_7384844059896057120,0.0,0.0,0.0,False,False,False,False,True,False,False
VIDEO_7384476119744974112,1.3333333333333333,0.0147,0.6666666666666666,False,False,False,False,False,True,False
