video_id,hook_motion,hook_shake,content_motion,content_shake,max_peak_motion
VIDEO_6739804771013774597,0.0687829852104187,0.0035272804088890553,0.13103212416172028,0.023952441290020943,0.26206424832344055
VIDEO_6750983141873224966,0.4209743142127991,0.08974471688270569,0.33396926522254944,0.043587226420640945,0.48817306756973267
VIDEO_6764678537346616582,0.7323427200317383,0.2134254425764084,,,0.8862504959106445
VIDEO_6768860777525824773,0.09889613091945648,0.005314992740750313,,,0.12440196424722672
VIDEO_6792131260543225094,0.18140093982219696,0.012393707409501076,,,0.2612795829772949
VIDEO_6792133610360065285,0.9787551164627075,0.2588341236114502,1.1377878189086914,2.0718181133270264,1.5060218572616577
VIDEO_6793347939294072069,0.4321361184120178,0.07692093402147293,,,0.5542424321174622
VIDEO_6793765694619143430,2.660508155822754,2.1241114139556885,1.715489387512207,1.445314645767212,3.5373833179473877
VIDEO_6794470373212589317,0.7456859350204468,0.2988892197608948,,,0.9699841737747192
VIDEO_6795606002222796037,0.6507518291473389,0.16372442245483398,,,0.996450662612915
VIDEO_6796363351816555782,0.009043173864483833,0.0001282471785089001,0.1721324771642685,0.03105192258954048,0.3080524802207947
VIDEO_6796364077095472389,0.3453998565673828,0.1345837265253067,,,0.45536935329437256
VIDEO_6797039273053850886,0.6027439832687378,0.22697581350803375,,,1.0117344856262207
VIDEO_6798641094109269253,0.7755990028381348,0.2913913130760193,0.4996102452278137,0.11026588082313538,0.9024858474731445
VIDEO_6798648871401819398,0.10169941186904907,0.05264533311128616,,,0.15104229748249054
VIDEO_6800982671657880837,0.4594627022743225,0.16392076015472412,,,0.7733525037765503
VIDEO_6802558843114114310,0.21887420117855072,0.02146422117948532,,,0.2963053286075592
VIDEO_6814175723704683782,0.31146782636642456,0.07406571507453918,0.30708855390548706,0.07979884743690491,0.5533551573753357
VIDEO_6821547365887905030,0.13939949870109558,0.016627807170152664,,,0.190870463848114
VIDEO_6825975879940820230,0.008030601777136326,9.840218990575522e-05,,,0.01606120355427265
VIDEO_6834056379355991301,0.6353636980056763,0.23297619819641113,0.7110854983329773,0.4477311670780182,1.4124810695648193
VIDEO_6834420537545084166,3.2191996574401855,7.50602912902832,1.8834199905395508,2.0985984802246094,4.491092205047607
VIDEO_6847902541095668997,0.20870891213417053,0.023712294176220894,1.5105236371358235,1.145968735218048,3.452566146850586
VIDEO_6852640471013920006,0.42690539360046387,0.09430141746997833,0.7442440390586853,0.22585327923297882,1.3450074195861816
VIDEO_6855731886438763781,0.07473953068256378,0.004438932053744793,0.09601960331201553,0.006606837268918753,0.14411185681819916
VIDEO_6860766213992090886,0.06675707548856735,0.0172455832362175,0.08185028284788132,0.004106992855668068,0.10247136652469635
VIDEO_6864458828012899589,0.07779617607593536,0.004606140777468681,,,0.08340469747781754
VIDEO_6864806467329903878,0.3344055414199829,0.21663156151771545,,,0.5209667086601257
VIDEO_6869621825035357441,0.08835748583078384,0.007033901754766703,0.016898449510335922,0.0003162978682667017,0.16862529516220093
VIDEO_6874890977631390978,0.22830800712108612,0.034941166639328,,,0.35053306818008423
VIDEO_6875610422578351362,0.1704704314470291,0.014810715802013874,,,0.23947177827358246
VIDEO_6875699019520298242,0.011559017933905125,0.000190219609066844,2.9435083866119385,10.925244331359863,6.512089729309082
VIDEO_6876362124260691202,0.9522056579589844,0.5824383497238159,,,1.1507960557937622
VIDEO_6876369843591941377,0.0444028377532959,0.0032407876569777727,,,0.08755113929510117
VIDEO_6876847536938749185,1.129101276397705,0.6277564764022827,1.9033132791519165,2.4693751335144043,3.394183397293091
VIDEO_6878219367390268673,0.09635602682828903,0.003857685485854745,,,0.10955166071653366
VIDEO_6879407335484214530,0.5834670066833496,0.2091253101825714,,,0.8024681210517883
VIDEO_6880117942432959746,0.12043500691652298,0.009880125522613525,,,0.179518461227417
VIDEO_6880792115329142018,0.07699299603700638,0.004236181732267141,0.7182205319404602,0.6702828407287598,0.9593242406845093
VIDEO_6883389583271185666,0.07618460059165955,0.0029379860498011112,,,0.09007003158330917
VIDEO_6883561429727726850,0.030183939263224602,0.0007662989664822817,,,0.030914902687072754
VIDEO_6883876793380572417,0.010951841250061989,0.00010441686026751995,,,0.011551780626177788
VIDEO_6885735124013550850,1.3744330406188965,1.887072205543518,,,1.4373538494110107
VIDEO_6885984385670122753,0.2211298644542694,0.055056750774383545,,,0.25691741704940796
VIDEO_6886076315288554754,0.15022221207618713,0.013944954611361027,,,0.1684219241142273
VIDEO_6887883845954178305,0.4402129650115967,0.07958252727985382,,,0.6508192420005798
VIDEO_6891319697220898050,0.12325088679790497,0.06891636550426483,2.5923619270324707,33.88075256347656,5.171674728393555
VIDEO_6891645296233794817,0.1651422083377838,0.06239794194698334,0.061988758544127144,0.003932864249994357,0.20078317821025848
VIDEO_6893888228848389377,0.1752585768699646,0.4738729000091553,0.094099260866642,0.014178037643432617,0.3505171537399292
VIDEO_6894530886105042178,0.15935906767845154,0.0394105426967144,,,0.17556586861610413
VIDEO_6895288761354112258,0.09006808698177338,0.004552828148007393,0.20804250240325928,0.025187963619828224,0.31654995679855347
VIDEO_6895292772857826562,0.011822521686553955,0.00035412388388067484,0.031778160482645035,0.0014492199989035726,0.03637750819325447
VIDEO_6895747396404284674,0.025843458250164986,0.0006210646242834628,0.39031147956848145,0.1523457169532776,0.7748329639434814
VIDEO_6896055761982639362,0.3084622621536255,0.08931762725114822,,,0.48382139205932617
VIDEO_6896446483080482050,1.6915656328201294,8.719523429870605,0.4907494783401489,0.19577127695083618,3.188769817352295
VIDEO_6896455617523813633,0.016630446538329124,0.00024333957117050886,0.021409254521131516,0.0003156141028739512,0.026699088513851166
VIDEO_6897900291631402242,0.2551690936088562,0.026057112962007523,0.827610969543457,0.29024842381477356,1.4783406257629395
VIDEO_6899015791086210306,0.28256916999816895,0.04168456792831421,0.058616138994693756,0.005582983605563641,0.3153853714466095
VIDEO_6904609211431357698,0.2615152597427368,0.04893065243959427,0.5973007678985596,0.23418109118938446,1.3285095691680908
VIDEO_6913929490305420545,0.12709984183311462,0.008685548789799213,,,0.1592128872871399
VIDEO_6915045654997912833,0.10848566889762878,0.005927959457039833,,,0.1323806345462799
VIDEO_6918691694791691525,1.7446918487548828,2.210468292236328,0.3342146575450897,0.05791327357292175,2.9182920455932617
VIDEO_6919824999914245381,2.911405324935913,9.495820999145508,1.8558625380198162,3.140583594640096,4.896123886108398
VIDEO_6919872357288971521,0.016894595697522163,0.00022450031246989965,0.15835845470428467,0.057225774973630905,0.4736297130584717
VIDEO_6920160579424488710,0.511235773563385,0.13117752969264984,,,0.8814963698387146
VIDEO_6921227616347327749,0.44656163454055786,0.1313849687576294,0.036007195711135864,0.001858429634012282,0.5729140043258667
VIDEO_6921604099553119494,0.23972438275814056,0.047526802867650986,0.09224732965230942,0.006882162764668465,0.29300686717033386
VIDEO_6921676134212029701,0.6193485260009766,0.21235796809196472,,,0.7637655138969421
VIDEO_6922868220890254597,0.05719812214374542,0.002160167321562767,,,0.10725250840187073
VIDEO_6923235061999373574,0.41263148188591003,0.1384175717830658,0.3010611832141876,0.04699539393186569,0.7432318329811096
VIDEO_6923258085528112390,0.49595093727111816,0.11616785079240799,0.051489245146512985,0.0014211515663191676,0.8024524450302124
VIDEO_6923874728902003973,0.5956034064292908,0.15494830906391144,,,0.7827276587486267
VIDEO_6923969706332327174,0.0353146493434906,0.0007642279961146414,,,0.039190903306007385
VIDEO_6923976137928445190,1.042968988418579,0.30338120460510254,0.7270423769950867,0.2799273729324341,1.292119026184082
VIDEO_6926459852134845701,0.7308796644210815,0.18559737503528595,,,0.8403893113136292
VIDEO_6927547229486058757,0.4288475513458252,0.12782517075538635,,,0.4939742088317871
VIDEO_6927665892457237765,0.5622228980064392,0.06213802099227905,0.7349186539649963,0.310545951128006,0.9835650324821472
VIDEO_6927911225066130693,0.12995292246341705,0.024252494797110558,,,0.23590824007987976
VIDEO_6930236006654364934,1.3680506944656372,1.048411250114441,0.8904109001159668,0.43607258796691895,1.4873427152633667
VIDEO_6934012329067597061,0.2877088189125061,0.02857149951159954,0.1228366270661354,0.009704004973173141,0.30383503437042236
VIDEO_6935817751898426629,1.3785614967346191,1.0246537923812866,0.7972723245620728,0.43145421147346497,2.0318408012390137
VIDEO_6936835146301672709,1.2476433515548706,9.070778846740723,0.6801787614822388,0.48275288939476013,2.474390983581543
VIDEO_6936943102523378950,0.2362118363380432,0.024265199899673462,15.530455589294434,168.05020141601562,29.90029525756836
VIDEO_6937251547290045701,0.5589594841003418,0.10205885022878647,,,0.6136840581893921
VIDEO_6940187794534960389,0.06569969654083252,0.0032010520808398724,,,0.09974198043346405
VIDEO_6940653001791130885,0.21036097407341003,0.04125100374221802,0.6871262192726135,0.3169575333595276,1.1055004596710205
VIDEO_6942166804311575814,0.08532758057117462,0.0038689598441123962,0.52925044298172,0.12841786444187164,0.9607417583465576
VIDEO_6943534360066804998,0.20696035027503967,0.01528411265462637,,,0.22524158656597137
VIDEO_6943540424141491461,0.0,0.0,0.3495904207229614,0.0645330473780632,0.6991808414459229
VIDEO_6944298636553604358,0.18288137018680573,0.021936699748039246,0.13352751731872559,0.20979361236095428,0.40011006593704224
VIDEO_6945377653587266822,0.5940691232681274,0.21360374987125397,,,0.6846052408218384
VIDEO_6946128715000663301,0.3841458559036255,0.0941801518201828,0.7115022341410319,0.347286323706309,1.2982691526412964
VIDEO_6952049416425590022,0.06962279230356216,0.00574452243745327,,,0.07741603255271912
VIDEO_6955020730140544261,1.5623281002044678,0.7852299213409424,0.8796495795249939,0.6323167085647583,1.6814426183700562
VIDEO_6955364241213771014,0.4929453134536743,0.09799093753099442,,,0.8662769794464111
VIDEO_6956567938891599109,0.09216852486133575,0.003693792037665844,,,0.12543058395385742
VIDEO_6958338154617228549,0.6857330203056335,0.46705424785614014,2.9107789993286133,17.821354548136394,7.248274803161621
VIDEO_6958424996964355334,0.11864009499549866,0.009031340479850769,,,0.1406177282333374
VIDEO_6958797242429934854,0.5206785202026367,0.09611661732196808,,,0.6310470700263977
VIDEO_6959192993014287622,3.3693337440490723,5.382969379425049,1.4302932024002075,0.9571937322616577,6.2942423820495605
VIDEO_6963197595422346502,0.5607495307922363,0.22572053968906403,0.31981727480888367,0.03632018715143204,0.8404618501663208
VIDEO_6963263758630194437,0.05259011685848236,0.000813819351606071,0.0007798392907716334,5.925462573941331e-07,0.07084456831216812
VIDEO_6964763152974187781,0.00034112209687009454,1.5837240141536313e-07,0.0008561338763684034,7.370302341769275e-07,0.0010709560010582209
VIDEO_6969101040918465798,0.04773201420903206,0.0025752605870366096,,,0.06059276685118675
VIDEO_6972416280762649861,13.689067840576172,260.408447265625,8.028775215148926,37.4079475402832,21.303308486938477
VIDEO_6978753193882832133,0.05971568450331688,0.003252213355153799,,,0.06111203879117966
VIDEO_6979673025503366405,0.12290188670158386,0.008870916441082954,0.42720723152160645,0.08866121619939804,0.5291395783424377
VIDEO_6980260193653378309,0.22631783783435822,0.025794964283704758,,,0.2648487389087677
VIDEO_6980319450687868166,0.27597516775131226,0.052352145314216614,1.329239010810852,1.553693413734436,3.1589555740356445
VIDEO_6980342168535846149,0.11042117327451706,0.020985601469874382,,,0.19881290197372437
VIDEO_6980696986135710981,5.022024631500244,99.28559875488281,,,9.983952522277832
VIDEO_6982843678305897734,0.2207539975643158,0.03753390535712242,,,0.30604666471481323
VIDEO_6994481888182144262,0.6368191242218018,0.11511556804180145,,,0.6680117845535278
VIDEO_6994839726846971142,0.12965679168701172,0.04615527391433716,0.6368362903594971,0.15962226688861847,1.0094690322875977
VIDEO_7001054542804667653,1.0276079177856445,0.7730826735496521,0.5019359588623047,0.10632319003343582,1.3950798511505127
VIDEO_7001083090462346501,0.70899498462677,0.26552608609199524,0.7717910408973694,0.36721742153167725,1.6276812553405762
VIDEO_7004414493086240006,0.0,0.0,,,0.0
VIDEO_7007863408129215749,1.0981210470199585,0.8045442700386047,0.4747824966907501,0.1904260665178299,2.1045894622802734
VIDEO_7011522309198515462,0.2886010408401489,0.05590718239545822,1.0975631475448608,2.0958170890808105,1.0975631475448608
VIDEO_7012661937477537030,0.08928839862346649,0.0070514497347176075,0.20001980662345886,0.02017100527882576,0.28161513805389404
VIDEO_7013121880366255365,0.6172821521759033,0.1045108288526535,,,0.7483466863632202
VIDEO_7014030961486630149,0.030819036066532135,0.0003752242773771286,0.0014434276381507516,1.8238082475363626e-06,0.04221690073609352
VIDEO_7014868849635904773,0.0,0.0,,,0.0
VIDEO_7018111226760776966,0.22294053435325623,0.02982558310031891,0.24176333844661713,0.028069017454981804,0.31160539388656616
VIDEO_7018383080205356293,0.04575018584728241,0.0011994019150733948,,,0.048323050141334534
VIDEO_7018826174767942918,0.04234907776117325,0.0016004482749849558,,,0.0846981555223465
VIDEO_7019307301299424518,0.026511840522289276,0.001131564611569047,,,0.029892349615693092
VIDEO_7019559155425955077,0.27750182151794434,0.05100199580192566,0.16525910794734955,0.02565550059080124,0.406128853559494
VIDEO_7020800251950927109,0.016215359792113304,0.00025317620020359755,,,0.03243071958422661
VIDEO_7022178037378731270,0.19787974655628204,0.08089232444763184,,,0.3796052932739258
VIDEO_7022596866374192390,0.26843106746673584,0.10010743141174316,,,0.31796735525131226
VIDEO_7022925491963481349,0.39685994386672974,0.17144814133644104,,,0.46112340688705444
VIDEO_7023313220278553862,0.3384632468223572,0.05706055089831352,0.35110077261924744,0.136117622256279,0.4612122178077698
VIDEO_7025927416061250821,1.0167607069015503,0.7775949835777283,0.5683565139770508,0.1180950328707695,1.452012062072754
VIDEO_7026756047805205766,0.5618256330490112,0.08549555391073227,0.6340315937995911,0.12243501096963882,1.007952094078064
VIDEO_7026774067223055621,0.1442050039768219,0.008347693830728531,,,0.1579938381910324
VIDEO_7027511633060695301,0.7422506809234619,0.48637938499450684,,,1.30665922164917
VIDEO_7028978217117682949,0.04158595949411392,0.0013575674965977669,,,0.04254502058029175
VIDEO_7033466696245497093,0.11768577992916107,0.009146845899522305,,,0.17072950303554535
VIDEO_7036035511869246725,0.1802048683166504,0.01563827134668827,1.4110280275344849,2.5276248455047607,3.464453935623169
VIDEO_7036282180816932102,0.5634594559669495,0.6905995011329651,0.05286748334765434,0.0019608139991760254,1.0825598239898682
VIDEO_7036326405155638533,0.05745215713977814,0.0030808274168521166,,,0.05864350497722626
VIDEO_7036807584111709445,0.9065296649932861,0.42290908098220825,0.709830641746521,0.20298874378204346,1.3031941652297974
VIDEO_7037532518978964741,0.8026396632194519,0.17396090924739838,,,0.9551754593849182
VIDEO_7037757089799818502,0.017958473414182663,0.0002833005855791271,0.4703715741634369,0.05497981607913971,0.4703715741634369
VIDEO_7037974894553894150,0.0279088094830513,0.000529334181919694,,,0.03389236330986023
VIDEO_7038189746484563205,0.03535962104797363,0.0012486334890127182,,,0.03880095109343529
VIDEO_7038638363686997254,0.15299612283706665,0.01449434831738472,0.1419234424829483,0.01037669088691473,0.18265290558338165
VIDEO_7038692809985051909,0.9835518598556519,0.6631534099578857,,,1.2168753147125244
VIDEO_7038707297396198661,0.05202269181609154,0.0024267903063446283,,,0.06674792617559433
VIDEO_7039005707844308229,0.028072886168956757,0.001784306252375245,,,0.03451116755604744
VIDEO_7039252769894616326,0.5558293461799622,0.21616172790527344,,,0.6074457168579102
VIDEO_7039259712038112518,0.43506622314453125,0.15881812572479248,0.6103358864784241,0.28394845128059387,0.9433102607727051
VIDEO_7039780337739730181,0.36410820484161377,0.09151719510555267,,,0.5170860886573792
VIDEO_7040071170363788550,1.1411069631576538,0.325142502784729,,,1.3803789615631104
VIDEO_7040105390410960133,0.6812335252761841,0.17334452271461487,1.0834208726882935,0.5887561440467834,1.7268657684326172
VIDEO_7040300833019415813,0.12085743993520737,0.007504464592784643,,,0.127125546336174
VIDEO_7040810874281479430,0.0485370010137558,0.0027735307812690735,0.9318580627441406,0.7520982027053833,0.9318580627441406
VIDEO_7041160388334980357,1.011255145072937,5.791809558868408,1.1144995369249955e-05,6.562142496058243e-10,2.022400379180908
VIDEO_7041273346830454022,0.03230702504515648,0.0006487929495051503,0.22758491337299347,0.04159941524267197,0.4409344792366028
VIDEO_7041603482742230278,7.162691593170166,60.531864166259766,0.02527039684355259,0.0003802174178417772,13.991188049316406
VIDEO_7041969079246245126,0.9630268812179565,0.4843448996543884,0.09653370827436447,0.004875596612691879,1.3627233505249023
VIDEO_7042347189179403525,0.6350802183151245,0.5032312870025635,,,1.1981335878372192
VIDEO_7042694987141745926,0.054072506725788116,0.001567770610563457,,,0.08217872679233551
VIDEO_7043009038623329541,0.09454607218503952,0.0034853811375796795,,,0.10518555343151093
VIDEO_7043834307458141446,0.09932224452495575,0.003482898697257042,,,0.11968603730201721
VIDEO_7044841251262237958,0.26611459255218506,0.028492610901594162,,,0.3015037178993225
VIDEO_7044982077288189190,0.19211384654045105,0.058143794536590576,,,0.2658543586730957
VIDEO_7045558641969073414,0.3497653603553772,0.37331128120422363,0.17475813627243042,0.05898548290133476,0.6007300615310669
VIDEO_7046370407758286085,0.01054207980632782,8.937230450101197e-05,,,0.012472779490053654
VIDEO_7049689395460312326,0.17547255754470825,0.030654914677143097,0.04081418737769127,0.002681312384083867,0.21548771858215332
VIDEO_7050043192732912901,0.1414055973291397,0.01918063312768936,,,0.2174900472164154
VIDEO_7050156581652106502,0.3791612386703491,0.045997537672519684,0.5749986171722412,0.23529675602912903,0.5894089341163635
VIDEO_7050500563045338374,0.8254586458206177,0.25882670283317566,0.795527458190918,0.6443896293640137,1.6510168313980103
VIDEO_7051571825989422342,0.4841415286064148,0.20296144485473633,0.784343421459198,2.296234369277954,1.1360045671463013
VIDEO_7051617295818362117,0.16208146512508392,0.020101511850953102,,,0.19728046655654907
VIDEO_7052727837165505797,0.3102828860282898,0.03640906512737274,1.9891293048858643,11.6063871383667,3.386945962905884
VIDEO_7053136217717607686,0.1827635020017624,0.014142208732664585,0.3477550446987152,0.04500807821750641,0.500230073928833
VIDEO_7053545705868152069,0.3389647603034973,0.0507030114531517,,,0.36898064613342285
VIDEO_7053886455805955333,0.9298245906829834,3.160778760910034,0.5873916149139404,0.23133908212184906,1.750728726387024
VIDEO_7054222416247000325,0.09877554327249527,0.003873892594128847,,,0.10227076709270477
VIDEO_7054255399968476422,0.3093639314174652,0.042615558952093124,,,0.3449045419692993
VIDEO_7054582233989958917,0.10428758710622787,0.004418370313942432,,,0.1364837884902954
VIDEO_7054948838716493061,0.058383263647556305,0.00494800228625536,0.06432908028364182,0.007212395314127207,0.14368301630020142
VIDEO_7054964457310539013,0.1706380546092987,0.029557298868894577,,,0.17986305058002472
VIDEO_7055321327174946054,0.0775669664144516,0.007999146357178688,0.46997666358947754,0.30848222970962524,0.9399533271789551
VIDEO_7055610539749199109,0.31784960627555847,0.030104700475931168,0.09416016191244125,0.0024248261470347643,0.4287312626838684
VIDEO_7055714634526969093,0.06492336094379425,0.0037819650024175644,,,0.06554580479860306
VIDEO_7056423267564899590,0.25564339756965637,0.029800202697515488,0.6421136856079102,0.6249943375587463,1.2842273712158203
VIDEO_7056858947935915270,0.807153582572937,0.2304491102695465,,,0.9421942234039307
VIDEO_7057200753470950661,0.013123523443937302,9.820425475481898e-05,,,0.014745062217116356
VIDEO_7057221943623306501,0.34984317421913147,0.0764443576335907,0.3513321876525879,0.0906701609492302,0.6793336868286133
VIDEO_7057548200625917190,0.1539342701435089,0.02715209499001503,0.31779009103775024,0.05037751793861389,0.6355801820755005
VIDEO_7057560274424958214,0.07393300533294678,0.08272449672222137,,,0.13561928272247314
VIDEO_7057846707651939590,1.1078706979751587,0.31561344861984253,0.7793272733688354,0.16403193771839142,1.2398030757904053
VIDEO_7058313871718714629,0.3553203046321869,0.17616510391235352,,,0.5628467798233032
VIDEO_7058348964306783493,0.06301821768283844,0.002572669181972742,,,0.06783580780029297
VIDEO_7058664802880589062,0.23158292472362518,0.02613961696624756,,,0.30894291400909424
VIDEO_7059081815985818886,2.3900768756866455,6.344808578491211,0.44069188833236694,0.08289096504449844,3.697188377380371
VIDEO_7059301793574046982,0.28721389174461365,0.03371009603142738,,,0.4562365412712097
VIDEO_7059302103713402117,0.5164339542388916,0.19653624296188354,,,0.7514541745185852
VIDEO_7059414649581604102,0.35707923769950867,0.21144923567771912,,,0.4545309543609619
VIDEO_7059442492080491781,0.9066723585128784,0.6590633392333984,0.7632904052734375,0.5311377644538879,1.8503786325454712
VIDEO_7059747853035441414,0.3316414952278137,0.10224336385726929,,,0.4191770553588867
VIDEO_7059832468412583173,0.24912236630916595,0.043600790202617645,0.6202713847160339,0.12573029100894928,0.99644935131073
VIDEO_7060191695681375493,0.29774582386016846,0.14574898779392242,2.603825807571411,38.2390251159668,7.413557052612305
VIDEO_7060513660975844614,0.18823955953121185,0.034450531005859375,0.126680389046669,0.016629992052912712,0.26264214515686035
VIDEO_7060539961459641605,0.17430391907691956,0.022719411179423332,0.22135673463344574,0.022238727658987045,0.22166088223457336
VIDEO_7060887870688529670,0.080024853348732,0.008040224201977253,0.13367636501789093,0.009401618503034115,0.13367636501789093
VIDEO_7061273234259610885,0.6400872468948364,0.10073713958263397,0.32146450877189636,0.06383252143859863,0.7582339644432068
VIDEO_7061519229182315781,1.0982627868652344,0.5831999778747559,0.2866600751876831,0.026662461459636688,1.1177589893341064
VIDEO_7061663961090936070,0.3290802240371704,0.09384977072477341,,,0.39517906308174133
VIDEO_7061974363939261701,11.994802474975586,180.5670623779297,2.927891492843628,9.30489444732666,23.282644271850586
VIDEO_7062023531764256006,2.2046139240264893,43.98748779296875,0.04919590428471565,0.002326562302187085,4.065685749053955
VIDEO_7062046390570061061,0.07241831719875336,0.0027962035965174437,0.4256037771701813,0.1071304976940155,0.5586901307106018
VIDEO_7062415851231677702,0.07198598980903625,0.005167488008737564,,,0.08409838378429413
VIDEO_7062740749992971526,0.1564621925354004,0.019263656809926033,,,0.1936984658241272
VIDEO_7063121025394855173,0.15217943489551544,0.00962136685848236,0.8106851577758789,0.27439603209495544,1.0471574068069458
VIDEO_7063127157068844294,0.26823529601097107,0.144125834107399,,,0.3762706220149994
VIDEO_7063459529668742406,0.09521041065454483,0.0045489161275327206,0.7865291833877563,0.9936457872390747,0.820168137550354
VIDEO_7063505399307144454,0.15755599737167358,0.028845354914665222,0.19111718237400055,0.023454731330275536,0.2755120098590851
VIDEO_7064244808700726533,0.32878929376602173,0.18864946067333221,,,0.5444744825363159
VIDEO_7064489288125189382,0.05223498120903969,0.00854219775646925,,,0.09122198820114136
VIDEO_7064507087086161157,0.6359430551528931,0.2816148102283478,,,0.9732301235198975
VIDEO_7064585014561754373,0.4805341958999634,0.13721005618572235,0.6837676167488098,0.2776240408420563,1.612276554107666
VIDEO_7064650116321250566,1.5882362127304077,0.2958155572414398,,,3.1764724254608154
VIDEO_7064977105032858885,0.3954131305217743,0.07482810318470001,0.44715890288352966,0.12330901622772217,0.8279564380645752
VIDEO_7065372841423801605,0.1729453057050705,0.042541760951280594,,,0.31136465072631836
VIDEO_7065713702833638662,0.42957523465156555,0.09972531348466873,1.4812703132629395,2.1532785892486572,3.5651657581329346
VIDEO_7065769954695564550,0.22678200900554657,0.031438324600458145,0.3196311295032501,0.035375308245420456,0.3196311295032501
VIDEO_7066474035613388037,0.6171283721923828,0.13039077818393707,0.7605371475219727,0.7586326599121094,2.0826520919799805
VIDEO_7066872454249073925,0.23058278858661652,0.04395052418112755,,,0.3122748136520386
VIDEO_7067063225736580357,0.549612283706665,0.2545180916786194,0.24980342388153076,0.028196871280670166,0.9893367290496826
VIDEO_7067217215925275910,0.34457138180732727,0.04719606786966324,0.14439724385738373,0.02695685438811779,0.39395374059677124
VIDEO_7067569943449046278,0.09543806314468384,0.02672821469604969,0.8523579239845276,0.5342615246772766,0.8523579239845276
VIDEO_7067578500101803269,0.832561194896698,0.3991874158382416,0.840660810470581,1.0432000160217285,1.681321620941162
VIDEO_7067623396279930117,0.08300618082284927,0.004116158466786146,,,0.08938557654619217
VIDEO_7067959925141474565,2.0525827407836914,2.498075246810913,0.5036813020706177,0.08131355792284012,4.0606369972229
VIDEO_7067985901011373317,4.182722568511963,19.402130126953125,3.597925901412964,17.93120574951172,4.822544097900391
VIDEO_7068298283386506502,1.3166815042495728,2.071502685546875,,,2.521857500076294
VIDEO_7068640088774741254,0.08237279206514359,0.010742750950157642,0.1428900808095932,0.017866525799036026,0.19366544485092163
VIDEO_7068682786437139718,0.444642037153244,0.2075205147266388,,,0.7017852067947388
VIDEO_7068731699701484806,6.992719650268555,89.00517272949219,0.9422105352083842,1.9610163023074467,9.125715255737305
VIDEO_7069326966159084806,0.11971568316221237,0.014745833352208138,,,0.12743401527404785
VIDEO_7069799098576112901,0.004901133012026548,2.3192549633677118e-05,,,0.006984068546444178
VIDEO_7069805338601606406,0.3208921551704407,0.08186579495668411,,,0.45672616362571716
VIDEO_7069844079122599173,0.08640167117118835,0.009982123039662838,0.10549374669790268,0.008670606650412083,0.2481124997138977
VIDEO_7070162555695615237,0.07880619168281555,0.010715749114751816,,,0.14168651401996613
VIDEO_7070176633931549958,0.40771985054016113,0.4720965027809143,1.2640678882598877,1.155086636543274,1.2640678882598877
VIDEO_7070218376328563973,0.2924600839614868,0.0394664891064167,0.667695164680481,0.2716065049171448,1.0106319189071655
VIDEO_7070486062182731013,0.03331015631556511,0.0007235358352772892,,,0.04152832180261612
VIDEO_7070550742880292101,0.13779643177986145,0.0121197160333395,,,0.1436913162469864
VIDEO_7070569241413422342,0.2504151463508606,0.04042407125234604,,,0.3590437173843384
VIDEO_7070907935722917126,1.781674861907959,1.3332862854003906,0.40088245272636414,0.10723569244146347,3.254072666168213
VIDEO_7071272326746230021,0.20724648237228394,0.0277868565171957,0.4211411476135254,0.14306707680225372,0.6430058479309082
VIDEO_7071272731286834437,0.06056356057524681,0.005256089847534895,,,0.08752008527517319
VIDEO_7071521897082621189,0.1250188648700714,0.015868879854679108,0.6512580513954163,0.4693833291530609,1.450668215751648
VIDEO_7072060893818899717,0.7766284942626953,0.6420268416404724,0.11617088317871094,0.007691459730267525,0.898533821105957
VIDEO_7072415750589254918,0.058242008090019226,0.005355915520340204,,,0.08347156643867493
VIDEO_7072437259127098630,0.11801473796367645,0.008519811555743217,,,0.15274518728256226
VIDEO_7072774694214044934,0.24292629957199097,0.06351069360971451,0.17659147083759308,0.020606521517038345,0.4192989468574524
VIDEO_7072780188018380038,0.10874481499195099,0.010394878685474396,0.23895132541656494,0.04715472832322121,0.5007358193397522
VIDEO_7073146702995279110,0.07631035149097443,0.009320249781012535,0.28445616364479065,0.05231129005551338,0.5595390200614929
VIDEO_7073157554024566021,0.03380778431892395,0.001407260075211525,,,0.0676155686378479
VIDEO_7073510812542913798,0.5621899366378784,0.1048479825258255,,,0.6236083507537842
VIDEO_7073511726888635653,0.3182731866836548,0.0961339920759201,,,0.47419047355651855
VIDEO_7073513732395044102,0.23313748836517334,0.03814009204506874,1.9232087135314941,5.161386489868164,3.3598546981811523
VIDEO_7073547434244328709,0.13968761265277863,0.00956819485872984,,,0.17999863624572754
VIDEO_7073906588079246598,0.7010801434516907,0.17620594799518585,0.24887698888778687,0.06036648526787758,0.9001488089561462
VIDEO_7073916316566031622,0.12712641060352325,0.01650407165288925,1.3950951099395752,2.938729763031006,2.6154000759124756
VIDEO_7074644027190103302,1.655534029006958,14.60098648071289,0.3608340919017792,0.13832895457744598,3.213810443878174
VIDEO_7074987594026700038,0.0,0.0,0.0001749223010847345,1.2262195525636344e-07,0.0004184076969977468
VIDEO_7075005822228499717,1.4886860847473145,3.954352855682373,1.7006460428237915,1.8766852617263794,3.910571813583374
VIDEO_7075406881111444742,1.2094249725341797,1.5595420598983765,0.7816981077194214,0.773952066898346,2.0287814140319824
VIDEO_7075734573933530373,0.22918805480003357,0.023157291114330292,0.24952270090579987,0.05987429618835449,0.2995474338531494
VIDEO_7075788593930816773,0.11727304011583328,0.007032168563455343,,,0.12346184253692627
VIDEO_7076131060420988165,0.297134667634964,0.03144116699695587,0.4878154695034027,0.1683046966791153,0.7642384767532349
VIDEO_7076134412487855366,0.21819093823432922,0.027714723721146584,,,0.285630464553833
VIDEO_7076423248698690822,0.2628677189350128,0.058813925832509995,0.6003740429878235,0.7003828883171082,1.6140964031219482
VIDEO_7076502785742720261,0.055380627512931824,0.003539815079420805,1.0165506601333618,0.4646078646183014,2.2962594032287598
VIDEO_7076526059344104709,0.8328999280929565,0.6209623217582703,,,0.9935497641563416
VIDEO_7077571361660521733,0.09661842882633209,0.007720683701336384,2.8177192211151123,5.0587592124938965,4.260619163513184
VIDEO_7077597321667546373,0.36593061685562134,0.08007834851741791,0.50104159116745,0.12079942226409912,0.781280517578125
VIDEO_7077597820538146053,0.5510041117668152,0.14420346915721893,0.3792468309402466,0.16895298659801483,0.9665490984916687
VIDEO_7078216427131473157,0.10744652152061462,0.007935195229947567,,,0.15541842579841614
VIDEO_7078227199463066886,0.3571586608886719,0.07631122320890427,,,0.599762499332428
VIDEO_7078325137698770181,0.15386050939559937,0.02141272835433483,2.836578130722046,11.017659187316895,2.836578130722046
VIDEO_7078352231413697797,0.4593569040298462,0.08143463730812073,,,0.5829258561134338
VIDEO_7079069070078889221,0.12129178643226624,0.024718284606933594,0.8960574269294739,0.8579671382904053,1.2785208225250244
VIDEO_7079071645771500806,0.19977539777755737,0.01290674414485693,,,0.2613428235054016
VIDEO_7079095510904229126,0.963192343711853,0.4861370027065277,,,1.4955357313156128
VIDEO_7079418950315969798,1.0803284645080566,1.0050359964370728,0.0784221664071083,0.029180442914366722,1.9152028560638428
VIDEO_7079814734664436998,0.03012940287590027,0.0011228483635932207,0.1260783076286316,0.018066348508000374,0.20023894309997559
VIDEO_7079836018203020549,0.019691092893481255,0.0003288287261966616,,,0.021877098828554153
VIDEO_7080140185001938181,0.0727299153804779,0.003563692793250084,,,0.10068987309932709
VIDEO_7080188060561837318,0.6258409023284912,0.640716016292572,0.45502857367197674,0.2604873677094777,0.9048956036567688
VIDEO_7080535307816291589,0.3115522265434265,0.06777367740869522,0.630263090133667,1.0856536626815796,1.0978256464004517
VIDEO_7080545682058169605,0.29498571157455444,0.05337410420179367,,,0.49373406171798706
VIDEO_7080583186522098949,0.029007231816649437,0.001351761631667614,,,0.03780587017536163
VIDEO_7080915608727997701,0.05263182148337364,0.0008726697997190058,,,0.08497312664985657
VIDEO_7081140277083213062,0.6963606476783752,0.43167373538017273,0.2637215256690979,0.0436105839908123,0.8796063661575317
VIDEO_7081276473687985413,0.1896897703409195,0.021991893649101257,,,0.2747897505760193
VIDEO_7081323710442917125,0.4924623370170593,0.7403057813644409,0.8508067727088928,0.3349648416042328,0.9808107018470764
VIDEO_7081701013891157253,1.3375828266143799,0.495561420917511,,,1.635880947113037
VIDEO_7081711774084484358,0.2808871567249298,0.14904966950416565,1.1068603992462158,1.1011630296707153,1.742844581604004
VIDEO_7082037036730813701,0.3929855227470398,0.11767271906137466,0.1852291226387024,0.013609874993562698,0.7112192511558533
VIDEO_7082286078417259782,0.5148016214370728,0.0754670724272728,,,0.673163652420044
VIDEO_7082386924677205253,0.6962001323699951,0.35559946298599243,,,0.8455564975738525
VIDEO_7082772534126513414,0.13137859106063843,0.007165820803493261,,,0.18365785479545593
VIDEO_7082815811529805062,0.34272828698158264,0.18954592943191528,0.1150832325220108,0.02405928261578083,0.6210612654685974
VIDEO_7083155569812589829,0.30034393072128296,0.07508218288421631,,,0.42802557349205017
VIDEO_7083159832185933061,0.14510491490364075,0.02032788284122944,0.8012744784355164,1.164298415184021,1.5695072412490845
VIDEO_7083526112558517510,0.16326463222503662,0.022277789190411568,1.3874382972717285,8.059979438781738,3.815128803253174
VIDEO_7083882172154645765,0.5122337937355042,0.09304766356945038,,,0.5397170186042786
VIDEO_7083930192657353990,0.33438169956207275,0.04104871302843094,0.3181014358997345,0.042243439704179764,0.46409544348716736
VIDEO_7084552539126926597,0.4409690201282501,0.06925976276397705,0.8581946492195129,0.6071973443031311,1.4787133932113647
VIDEO_7084890005491010821,0.10125748813152313,0.017927782610058784,,,0.14470146596431732
VIDEO_7085367737178000646,0.4707298278808594,0.08150078356266022,0.547490656375885,0.2123873084783554,0.7574370503425598
VIDEO_7085404371671846150,2.6323354244232178,22.82674217224121,0.9767893552780151,1.6923151016235352,4.942295551300049
VIDEO_7085631257542954246,0.3417476713657379,0.05771490931510925,0.11238065361976624,0.00996377132833004,0.47468632459640503
VIDEO_7085748815449312517,0.06447783857584,0.004894815385341644,0.3986126234134038,0.1691594055543343,0.970430314540863
VIDEO_7086111451965869317,0.0992991030216217,0.005258895922452211,0.18993030488491058,0.020710298791527748,0.2751357853412628
VIDEO_7086144769222511877,0.08258090168237686,0.004085651133209467,0.10241404175758362,0.007496049627661705,0.24717912077903748
VIDEO_7086527236471311622,0.48356619477272034,0.18037578463554382,0.6602726578712463,0.5747992396354675,1.2739241123199463
VIDEO_7087592356664315141,0.08431149274110794,0.011187905445694923,0.1214355006814003,0.01736784167587757,0.26212406158447266
VIDEO_7087653844863208709,4.091734409332275,34.78614807128906,1.812705397605896,11.642216682434082,7.535820484161377
VIDEO_7087822626005060870,0.5293538570404053,0.22647731006145477,,,0.5587776303291321
VIDEO_7087984641864502534,4.380697727203369,52.764976501464844,0.3211955726146698,0.17284904420375824,5.348830699920654
VIDEO_7088619536202648837,0.6688011884689331,0.2661856412887573,,,0.7806168794631958
VIDEO_7088705916027063557,0.06525080651044846,0.004523411393165588,0.4528404176235199,0.13466998934745789,0.4528404176235199
VIDEO_7090931568486763781,0.19233274459838867,0.031305935233831406,1.2370997667312622,1.3537083864212036,1.368293046951294
VIDEO_7091569180054490373,0.7095064520835876,0.38832423090934753,0.0008520213887095451,1.4949795286156586e-06,0.9417455792427063
VIDEO_7093581650163944709,0.15167663991451263,0.02189626917243004,,,0.16601675748825073
VIDEO_7093804812864670981,0.20598828792572021,0.03320539370179176,,,0.32663285732269287
VIDEO_7093894381794512133,0.6100542545318604,0.22460788488388062,0.2534322440624237,0.03017755225300789,0.8482683300971985
VIDEO_7094149805496159494,0.45874279737472534,0.06761102378368378,0.050748735666275024,0.0027713505551218987,0.5052365064620972
VIDEO_7094187420819803398,0.27413371205329895,0.0311774592846632,,,0.3783736526966095
VIDEO_7094270154275605765,0.06035095453262329,0.0033068517223000526,0.28828099370002747,0.11929532140493393,0.3762277066707611
VIDEO_7095721528142155014,0.08391928672790527,0.0022225843276828527,0.00043093832209706306,3.2245850434264867e-07,0.11735721677541733
VIDEO_7095777172513721605,0.13129141926765442,0.011934169568121433,,,0.24475792050361633
VIDEO_7096121724990655749,0.3887476921081543,0.18060314655303955,0.1719355583190918,0.02891032211482525,0.4910028874874115
VIDEO_7096387117462359302,0.2664123773574829,0.04173441231250763,2.0716564655303955,0.8110672235488892,2.0716564655303955
VIDEO_7098701138203069702,0.374966561794281,0.045336637645959854,,,0.4614180326461792
VIDEO_7099406976437718278,3.0299277305603027,4.121261119842529,0.1293444186449051,0.009449891746044159,3.672534227371216
VIDEO_7100934148864494854,0.984132707118988,0.2423117458820343,,,1.0564924478530884
VIDEO_7101649191662882053,0.496735155582428,0.09863589704036713,,,0.5138459801673889
VIDEO_7101685930276293894,0.3665907382965088,0.07550931721925735,0.0006470312946476042,5.749459432990989e-07,0.5605686902999878
VIDEO_7103816728982916357,0.029884610325098038,0.0005414886400103569,0.2669127819438775,0.22510971708106808,0.7744313478469849
VIDEO_7104552926231743749,1.7183146476745605,4.21290922164917,0.16899527609348297,0.028247637674212456,2.796389102935791
VIDEO_7107270367303044358,1.8389443159103394,4.454367160797119,1.8759160041809082,3.642277956008911,3.5730690956115723
VIDEO_7107863534549110022,0.1211036965250969,0.018251223489642143,,,0.16210982203483582
VIDEO_7108626212104178949,0.8285291194915771,0.5758460760116577,,,1.0467567443847656
VIDEO_7108997263912979717,1.3664345741271973,0.19605094194412231,,,1.8053674697875977
VIDEO_7110099088661548293,0.5016950368881226,0.20080521702766418,,,0.5493497848510742
VIDEO_7111254884971744518,0.6083962917327881,0.09932292997837067,0.7449350357055664,0.17193745076656342,0.8146103620529175
VIDEO_7111379317900332293,0.5080861449241638,0.3301032483577728,,,0.7794190645217896
VIDEO_7112440653350571269,0.9157187938690186,0.6512317657470703,0.5486817359924316,0.1329050362110138,1.2383662462234497
VIDEO_7113472331917298949,0.13692060112953186,0.00999344140291214,0.04343380406498909,0.0013575395569205284,0.14726638793945312
VIDEO_7113851055355596038,0.6210639476776123,0.17740193009376526,,,0.7005603313446045
VIDEO_7114309168302984454,0.2601570188999176,0.024646451696753502,,,0.39856287837028503
VIDEO_7114675214583155973,0.1086571142077446,0.0028797455597668886,0.12524551153182983,0.010424991138279438,0.20015926659107208
VIDEO_7114705253899029765,0.16740283370018005,0.01206907071173191,0.18060390651226044,0.017566299065947533,0.25275519490242004
VIDEO_7115325407318052102,0.39307427406311035,0.19053827226161957,,,0.5253536701202393
VIDEO_7116158724288400645,0.1849251389503479,0.022099705412983894,,,0.28083962202072144
VIDEO_7116439198285958405,0.07411453127861023,0.002604312263429165,0.350576251745224,0.09292862564325333,0.494961142539978
VIDEO_7120944943270530309,0.01927669160068035,0.00025080787600018084,1.046955943107605,1.95755136013031,2.876575469970703
VIDEO_7122480993948159238,0.5329691171646118,0.4205946624279022,0.6877395510673523,0.39528146386146545,1.0514706373214722
VIDEO_7123931386964184326,0.5901111364364624,0.23363682627677917,1.6905637979507446,1.9666204452514648,2.4485256671905518
VIDEO_7124374690520419590,0.21043828129768372,0.0320262685418129,0.8201807141304016,0.3330657482147217,1.5829076766967773
VIDEO_7124683160218029317,2.4730782508850098,2.079164743423462,0.5543265342712402,0.21950925886631012,2.962644100189209
VIDEO_7125076892729756933,0.09629704058170319,0.004610622301697731,0.13608911633491516,0.008230802603065968,0.187860369682312
VIDEO_7125392158063955205,4.1722540855407715,62.63134765625,0.34225866198539734,0.08243568986654282,4.1950459480285645
VIDEO_7125703838497131781,0.36585620045661926,0.07864230871200562,,,0.5023608803749084
VIDEO_7127182082568113413,1.3710787296295166,0.17076560854911804,,,1.7967196702957153
VIDEO_7128317775524777222,0.2948955297470093,0.028052302077412605,0.18337483704090118,0.023480765521526337,0.36674967408180237
VIDEO_7128322715894729989,0.8894717693328857,0.21484610438346863,0.7427766521771749,0.24271935721238455,1.6304844617843628
VIDEO_7128353863966444806,0.08437836915254593,0.027181504294276237,1.453951358795166,24.981298446655273,3.7509424686431885
VIDEO_7129505006046170373,0.7771810293197632,0.1542641520500183,0.012718862853944302,0.0003780709230341017,0.809066891670227
VIDEO_7130169267454070021,0.6169624328613281,0.29326093196868896,2.033749580383301,1.2931262254714966,3.2663567066192627
VIDEO_7130612533437762821,0.10049731284379959,0.006987054832279682,0.952713131904602,0.2232583463191986,0.952713131904602
VIDEO_7130620750842678533,0.01694062165915966,0.00011729969992302358,0.010381299071013927,0.00011658090079436079,0.018696218729019165
VIDEO_7130906655885102341,0.4930140972137451,0.37843528389930725,2.190380573272705,2.201176404953003,2.816993236541748
VIDEO_7132514036276628742,0.18661659955978394,0.02615865133702755,,,0.24555782973766327
VIDEO_7133481707449142533,0.057066284120082855,0.0016253083012998104,0.7460649609565735,4.892322063446045,2.095947265625
VIDEO_7135716231218318597,0.04038132354617119,0.0015465549658983946,,,0.08076264709234238
VIDEO_7137227107456879877,0.1684715747833252,0.009747650474309921,0.16436463594436646,0.01366507913917303,0.18825121223926544
VIDEO_7137955446320565510,0.5766493082046509,0.0736265629529953,,,0.7671191096305847
VIDEO_7138043316087606533,0.04580795764923096,0.001331455772742629,0.060489606112241745,0.0026572721544653177,0.0685112252831459
VIDEO_7140150980246719750,0.35696858167648315,0.047623857855796814,0.14650915563106537,0.02058941125869751,0.3885572850704193
VIDEO_7140222885389536517,0.09132829308509827,0.006638889200985432,0.032466284930706024,0.0005138819687999785,0.13383689522743225
VIDEO_7141029212244233478,0.45243674516677856,0.11656607687473297,0.22393473982810974,0.03788072243332863,0.6552672386169434
VIDEO_7141370905153850629,0.44460591673851013,0.05293724685907364,,,0.4863536059856415
VIDEO_7141371845248437510,0.06927494704723358,0.008905920200049877,0.1298172026872635,0.012695266865193844,0.20542778074741364
VIDEO_7142874586755976454,0.48619988560676575,0.4591854512691498,0.7182077169418335,2.2493001023928323,1.4656052589416504
VIDEO_7143162692004482310,0.13510119915008545,0.0069890981540083885,,,0.19106823205947876
VIDEO_7143175958978186502,0.09262010455131531,0.0050143888220191,,,0.09346181899309158
VIDEO_7143619564775968006,0.17361953854560852,0.10568803548812866,,,0.34723907709121704
VIDEO_7145110811000835333,0.6262571811676025,0.41111862659454346,,,1.1172170639038086
VIDEO_7145813168818900229,1.0848890542984009,0.2932143807411194,0.551422119140625,0.13768962025642395,1.1316869258880615
VIDEO_7146479472022277381,0.05874631553888321,0.0018849396146833897,0.05657888948917389,0.002342746127396822,0.07275407016277313
VIDEO_7146624079615790341,0.036116499453783035,0.0011302446946501732,,,0.04637666791677475
VIDEO_7148719596487363845,0.05663122236728668,0.0023179035633802414,,,0.08830887824296951
VIDEO_7150676745937587462,0.17206260561943054,0.02099195308983326,,,0.18364782631397247
VIDEO_7152911692282809606,1.1636073589324951,0.4270094037055969,1.0341072082519531,1.2335282564163208,1.6886237859725952
VIDEO_7153997940774882565,0.04573197290301323,0.0011761784553527832,0.20884676277637482,0.08301371335983276,0.4015145003795624
VIDEO_7155814731897376006,3.206110954284668,46.624446868896484,2.5644452762207948e-05,2.97880298205655e-09,6.4107866287231445
VIDEO_7156562442829466886,0.04839891195297241,0.0024098018184304237,0.33551064133644104,0.11545693874359131,0.5068405270576477
VIDEO_7156608613346184454,0.15172766149044037,0.02464175969362259,1.3779001235961914,7.931581020355225,3.875153064727783
VIDEO_7156614323194875141,0.21417681872844696,0.05161913484334946,0.18230648338794708,0.02806510031223297,0.34204795956611633
VIDEO_7156881114106170630,0.13656628131866455,0.031007949262857437,0.021792421117424965,0.0002703642239794135,0.2581362724304199
VIDEO_7157021341361753349,1.3556430339813232,1.6149803400039673,0.025232491393884022,0.0008966061480653783,2.7059571743011475
VIDEO_7158057918431120645,2.048870325088501,31.112417221069336,0.07295181602239609,0.0032224140595644712,4.049342632293701
VIDEO_7158447069152300293,0.9808886051177979,1.1140326261520386,1.4026166200637817,3.404200553894043,3.280519962310791
VIDEO_7158468268074749189,0.0009400946437381208,8.988053536995722e-07,0.3651016056537628,0.1425885558128357,0.7285066246986389
VIDEO_7158890098770119942,0.1628749668598175,0.018672296777367592,1.0549181699752808,1.2963992357254028,1.9834377765655518
VIDEO_7159544328061275397,0.7344455718994141,0.21706601977348328,,,1.1712138652801514
VIDEO_7159621444312288517,0.6385698914527893,0.21768659353256226,1.8771041631698608,2.8931028842926025,5.301388263702393
VIDEO_7161307348827426053,0.1074400246143341,0.010724197141826153,,,0.20144033432006836
VIDEO_7161354120849427717,0.1739376336336136,0.05644160881638527,0.1476294994354248,0.031200334429740906,0.21689319610595703
VIDEO_7161523791154236677,0.5953140258789062,0.20969799160957336,0.7552463412284851,1.0351018905639648,1.6509957313537598
VIDEO_7161744414979771653,0.018886517733335495,0.0006219622446224093,1.8679720163345337,2.2392706871032715,3.02726674079895
VIDEO_7162123924233358598,0.1791553795337677,0.03128074109554291,,,0.2638404071331024
VIDEO_7162174902865251589,0.2155027687549591,0.043401993811130524,0.19053767621517181,0.01951512321829796,0.28116971254348755
VIDEO_7162183685423385862,0.028888430446386337,0.0005350431893020868,0.3880297839641571,0.4672441780567169,0.8883933424949646
VIDEO_7162439514428919046,0.025477729737758636,0.0006412510992959142,0.6117275357246399,0.22352416813373566,1.0001375675201416
VIDEO_7163303756447223045,0.06932409852743149,0.00376328406855464,,,0.07965847104787827
VIDEO_7163552631053503749,0.22325319051742554,0.028214123100042343,,,0.3858277499675751
VIDEO_7163942959916895493,1.8606350421905518,1.096643090248108,0.42796486616134644,0.04988411068916321,3.23334002494812
VIDEO_7164397666472873222,0.8564615249633789,0.31529465317726135,0.43132591247558594,0.09939566999673843,0.9729477167129517
VIDEO_7164417550791494918,0.3397131562232971,0.03494871407747269,2.0658280849456787,18.762371063232422,6.191184997558594
VIDEO_7164769032430767365,1.3591721057891846,1.7946093082427979,0.036612723022699356,0.001443155575543642,1.5507586002349854
VIDEO_7164772525006720262,0.24273192882537842,0.023079346865415573,,,0.32612335681915283
VIDEO_7164792237543394566,0.18760453164577484,0.01153077557682991,,,0.28461727499961853
VIDEO_7165165100075093253,0.2573678195476532,0.031928081065416336,,,0.47114014625549316
VIDEO_7165886702580403462,0.9659695625305176,0.5184422731399536,0.28049683570861816,0.20309829711914062,0.9845368266105652
VIDEO_7165908407793372422,0.8533653616905212,0.5134132504463196,,,1.0971020460128784
VIDEO_7166637213604678917,0.12305481731891632,0.011207722127437592,8.003680229187012,74.52023315429688,23.730209350585938
VIDEO_7166666264092413190,0.04028130695223808,0.001116313855163753,,,0.05077611654996872
VIDEO_7167014945626787078,0.1352142095565796,0.016392968595027924,,,0.14408133924007416
VIDEO_7167292362857794821,2.2720839977264404,2.535430908203125,0.07777722924947739,0.013158870860934258,4.235878944396973
VIDEO_7167309818519227653,2.9646096229553223,2.563786506652832,0.576591432094574,0.24571320414543152,3.535322904586792
VIDEO_7167386112040684805,0.1149391382932663,0.04019517824053764,,,0.15718874335289001
VIDEO_7168038506772679942,1.7993741035461426,1.7022603750228882,2.038755178451538,7.312602519989014,5.431394577026367
VIDEO_7168426884852747526,0.30102264881134033,0.14977934956550598,,,0.4887508749961853
VIDEO_7168916057166597382,0.9323160648345947,0.2389274537563324,0.7390912771224976,0.1399739682674408,0.963306188583374
VIDEO_7168935772777614597,7.453185558319092,129.52490234375,,,8.38286304473877
VIDEO_7169218120916208902,3.3674352169036865,7.911553382873535,0.4957827031612396,0.08404441922903061,6.404416084289551
VIDEO_7169238545779952902,0.9967098236083984,0.24677225947380066,,,1.0006316900253296
VIDEO_7169948893805825285,0.15483953058719635,0.030725302174687386,0.08674478530883789,0.004984904080629349,0.19289326667785645
VIDEO_7170730138965970181,0.8100751638412476,1.1581175327301025,,,0.9292594790458679
VIDEO_7171408287785782533,0.10745089501142502,0.009508269838988781,0.1401670128107071,0.016672607511281967,0.18880251049995422
VIDEO_7171449726158589189,0.0550001859664917,0.0018319191876798868,,,0.07907487452030182
VIDEO_7172507378498260229,0.18796993792057037,0.010620107874274254,,,0.37593987584114075
VIDEO_7172555111879757062,0.7429121136665344,0.15239360928535461,2.765179395675659,4.189432621002197,6.396801471710205
VIDEO_7173695147639655686,3.6750001907348633,7.588955879211426,0.2071017026901245,0.023866327479481697,7.021197319030762
VIDEO_7173707401302920453,0.14687952399253845,0.010403644293546677,0.27620741724967957,0.0347350537776947,0.4291302561759949
VIDEO_7174022295978003717,1.0944054126739502,0.7266155481338501,1.1501553058624268,0.684056282043457,1.2800836563110352
VIDEO_7174339271141100806,0.3281797766685486,0.3359125256538391,,,0.6563595533370972
VIDEO_7174823379453644037,0.645653486251831,0.18444600701332092,0.08016454428434372,0.00305830966681242,0.8945415616035461
VIDEO_7175115192966106374,0.12117883563041687,0.008072948083281517,,,0.13349038362503052
VIDEO_7175864609029491974,0.37060582637786865,0.3259059488773346,0.06572135537862778,0.0023064101114869118,0.6758857369422913
VIDEO_7175881254233967878,0.005589730571955442,0.0001649457262828946,,,0.006990443915128708
VIDEO_7176199071177215237,0.13956141471862793,0.010334715247154236,,,0.1815687119960785
VIDEO_7176549919933664517,0.35685795545578003,0.08620555698871613,,,0.4260948896408081
VIDEO_7176635190469512453,0.16177456080913544,0.008518511429429054,35.748512268066406,727.2973022460938,71.37329864501953
VIDEO_7176917454893911301,0.015015280805528164,0.0001423265493940562,0.5134590864181519,0.292753130197525,0.962982714176178
VIDEO_7177404002508803334,0.11960384994745255,0.01204868033528328,0.07133544981479645,0.007307271473109722,0.1646074652671814
VIDEO_7177417414542429445,1.6921180486679077,1.636225938796997,,,1.9220385551452637
VIDEO_7177655896699325702,0.14126291871070862,0.055429741740226746,,,0.21372883021831512
VIDEO_7178804187403259142,0.1109553724527359,0.003944964148104191,,,0.1561919003725052
VIDEO_7178872221375548677,0.22097477316856384,0.035289883613586426,0.6377766132354736,0.7836989760398865,1.3153561353683472
VIDEO_7178897418107358469,2.284978151321411,4.295810222625732,0.4262401759624481,0.06191509962081909,4.215313911437988
VIDEO_7179319229924084997,0.009980319999158382,8.92224779818207e-05,,,0.010963495820760727
VIDEO_7179637090932509958,0.3485404849052429,0.054940152913331985,0.10219413042068481,0.008853998966515064,0.45565006136894226
VIDEO_7179688144382512390,0.5436369776725769,0.23907385766506195,2.0282669067382812,18.422040939331055,3.294222354888916
VIDEO_7180392341839105286,0.08408612012863159,0.012200646102428436,0.16556863486766815,0.021031618118286133,0.2638112008571625
VIDEO_7180432290151959814,0.0856378823518753,0.004351264331489801,0.9689964652061462,1.6975044012069702,2.6903655529022217
VIDEO_7180437054843538693,0.042572543025016785,0.002386098727583885,2.713730812072754,36.89466857910156,7.839657783508301
VIDEO_7181124364987895046,0.027209270745515823,0.005219093523919582,,,0.048515353351831436
VIDEO_7181547992061676805,0.0004906177055090666,2.589640359929035e-07,0.000346781947882846,1.9015389796095405e-07,0.0006177696050144732
VIDEO_7182218891702127877,1.2863843441009521,1.4875798225402832,,,1.5398461818695068
VIDEO_7182978974253944069,0.05536746606230736,0.00593976303935051,,,0.07445476949214935
VIDEO_7182983364293430533,0.6262202262878418,0.8351002931594849,0.1777104139328003,0.16815978785355887,0.829635739326477
VIDEO_7183009043407965445,0.3091137111186981,0.07343695312738419,,,0.3279043436050415
VIDEO_7183332234605268250,0.01913922280073166,0.00025984784588217735,,,0.022389210760593414
VIDEO_7183477138249485594,1.234283447265625,8.119501113891602,0.11901027709245682,0.0063469805754721165,1.93494713306427
VIDEO_7183681305203330309,0.07198400795459747,0.00723782554268837,2.4213967323303223,13.482662200927734,4.199977874755859
VIDEO_7184090635018784005,0.017737025395035744,0.00042767749982886016,0.10283448547124863,0.017177194356918335,0.2659282684326172
VIDEO_7184457014217657606,0.313458651304245,0.09967667609453201,0.9742834568023682,0.7734951972961426,0.9742834568023682
VIDEO_7184459390143974662,0.18632271885871887,0.03053932823240757,,,0.24547287821769714
VIDEO_7184460864404229381,0.029753442853689194,0.0006782060954719782,,,0.04453546553850174
VIDEO_7184475894335950085,1.449257254600525,0.8763695955276489,,,1.8628664016723633
VIDEO_7184831364422814981,0.2517848312854767,0.049141641706228256,,,0.3414722681045532
VIDEO_7184844462525287685,0.03539848327636719,0.001759685343131423,,,0.03996356949210167
VIDEO_7185200340310969605,0.041178278625011444,0.000801459769718349,0.10172808170318604,0.003535351250320673,0.10172808170318604
VIDEO_7185555102487416070,0.7678046226501465,2.2893524169921875,0.31329232454299927,0.07643841207027435,0.8234367370605469
VIDEO_7185555796443270405,0.20441047847270966,0.08428824692964554,,,0.2502385377883911
VIDEO_7185872343988702470,1.5656383037567139,2.209477663040161,1.3366914987564087,0.6354954242706299,1.832686424255371
VIDEO_7186344254921280773,0.17914104461669922,0.05784624069929123,0.7640765309333801,0.7202910780906677,1.7279562950134277
VIDEO_7187436390131453190,0.3587554693222046,0.2690362334251404,0.9414917230606079,0.5759910345077515,0.9533600211143494
VIDEO_7187448552354794758,1.7628586292266846,2.236569881439209,1.020046591758728,1.2629051208496094,2.218561887741089
VIDEO_7187762825270463750,1.1227103471755981,0.4929131269454956,,,1.5343323945999146
VIDEO_7187830945658031365,0.14057278633117676,0.014187315478920937,1.0869567394256592,1.6900705099105835,3.156482219696045
VIDEO_7188189006851575046,0.0377030186355114,0.0008153085364028811,,,0.04073302075266838
VIDEO_7188587993752702213,0.01550977397710085,0.00018744889530353248,0.0738203227519989,0.009484398178756237,0.13960936665534973
VIDEO_7189175939098561798,0.05515135079622269,0.002035121899098158,0.021100394427776337,0.0005018435185775161,0.08821237832307816
VIDEO_7189528219425590534,0.16593801975250244,0.018030988052487373,0.20774632692337036,0.03486968204379082,0.4393443465232849
VIDEO_7189927984172666118,1.502364158630371,0.8494714498519897,,,1.530794382095337
VIDEO_7189955800851320070,0.11754743754863739,0.00436105253174901,,,0.17737159132957458
VIDEO_7190283346373610757,1.2901427745819092,0.6825354099273682,,,1.6041312217712402
VIDEO_7190456972418862342,0.0981043204665184,0.00882189255207777,0.1504853069782257,0.07218551635742188,0.3009706139564514
VIDEO_7190655063470116101,0.06835427135229111,0.0033068382181227207,,,0.07176890969276428
VIDEO_7191012677869702405,0.624549150466919,0.3369971215724945,0.12532755732536316,0.010769619606435299,0.7415248155593872
VIDEO_7191515883330669830,1.0344691276550293,0.508420467376709,1.0204864740371704,2.5338077545166016,2.5032432079315186
VIDEO_7191848035784117510,0.29301804304122925,0.05483286827802658,0.24326246976852417,0.06235586106777191,0.42121613025665283
VIDEO_7191884217595219206,0.5100016593933105,0.20375001430511475,,,0.8372499942779541
VIDEO_7191896362630302981,0.2418805956840515,0.02672671526670456,,,0.41086360812187195
VIDEO_7192172787723783430,0.131215438246727,0.01068922970443964,0.0009009442292153835,6.728528205712792e-07,0.1484297513961792
VIDEO_7192237337412177157,0.16102811694145203,0.015165690332651138,,,0.20406630635261536
VIDEO_7192254185969044742,0.01813315600156784,0.00018191555864177644,,,0.019466722384095192
VIDEO_7192298503878577413,0.09862858057022095,0.012797823175787926,0.054871827363967896,0.0021051191724836826,0.19536437094211578
VIDEO_7192617192850984198,0.3178060054779053,0.031553469598293304,,,0.3844958245754242
VIDEO_7192709681280781574,0.1811898946762085,0.012734277173876762,,,0.2515212297439575
VIDEO_7193034087660031237,0.015623146668076515,0.0011987668694928288,,,0.02269580028951168
VIDEO_7193338808870456582,1.353384017944336,0.5901782512664795,,,1.5702705383300781
VIDEO_7193751547749223685,0.43563684821128845,0.053483396768569946,,,0.6816923022270203
VIDEO_7193808719287766278,0.17356859147548676,0.028604988008737564,0.25592201948165894,0.050507307052612305,0.40952885150909424
VIDEO_7194484239583284486,1.2208800315856934,1.8852388858795166,2.542475700378418,4.622303009033203,2.798525810241699
VIDEO_7194501630111272197,0.0686543881893158,0.004697955213487148,0.11301910877227783,0.007755199447274208,0.12099188566207886
VIDEO_7194859372227480838,0.3054990768432617,0.06163512170314789,0.17008675634860992,0.042874664068222046,0.43772172927856445
VIDEO_7195215450970606853,0.03359397500753403,0.0009240326471626759,0.648920476436615,0.4672771990299225,1.247973084449768
VIDEO_7195225752541875462,0.31541764736175537,0.04375254362821579,,,0.44000622630119324
VIDEO_7195607365813636357,1.1650258302688599,1.0400673151016235,,,1.8150914907455444
VIDEO_7195937456271691014,0.7369332313537598,1.4408811330795288,0.18941736221313477,0.03335214778780937,0.7466038465499878
VIDEO_7196211164093631749,0.14134757220745087,0.022404514253139496,,,0.23227539658546448
VIDEO_7196711667420384517,0.06687259674072266,0.004959515295922756,,,0.07728971540927887
VIDEO_7197080264625966341,0.34117209911346436,0.050798483192920685,2.78061580657959,6.414875030517578,4.733704566955566
VIDEO_7197086542479854854,0.26660919189453125,0.06668521463871002,0.4856584668159485,0.3874138593673706,0.834904670715332
VIDEO_7197445468585037062,0.027593029662966728,0.0022840769961476326,0.49926868081092834,0.6824080944061279,0.9289168119430542
VIDEO_7197448084119506182,0.10519775748252869,0.004649804439395666,,,0.11984360218048096
VIDEO_7197470706416815365,0.7436380386352539,0.42438971996307373,0.5239604711532593,0.04469848424196243,1.0310919284820557
VIDEO_7197824225988726021,1.6488169431686401,1.7918367385864258,,,2.015418291091919
VIDEO_7198189694750838022,0.04698922857642174,0.0024843099527060986,0.01427597925066948,0.0002076426026178524,0.060762520879507065
VIDEO_7198194674354457861,0.23860427737236023,0.03458153456449509,0.9896104335784912,0.40387973189353943,1.7956057786941528
VIDEO_7198558888940113158,0.3765904903411865,0.045402441173791885,0.4711174964904785,0.1405753344297409,0.7496612071990967
VIDEO_7198831282984324358,0.029755573719739914,0.00141403847374022,,,0.041167110204696655
VIDEO_7198947136300403974,1.0296776294708252,0.41089871525764465,,,1.0500080585479736
VIDEO_7199338065867934982,0.0,0.0,0.28259947896003723,0.11562621593475342,0.5651989579200745
VIDEO_7199586123952311557,0.3408966660499573,0.038580428808927536,,,0.3543994724750519
VIDEO_7199677935949778181,0.17067453265190125,0.0271722674369812,0.28334322571754456,0.09377501159906387,0.30754005908966064
VIDEO_7200056336321613062,0.07117737829685211,0.004130862187594175,,,0.07691115140914917
VIDEO_7200112331873897733,0.4616028368473053,0.36178648471832275,0.21710836390654245,0.050452194487055145,0.6943281888961792
VIDEO_7200418269629582597,0.08837422728538513,0.007902304641902447,0.04721923545002937,0.0015805024886503816,0.10268813371658325
VIDEO_7201579247616494853,1.7820942401885986,2.1748573780059814,2.18788743019104,2.095517635345459,3.1056594848632812
VIDEO_7201892299112992005,0.029226504266262054,0.0005669992533512414,,,0.05845300853252411
VIDEO_7202277032938540294,0.48919689655303955,0.14615720510482788,,,0.5062054395675659
VIDEO_7202313398300724485,0.09820450842380524,0.013385167345404625,,,0.11225548386573792
VIDEO_7202617948983315717,0.3498772084712982,0.05594148486852646,0.5005438327789307,0.08863565325737,0.978121280670166
VIDEO_7202909898219326725,0.07413160800933838,0.0031362432055175304,0.19880521297454834,0.017866671085357666,0.19880521297454834
VIDEO_7203019203857665286,0.0006495332345366478,4.1198956068910775e-07,0.19837892055511475,0.19725747406482697,0.3966202735900879
VIDEO_7203048812351327494,0.045689672231674194,0.0023752255365252495,,,0.04909007251262665
VIDEO_7203684040606633222,0.6433248519897461,0.2357769012451172,,,1.1503485441207886
VIDEO_7203763760538897669,0.6543797254562378,0.6174041628837585,,,0.7991588115692139
VIDEO_7203810617180933382,0.10068030655384064,0.01757068559527397,0.05697585642337799,0.0017666732892394066,0.20136061310768127
VIDEO_7204395621468392709,0.3111555874347687,0.048836831003427505,,,0.5585634708404541
VIDEO_7204870147855748357,0.46519577503204346,0.1232069730758667,0.2751946449279785,0.03586209937930107,0.5276437401771545
VIDEO_7204874673367125254,1.1599886417388916,0.8071789145469666,,,1.2013435363769531
VIDEO_7204907848449527045,0.09976544231176376,0.0032340120524168015,0.6971236268679301,0.9403509298960367,1.4882320165634155
VIDEO_7205134218328902917,0.11372826993465424,0.008812788873910904,,,0.11690230667591095
VIDEO_7205617494143339782,0.050713375210762024,0.0036222031340003014,0.6188101172447205,0.16553258895874023,0.8933947086334229
VIDEO_7205658829403458821,0.15003906190395355,0.016466280445456505,0.9278702139854431,1.1609491109848022,2.437305450439453
VIDEO_7205961411942468870,0.07142020761966705,0.005366251803934574,4.4598708152771,13.106511116027832,10.184407234191895
VIDEO_7205976379370851589,1.0264333486557007,0.9533721208572388,1.18928861618042,2.143437623977661,2.324721336364746
VIDEO_7206342637316607237,0.3812716007232666,0.05757049471139908,0.3091738522052765,0.22106695175170898,0.618347704410553
VIDEO_7206417246502046981,0.9067218899726868,0.5969851613044739,0.4725114107131958,0.1550670862197876,1.0340372323989868
VIDEO_7206680972555750661,0.009392593055963516,0.00016137804777827114,0.02214612066745758,0.000393808470107615,0.026955358684062958
VIDEO_7206682386531110149,0.20054009556770325,0.036384448409080505,0.5383466482162476,0.6059938669204712,0.5383466482162476
VIDEO_7207350500419702022,0.04351244121789932,0.0014270823448896408,,,0.053820349276065826
VIDEO_7207818125402852613,0.049054935574531555,0.004069127608090639,0.031151339411735535,0.0029700440354645252,0.06230267882347107
VIDEO_7207842110316268805,1.1764215230941772,0.8890879154205322,,,2.3129220008850098
VIDEO_7207862806899592453,0.34457340836524963,0.08379561454057693,0.426067978143692,0.4449883699417114,0.83399498462677
VIDEO_7208220006314773765,0.9595174789428711,1.295297384262085,1.3725935220718384,1.2408238649368286,1.706248164176941
VIDEO_7208539932422425861,0.5701519250869751,0.19699326157569885,,,0.9030859470367432
VIDEO_7208551637869268230,0.029120519757270813,0.0013479748740792274,0.6209316253662109,3.923783540725708,1.8342143297195435
VIDEO_7208566584535764250,0.18880370259284973,0.019624192267656326,,,0.20483459532260895
VIDEO_7208590550348434694,0.10243706405162811,0.013814552687108517,,,0.1485041081905365
VIDEO_7208839545989762309,0.2832505702972412,0.0932861790060997,1.2623990774154663,2.1194846630096436,1.9636249542236328
VIDEO_7208933349933452550,0.05224594473838806,0.0030546532943844795,0.04370134696364403,0.002126909326761961,0.08694304525852203
VIDEO_7208952610336820485,0.6044176816940308,0.22828589379787445,,,0.9338222742080688
VIDEO_7209259784263060742,0.5242888331413269,0.3050548732280731,1.345533847808838,1.5726041793823242,2.32649564743042
VIDEO_7209925340557348101,0.0009741844842210412,7.440548870363273e-07,0.6035595536231995,3.7294180393218994,1.8060665130615234
VIDEO_7210067304095173893,0.6175071001052856,0.14741137623786926,,,0.9654181599617004
VIDEO_7210074063765638406,0.027817970141768456,0.0004982297541573644,,,0.030715569853782654
VIDEO_7210434710646836485,0.9232218265533447,0.2762395739555359,0.5126171112060547,0.13825269043445587,1.07381272315979
VIDEO_7210751695771553030,0.607189416885376,0.5836122035980225,,,0.8626478314399719
VIDEO_7210806075354811654,1.6999232769012451,0.8621330261230469,0.5328860878944397,0.14519669115543365,2.1886403560638428
VIDEO_7210817231368785158,0.6813206672668457,0.2685670852661133,,,0.9874305129051208
VIDEO_7210834532591963398,0.07170842587947845,0.003107223426923156,0.4809224307537079,0.18683554232120514,0.8488314747810364
VIDEO_7211130311667715334,0.20060864090919495,0.02729625627398491,,,0.2206156849861145
VIDEO_7211165738957163782,0.18100300431251526,0.025697531178593636,0.35590171813964844,0.09986776113510132,0.5682202577590942
VIDEO_7211431817205878021,0.27404528856277466,0.06862326711416245,0.4464329779148102,0.12252780050039291,0.7416542172431946
VIDEO_7211565992852475141,1.1400508880615234,0.31825679540634155,,,1.244847059249878
VIDEO_7211932492914298118,0.08376171439886093,0.010224969126284122,0.07955770939588547,0.005538229364901781,0.16752342879772186
VIDEO_7212344637523283205,0.1832972764968872,0.024953696876764297,0.4556855261325836,0.14995603263378143,0.8291604518890381
VIDEO_7212710657672678661,7.427498817443848,63.051841735839844,0.6189296245574951,1.1549530029296875,14.854997634887695
VIDEO_7213053350290459910,6.170384407043457,31.12635612487793,3.3189661502838135,25.162080764770508,9.523168563842773
VIDEO_7213453348270378246,0.06740214675664902,0.0029033259488642216,0.09303849935531616,0.0062585980631411076,0.11439446359872818
VIDEO_7213655175318211845,0.11805906891822815,0.01714402250945568,,,0.19593095779418945
VIDEO_7213794863630912773,1.5809146165847778,1.9792834520339966,,,2.28460955619812
VIDEO_7213795540574735621,0.07568977028131485,0.008512003347277641,0.19740337133407593,0.04235507547855377,0.20735549926757812
VIDEO_7214113271018753285,0.11080914735794067,0.005889176856726408,0.3989344537258148,0.4983057975769043,0.6624305248260498
VIDEO_7214396955810680069,0.0224616676568985,0.0006758417002856731,,,0.026809439063072205
VIDEO_7214767845383900421,0.028272684663534164,0.0006258512148633599,,,0.042166292667388916
VIDEO_7214862934139260166,0.23609140515327454,0.04205509275197983,4.381389141082764,15.309321403503418,12.054644584655762
VIDEO_7214886818368490758,0.28973039984703064,0.11864734441041946,,,0.4281589388847351
VIDEO_7215124561799449861,0.39382049441337585,0.3811316192150116,0.016703683882951736,0.00015719086513854563,0.7875890731811523
VIDEO_7215238321247751430,0.6160337328910828,0.19706234335899353,1.057620882987976,4.663130283355713,2.6018381118774414
VIDEO_7215252214514715909,0.015159612521529198,9.24567284528166e-05,1.0087858438491821,17.688079833984375,1.9837453365325928
VIDEO_7215515219164990746,0.17677344381809235,0.017465507611632347,,,0.2376236468553543
VIDEO_7215611067286703366,0.1022491455078125,0.010454406961798668,0.1581164300441742,0.023875156417489052,0.23831747472286224
VIDEO_7215656408069442822,1.5806999206542969,2.5446441173553467,0.09736178070306778,0.011514108628034592,3.0891430377960205
VIDEO_7216007272311344390,0.20241262018680573,0.016697077080607414,0.385833740234375,0.10356459766626358,0.7056947946548462
VIDEO_7216240671097736454,0.03094196319580078,0.0004368131048977375,0.023707201704382896,0.0010880735547592242,0.05746335908770561
VIDEO_7216365794093976838,1.118924856185913,1.4029417037963867,,,1.9927843809127808
VIDEO_7217463144069844230,0.9678080677986145,0.5039098262786865,1.9822849035263062,1.4263806343078613,2.721287250518799
VIDEO_7217888414631283995,1.580762267112732,1.7764016389846802,0.6873190999031067,1.7363265752792358,2.978673219680786
VIDEO_7218219061707033882,0.012971051968634129,0.00010472341091372073,0.08776581287384033,0.004866810515522957,0.12378974258899689
VIDEO_7218493650160897306,0.0,0.0,,,0.0
VIDEO_7218857185764216069,0.04486961290240288,0.002306056674569845,0.07429726421833038,0.01640908606350422,0.13165168464183807
VIDEO_7219294434465238298,0.03161029890179634,0.0009633228182792664,1.676718831062317,44.70957565307617,4.318037509918213
VIDEO_7219646733901450502,0.6957352161407471,0.3677106499671936,0.3286968469619751,0.06845777481794357,0.7536402940750122
VIDEO_7219686321739123974,0.06724754720926285,0.0039564697071909904,,,0.07292883098125458
VIDEO_7220074643086904581,0.217230886220932,0.08724294602870941,0.045555949211120605,0.00866662710905075,0.3543996512889862
VIDEO_7220765448000900357,0.024993477389216423,0.0015335771022364497,,,0.03644108772277832
VIDEO_7221070563538717957,0.0835469663143158,0.005487263202667236,,,0.09001170843839645
VIDEO_7221177538855423258,22.130725860595703,346.08197021484375,,,26.464693069458008
VIDEO_7221550036172213509,0.1730414479970932,0.026446480304002762,0.03303293511271477,0.0021877880208194256,0.217039555311203
VIDEO_7221552853356236037,0.012778152711689472,0.0019041986670345068,0.02739582024514675,0.0011960366973653436,0.04285082221031189
VIDEO_7221875155184733445,0.018022263422608376,0.0005585264880210161,,,0.0208058450371027
VIDEO_7221953102184779013,1.0185699462890625,1.198867678642273,,,1.7222676277160645
VIDEO_7222319662787202310,0.8778300285339355,0.6568105816841125,,,1.3326774835586548
VIDEO_7223080468101483781,0.46837443113327026,0.08290871232748032,2.1576240062713623,39.19888687133789,6.283868312835693
VIDEO_7223410372462611738,0.23230867087841034,0.08729390799999237,,,0.251944899559021
VIDEO_7223430604547837210,0.2824561595916748,0.033347491174936295,,,0.31601980328559875
VIDEO_7224139299594194203,0.08689790964126587,0.004695180803537369,,,0.09758386760950089
VIDEO_7224177146263063835,0.66582190990448,0.25144317746162415,,,1.072355031967163
VIDEO_7224426315074522395,2.3807623386383057,11.897857666015625,0.7945587038993835,3.6474244594573975,3.495485544204712
VIDEO_7224934115089370395,0.053865768015384674,0.001554895774461329,0.3066951036453247,0.029596611857414246,0.3599574863910675
VIDEO_7225245362678762779,0.09947514533996582,0.006678198464214802,3.3608481884002686,11.739428520202637,5.0098652839660645
VIDEO_7225296808900152603,0.034479137510061264,0.0018453339580446482,,,0.06337094306945801
VIDEO_7225632323146943771,0.0008947222959250212,6.517030897157383e-07,2.3978941440582275,40.17776870727539,7.189544677734375
VIDEO_7225641498249891099,0.04072050005197525,0.00137690594419837,,,0.041079625487327576
VIDEO_7226043488738069787,0.022697608917951584,0.0015698830829933286,,,0.03233201056718826
VIDEO_7226428593075752218,3.493669033050537,35.5849494934082,3.747478723526001,10.5526762008667,5.746645927429199
VIDEO_7226711933150432538,3.9331618609139696e-05,5.666080937771767e-09,0.0,0.0,7.866323721827939e-05
VIDEO_7226734943869750555,0.052276529371738434,0.006058041006326675,0.007122658658772707,6.26023902441375e-05,0.07649457454681396
VIDEO_7226766521719213338,0.3292982876300812,0.07420828193426132,0.8563898801803589,0.6802344918251038,0.8563898801803589
VIDEO_7227138868447923482,0.48881638050079346,0.32988041639328003,0.28967544436454773,0.11631830036640167,0.926855742931366
VIDEO_7227547227005209882,1.9685636758804321,1.3117314577102661,0.7234485149383545,0.40013861656188965,3.055729627609253
VIDEO_7227881339125583131,0.016506481915712357,0.00022558453201781958,,,0.024495640769600868
VIDEO_7228647012009282842,0.12612417340278625,0.023924972862005234,0.12853235006332397,0.023375770077109337,0.19942057132720947
VIDEO_7228975701066550554,0.3354376554489136,0.03404796123504639,,,0.4321344494819641
VIDEO_7228976565445512475,1.1607404947280884,9.18381118774414,0.32891377806663513,0.7029178738594055,2.3213284015655518
VIDEO_7229342870518385946,0.3171756863594055,0.044966861605644226,0.28339284658432007,0.0369565412402153,0.3188489079475403
VIDEO_7229679892399426842,0.40099871158599854,0.1509278267621994,1.0819408893585205,0.46554017066955566,1.6627233028411865
VIDEO_7230327665918512411,0.5149845480918884,0.03331855684518814,,,0.6111743450164795
VIDEO_7231163731080711450,0.05742731690406799,0.006808739621192217,0.23853488266468048,0.08924505859613419,0.47706976532936096
VIDEO_7231544878478445850,0.21361394226551056,0.03029782697558403,,,0.22588631510734558
VIDEO_7231978849448381722,0.055704474449157715,0.0051741707138717175,,,0.06887208670377731
VIDEO_7233097610821700890,0.11460310220718384,0.03298867493867874,,,0.1713322401046753
VIDEO_7233472157588753691,2.663581609725952,4.602120399475098,2.7567718029022217,4.748351573944092,5.515721797943115
VIDEO_7233784589523717402,0.17616355419158936,0.012262880802154541,0.07611174881458282,0.008808405138552189,0.1925819218158722
VIDEO_7234190958772882715,0.1512722223997116,0.031022440642118454,0.018413154408335686,0.00041767978109419346,0.2577134668827057
VIDEO_7234782434531839258,0.17453539371490479,0.11203781515359879,0.4825378358364105,0.3757646083831787,1.4009547233581543
VIDEO_7235266120414924058,0.8736151456832886,0.43071088194847107,0.1893034130334854,0.037436313927173615,1.330305814743042
VIDEO_7235651777805290778,2.9728121757507324,21.089160919189453,0.17131592333316803,0.023192571476101875,5.713364601135254
VIDEO_7236043111128894747,0.008586431853473186,5.2844978199573234e-05,2.1512606143951416,9.463497161865234,6.034032821655273
VIDEO_7236382869650689306,0.003979893401265144,7.362453470705077e-05,,,0.005963288713246584
VIDEO_7236674356540165402,0.36541295051574707,0.053503163158893585,,,0.40602344274520874
VIDEO_7236760874646637851,0.1042913943529129,0.006315539125353098,,,0.14959777891635895
VIDEO_7237120496020573467,0.09016457200050354,0.01320461742579937,0.1233152523636818,0.04197856783866882,0.1452232301235199
VIDEO_7237511650532773146,0.22274035215377808,0.0757271945476532,,,0.3020194172859192
VIDEO_7237872414581935386,0.030063476413488388,0.0016670001205056906,0.05089123919606209,0.0020231818780303,0.05089123919606209
VIDEO_7238235896724704538,0.09879652410745621,0.022711947560310364,0.05419164150953293,0.004231470171362162,0.10838328301906586
VIDEO_7238653863794887962,0.002318493789061904,4.585690021485789e-06,,,0.0030129565857350826
VIDEO_7238904736253054234,0.017065923660993576,0.00022878279560245574,0.29290086030960083,0.11971137672662735,0.5358039736747742
VIDEO_7239344688006728986,0.22178149223327637,0.03630568087100983,0.36011871695518494,0.11867209523916245,0.5191753506660461
VIDEO_7239729661788359962,0.14826688170433044,0.025222642347216606,,,0.27138614654541016
VIDEO_7239735340737498395,0.03605467826128006,0.00038373927236534655,,,0.05422148108482361
VIDEO_7239748390974704922,0.0427720881998539,0.004087675362825394,0.4684485197067261,0.8078908324241638,1.2769248485565186
VIDEO_7241209133540609307,0.03150073438882828,0.0005945505108684301,0.019335150718688965,0.0002157253329642117,0.03379283472895622
VIDEO_7241878874672385306,0.04117663577198982,0.0020629141945391893,,,0.047044843435287476
VIDEO_7241956873698577691,0.013115647248923779,0.00011102878488600254,0.10249555110931396,0.009454564191401005,0.1686355024576187
VIDEO_7242237385772240155,0.1491425782442093,0.010098274797201157,0.040393948554992676,0.0015174411237239838,0.17315219342708588
VIDEO_7242348894435167514,0.41285693645477295,0.061833836138248444,0.2522695064544678,0.030129438266158104,0.47906744480133057
VIDEO_7242719682128530714,0.01994900219142437,0.0008974983938969672,1.3848940134048462,1.008367657661438,3.18691086769104
VIDEO_7244550731141844251,0.1677212417125702,0.019677378237247467,,,0.18995647132396698
VIDEO_7244559099352976666,0.000932705239392817,8.75921784881939e-07,0.2580794294675191,0.11772986687719822,0.5476169586181641
VIDEO_7245182525016935707,0.184116929769516,0.03279444947838783,0.3589198589324951,0.06321138888597488,0.5746270418167114
VIDEO_7245239505911893274,0.04605747014284134,0.000811107805930078,,,0.047108639031648636
VIDEO_7245283945619655963,0.3194519281387329,0.092664435505867,0.15339945256710052,0.030677681788802147,0.32455071806907654
VIDEO_7245708272181759258,1.3403542041778564,1.0395162105560303,,,2.0115439891815186
VIDEO_7246301041979886875,0.001534227398224175,1.9928329493268393e-06,0.0015565338544547558,4.979663117410382e-06,0.002999980701133609
VIDEO_7246343164108295450,0.0523633137345314,0.0035350120160728693,0.09719916433095932,0.004169965162873268,0.13310876488685608
VIDEO_7246672390841715995,0.12661930918693542,0.0094965361058712,0.25679811835289,0.02697167545557022,0.3100488781929016
VIDEO_7246768104922008858,0.13615919649600983,0.01670578308403492,,,0.17794394493103027
VIDEO_7246805127942737178,0.49141913652420044,0.09370008111000061,0.1099114716053009,0.005909844767302275,0.7162635326385498
VIDEO_7246825881904139546,2.7942748069763184,3.1811091899871826,1.7411131858825684,2.6012420654296875,4.793686389923096
VIDEO_7248301740670323995,0.012370845302939415,0.00010405034117866307,1.2838672399520874,1.4927343130111694,2.939135789871216
VIDEO_7249004039688572186,0.06158698350191116,0.002863439964130521,,,0.08520907163619995
VIDEO_7249312172956732698,0.030090615153312683,0.0010118827922269702,0.06967398524284363,0.0058030481450259686,0.13458095490932465
VIDEO_7249677053153283354,0.10752939432859421,0.00749508012086153,1.0946494340896606,0.9732744693756104,3.0264625549316406
VIDEO_7249813717225950490,0.05226953327655792,0.0019191893516108394,0.12461234629154205,0.0073439087718725204,0.19451625645160675
VIDEO_7250141865645788443,0.7548555731773376,0.2624245882034302,0.5183163285255432,0.06374543905258179,0.9357812404632568
VIDEO_7250555651993160987,0.13077446818351746,0.024276304990053177,0.5514430999755859,0.518072783946991,1.346968173980713
VIDEO_7250832194392886554,0.5679391622543335,0.08639417588710785,0.3444180190563202,0.20755350589752197,0.6461775302886963
VIDEO_7251996103178997018,0.02161269448697567,0.0003527087392285466,0.20586003363132477,0.020658960565924644,0.413112998008728
VIDEO_7252271385467161882,0.08701983094215393,0.006124802865087986,0.06162555515766144,0.0033000342082232237,0.11134238541126251
VIDEO_7252274964206832923,7.162370681762695,131.04974365234375,0.1692836731672287,0.030407661572098732,7.987793922424316
VIDEO_7252374564108274970,0.5698234438896179,0.1807161271572113,1.0980868339538574,0.36134785413742065,1.0980868339538574
VIDEO_7252685251112176922,0.09048357605934143,0.004540308844298124,0.05538836711396774,0.0021972353703555805,0.15642225742340088
VIDEO_7253058884762537242,0.09961256384849548,0.005242395680397749,0.12145330756902695,0.008052499033510685,0.15452128648757935
VIDEO_7253425216984976667,0.08860232681035995,0.006967714987695217,,,0.10813963413238525
VIDEO_7254561581449612571,0.35022443532943726,0.0923943743109703,,,0.37933215498924255
VIDEO_7254588789559938330,0.17392230033874512,0.013936907052993774,0.15125946700572968,0.009630409069359303,0.2398836612701416
VIDEO_7254929536557567259,0.36244112253189087,0.07377052307128906,,,0.4311469495296478
VIDEO_7255302948413099290,0.08161906152963638,0.009924866259098053,0.09816082566976547,0.004667007829993963,0.1251882165670395
VIDEO_7255981234374069530,0.359158992767334,0.07881743460893631,0.5315078496932983,0.2871851623058319,0.6977614164352417
VIDEO_7256066819247623450,0.05638276785612106,0.007296285126358271,0.03380541130900383,0.0014275118010118604,0.07467295974493027
VIDEO_7256464845132827931,0.38387590646743774,0.13621826469898224,3.0025084018707275,17.369422912597656,6.581057548522949
VIDEO_7257040734174465307,0.010547291487455368,5.336668255040422e-05,,,0.011450463905930519
VIDEO_7257181704241024282,0.3528939485549927,0.07058576494455338,0.4104633629322052,0.418576717376709,1.0968097448349
VIDEO_7257874855037586714,0.16758036613464355,0.007773447781801224,0.0918898272017638,0.028656782441733714,0.25472182035446167
VIDEO_7258676118033599771,0.2213039994239807,0.028087520971894264,,,0.23321539163589478
VIDEO_7259047429796908315,2.4929590225219727,3.5166444778442383,2.4469988346099854,10.737130165100098,4.834555625915527
VIDEO_7259307845332602139,0.25658273696899414,0.04471345990896225,1.1948416233062744,0.8517320156097412,3.0122742652893066
VIDEO_7259455690996075803,0.24465447664260864,0.049134254455566406,0.3499568998813629,0.04152941331267357,0.5880386829376221
VIDEO_7259698322791795995,0.09337246417999268,0.004568904638290405,0.6847901940345764,0.30464619398117065,1.9302010536193848
VIDEO_7260104911830945051,0.5651907920837402,0.27333542704582214,1.2135123014450073,0.8543241024017334,1.9203935861587524
VIDEO_7260420548553887002,0.6010807752609253,0.4734041392803192,1.6710573434829712,5.691138744354248,3.293186902999878
VIDEO_7260814503728696602,0.03608512878417969,0.0013561182422563434,0.8207130432128906,0.4692039489746094,2.337244987487793
VIDEO_7261499359819336986,0.02030894160270691,0.0004617390804924071,,,0.0313558429479599
VIDEO_7261562285791956251,0.05495200678706169,0.0013982625678181648,2.3921408653259277,4.8385090827941895,6.821551322937012
VIDEO_7261564389075995930,0.029774030670523643,0.000603382708504796,2.0320959091186523,3.623725175857544,3.274181365966797
VIDEO_7261565962875358491,0.6971162557601929,0.12868565320968628,,,0.7218619585037231
VIDEO_7261658279900744987,0.1821833848953247,0.02536514215171337,,,0.20297271013259888
VIDEO_7261958198775532832,0.37538474798202515,0.030581742525100708,0.2816266119480133,0.033112023025751114,0.4751568138599396
VIDEO_7261965250864467232,0.053298816084861755,0.00517859635874629,,,0.06034829467535019
VIDEO_7261996739446590753,3.3215415477752686,43.50556182861328,0.9925085306167603,1.7443172931671143,6.591437339782715
VIDEO_7262001980095106337,0.43640419840812683,0.0744955837726593,,,0.5792796611785889
VIDEO_7262342975752113441,0.0590321347117424,0.0024056192487478256,,,0.10678993910551071
VIDEO_7262363967157226785,0.06828026473522186,0.0035324892960488796,,,0.06855493038892746
VIDEO_7262465807949647136,0.04631931707262993,0.0018216089811176062,0.08348637819290161,0.004483604338020086,0.08397316932678223
VIDEO_7262720109133794592,0.6344785690307617,0.09402139484882355,,,0.7657968401908875
VIDEO_7262728753778822433,1.3641868829727173,0.9963627457618713,0.5166919231414795,0.15394046902656555,2.194777727127075
VIDEO_7262807521008635168,0.19676068425178528,0.08907375484704971,,,0.21248039603233337
VIDEO_7263460179461688609,0.12154273688793182,0.011898936703801155,,,0.138331800699234
VIDEO_7263464155540147489,0.11656510829925537,0.012630877085030079,,,0.17390909790992737
VIDEO_7263733416292617505,0.07774296402931213,0.0033795759081840515,,,0.09009156376123428
VIDEO_7264173669612670240,1.195212960243225,2.7287755012512207,1.6062227487564087,4.5504961013793945,3.2135872840881348
VIDEO_7264519435086466336,0.13969328999519348,0.018699586391448975,,,0.20986227691173553
VIDEO_7264884699636469025,0.7344443202018738,0.167541965842247,,,1.022885799407959
VIDEO_7264958192017362208,0.1329336315393448,0.012028161436319351,1.8645693063735962,15.343125343322754,2.7061877250671387
VIDEO_7265242959048723745,0.08645161986351013,0.00901284720748663,,,0.08691811561584473
VIDEO_7265326628274752801,0.7145779728889465,0.17414343357086182,3.2290592193603516,7.8850812911987305,5.597075939178467
VIDEO_7265677943228075296,0.03997207060456276,0.0012540481984615326,,,0.04578588902950287
VIDEO_7267229404584037638,0.06775237619876862,0.0026877617929130793,0.075688436627388,0.003088780213147402,0.075688436627388
VIDEO_7267879991004761376,0.12910188734531403,0.04753626510500908,,,0.17433732748031616
VIDEO_7269755991049260320,0.09208936244249344,0.007581775076687336,,,0.09671685099601746
VIDEO_7269759073967525153,0.04319455474615097,0.0013841306790709496,,,0.05430539697408676
VIDEO_7270111755886415137,0.02560441382229328,0.0008520888513885438,,,0.04078390449285507
VIDEO_7270778269899722016,4.7825422286987305,21.352258682250977,1.6647623777389526,1.1409900188446045,9.248546600341797
VIDEO_7270891504346942753,0.18874390423297882,0.043864548206329346,,,0.2717418968677521
VIDEO_7271545826923531552,0.2519609332084656,0.039859384298324585,,,0.3044024407863617
VIDEO_7271935381937884448,0.4857650101184845,0.1338009536266327,4.330718994140625,13.189310073852539,8.12801742553711
VIDEO_7272402191233584417,0.16548238694667816,0.02679349109530449,,,0.18945825099945068
VIDEO_7272755309658098976,0.024154681712388992,0.00024901636061258614,0.30411988496780396,0.058396417647600174,0.4835324287414551
VIDEO_7273016085954317600,0.3613820970058441,0.1126503273844719,0.16816775500774384,0.01818850263953209,0.4598642587661743
VIDEO_7274647533002034465,0.3064110577106476,0.0711546316742897,0.831641674041748,0.7231070399284363,1.7676448822021484
VIDEO_7274897399045246241,3.890827178955078,17.219772338867188,0.45111918449401855,0.08593670278787613,6.839171886444092
VIDEO_7275592243086478624,0.041177332401275635,0.0006947493529878557,0.060502100735902786,0.004283829126507044,0.148436039686203
VIDEO_7276041559500475680,4.7825422286987305,21.352258682250977,1.6647623777389526,1.1409900188446045,9.248546600341797
VIDEO_7277097435090930977,0.3630724549293518,0.03537418320775032,,,0.49295902252197266
VIDEO_7277906809787059489,0.0859861969947815,0.0035115154460072517,,,0.0862928032875061
VIDEO_7277939332831251744,0.20861606299877167,0.02742921933531761,,,0.2550416886806488
VIDEO_7278716528839626016,0.7374764680862427,0.409929484128952,,,0.9016646146774292
VIDEO_7278768931857354016,0.0007990133599378169,1.016906026052311e-06,0.0006868047057650983,4.3846520725310256e-07,0.0012321751564741135
VIDEO_7279032970286009632,3.511986506055109e-05,2.216779648733791e-08,2.010321617126465,13.69766616821289,5.0776872634887695
VIDEO_7279078872455384352,0.8637382388114929,0.33117493987083435,0.9530084729194641,0.4793979227542877,2.116572141647339
VIDEO_7280108212878200096,0.04132019728422165,0.008129177615046501,,,0.0826403945684433
VIDEO_7280571511138782496,0.48238465189933777,0.5377712249755859,0.18969327211380005,0.08015894144773483,0.9321460127830505
VIDEO_7280925746183408928,3.9818131923675537,91.92083740234375,7.193798065185547,52.300445556640625,13.457743644714355
VIDEO_7281279828307856673,0.02875649183988571,0.001944396528415382,,,0.0313500314950943
VIDEO_7281651537124871456,0.142923504114151,0.11073660105466843,0.05971812456846237,0.0745149478316307,0.20457886159420013
VIDEO_7282663509505133856,0.010228505358099937,0.0001107311763917096,,,0.020457010716199875
VIDEO_7282668264617004321,0.5019062757492065,0.3772895336151123,0.00013041160127613693,4.11376426256993e-08,0.6195139288902283
VIDEO_7283105183352016160,0.19432848691940308,0.02801150642335415,,,0.28074198961257935
VIDEO_7283139399582240032,0.13373048603534698,0.013457676395773888,,,0.14986808598041534
VIDEO_7283524894585883936,0.07091493904590607,0.006201812997460365,0.11414144188165665,0.007053930778056383,0.11414144188165665
VIDEO_7284876929713442080,0.9977810382843018,0.2754555344581604,,,1.021598219871521
VIDEO_7285256841158790433,0.5550740957260132,0.49707603454589844,,,0.9849750399589539
VIDEO_7285669773030001953,0.37967509031295776,0.0749577134847641,,,0.4903544783592224
VIDEO_7285720218360368417,0.06168273091316223,0.007170710247009993,0.2009037286043167,0.028244182467460632,0.5354793071746826
VIDEO_7286486663910542625,0.08107316493988037,0.003163982182741165,0.2483009248971939,0.035828594118356705,0.34721943736076355
VIDEO_7286488221893020960,0.03961058706045151,0.002069463487714529,,,0.04672522470355034
VIDEO_7286830586478578976,4.978420734405518,58.02466583251953,0.0004180982941761613,1.9646351745450374e-07,5.525749206542969
VIDEO_7286863155026808096,0.2964516282081604,0.038471825420856476,0.413912296295166,0.19882790744304657,0.6375183463096619
VIDEO_7287983702959869217,0.10305044054985046,0.00925363413989544,,,0.17639578878879547
VIDEO_7287986771483282720,0.027178406715393066,0.0005614759866148233,,,0.031515248119831085
VIDEO_7288261263757446433,0.5054087042808533,0.12308532744646072,,,0.5571275353431702
VIDEO_7288326750243704096,0.2001170516014099,0.08151458203792572,,,0.3343081474304199
VIDEO_7288720379772800288,0.0008366142865270376,9.575913963999483e-07,,,0.0014910759637132287
VIDEO_7289092371030002977,0.5675385594367981,0.6543605327606201,,,0.7170374393463135
VIDEO_7289115441602088225,0.033220358192920685,0.001045751036144793,0.11623930931091309,0.005879567936062813,0.23963424563407898
VIDEO_7289368885390806304,0.3099440932273865,0.07639816403388977,0.8212764263153076,1.0731745958328247,1.875844120979309
VIDEO_7289470545270279456,0.1588517427444458,0.029995743185281754,,,0.18792502582073212
VIDEO_7289785625367153952,0.7264128923416138,1.4852484464645386,0.39433979988098145,0.5593060851097107,1.378251314163208
VIDEO_7290457107726339360,0.030012231320142746,0.0004920765059068799,0.005114405415952206,1.1704735698003788e-05,0.0371561124920845
VIDEO_7290823677195603233,0.05515674501657486,0.001909597311168909,,,0.0708257406949997
VIDEO_7290947930108857633,0.10802768170833588,0.0061823660507798195,0.5550171732902527,0.7403241395950317,0.5550171732902527
VIDEO_7290955653349133600,0.06530256569385529,0.0035077747888863087,0.04885684326291084,0.002328538103029132,0.07625997811555862
VIDEO_7291228337123511585,0.0016290455823764205,1.6460512597404886e-06,0.28868839144706726,0.6261066794395447,0.8631965517997742
VIDEO_7291237498506743072,0.028211480006575584,0.0004885868402197957,,,0.030205965042114258
VIDEO_7291300657355689249,0.1779029816389084,0.02046838216483593,,,0.18446770310401917
VIDEO_7291678102948810016,0.030983448028564453,0.0010709604248404503,0.40441402792930603,0.22505371272563934,0.7966955900192261
VIDEO_7292048482456587553,0.05268757790327072,0.002659729216247797,0.23408322036266327,0.29308271408081055,0.46364444494247437
VIDEO_7293173989143366945,0.0313301607966423,0.0015329133020713925,1.670488715171814,16.147350311279297,4.6526780128479
VIDEO_7293176268361665824,0.027078069746494293,0.002791010309010744,0.7599964141845703,6.98305082321167,2.1288723945617676
VIDEO_7293541624359996704,0.28260838985443115,0.034845542162656784,,,0.4165244996547699
VIDEO_7293822418068442400,0.5457873344421387,0.18297941982746124,0.859973539908727,1.015106161435445,2.0800654888153076
VIDEO_7294149539781463328,0.014619329944252968,7.012336573097855e-05,,,0.01705409586429596
VIDEO_7294200756586958113,0.14915695786476135,0.01439590658992529,,,0.17265930771827698
VIDEO_7294284376454532384,0.03683162108063698,0.0016529667191207409,1.9074691534042358,14.57474136352539,5.12565803527832
VIDEO_7294659855434911008,0.3301253616809845,0.1597699224948883,1.671731948852539,6.948750972747803,2.7151787281036377
VIDEO_7294901504752782625,0.05890047922730446,0.007980624213814735,0.033492159098386765,0.003383397124707699,0.09685755521059036
VIDEO_7295785443528920352,0.07047508656978607,0.008397769182920456,1.536272406578064,2.179152011871338,2.976909637451172
VIDEO_7296075013734616353,1.0144200325012207,0.908296525478363,0.13423211872577667,0.013830372132360935,1.5762224197387695
VIDEO_7296115605927644449,0.1717260330915451,0.02249298244714737,0.09669718146324158,0.009862737730145454,0.20168989896774292
VIDEO_7296124478130572577,0.160976380109787,0.019188974052667618,0.6215769052505493,0.44093433022499084,1.4929920434951782
VIDEO_7296154996683410720,0.5087547302246094,0.2122897058725357,1.0469931364059448,0.7648797035217285,2.084493398666382
VIDEO_7296417264591441185,0.005024811252951622,4.401047044666484e-05,,,0.006248753052204847
VIDEO_7296501143700606241,0.1832292377948761,0.025643453001976013,,,0.2080383002758026
VIDEO_7296855348714016033,0.14155961573123932,0.012925907969474792,0.12142974138259888,0.011312946677207947,0.24355173110961914
VIDEO_7296889866002910497,0.3545527458190918,0.07889678329229355,,,0.4816628098487854
VIDEO_7297134358689860896,0.06406286358833313,0.0025172007735818624,,,0.08388430625200272
VIDEO_7297157611294706976,0.012949764728546143,0.00012070202501490712,,,0.015253275632858276
VIDEO_7297177472615861536,0.026220567524433136,0.0005828640423715115,0.07599349319934845,0.005106426775455475,0.09710811078548431
VIDEO_7297205575501270304,0.29972490668296814,0.027590056881308556,0.3552500009536743,0.03573731333017349,0.4632115960121155
VIDEO_7297256040544931105,1.6571959257125854,2.542510986328125,,,2.6766884326934814
VIDEO_7297529063785123104,0.2718658149242401,0.0754740759730339,,,0.32653501629829407
VIDEO_7298264093100674336,1.3204584121704102,0.673067033290863,0.9015722274780273,1.8061314821243286,1.7142581939697266
VIDEO_7298393830204640545,0.10714669525623322,0.013981192372739315,,,0.1352275162935257
VIDEO_7298756408994991393,0.11801433563232422,0.020565751940011978,2.779299736022949,7.472026824951172,7.930582046508789
VIDEO_7299062448965946657,0.0003012617817148566,2.9865844908272265e-07,0.0,0.0,0.0003825197054538876
VIDEO_7299132149167361312,0.7384521961212158,1.1258634328842163,,,0.9403874278068542
VIDEO_7299732621825690912,0.05840735882520676,0.014334874227643013,,,0.07382722944021225
VIDEO_7299777182828645664,0.052494700998067856,0.0023489687591791153,,,0.06365621089935303
VIDEO_7300112308179701025,0.6209485530853271,0.09759683907032013,0.6372255682945251,0.10105608403682709,0.6372255682945251
VIDEO_7300495910595808545,0.04880090802907944,0.0014242660254240036,,,0.05896513909101486
VIDEO_7300846195444927776,0.28416094183921814,0.17055663466453552,,,0.48192641139030457
VIDEO_7300927450463194400,0.009329542517662048,0.0001631744671612978,0.5034241676330566,0.7886919975280762,0.9034780263900757
VIDEO_7301229129314159904,0.44406813383102417,0.4195020794868469,0.047815557569265366,0.00168388441670686,0.7553136348724365
VIDEO_7301350531325365537,0.23341527581214905,0.03473667427897453,,,0.25553756952285767
VIDEO_7302041138670619936,0.18007156252861023,0.027088593691587448,0.5640427470207214,0.6013598442077637,1.1280854940414429
VIDEO_7302346370701118752,0.5436522960662842,0.1485031694173813,0.6972324848175049,0.10699663311243057,0.6972324848175049
VIDEO_7302352085796916513,0.08110237121582031,0.004275986924767494,,,0.10439737141132355
VIDEO_7302473271067397409,8.259571075439453,105.07005310058594,0.15889544785022736,0.12197241932153702,12.130924224853516
VIDEO_7302809103150206241,0.26518094539642334,0.043203409761190414,,,0.3244214951992035
VIDEO_7303174310259166497,0.031085969880223274,0.0007062508375383914,,,0.037068359553813934
VIDEO_7303586993965960480,0.15474963188171387,0.011347668245434761,,,0.16349256038665771
VIDEO_7303884823578397984,0.0,0.0,0.00016425001695097308,6.64365710732288e-08,0.000488296733237803
VIDEO_7303968237966904609,0.06248384714126587,0.002248569391667843,0.036959707736968994,0.001394282327964902,0.07391941547393799
VIDEO_7304272406548319520,1.1182602643966675,1.2550992965698242,0.7758824825286865,0.35802149772644043,2.209017038345337
VIDEO_7304326742255209761,0.32718396186828613,0.11102354526519775,0.3023259739081065,0.09663698449730873,0.7229294776916504
VIDEO_7304376408191683872,0.15427637100219727,0.01928739622235298,,,0.1851108819246292
VIDEO_7304665669872782625,0.15147635340690613,0.015971537679433823,,,0.1850442737340927
VIDEO_7304693853758491936,0.5080374479293823,0.07464607059955597,0.2890613377094269,0.03703790530562401,0.5157374739646912
VIDEO_7305093445926915361,0.23710328340530396,0.034927546977996826,0.02978355437517166,0.0005887731676921248,0.2942151427268982
VIDEO_7305425778076880161,0.03559144586324692,0.001503693056292832,0.24881424009799957,0.03242187574505806,0.509202778339386
VIDEO_7305435593499086112,0.0627085343003273,0.004931687377393246,,,0.06539744883775711
VIDEO_7305781724238105889,3.0026564598083496,3.3794381618499756,0.744602382183075,0.3344363868236542,5.057246685028076
VIDEO_7306457226254781729,0.17876571416854858,0.026483427733182907,,,0.18932358920574188
VIDEO_7306460792310877472,0.5669913291931152,0.2142305225133896,0.040873151272535324,0.0012717509331802528,1.0547854900360107
VIDEO_7306559173217488160,0.1825956404209137,0.017285607755184174,3.2973930835723877,41.75242233276367,9.534883499145508
VIDEO_7306585450305555745,1.734792947769165,1.6023117303848267,0.43465253710746765,0.06972590833902359,2.6168363094329834
VIDEO_7306870694137187616,0.11006790399551392,0.007623664103448391,,,0.11820471286773682
VIDEO_7307282681899896096,0.02095489203929901,0.00025396846467629075,0.18014755845069885,0.0700635090470314,0.34641170501708984
VIDEO_7307595143559859488,0.4138241708278656,0.16551677882671356,,,0.4210105538368225
VIDEO_7307663369090207009,0.008271640166640282,7.086864206939936e-05,,,0.016543280333280563
VIDEO_7307971449870994720,0.0773923322558403,0.0025892406702041626,0.2819134593009949,0.045267753303050995,0.2819134593009949
VIDEO_7308389510113512737,0.16408699750900269,0.05782173573970795,1.0087356567382812,3.6294097900390625,2.748094081878662
VIDEO_7308758430318071072,0.44311046600341797,0.12926962971687317,0.7024703025817871,0.6547260880470276,1.4049406051635742
VIDEO_7309091598472727840,1.7397024631500244,11.70285415649414,0.06792197605439772,0.01181900965961328,3.1768693923950195
VIDEO_7309107806202842400,0.09627622365951538,0.006783168297261,,,0.10108579695224762
VIDEO_7309113734360780064,0.0,0.0,,,0.0
VIDEO_7309133635578236192,0.553136944770813,0.08252140879631042,0.627983033657074,0.11662956327199936,0.897946298122406
VIDEO_7309427596553489696,2.366196870803833,8.952411651611328,,,4.628634929656982
VIDEO_7309783088618409248,0.018961891531944275,0.000142803939525038,,,0.019989067688584328
VIDEO_7309856299632676129,0.12734879553318024,0.013803902082145214,,,0.15992718935012817
VIDEO_7310258308969991457,3.961838483810425,16.561166763305664,0.09360730648040771,0.0063846842385828495,7.858545303344727
VIDEO_7310606511775026464,0.4024767577648163,0.12548094987869263,,,0.5480088591575623
VIDEO_7310626433129270560,0.5282822847366333,0.5213937759399414,0.138054758310318,0.01273257751017809,0.852712094783783
VIDEO_7311263969220644129,0.06236114725470543,0.003034846857190132,0.9266095161437988,7.653686046600342,2.5934438705444336
VIDEO_7311663059695570208,0.11920633912086487,0.011868080124258995,,,0.14930513501167297
VIDEO_7311689753676533024,0.10475176572799683,0.010338056832551956,0.19863726198673248,0.06347478181123734,0.46777036786079407
VIDEO_7312076882822909217,0.04042646288871765,0.000764129392337054,0.1547648012638092,0.016474176198244095,0.2203848958015442
VIDEO_7312484712440745249,0.0010659713298082352,1.3160231446818216e-06,0.006734367460012436,0.0002829081495292485,0.018361201509833336
VIDEO_7312523032025730337,0.14314448833465576,0.0076233819127082825,1.3250938653945923,1.8566770553588867,2.2509329319000244
VIDEO_7312547480120380705,0.026852857321500778,0.0006299609667621553,,,0.053705714643001556
VIDEO_7312851563037330721,0.14473722875118256,0.009772848337888718,,,0.18063248693943024
VIDEO_7314256868556213537,0.2000119686126709,0.01754867471754551,,,0.266099214553833
VIDEO_7314335987033738528,0.7274806499481201,0.1562703251838684,,,0.8986983299255371
VIDEO_7315068001533840672,0.49461665749549866,0.17258091270923615,0.15646222233772278,0.014881107956171036,0.7046777606010437
VIDEO_7315822267781467424,0.01480143889784813,0.00024737752391956747,,,0.01978958211839199
VIDEO_7315824288173493536,0.138252392411232,0.013947635889053345,,,0.23402801156044006
VIDEO_7316159323728661792,0.37288641929626465,0.02723117545247078,,,0.4497559070587158
VIDEO_7316431760194096416,2.7970075607299805,38.06562423706055,0.48329922556877136,0.0877862274646759,4.434167861938477
VIDEO_7316470398261021985,0.11145776510238647,0.008169682696461678,,,0.12814398109912872
VIDEO_7316851921288006944,1.1301828622817993,3.2537083625793457,0.28699973225593567,0.08026561886072159,2.178333282470703
VIDEO_7317290713673190688,0.8798422813415527,0.4013044834136963,0.8110889792442322,0.27617859840393066,1.4497078657150269
VIDEO_7317307650499251488,1.4964123964309692,3.2980103492736816,0.5910938382148743,0.35037755966186523,2.8582658767700195
VIDEO_7317653042533305633,0.8717613816261292,0.3786371946334839,0.2839585542678833,0.04422579829891523,1.004145622253418
VIDEO_7317664309432077600,0.03133568540215492,0.001641644979827106,,,0.04261346161365509
VIDEO_7318026666939256096,0.16546237468719482,0.016785454005002975,,,0.18337617814540863
VIDEO_7318707614332849441,0.758783221244812,0.6757819652557373,2.590660810470581,5.147164344787598,6.8564934730529785
VIDEO_7318769443222359329,1.2272536754608154,0.5773926973342896,,,1.353151798248291
VIDEO_7318832237842156832,0.0015644595259800553,1.2260404218977783e-05,3.897052764892578,67.90727233886719,7.793642997741699
VIDEO_7319074307202616609,0.06663210690021515,0.003242085687816143,0.048356231302022934,0.0022846099454909563,0.12484115362167358
VIDEO_7319092525329829153,0.3859391510486603,0.13410499691963196,,,0.5002294778823853
VIDEO_7319511492888366342,6.860258102416992,25.387163162231445,0.7183201313018799,0.36222967505455017,11.298016548156738
VIDEO_7319513643534568736,0.06366607546806335,0.0035451045259833336,,,0.08641619980335236
VIDEO_7319902152686718241,0.4410967230796814,0.2519475221633911,0.6460988521575928,0.49794161319732666,0.6460988521575928
VIDEO_7319919643378912544,0.11563967913389206,0.010432539507746696,0.2777334451675415,0.022786547740300495,0.6757761240005493
VIDEO_7320159598290226464,0.10317779332399368,0.007702049799263477,,,0.12249363213777542
VIDEO_7320606856995523846,0.5322872996330261,0.46427449584007263,0.23206494748592377,0.024444954469799995,1.0368106365203857
VIDEO_7320909330314775840,0.03513696417212486,0.001635738997720182,,,0.056331634521484375
VIDEO_7321012358594235681,0.1731349229812622,0.015866005793213844,0.04771106317639351,0.005458279978483915,0.1976478099822998
VIDEO_7321436866287373600,0.44684070348739624,0.2983599305152893,,,0.6803885102272034
VIDEO_7321969929564065057,0.10652754455804825,0.005683958530426025,,,0.14439396560192108
VIDEO_7322420132649749793,0.30815714597702026,0.044968727976083755,0.12811897695064545,0.01578562892973423,0.32708626985549927
VIDEO_7322488817968041249,0.31175172328948975,0.05305541306734085,0.534266471862793,0.2011769413948059,0.8254478573799133
VIDEO_7322495223089712416,0.4040336310863495,0.044809795916080475,,,0.4952492415904999
VIDEO_7322502255616314656,0.22154690325260162,0.0568062998354435,0.21018187701702118,0.038717422634363174,0.40127819776535034
VIDEO_7322847358646078752,0.19631139934062958,0.033771030604839325,0.2353416532278061,0.07575880736112595,0.560886025428772
VIDEO_7322866542985710881,0.7548723220825195,0.15688998997211456,,,0.9135852456092834
VIDEO_7323108113698147616,0.4191369116306305,0.09234078973531723,0.5146446228027344,0.12290716916322708,0.6402873992919922
VIDEO_7323194315415588129,0.2105369120836258,0.02096235379576683,,,0.31140586733818054
VIDEO_7323224822169750816,0.09115785360336304,0.013774661347270012,,,0.11668910831212997
VIDEO_7323237610665544966,1.324284315109253,0.9035228490829468,1.117213249206543,0.67383873462677,1.9174890518188477
VIDEO_7323612868484631840,0.030811985954642296,0.0009071681997738779,,,0.035607337951660156
VIDEO_7323667240933444896,0.07666776329278946,0.011022036895155907,,,0.09256897866725922
VIDEO_7323972466445946145,0.2789389491081238,0.11142836511135101,,,0.46704041957855225
VIDEO_7324283735749266721,0.5788636207580566,0.0974506065249443,0.5728503465652466,0.1005646288394928,0.7995353937149048
VIDEO_7324339550283664672,0.2634282112121582,0.09678672254085541,,,0.5268564224243164
VIDEO_7324421973612825889,0.2639743983745575,0.04282739758491516,0.19449932873249054,0.018851637840270996,0.351379930973053
VIDEO_7324696131143847201,0.1864912509918213,0.345947265625,,,0.3271182179450989
VIDEO_7324725007391804705,0.03507683426141739,0.0009465075563639402,0.3605780601501465,0.06435352563858032,0.6891219615936279
VIDEO_7324741085438397729,0.11789014935493469,0.011671065352857113,,,0.18415787816047668
VIDEO_7325049996682759456,0.3489098846912384,0.0587066188454628,0.8733711838722229,1.782953143119812,2.36517333984375
VIDEO_7325097832015203617,0.0010186347644776106,6.236388117031311e-07,,,0.0011225163470953703
VIDEO_7325106846744743200,0.22855913639068604,0.0424824059009552,1.1262887716293335,0.9347503185272217,3.2333364486694336
VIDEO_7325113581249301766,0.12382478266954422,0.010155861265957355,,,0.19504500925540924
VIDEO_7325457714312727840,1.1773911714553833,0.7740535140037537,,,2.0143613815307617
VIDEO_7325724813115346208,1.664339542388916,2.028080940246582,1.1338835954666138,1.5146080255508423,1.9290080070495605
VIDEO_7325764964172467489,0.2514895796775818,0.036299437284469604,,,0.256682813167572
VIDEO_7325861199604665606,0.06731455773115158,0.004446325823664665,0.020316069945693016,0.0002458890376146883,0.10442780703306198
VIDEO_7325862287540096289,0.4367728531360626,0.10123439878225327,,,0.48649442195892334
VIDEO_7326123173311728929,0.3710971176624298,0.17960508167743683,1.4062260389328003,1.577294945716858,2.8863067626953125
VIDEO_7326857703958105376,0.011830981820821762,0.00012803221761714667,,,0.017921585589647293
VIDEO_7326887540705873185,0.1634557843208313,0.014672249555587769,,,0.16547653079032898
VIDEO_7327333280297127201,0.21387052536010742,0.029441921040415764,,,0.2674376368522644
VIDEO_7327632037437820193,0.3619019091129303,0.09265431016683578,,,0.7238038182258606
VIDEO_7327710709201014049,0.07323379814624786,0.0022198099177330732,0.1158694252371788,0.008172077126801014,0.16582192480564117
VIDEO_7328066217929985286,0.013888135552406311,0.00012899868306703866,0.06606859713792801,0.0028682416304945946,0.11969980597496033
VIDEO_7328709134126206241,0.13140635192394257,0.009886614046990871,1.7370208501815796,18.531248092651367,4.089000701904297
VIDEO_7329087770905840928,0.03439377620816231,0.0003683629911392927,,,0.036432188004255295
VIDEO_7329423244992236832,0.21951310336589813,0.03612089902162552,,,0.2879576086997986
VIDEO_7329526946751089953,0.7324190139770508,0.1537923663854599,,,0.8910706043243408
VIDEO_7329560864518901024,0.28096526861190796,0.07968293130397797,0.24813266098499298,0.13662968575954437,0.35165977478027344
VIDEO_7329596850804100358,7.121607780456543,27.978857040405273,0.6876979470252991,0.3541611135005951,11.80461311340332
VIDEO_7329933240775527713,3.163776397705078,5.173802852630615,,,5.768338203430176
VIDEO_7329985883539541253,0.7218011617660522,0.21608418226242065,,,0.9736812710762024
VIDEO_7330293520395275553,0.0,0.0,,,0.0
VIDEO_7330883086684622112,0.0014275809517130256,1.5195780633803224e-06,,,0.0020526519510895014
VIDEO_7331017914612567329,0.15473417937755585,0.010874317958950996,,,0.19765034317970276
VIDEO_7331415350828911904,0.6185752153396606,0.9826552867889404,0.2336268275976181,0.06735730916261673,0.8878830671310425
VIDEO_7331811695360363809,0.05905865877866745,0.0025654362980276346,,,0.06905563175678253
VIDEO_7332156358902500640,1.2019693851470947,1.1426082849502563,,,1.2937744855880737
VIDEO_7332509276432289057,0.0376250296831131,0.0011601042933762074,,,0.03789375722408295
VIDEO_7332521954538245408,0.544010579586029,0.1196548342704773,0.5949109792709351,0.21067552268505096,0.9933691620826721
VIDEO_7332775399883033888,0.02899106591939926,0.0009255401091650128,,,0.03255269676446915
VIDEO_7332835826579164449,0.20400726795196533,0.053274985402822495,0.2385333627462387,0.046141475439071655,0.3443782925605774
VIDEO_7332865581789629729,0.17915409803390503,0.020362090319395065,,,0.18045619130134583
VIDEO_7332928025517903109,0.38114720582962036,0.04951109737157822,,,0.39479416608810425
VIDEO_7333562774750088480,0.20266303420066833,0.05894263833761215,0.4584989845752716,0.14683391153812408,1.1635392904281616
VIDEO_7333568243367431456,1.1930656433105469,1.0095703601837158,,,1.6494386196136475
VIDEO_7333604507793853728,1.2776554822921753,0.7737987041473389,,,1.8562862873077393
VIDEO_7333701921573850374,4.355416297912598,9.941423416137695,0.7187731862068176,2.582427978515625,8.248109817504883
VIDEO_7334309352062405893,2.2736785411834717,32.046180725097656,0.03411409258842468,0.0012014721287414432,4.524674415588379
VIDEO_7334339873127632161,0.5542993545532227,0.18332014977931976,,,0.8633902668952942
VIDEO_7334381637586652448,0.005250333808362484,3.9767146517988294e-05,,,0.005889853462576866
VIDEO_7334734613429882117,0.06803485006093979,0.0030742541421204805,0.07405814528465271,0.0034318333491683006,0.1413244903087616
VIDEO_7334752917439712545,0.7783018946647644,0.19933433830738068,,,0.817747950553894
VIDEO_7335020484637068576,0.04119725525379181,0.0011034291237592697,,,0.043308354914188385
VIDEO_7335091592077856032,0.3208545744419098,0.06335379928350449,0.04352337867021561,0.0031140390783548355,0.3380420207977295
VIDEO_7335348681832418593,0.10518942773342133,0.007504813373088837,,,0.12375685572624207
VIDEO_7335847049495203104,0.11568421125411987,0.011182836256921291,0.19537730515003204,0.039731692522764206,0.36831045150756836
VIDEO_7335855508873694496,0.2451811134815216,0.06732393801212311,0.1299968808889389,0.018493061885237694,0.2670062482357025
VIDEO_7335861253551787297,0.4373985230922699,0.19068144261837006,0.6002586483955383,0.5325124263763428,1.3244037628173828
VIDEO_7336193209883839776,0.46215882897377014,0.17990528047084808,,,0.7204763889312744
VIDEO_7336238126651706656,0.07507985830307007,0.004573604092001915,0.06733628362417221,0.004949662368744612,0.10316582024097443
VIDEO_7336480513269583136,0.5928733944892883,0.852300763130188,,,0.7231816649436951
VIDEO_7336662438282120481,0.2045210897922516,0.056282684206962585,,,0.21805405616760254
VIDEO_7337268516128591136,0.10984907299280167,0.020171193405985832,,,0.14472860097885132
VIDEO_7337328365147295009,0.42152518033981323,0.07457222044467926,,,0.49277034401893616
VIDEO_7337687297132973344,0.15830789506435394,0.016104837879538536,,,0.1791258007287979
VIDEO_7338052242651598112,0.2674882411956787,0.07405906170606613,1.9511809349060059,1.38118314743042,4.8801188468933105
VIDEO_7338070752501026081,0.048847176134586334,0.0017112190835177898,0.11941523849964142,0.012728855013847351,0.14585523307323456
VIDEO_7338384626773216545,0.2431080937385559,0.035374000668525696,,,0.3999745845794678
VIDEO_7338699162768149792,0.33089637756347656,0.057299282401800156,,,0.563414454460144
VIDEO_7338777101547490593,2.8612756729125977,4.259312629699707,0.8305579423904419,0.26131463050842285,3.1756443977355957
VIDEO_7338778286597655840,3.1879849433898926,22.231260299682617,0.6938815712928772,0.2085716724395752,5.057135105133057
VIDEO_7338825965419662598,0.08864406496286392,0.0049205138348042965,0.4956330955028534,0.8105114102363586,1.2665300369262695
VIDEO_7338875309913017633,0.851067841053009,0.7914041876792908,,,1.702135682106018
VIDEO_7339952469901970693,0.20007751882076263,0.01635395735502243,0.3617178201675415,0.1553564816713333,0.5835458636283875
VIDEO_7340356860299496736,0.9604806303977966,0.31255239248275757,,,1.026465892791748
VIDEO_7340682108735671584,0.7292513251304626,1.3906220197677612,,,1.4585026502609253
VIDEO_7340684346040290593,0.06993961334228516,0.014299077913165092,,,0.07381340861320496
VIDEO_7340916267571858721,2.36967396736145,5.073609828948975,0.4796666204929352,0.1768747866153717,3.881150245666504
VIDEO_7341020687345192197,0.6185752153396606,0.17950955033302307,,,0.6675271987915039
VIDEO_7341290377858567456,0.20504620671272278,0.03263384848833084,,,0.2984711229801178
VIDEO_7341346159023246624,0.34421631693840027,0.15423142910003662,,,0.35935670137405396
VIDEO_7341738165746634017,0.4197954535484314,0.13581493496894836,,,0.43369364738464355
VIDEO_7342403362714914080,0.4353015720844269,0.22540701925754547,,,0.6305261850357056
VIDEO_7342531903209114913,0.22831036150455475,0.02113610878586769,,,0.23228323459625244
VIDEO_7342536344561896737,1.5553832054138184,1.1021077632904053,0.2805767059326172,0.0634300708770752,1.6647037267684937
VIDEO_7343256943923858720,0.18562737107276917,0.014505189843475819,,,0.19321760535240173
VIDEO_7343530174526377249,0.19061625003814697,0.020870396867394447,,,0.200349360704422
VIDEO_7343665662876781856,6.205329418182373,38.988590240478516,0.4789787530899048,0.08671729266643524,12.312487602233887
VIDEO_7343666836812123424,0.3321898579597473,0.07384993880987167,,,0.4780937731266022
VIDEO_7343923844316548384,3.422226905822754,53.67936325073242,0.90399169921875,0.7533079981803894,6.793439865112305
VIDEO_7343970143497653537,0.2023073434829712,0.02390287071466446,,,0.20403674244880676
VIDEO_7343975400122354977,0.01799314096570015,0.00015869608614593744,,,0.020476045086979866
VIDEO_7344270149593091361,1.8257910013198853,3.412806987762451,0.28379854559898376,0.03880512714385986,2.5522098541259766
VIDEO_7344271684406349088,0.21600162982940674,0.014905212447047234,,,0.23980078101158142
VIDEO_7344802060019256609,0.10189513117074966,0.007519748527556658,0.6312005519866943,0.7320736050605774,1.1431841850280762
VIDEO_7345082142235413793,0.1016186997294426,0.007444743998348713,,,0.12152399867773056
VIDEO_7345144791094660384,0.08571687340736389,0.02499617077410221,,,0.12156356871128082
VIDEO_7345477638619778309,4.868102073669434,13.970771789550781,1.5156067609786987,1.7090526819229126,8.4290771484375
VIDEO_7345515480288922912,0.11435724049806595,0.015094607137143612,,,0.2094506174325943
VIDEO_7345543122400726305,0.30886512994766235,0.12575170397758484,0.43636342883110046,0.07993900030851364,0.7374272346496582
VIDEO_7345753568462261537,0.6806268692016602,0.14905458688735962,,,0.8178428411483765
VIDEO_7345850735894072609,0.37863898277282715,0.05664695054292679,,,0.5326417684555054
VIDEO_7346110636008475937,0.17688880860805511,0.09087328612804413,0.4520185689131419,0.7739951809247335,0.9517041444778442
VIDEO_7346541062267079968,0.2154821753501892,0.03420441970229149,0.15948627889156342,0.011532013304531574,0.2712852954864502
VIDEO_7346623546229099781,3.1211459636688232,4.3773193359375,0.893894612789154,0.21977683901786804,4.048330783843994
VIDEO_7348097820320173344,0.16589206457138062,0.020803455263376236,0.4499865770339966,0.16667766869068146,1.176620364189148
VIDEO_7348379737519082784,0.784903883934021,1.2379710674285889,0.27979734539985657,0.051571186631917953,1.4861278533935547
VIDEO_7348384350297165061,0.3646427392959595,0.06715557724237442,2.5543649196624756,7.850346088409424,4.946552753448486
VIDEO_7348413567797841185,0.885871171951294,1.0342358350753784,,,1.3794171810150146
VIDEO_7348433044216253729,0.08854632824659348,0.005907596088945866,,,0.10112549364566803
VIDEO_7348717316856712480,0.1757063865661621,0.022502578794956207,3.986604690551758,47.08465576171875,6.653560161590576
VIDEO_7348766265927814432,0.046559326350688934,0.0016618614317849278,0.02811582386493683,0.00032271098461933434,0.05042529106140137
VIDEO_7349173304613162246,2.0761187076568604,3.7510621547698975,3.6062984466552734,53.49335861206055,7.716864585876465
VIDEO_7350207537771220256,0.25807464122772217,0.03281492739915848,0.021937860175967216,0.0005716712912544608,0.3906117081642151
VIDEO_7350221322317761825,0.21639904379844666,0.04352949559688568,0.03660475959380468,0.0031666699796915054,0.3483485281467438
VIDEO_7350265065762819360,0.43505042791366577,0.07029540836811066,,,0.46728548407554626
VIDEO_7350310562586283297,0.16736972332000732,0.02467355877161026,,,0.18156394362449646
VIDEO_7350708094302735649,1.0289406776428223,0.6506223082542419,0.8543301224708557,0.9568023681640625,2.0001673698425293
VIDEO_7350954462992682272,0.1482548713684082,0.0082613630220294,0.12458816170692444,0.00880058016628027,0.2226407825946808
VIDEO_7351073088601148704,0.05290995538234711,0.000952139962464571,0.05891217291355133,0.0022241673432290554,0.06453990936279297
VIDEO_7351084194061126945,0.2267407923936844,0.03083832561969757,0.19003963470458984,0.020273637026548386,0.39421868324279785
VIDEO_7351779832969104673,0.10966198891401291,0.005413815379142761,0.3519614636898041,0.10086815804243088,0.6997814178466797
VIDEO_7352233957276044577,0.6845202445983887,0.17790724337100983,0.3971399962902069,0.1073627844452858,0.7519819140434265
VIDEO_7353226118662589728,0.05337313562631607,0.001526409643702209,,,0.08203405886888504
VIDEO_7353535610641976609,0.7558730840682983,0.22045177221298218,,,0.814156174659729
VIDEO_7354009165796216097,0.3161719739437103,0.018581058830022812,1.563111662864685,5.757896423339844,4.175614833831787
VIDEO_7354275810578140449,0.0171397365629673,0.0003447127528488636,,,0.0209946446120739
VIDEO_7354350552693656864,0.13481460511684418,0.02339491806924343,0.1601690649986267,0.024149544537067413,0.1863127052783966
VIDEO_7354375095868984608,0.9120954275131226,0.21578869223594666,,,0.9487488269805908
VIDEO_7355500880721939744,1.0123209953308105,0.2590779662132263,,,1.0662600994110107
VIDEO_7355765566625402144,0.11951858550310135,0.010838641785085201,0.08229385316371918,0.0038651423528790474,0.1903340220451355
VIDEO_7356509644170333473,0.01713566482067108,0.001039370079524815,,,0.022070515900850296
VIDEO_7356608348030012704,0.7914059162139893,4.7959818840026855,0.018511280417442322,0.0004896607715636492,1.5732040405273438
VIDEO_7357327030335114528,1.2297195196151733,0.5379586815834045,,,1.6422322988510132
VIDEO_7357646734354304289,0.45803311467170715,0.155043825507164,0.22595350444316864,0.027054548263549805,0.8750524520874023
VIDEO_7358723892992642336,0.029746592044830322,0.0014559979317709804,,,0.03421952947974205
VIDEO_7358820174952172832,0.10848362743854523,0.01617284119129181,,,0.13483689725399017
VIDEO_7360309213765045536,0.2582628130912781,0.02829919382929802,,,0.2814188301563263
VIDEO_7361030582446378272,0.06063101813197136,0.0024868561886250973,,,0.07178786396980286
VIDEO_7361057454454508833,0.05836421996355057,0.004061663988977671,0.2438565492630005,0.061398282647132874,0.45153459906578064
VIDEO_7361717788299250976,0.38523629307746887,0.05910961702466011,,,0.4244866967201233
VIDEO_7361799258107841825,0.6362721920013428,0.15475495159626007,,,0.8011780381202698
VIDEO_7362544046675447073,2.503190040588379,19.495155334472656,0.15568692982196808,0.01898343674838543,4.792669773101807
VIDEO_7363657122795490593,0.010922931134700775,0.00028480717446655035,0.05308555066585541,0.007791412528604269,0.05437026172876358
VIDEO_7365161137324805408,0.22352135181427002,0.028439907357096672,,,0.3098810315132141
VIDEO_7365841944318086432,0.0,0.0,,,0.0
VIDEO_7366182227119525152,0.0643019750714302,0.0032608620822429657,,,0.06532412767410278
VIDEO_7366603470272515361,0.22395554184913635,0.02575848437845707,0.23740670084953308,0.042203303426504135,0.40943682193756104
VIDEO_7367273018181160224,1.112079381942749,0.8500276207923889,,,1.123427391052246
VIDEO_7368427984539127073,0.08036017417907715,0.005898331757634878,0.42359352111816406,0.20775385200977325,1.140154242515564
VIDEO_7369613653626113313,0.20612964034080505,0.025885343551635742,,,0.22383953630924225
VIDEO_7369623012087172384,0.10479340702295303,0.008468154817819595,0.2031804323196411,0.01769636757671833,0.26301324367523193
VIDEO_7369882061445926177,0.0795249491930008,0.003775857388973236,,,0.09568124264478683
VIDEO_7369936386000031009,0.058638546615839005,0.005969164427369833,0.09661213308572769,0.005783429369330406,0.15126074850559235
VIDEO_7369943098031443233,0.03889089077711105,0.0008579556597396731,,,0.04655259847640991
VIDEO_7371436708778315041,0.20991140604019165,0.03239544853568077,,,0.22854144871234894
VIDEO_7371791896622173473,0.21104136109352112,0.033409424126148224,,,0.2784913182258606
VIDEO_7372132003078032672,0.12611041963100433,0.009239861741662025,,,0.15442082285881042
VIDEO_7372168611449900321,0.05801966041326523,0.005238334182649851,,,0.08141709119081497
VIDEO_7372534191776386336,0.6765273809432983,0.4081598222255707,1.3719395399093628,5.210449695587158,3.9205162525177
VIDEO_7372567531258727712,0.8159195780754089,6.814890384674072,0.0523766465485096,0.003992981743067503,1.5363761186599731
VIDEO_7374072615356353825,0.7257633805274963,0.3195298910140991,0.6060168345769247,0.7034242749214172,1.0541149377822876
VIDEO_7374412100833250593,0.0830426961183548,0.005328473635017872,0.04538695979863405,0.0024293587363596694,0.12532809376716614
VIDEO_7374727208394411297,0.0681963786482811,0.003639332251623273,0.05580057576298714,0.0029357706662267447,0.10128553211688995
VIDEO_7375160946618076449,0.31259337067604065,0.07505324482917786,0.8266685605049133,0.7285032272338867,1.7678565979003906
VIDEO_7376630682824576289,0.0,0.0,0.2565435469150543,0.04059680178761482,0.4758475720882416
VIDEO_7377004580510436641,2.6796376705169678,11.844467163085938,0.04082304611802101,0.0009797003585845232,3.545210838317871
VIDEO_7377811070636920096,0.19650200009346008,0.016788320615887642,,,0.265360027551651
VIDEO_7378467106636991777,0.04567316174507141,0.0012622927315533161,0.005894882264935101,6.916804049694747e-05,0.055469561368227005
VIDEO_7379167807679761697,0.040655143558979034,0.0010982105741277337,,,0.058899976313114166
VIDEO_7379193504355978528,0.316586971282959,0.06710392236709595,,,0.4655458927154541
VIDEO_7379227737271094561,0.026240302249789238,0.0010617541847750545,0.010531435771554243,0.0004362352570576415,0.04332913085818291
VIDEO_7379994182741429536,0.1257329136133194,0.006853587459772825,0.42818382382392883,0.07137412577867508,0.7338413000106812
VIDEO_7381115594076146977,0.1840524822473526,0.025233473628759384,,,0.24901805818080902
VIDEO_7381446389819018529,0.05844869464635849,0.002343949628993869,,,0.06916413456201553
VIDEO_7382166710029208865,0.002972079673781991,2.0466412024688907e-05,0.004426537547260523,0.00011417151108616963,0.008853075094521046
VIDEO_7382840415893998880,0.06650036573410034,0.004057719372212887,0.19083070755004883,0.023948779329657555,0.265285462141037
VIDEO_7383600515478736161,0.02418958954513073,0.0005266568623483181,0.03478161618113518,0.001070227473974228,0.05857778340578079
VIDEO_7384098121715813664,0.5979832410812378,0.32428598403930664,0.5048191547393799,0.13895489275455475,0.8742640614509583
VIDEO_7384476119744974112,0.056979186832904816,0.0028518883045762777,0.02739293212168074,0.0021279322849731366,0.08206425607204437
VIDEO_7384844059896057120,0.10622845590114594,0.00856039673089981,0.23372499644756317,0.02790817618370056,0.36552825570106506
VIDEO_7385258008760028448,1.4648528099060059,1.7777652740478516,1.8775665760040283,1.8207892179489136,2.5550742149353027
VIDEO_7386194546062839073,0.24360957741737366,0.03328505530953407,0.13480110466480255,0.018352847546339035,0.343916118144989
VIDEO_7387308322162052385,0.3957580029964447,0.29543158411979675,0.23735404014587402,0.050095535814762115,0.7456221580505371
VIDEO_7388136382436281633,0.503387451171875,0.34099283814430237,,,0.5998179912567139
VIDEO_7388867149407849760,0.03144383803009987,0.0011420643422752619,0.00013056109310127795,5.5926584252574685e-08,0.031677719205617905
VIDEO_7390334004001639713,0.404765248298645,0.06817330420017242,0.5948909521102905,0.17330461740493774,0.6393077969551086
VIDEO_7390632928780340512,0.1624215990304947,0.021653201431035995,0.022243505343794823,0.0011917052324861288,0.22175540030002594
VIDEO_7391036925550906657,0.13946470618247986,0.013362981379032135,,,0.16053235530853271
VIDEO_7391169699821669665,0.20718792080879211,0.08091133087873459,,,0.24432365596294403
VIDEO_7391756601100651809,0.5944585204124451,0.20293788611888885,0.06661307066679001,0.004967171233147383,0.8541719913482666
VIDEO_7391769807764458784,0.8930563926696777,0.29351481795310974,0.5601945519447327,0.23564939200878143,1.678667426109314
VIDEO_7391864864840387872,0.3314504027366638,0.13030633330345154,,,0.37345659732818604
VIDEO_7391879654983912736,0.0722155049443245,0.0025069857947528362,,,0.0977703332901001
VIDEO_7392856168214957345,0.40552181005477905,0.07737483084201813,0.04056220129132271,0.001887916005216539,0.5514011979103088
VIDEO_7392879054988397856,1.2224979400634766,0.5310412645339966,,,1.252145767211914
VIDEO_7393260705048268065,0.0010793228866532445,8.326453553308966e-07,,,0.0011201786110177636
VIDEO_7393316600922885409,0.025063637644052505,0.0008147702901624143,0.7717764377593994,26.171180725097656,2.220001697540283
VIDEO_7393953054967581985,0.24187271296977997,0.04163195192813873,,,0.4088013768196106
VIDEO_7394351547376880929,0.8840928077697754,0.5996730923652649,1.1784433126449585,0.9658166766166687,2.465041399002075
VIDEO_7394757283214806305,0.43923383951187134,0.074455127120018,,,0.5718089938163757
VIDEO_7395189160081935649,0.2257598340511322,0.11618489027023315,,,0.2880021035671234
VIDEO_7395222817677085985,0.14580675959587097,0.014368364587426186,,,0.1889469474554062
VIDEO_7395950056001572128,0.016453607007861137,0.00022805971093475819,0.021479111164808273,0.000320647144690156,0.031665436923503876
VIDEO_7396708038398266656,0.1309666931629181,0.008614398539066315,,,0.1565428227186203
VIDEO_7396981634572078369,1.0799109935760498,0.2935972809791565,,,1.1237592697143555
VIDEO_7397062762150513952,0.26708829402923584,0.04586949199438095,1.6130744218826294,18.565391540527344,4.730886459350586
VIDEO_7397696022975188257,0.07639560848474503,0.007674750406295061,,,0.1330794245004654
VIDEO_7399196283501628705,0.3714349865913391,0.07296939194202423,0.45552924275398254,0.12103516608476639,0.9108530879020691
VIDEO_7399975638112783649,0.05067469924688339,0.0016887274105101824,0.08193141967058182,0.003930910024791956,0.13447313010692596
VIDEO_7400010201476123937,0.31584733724594116,0.04166798293590546,,,0.3211972117424011
VIDEO_7400379104962284832,0.05405225604772568,0.002445927821099758,,,0.055990975350141525
VIDEO_7400784701633416481,0.7156203985214233,0.2273155152797699,1.491653561592102,0.599967896938324,1.491653561592102
VIDEO_7401059521860209952,1.4701999425888062,0.6386083960533142,0.16866397857666016,0.019450383260846138,1.6704440116882324
VIDEO_7401388090830359841,0.6512649059295654,1.3728842735290527,0.8644590377807617,0.559140682220459,0.9814225435256958
VIDEO_7402923905754746145,0.545974850654602,0.1256590485572815,,,0.5600515604019165
VIDEO_7403329560554523936,1.0182541608810425,1.6980677843093872,0.670246014992396,1.070446548362573,1.8859384059906006
VIDEO_7403421764769926432,0.00043309881584718823,3.237550174617354e-07,0.00030536315171048045,1.0681151962899094e-07,0.0006352736381813884
VIDEO_7407351220127419681,0.0695497989654541,0.003374951658770442,1.0094225406646729,0.7189505100250244,1.5402990579605103
VIDEO_7407736509996043553,0.15307804942131042,0.13776062428951263,0.0530579499900341,0.004779456648975611,0.20900970697402954
VIDEO_7407843953539583265,0.00025830414961092174,2.081302739043167e-07,0.05583806335926056,0.010188036598265171,0.05583806335926056
VIDEO_7410298388022824225,0.008178584277629852,0.0001103227332350798,,,0.010270699858665466
VIDEO_7410359060681297184,0.3510666489601135,0.05416949465870857,,,0.6067143678665161
VIDEO_7410754655682153761,0.013490907847881317,0.000308155023958534,,,0.016331762075424194
VIDEO_7412540786975231264,0.009859428741037846,0.0002815716725308448,,,0.016817616298794746
VIDEO_7412939421089090849,1.7719461917877197,1.4281995296478271,,,1.9301800727844238
VIDEO_7413269884840267040,0.004391908645629883,1.3546719856094569e-05,,,0.0051668863743543625
VIDEO_7413699830469397793,0.5555533170700073,0.29541489481925964,,,0.7171281576156616
VIDEO_7414059508630031648,1.7770130634307861,12.017047882080078,0.1743190735578537,0.0405256561934948,3.3576865196228027
VIDEO_7414073681992895776,2.482863664627075,11.410008430480957,0.18930582702159882,0.016060277819633484,4.8153839111328125
VIDEO_7414109220523511073,0.22782312333583832,0.029826289042830467,0.29905277490615845,0.05755624175071716,0.4477844834327698
VIDEO_7414443436134223137,0.2910382151603699,0.2130209505558014,,,0.5623756051063538
VIDEO_7415541670361500961,0.1731932908296585,0.018563317134976387,,,0.18495169281959534
VIDEO_7415546238927523104,0.42834359407424927,0.10424914956092834,,,0.4329677224159241
VIDEO_7415576931577433349,0.4561089873313904,0.16449974477291107,0.41888999938964844,0.26065680384635925,0.6907109022140503
VIDEO_7415589341981986080,1.1399245262145996,0.6451318860054016,0.8775618076324463,0.4888647198677063,2.084390640258789
VIDEO_7416286728513735968,0.310658723115921,0.05195734649896622,,,0.4573405981063843
VIDEO_7418133778406657313,0.07523040473461151,0.00578536419197917,,,0.09266563504934311
VIDEO_7418157210896698657,0.1383817195892334,0.013730735518038273,0.041170667856931686,0.0013456895248964429,0.2658284902572632
VIDEO_7418230327207939360,0.8839848041534424,0.36631375551223755,,,1.3682637214660645
VIDEO_7421838132624002336,1.0321441888809204,0.3268374502658844,,,1.4742157459259033
VIDEO_7421851827794152737,0.9244447946548462,0.3116492033004761,2.693694591522217,3.2269105911254883,4.089259624481201
VIDEO_7421927684965502240,0.04426790773868561,0.0017211015801876783,,,0.053649671375751495
VIDEO_7423318018853178657,0.03938443958759308,0.0010980229126289487,,,0.04990701377391815
VIDEO_7423773390932135201,0.3323855698108673,0.04763485863804817,,,0.3963782489299774
VIDEO_7424512450856357153,0.16319100558757782,0.020299281924962997,0.7081429362297058,0.5456183552742004,1.3378287553787231
VIDEO_7425904564697632032,0.16764339804649353,0.012150296941399574,2.4595882892608643,3.3901281356811523,5.647256851196289
VIDEO_7425965869924142369,1.340556263923645,20.045085906982422,11.802502632141113,169.21383666992188,31.869171142578125
VIDEO_7426709076924484897,0.3363270163536072,0.03924821317195892,,,0.35554710030555725
VIDEO_7426721230721453318,0.6293954849243164,0.09370752424001694,,,0.6955037117004395
VIDEO_7428251635102534945,0.3155263066291809,0.07008117437362671,0.8226251006126404,0.7196517586708069,1.755433201789856
VIDEO_7429021024517229857,0.1755301058292389,0.006458485499024391,0.21401859819889069,0.012727569788694382,0.21401859819889069
VIDEO_7429720640111791392,0.27546387910842896,0.04357405751943588,0.05084698647260666,0.0021789080929011106,0.34628039598464966
VIDEO_7429721456851864864,0.9693852663040161,0.5920267701148987,0.3645724952220917,0.23956292867660522,1.0669360160827637
VIDEO_7431168865142328608,0.44389817118644714,0.061730727553367615,,,0.5007991790771484
VIDEO_7431201197672975648,0.0656777024269104,0.0017901109531521797,,,0.11201512813568115
VIDEO_7431510658845379872,0.14539788663387299,0.043075382709503174,0.15992072224617004,0.08493978530168533,0.36459168791770935
VIDEO_7431962598909791521,0.21007049083709717,0.022751282900571823,0.41324952244758606,0.08631812781095505,0.885511577129364
VIDEO_7433411068988280097,0.22243762016296387,0.03926815837621689,0.20599673688411713,0.0624254085123539,0.5112867951393127
VIDEO_7433817907278269729,0.20965513586997986,0.021818311884999275,0.20737457275390625,0.03936127573251724,0.2405901849269867
VIDEO_7434514141697625377,0.15267108380794525,0.007225767243653536,0.09481684118509293,0.05518904700875282,0.18963368237018585
VIDEO_7434931188642352417,0.2829550504684448,0.03180105984210968,0.22201713919639587,0.10769282281398773,0.38919830322265625
VIDEO_7436044441170857249,1.3531384468078613,0.8499078154563904,0.20642535388469696,0.024756962433457375,1.585016131401062
VIDEO_7436403924350864672,0.5791670083999634,0.16459277272224426,,,0.587702214717865
VIDEO_7436439641298865441,0.3206542134284973,0.08660493791103363,0.1303195208311081,0.01250172033905983,0.3570250868797302
VIDEO_7436650165861141792,0.053493328392505646,0.001897113281302154,0.4751657545566559,0.11738765239715576,0.5988032817840576
VIDEO_7436892906801073441,1.0279698371887207,1.634521484375,,,1.415623426437378
VIDEO_7437476740533865761,0.7240286469459534,0.8406416177749634,,,1.2746379375457764
VIDEO_7437536576072125728,2.6306872367858887,13.488362312316895,1.0301650762557983,0.42939481139183044,4.020432472229004
VIDEO_7438288130567949601,0.13670435547828674,0.28541240096092224,,,0.13948173820972443
VIDEO_7438966885879696662,2.1180806159973145,1.1990351676940918,0.8051770925521851,0.16708679497241974,2.2179737091064453
VIDEO_7439254923365059873,0.07101656496524811,0.004007874522358179,0.49435725808143616,0.0813247486948967,0.8641802072525024
VIDEO_7439269165111725345,0.4157131612300873,0.0479726605117321,,,0.4646972119808197
VIDEO_7439301301864877344,0.4035071134567261,0.10878688097000122,0.20581544935703278,0.028469160199165344,0.4758772850036621
VIDEO_7439661735742557472,0.5607661008834839,0.08339351415634155,0.6682540774345398,0.15483151376247406,0.7399603724479675
VIDEO_7439731424854379809,1.0391203165054321,1.4678469896316528,0.24425683915615082,0.1219971626996994,1.9422156810760498
VIDEO_7440066420332924192,0.31220537424087524,0.04448564350605011,1.0496702194213867,0.35018646717071533,1.8073025941848755
VIDEO_7440140885246971169,0.32102856040000916,0.28864917159080505,0.28610727190971375,0.05373067781329155,0.6322849988937378
VIDEO_7440142040542825760,1.7302422523498535,1.43074369430542,0.45701661705970764,0.08338554948568344,2.463487148284912
VIDEO_7440465091817999649,0.0,0.0,,,0.0
VIDEO_7440567441777757472,0.41290712356567383,0.08849475532770157,,,0.479650616645813
VIDEO_7441626192760884513,1.6086558103561401,2.3517940044403076,0.397390753030777,0.09617608785629272,3.117006301879883
VIDEO_7441958558054337825,0.36879223585128784,0.05033788084983826,,,0.401559978723526
VIDEO_7441976604730936609,0.3155244290828705,0.12050911784172058,0.1633189469575882,0.02391216903924942,0.525091290473938
VIDEO_7441982856659815713,0.043253280222415924,0.0013424698263406754,0.3391805589199066,0.1566256433725357,0.6394332051277161
VIDEO_7441997259060825377,2.0213704109191895,12.65528392791748,0.15100036561489105,0.022535428404808044,3.7225701808929443
VIDEO_7442009228555930913,0.03569292277097702,0.0006773194181732833,0.23111160099506378,0.05811681970953941,0.4574963450431824
VIDEO_7442235405757336864,2.2813796997070312,5.126381874084473,6.3356170654296875,42.11350631713867,15.164344787597656
VIDEO_7442349120498519329,0.5253578424453735,0.5704552531242371,0.8860867023468018,0.4618132412433624,1.1869544982910156
VIDEO_7442354645382532385,0.11308164894580841,0.012411164119839668,,,0.15090130269527435
VIDEO_7442685576798604566,0.08099906146526337,0.006607238203287125,,,0.10956855118274689
VIDEO_7442737337525669142,0.07689905166625977,0.008807267993688583,,,0.10154026001691818
VIDEO_7443846446362774817,0.0,0.0,0.5095647573471069,0.5329539775848389,1.147772192955017
VIDEO_7443866656956255510,0.5880888104438782,0.11334627121686935,0.26284003257751465,0.04307248070836067,0.6723802089691162
VIDEO_7444192177149742358,0.014736572280526161,8.702852937858552e-05,,,0.01692194491624832
VIDEO_7444595106025442593,2.4171130657196045,9.635754585266113,1.971645712852478,2.003913402557373,4.452325820922852
VIDEO_7444856032486116630,0.3217449486255646,0.08061837404966354,0.18193791806697845,0.05639996752142906,0.6103095412254333
VIDEO_7444926040855661846,0.4546031057834625,0.18374945223331451,,,0.8264338374137878
VIDEO_7444957131670949142,0.14336514472961426,0.018411697819828987,0.09337247163057327,0.006944150198251009,0.23207685351371765
VIDEO_7446341554735828256,0.05528182536363602,0.0039031761698424816,,,0.059239666908979416
VIDEO_7446429495948594454,0.02905874513089657,0.0019442609045654535,,,0.05811749026179314
VIDEO_7446787674863684886,0.025432592257857323,0.0004624752327799797,,,0.027325360104441643
VIDEO_7446804107312008470,0.02488863840699196,0.0003891342203132808,,,0.02811003103852272
VIDEO_7446821670133845270,0.003917639143764973,1.1129615813842975e-05,,,0.003929837606847286
VIDEO_7447184186034654496,0.06393836438655853,0.003909415099769831,0.031779948621988297,0.0005474146455526352,0.10287740081548691
VIDEO_7447200750096223510,0.09120819717645645,0.008722033351659775,,,0.1493578404188156
VIDEO_7447512835350859040,0.5573626160621643,0.5104361772537231,3.8235111236572266,15.579269409179688,11.469879150390625
VIDEO_7447515391426825504,0.8764640092849731,0.30626484751701355,1.0665793418884277,0.29312098026275635,1.2979434728622437
VIDEO_7447538385993895201,0.07169811427593231,0.002539733424782753,,,0.10586731880903244
VIDEO_7447835163444235552,0.023740090429782867,0.00025552031002007425,,,0.024055369198322296
VIDEO_7447927530448915735,0.0006659476784989238,8.761413710089982e-07,,,0.0011337531032040715
VIDEO_7447956995182759190,0.6451698541641235,0.19801707565784454,0.5649244785308838,0.2529745399951935,1.1808346509933472
VIDEO_7448354400998853910,0.43727877736091614,0.059603288769721985,,,0.5324614644050598
VIDEO_7449430237114404128,0.26377561688423157,0.07444384694099426,1.9588432312011719,1.3995243310928345,4.900901794433594
VIDEO_7450183993355488545,0.7957156300544739,0.26414754986763,,,0.8109016418457031
VIDEO_7450432979526012182,0.5909655094146729,0.10237498581409454,,,0.659505307674408
VIDEO_7450928915159190806,2.82930326461792,3.4622597694396973,,,3.213960886001587
VIDEO_7451579890048027937,0.03126445412635803,0.0006707123247906566,0.19836199283599854,0.041250910609960556,0.2698121964931488
VIDEO_7451599218545970454,0.08267932385206223,0.004185373894870281,,,0.10620184242725372
VIDEO_7451629003380755734,0.0,0.0,,,0.0
VIDEO_7452387800818666785,0.4927608370780945,0.08561509847640991,0.2454056739807129,0.059683579951524734,0.740061342716217
VIDEO_7452742967695002902,0.1003810465335846,0.004058873280882835,,,0.12758859992027283
VIDEO_7452758752337399073,0.20493808388710022,0.022366831079125404,,,0.23564784228801727
VIDEO_7453016788465454358,0.2234015166759491,0.03323166072368622,1.7721729278564453,20.976642608642578,4.119447231292725
VIDEO_7453069595327384865,0.6126146912574768,0.7391069531440735,1.4554375410079956,2.892056465148926,2.910875082015991
VIDEO_7453132168940915991,1.7137125730514526,2.583292007446289,0.08004540205001831,0.009035826660692692,2.107098340988159
VIDEO_7454218208648727840,0.4387893080711365,0.15488475561141968,0.18920981884002686,0.03779396042227745,0.6003531813621521
VIDEO_7454233566264855831,0.45361632108688354,0.09104178845882416,,,0.5619195699691772
VIDEO_7454985264952266016,0.32035133242607117,0.022522853687405586,1.5083624124526978,5.2609710693359375,4.02618932723999
VIDEO_7455305851092389142,0.30989447236061096,0.11933713406324387,,,0.4973551630973816
VIDEO_7455422115802565910,2.0260419845581055,29.34247589111328,0.2977025806903839,0.44789108633995056,3.9760303497314453
VIDEO_7456101045601570070,2.584829807281494,4.0355448722839355,,,4.042658805847168
VIDEO_7456310839121874198,0.024276548996567726,0.00045961359865032136,,,0.02891661413013935
VIDEO_7456392986897730838,0.2395401895046234,0.03787703812122345,,,0.3437366485595703
VIDEO_7456840693982465312,1.166752576828003,1.7303857803344727,0.35356083512306213,0.10007572794953982,1.7723489999771118
VIDEO_7457155091238259990,0.5727633237838745,0.22040365636348724,,,0.7199941873550415
VIDEO_7457582868370296096,1.4922773838043213,3.301115036010742,0.603675901889801,0.3587261438369751,2.8562896251678467
VIDEO_7457587495031606560,0.5658820867538452,0.1253911256790161,,,0.7971493601799011
VIDEO_7457617290348072197,0.18700774013996124,0.02812967821955681,,,0.2638407349586487
VIDEO_7457876496447819030,1.965519905090332,16.843374252319336,0.05066122114658356,0.0012289067963138223,3.914815902709961
VIDEO_7457889721201577248,0.3236863613128662,0.04678380489349365,,,0.5456942915916443
VIDEO_7458325240628661537,5.998064994812012,68.74972534179688,0.7831231951713562,0.6084020733833313,6.901748180389404
VIDEO_7458328611213298976,0.16115279495716095,0.013727324083447456,,,0.1921297311782837
VIDEO_7458331354212666646,0.44871366024017334,0.10500854253768921,0.07367600500583649,0.006839057430624962,0.5738557577133179
VIDEO_7458336545490193686,0.482329785823822,0.11026452481746674,0.10068842768669128,0.003547386499121785,0.650271475315094
VIDEO_7458380266004843798,0.043409306555986404,0.0012786311563104391,0.5043096542358398,0.1245959922671318,0.6204218864440918
VIDEO_7459384907962305825,0.057916879653930664,0.002038812730461359,,,0.06388457864522934
VIDEO_7459403430122097942,0.04491347074508667,0.0024027270264923573,0.13561128079891205,0.014470494352281094,0.22589969635009766
VIDEO_7459483581803482390,0.16183072328567505,0.014782012440264225,0.12355442841847737,0.010050135664641857,0.26478147506713867
VIDEO_7459503727737687318,0.1001245528459549,0.008906586095690727,0.5346193909645081,0.5351430773735046,1.0516301393508911
VIDEO_7460568175726398742,1.8006350994110107,3.1482889652252197,0.07307971268892288,0.007861580699682236,3.2668955326080322
VIDEO_7461582150937169174,0.22279615700244904,0.01843295432627201,,,0.2910532057285309
VIDEO_7461615118414073110,0.0813828855752945,0.004513561259955168,,,0.08828963339328766
VIDEO_7461940902890605829,0.23064246773719788,0.04631410911679268,0.2699820101261139,0.049246326088905334,0.3257191777229309
VIDEO_7462409528211033366,0.47474581003189087,0.15989714860916138,0.21228820085525513,0.04351536184549332,0.9100720882415771
VIDEO_7462655968522931478,1.1882907152175903,1.4153422117233276,,,1.2684204578399658
VIDEO_7462683592603340054,0.47865012288093567,0.14119943976402283,,,0.5006329417228699
VIDEO_7462724279965125920,0.040608376264572144,0.0011997707188129425,,,0.07208723574876785
VIDEO_7463089844516965637,0.22873461246490479,0.03916088119149208,,,0.2901707887649536
VIDEO_7463198577188146464,0.5489054918289185,0.10958300530910492,0.3588004410266876,0.07444267719984055,0.8352895975112915
VIDEO_7463500754318347542,0.022939227521419525,0.0021775783970952034,0.05044018477201462,0.0013504845555871725,0.07878341525793076
VIDEO_7463516081081027862,0.7246675491333008,0.1962955892086029,0.3567167818546295,0.24093031883239746,0.949603796005249
VIDEO_7463520186876939552,1.016127347946167,0.7538400292396545,1.5321863889694214,2.1246328353881836,2.4815385341644287
VIDEO_7464875419959921952,0.12055199593305588,0.006076164077967405,,,0.17107346653938293
VIDEO_7464890614258158870,1.088436245918274,5.266239643096924,0.35248056054115295,0.06857839226722717,2.030900239944458
VIDEO_7465291116045208865,0.4950118362903595,0.24859243631362915,0.010242514312267303,0.00014519301475957036,0.500419557094574
VIDEO_7465375886779403552,0.3900788426399231,0.08099876344203949,0.780506432056427,0.5705306529998779,1.3675566911697388
VIDEO_7465714414814137623,0.11255904287099838,0.008921508677303791,0.35699471831321716,0.05438773334026337,0.6373642086982727
VIDEO_7466084820825787680,0.5982791185379028,0.09804214537143707,,,0.6624114513397217
VIDEO_7466106459403701526,0.27183857560157776,0.04501328244805336,,,0.2940085530281067
VIDEO_7466109584952855840,0.10139377415180206,0.008001322858035564,,,0.11378173530101776
VIDEO_7466117788898315552,0.5895408987998962,0.08663300424814224,1.3852702776590984,1.5209230581919353,2.553833484649658
VIDEO_7466514918137728278,0.19168096780776978,0.017881501466035843,0.23091037571430206,0.021893614903092384,0.29667845368385315
VIDEO_7467185543240109345,0.031159408390522003,0.0006643958622589707,,,0.03725956007838249
VIDEO_7467231080735690017,0.030986230820417404,0.0006358622340485454,0.05339174345135689,0.0028218915686011314,0.11957285553216934
VIDEO_7467247804717550870,0.4241446256637573,0.09474494308233261,,,0.6367177963256836
VIDEO_7467520617160396054,0.13111209869384766,0.012586196884512901,,,0.14331793785095215
VIDEO_7467999174936644886,0.020579610019922256,0.00025638751685619354,,,0.025568412616848946
VIDEO_7468313844230704406,0.13871580362319946,0.011810807511210442,0.13537248969078064,0.011463861912488937,0.16410337388515472
VIDEO_7468323433714126112,0.306877464056015,0.06255333125591278,0.14229512214660645,0.01222594641149044,0.3811136484146118
VIDEO_7468709057516326177,0.6781269311904907,0.43915173411369324,6.658505916595459,72.39338684082031,19.211627960205078
VIDEO_7468715378743528736,0.12169001996517181,0.011300028301775455,0.47229695320129395,0.16528846323490143,0.6639211773872375
VIDEO_7469067273794456854,0.31862762570381165,0.0758146345615387,0.625072717666626,0.2278644541899363,1.023855447769165
VIDEO_7469703437299551510,0.34451571106910706,0.20448529720306396,1.0680875778198242,1.3904614448547363,2.42026948928833
VIDEO_7470159373935856918,0.1144094467163086,0.0069093662314116955,,,0.12166488915681839
VIDEO_7470212560399109398,2.929607391357422,5.795534133911133,0.755983829498291,0.4441550672054291,3.8330178260803223
VIDEO_7470495287212084503,0.3296932578086853,0.06868936121463776,,,0.5308260917663574
VIDEO_7470532387223407904,0.10938581079244614,0.022270673885941505,7.332871913909912,94.52568817138672,21.55445098876953
VIDEO_7470850262840691990,0.2277795821428299,0.0333348773419857,,,0.28740599751472473
VIDEO_7470863926922579205,0.14987532794475555,0.015166142955422401,0.4011029899120331,0.05334441363811493,0.46497419476509094
VIDEO_7471186366500539670,1.9543691873550415,5.726071834564209,0.38071367144584656,0.06306130439043045,3.401304244995117
VIDEO_7471251146288418070,7.6335883140563965,28.057268142700195,3.971569776535034,12.750022888183594,12.395017623901367
VIDEO_7471286673494527254,0.20098544657230377,0.022918464615941048,0.07792208343744278,0.005207317415624857,0.22542338073253632
VIDEO_7471289820795374870,0.3853914737701416,0.08506368100643158,,,0.43815672397613525
VIDEO_7471348371962334486,0.21665123105049133,0.028014041483402252,1.2384916543960571,1.0271433591842651,1.3320733308792114
VIDEO_7471349532496842006,0.45588719844818115,0.08287718147039413,,,0.8782702684402466
VIDEO_7471566242168491286,1.1390234231948853,2.9558026790618896,,,1.992203950881958
VIDEO_7472755159945252118,0.8148714303970337,0.09626501053571701,,,1.2719032764434814
VIDEO_7473095088948759830,0.634910523891449,0.2615219056606293,4.424322128295898,33.337764739990234,9.778898239135742
VIDEO_7473224176086584598,0.04672177881002426,0.004732203204184771,,,0.06314529478549957
VIDEO_7473874393719000342,0.10178937017917633,0.008381842635571957,,,0.12619009613990784
VIDEO_7474265267783208214,0.2039339542388916,0.01914578676223755,,,0.35842859745025635
VIDEO_7474331497533836566,0.24045684933662415,0.03099343553185463,0.24529413878917694,0.06826906651258469,0.3819487988948822
VIDEO_7474625701350509846,0.1438865065574646,0.02910320833325386,,,0.22798436880111694
VIDEO_7474850979473640726,0.892991304397583,0.24616873264312744,,,0.9721599221229553
VIDEO_7475273206497086742,0.13310396671295166,0.013081174343824387,0.0149914575740695,0.00033700279891490936,0.23880934715270996
VIDEO_7475642830430522646,0.05319451540708542,0.00216784980148077,0.1917717307806015,0.04449530318379402,0.2800333499908447
VIDEO_7475687308797299990,0.7209435701370239,0.2277119904756546,,,1.11228609085083
VIDEO_7475816575975623958,0.06369329988956451,0.0028227828443050385,,,0.08167746663093567
VIDEO_7476157177149803798,0.42718759179115295,0.14340372383594513,0.4138426184654236,0.15740153193473816,0.6760717034339905
VIDEO_7476404323317222658,0.822576105594635,0.6391245722770691,0.35316282510757446,0.15509964525699615,0.9797178506851196
VIDEO_7476738167522053398,0.002208415186032653,6.013397069182247e-06,,,0.003092643106356263
VIDEO_7476765597204860182,0.1479046791791916,0.010279696434736252,,,0.18456101417541504
VIDEO_7476865863409257750,2.6909892559051514,34.623939514160156,0.037984512746334076,0.0008119920385070145,5.031915664672852
VIDEO_7477287305078934786,0.7990756034851074,0.25235840678215027,,,1.367858648300171
VIDEO_7477935287646063894,0.39136916399002075,0.09015950560569763,,,0.51739501953125
VIDEO_7478288153153916182,1.2162086963653564,1.5943800210952759,1.4098396301269531,1.4949793815612793,1.7091747522354126
VIDEO_7478407463675481366,0.9657784700393677,0.2696676254272461,,,1.0659446716308594
VIDEO_7478417820376812822,0.5410572290420532,0.5722740888595581,1.755531668663025,4.690867900848389,4.975998401641846
VIDEO_7478712216724802838,0.16643336415290833,0.01871059089899063,0.2842218577861786,0.060387153178453445,0.5170843005180359
VIDEO_7478735064881237270,0.5019891858100891,0.205905482172966,0.957294762134552,1.4377919435501099,2.3374228477478027
VIDEO_7478999877444226326,2.185694932937622,19.566829681396484,0.051687102764844894,0.0019793121609836817,4.17172384262085
VIDEO_7479068329584364823,0.1429089903831482,0.018461128696799278,,,0.14496958255767822
VIDEO_7479081271746989334,0.18996331095695496,0.014914439059793949,0.7150442600250244,0.2691141366958618,0.8614818453788757
VIDEO_7479158367873748246,0.4450046420097351,0.05648507922887802,0.7551059722900391,0.23781470954418182,1.31947922706604
VIDEO_7479481184100044054,0.04220258817076683,0.0012302921386435628,,,0.04379334673285484
VIDEO_7479794065983147269,0.7224498987197876,0.14301443099975586,,,1.0179545879364014
VIDEO_7480244111207976214,0.5269439816474915,0.07720454037189484,,,0.5567314624786377
VIDEO_7480563839319264534,0.2426060140132904,0.03746739774942398,0.4389091432094574,0.12255582958459854,0.4904663562774658
VIDEO_7480851478555659543,0.09679104387760162,0.005935469642281532,,,0.11442886292934418
VIDEO_7480918194438278422,0.6687924265861511,0.09626031666994095,0.3258768320083618,0.05489204823970795,1.0021381378173828
VIDEO_7480938335133863190,0.042149655520915985,0.003483959473669529,,,0.06938832998275757
VIDEO_7481596789448117526,1.1882717609405518,0.8657221794128418,,,1.3778157234191895
VIDEO_7481624954484690198,0.0581354945898056,0.0012770667672157288,0.06570180505514145,0.002461771946400404,0.08142319321632385
VIDEO_7481977420220779798,1.098742961883545,1.510768175125122,0.9339917302131653,0.47883522510528564,1.7422540187835693
VIDEO_7482898265906646294,0.4983119070529938,0.9676141738891602,0.0006824013544246554,6.362967042150558e-07,0.8974027633666992
VIDEO_7483098002547100950,2.364964246749878,3.524773597717285,,,3.4914350509643555
VIDEO_7483220883759303959,0.4590967893600464,0.10288849472999573,0.34544238448143005,0.11328613758087158,0.582923412322998
VIDEO_7483430893965626646,0.00027751497691497207,1.822256905370523e-07,,,0.0005550299538299441
VIDEO_7483554122663234838,3.2870733737945557,23.90184211730957,0.1568606197834015,0.0580446682870388,6.502291679382324
VIDEO_7483888039303843094,0.17894327640533447,0.01532422099262476,,,0.246503546833992
VIDEO_7483898615803612418,0.32215237617492676,0.08966279029846191,0.0006768133025616407,5.580321271736466e-07,0.3569270968437195
VIDEO_7484305196332436758,0.03361985832452774,0.0007532504969276488,,,0.03830345347523689
VIDEO_7484928854029634838,0.026291480287909508,0.0006411483627744019,,,0.029455440118908882
VIDEO_7485301680930688278,4.609203097061254e-05,1.8797486234234384e-08,2.3614113160874695e-05,3.745490140261154e-09,9.218406194122508e-05
VIDEO_7485773090555956503,0.41110432147979736,0.32216840982437134,,,0.6794087290763855
VIDEO_7485818484723567894,0.17742390930652618,0.013409370556473732,0.8331514000892639,1.0332591533660889,2.036362648010254
VIDEO_7486043762590895382,0.4768725335597992,0.06878066062927246,,,0.5615420341491699
VIDEO_7486129539827928342,0.08799639344215393,0.0026513379998505116,0.27650055289268494,0.06798737496137619,0.6545687913894653
VIDEO_7486138878026321174,0.8427320718765259,0.7141799926757812,0.4311791658401489,0.14899030327796936,1.2296324968338013
VIDEO_7486391346727537942,0.05924035608768463,0.0038759831804782152,0.0011348876869305968,1.1333050906614517e-06,0.10530556738376617
VIDEO_7486822725684792599,0.09541331976652145,0.007562563754618168,0.10202382504940033,0.011541228741407394,0.20404765009880066
VIDEO_7487276696215817494,1.196539044380188,1.1793359518051147,,,1.5890730619430542
VIDEO_7487328540497628438,0.1006494015455246,0.022620530799031258,0.4693930149078369,0.5148624777793884,1.1767741441726685
VIDEO_7487960173529582870,3.3413498401641846,8.786214828491211,4.22662878036499,16.161685943603516,11.639613151550293
VIDEO_7488220279244623126,0.5380215644836426,0.10818353295326233,0.5468991994857788,0.15821747481822968,0.6737333536148071
VIDEO_7488241037907905797,0.1096276119351387,0.008914507925510406,,,0.12129196524620056
VIDEO_7488659236717628694,0.08556446433067322,0.005059597548097372,,,0.0917898416519165
VIDEO_7489499424884821270,0.14274775981903076,0.01796799898147583,0.21646034717559814,0.04278681054711342,0.5199838876724243
VIDEO_7490119511731965206,0.0641089528799057,0.0035370751284062862,0.02003290131688118,0.0004984733532182872,0.07437662035226822
VIDEO_7490222588883422486,0.3844653367996216,0.1277601420879364,0.612669050693512,0.1518862247467041,0.612669050693512
VIDEO_7490268698918309142,0.42731255292892456,0.11648097634315491,1.0650216341018677,0.8165108561515808,1.3341540098190308
VIDEO_7490984274049469718,0.8514419198036194,0.45491349697113037,,,1.6694971323013306
VIDEO_7491219464474856727,0.16928741335868835,0.012835362926125526,,,0.17056836187839508
VIDEO_7491322585624349974,0.4882757067680359,0.11588431149721146,,,0.6663072109222412
VIDEO_7491632736105450774,0.1371152698993683,0.010214311070740223,,,0.14228761196136475
VIDEO_7493248933460741378,0.2724556028842926,0.08513545989990234,,,0.3133772909641266
VIDEO_7493891893026180374,0.06039537489414215,0.0021590781398117542,1.058003544807434,0.7754494547843933,2.8564558029174805
VIDEO_7493955664008498454,0.1327930986881256,0.010187720879912376,0.10640978813171387,0.00965193472802639,0.13352692127227783
VIDEO_7494193739187916054,0.19049875438213348,0.024001581594347954,,,0.2628325819969177
VIDEO_7494205664135236886,0.03602921962738037,0.0008194207912310958,0.048012569546699524,0.0015236525796353817,0.056390997022390366
VIDEO_7494230009050139926,0.03940194472670555,0.0018613418797031045,,,0.07057066261768341
VIDEO_7494238893546474774,0.006395867094397545,2.2838725271867588e-05,,,0.00659412844106555
VIDEO_7494590607797554454,0.14614176750183105,0.008592833764851093,0.15235011279582977,0.009656170383095741,0.1710149049758911
VIDEO_7495322095065238806,1.1337590217590332,1.6925989389419556,0.19576361775398254,0.03977791592478752,1.2094156742095947
VIDEO_7495368561821535510,0.05441991239786148,0.0016949556302279234,1.5843032598495483,3.8247861862182617,4.625019550323486
VIDEO_7495455289882184982,0.03211188316345215,0.0007143113762140274,,,0.03615220636129379
VIDEO_7495704452696116503,0.9198817014694214,0.2958378195762634,0.10968418916066487,0.00873406029616793,1.0509839057922363
VIDEO_7495849453228657942,0.1755228340625763,0.018799329176545143,0.08029667288064957,0.004087512847036123,0.218528151512146
VIDEO_7496799936558796054,4.718814849853516,118.72838592529297,0.11454425007104874,0.010242988355457783,9.403867721557617
VIDEO_7496845046814166294,0.46466532349586487,0.3648275136947632,0.46977174282073975,0.30097776651382446,1.0334124565124512
VIDEO_7500926454671232278,0.8326898813247681,0.1692461222410202,,,0.9596439003944397
VIDEO_7500939642972212502,0.27233952283859253,0.02576155960559845,0.1759144812822342,0.01980675384402275,0.3518289625644684
VIDEO_7502082897935928598,0.04239177703857422,0.0005211819079704583,0.01700589805841446,0.00014727492816746235,0.05089493840932846
VIDEO_7504006062559776022,0.0009126203367486596,7.261106702571851e-07,0.0003878049901686609,4.815387342205213e-07,0.0011116862297058105
VIDEO_7504292781637127446,0.15786197781562805,0.019850745797157288,0.22535310685634613,0.04227285459637642,0.4089757204055786
VIDEO_7504627479449963798,0.18113163113594055,0.04453764855861664,1.1085420846939087,1.5428109169006348,1.7606899738311768
VIDEO_7504668782045039894,0.17079827189445496,0.03251185268163681,,,0.20896363258361816
VIDEO_7505058159258504470,1.246415376663208,1.8952581882476807,,,1.3262701034545898
VIDEO_7506217095441435926,0.033020954579114914,0.0006659888313151896,0.07012417167425156,0.004265578463673592,0.11868759989738464
VIDEO_7506795063012232470,0.003374928142875433,4.062251900904812e-05,,,0.00540561880916357
VIDEO_7506824474902433026,0.874356746673584,0.34139516949653625,,,1.080946922302246
VIDEO_7507578375586712854,0.14947111904621124,0.017673924565315247,0.29031360149383545,0.05933782830834389,0.4487818777561188
VIDEO_7508716246301510914,0.0005597808631137013,4.2583405956975184e-07,,,0.0008041630499064922
VIDEO_7508723396641852694,0.7571834325790405,0.21987400949001312,1.237658143043518,0.5034293532371521,1.8173987865447998
VIDEO_7509512878026788118,0.7123769521713257,0.3646639585494995,1.070955514907837,1.4980320930480957,2.9226841926574707
VIDEO_7510326060676975894,0.1626351773738861,0.02442019432783127,0.1051514744758606,0.005131748970597982,0.23734566569328308
VIDEO_7510479503592901910,17.057636260986328,209.64553833007812,,,21.7766056060791
VIDEO_7511357874082286870,0.1074284017086029,0.007996170781552792,0.08125124126672745,0.004583254456520081,0.16569912433624268
VIDEO_7511669950990290198,0.04929064214229584,0.0026074254419654608,,,0.09709000587463379
VIDEO_7512478582627732758,0.08795920014381409,0.006058365572243929,,,0.12010251730680466
VIDEO_7512836614834474262,0.20165452361106873,0.05548511818051338,0.14118191599845886,0.014825046062469482,0.33166447281837463
VIDEO_7514333529551949078,0.26092615723609924,0.03503783792257309,,,0.30204150080680847
VIDEO_7514700901009886486,1.4722237586975098,5.966428279876709,,,2.6863911151885986
VIDEO_7515407893357759766,0.01464884728193283,0.0011830184375867248,,,0.023738738149404526
VIDEO_7515834191922072854,0.18163259327411652,0.035188138484954834,,,0.22113436460494995
VIDEO_7516624091097337110,1.4510763883590698,1.401261806488037,3.3898892402648926,21.436832427978516,5.125581741333008
VIDEO_7516934430083091734,0.7052392959594727,0.2249588519334793,,,0.7856459617614746
VIDEO_7517305745210232086,0.39413148164749146,0.08618459105491638,,,0.5570774674415588
VIDEO_7517644986310020408,0.14404986798763275,0.010682471096515656,0.14199413359165192,0.032343607395887375,0.35150837898254395
VIDEO_7517676181366295830,0.13928253948688507,0.009238025173544884,,,0.14235714077949524
VIDEO_7517939109512449302,0.4948505759239197,0.16332966089248657,1.4835729598999023,13.125259399414062,4.2628254890441895
VIDEO_7517987561692794134,0.05281167849898338,0.0011944557772949338,,,0.06724521517753601
VIDEO_7518292077080268054,0.9300904273986816,0.2369256615638733,,,1.0688538551330566
VIDEO_7518400955877199127,0.18379895389080048,0.06895361840724945,,,0.2464507520198822
VIDEO_7519058140860583190,0.10965097695589066,0.00982821173965931,,,0.16454970836639404
VIDEO_7520150754858896645,0.2101295441389084,0.029637444764375687,0.6873781681060791,0.15523973107337952,0.9741876125335693
VIDEO_7520582757412556054,0.10108690708875656,0.03407341614365578,0.07390977442264557,0.018542086705565453,0.14781954884529114
VIDEO_7520640970199698710,0.00029519983218051493,2.3269602422715252e-07,0.14150016009807587,0.011311092413961887,0.22369247674942017
VIDEO_7522511822893616406,1.1903291940689087,0.6022068858146667,0.06187663599848747,0.003757824655622244,1.2489681243896484
VIDEO_7523154104273915158,2.327270269393921,9.404093742370605,0.3165094256401062,0.040012966841459274,4.609914779663086
VIDEO_7523190975850679554,0.4701693654060364,0.1955558806657791,0.7743332386016846,0.34810972213745117,0.7743332386016846
VIDEO_7524285666692271382,0.009626527316868305,8.298116154037416e-05,3.1508734226226807,6.104766368865967,6.460581302642822
VIDEO_7524347836541046038,0.1442086398601532,0.010629778727889061,,,0.19430191814899445
VIDEO_7524995526518000901,0.27949827909469604,0.03168521448969841,0.26542899012565613,0.03244413062930107,0.4497964084148407
VIDEO_7526570162976328982,0.6459043025970459,0.8724597096443176,,,0.7577709555625916
VIDEO_7527665793501318456,0.17158274352550507,0.014991408213973045,,,0.20278875529766083
VIDEO_7528398053666016534,0.07789673656225204,0.0056785279884934425,,,0.10822907090187073
VIDEO_7528433357093358870,0.023849645629525185,0.0023726385552436113,,,0.04093219339847565
VIDEO_7528439846218550550,0.0,0.0,,,0.0
VIDEO_7529427220335496450,0.21657277643680573,0.020313050597906113,0.5800523161888123,0.11516524851322174,0.6794379353523254
VIDEO_7529820615637847318,2.184659957885742,35.444915771484375,0.5081900954246521,0.20868003368377686,4.288658618927002
VIDEO_7529912051498552598,0.7005212306976318,0.15559333562850952,0.5663833618164062,0.10794959962368011,0.8566085696220398
VIDEO_7530943991257386262,0.03338523954153061,0.0010381343308836222,,,0.03794750198721886
VIDEO_7532382235463339286,0.9028499722480774,0.7620086073875427,0.40143147110939026,0.31179726123809814,1.1955280303955078
VIDEO_7532594185912847638,0.12800994515419006,0.005471882410347462,,,0.15070931613445282
VIDEO_7533124404062981398,0.4919419288635254,0.2341950684785843,0.028521614149212837,0.000823024834971875,0.5840105414390564
VIDEO_7533680078866238742,0.06106581166386604,0.0029873265884816647,1.1172466278076172,0.5352789163589478,2.249645948410034
VIDEO_7535123405562006806,0.1764455884695053,0.01756400614976883,0.08929090201854706,0.002171250293031335,0.17713764309883118
VIDEO_7535476048444558614,0.11219190061092377,0.009205130860209465,0.4511745572090149,0.262980580329895,0.4511745572090149
VIDEO_7535840388725378306,0.14394208788871765,0.008315987884998322,,,0.16285939514636993
VIDEO_7535846060476976406,0.11714275181293488,0.00832105241715908,0.1805429905653,0.022245459258556366,0.24859364330768585
VIDEO_7535846685101149462,0.34260132908821106,0.10082733631134033,0.621713399887085,0.4981086552143097,1.4968607425689697
VIDEO_7535846854743821590,0.17289718985557556,0.016728844493627548,,,0.22910606861114502
VIDEO_7536170254989315350,0.33245062828063965,0.15144790709018707,,,0.45259517431259155
VIDEO_7537707440142454038,0.040996767580509186,0.0016203676350414753,0.13371938467025757,0.019150862470269203,0.26743876934051514
VIDEO_7537717748512705814,0.09036191552877426,0.005075824446976185,,,0.11271580308675766
VIDEO_7537787296209259782,0.07549667358398438,0.004330243915319443,0.23174071311950684,0.03254566714167595,0.322371244430542
VIDEO_7538076349500689666,1.0462210178375244,0.8514490127563477,0.7175156474113464,0.346142441034317,1.3866472244262695
VIDEO_7538370537211432214,0.02123080939054489,0.00029335913131944835,,,0.024508068338036537
VIDEO_7539973950877584662,0.04894150048494339,0.0023320920299738646,,,0.06118522211909294
VIDEO_7540185950714875158,0.8003805875778198,2.4955027103424072,0.4982281029224396,0.1313377171754837,1.3592220544815063
VIDEO_7540672667704118533,1.282597303390503,2.239323854446411,,,1.6763663291931152
VIDEO_7541326779697564930,0.4633761942386627,0.46133291721343994,0.1265115737915039,0.011047033593058586,0.6342402100563049
VIDEO_7542515768215211286,0.12354564666748047,0.01949906162917614,,,0.16424353420734406
VIDEO_7542538735116684566,0.5293207764625549,0.21851330995559692,1.0365335941314697,0.4109830856323242,1.087372899055481
VIDEO_7543218614866906390,0.6034568548202515,0.16589981317520142,0.354865163564682,0.04652337729930878,0.7200620174407959
VIDEO_7543616748017241366,0.25556817650794983,0.025873709470033646,,,0.35862410068511963
VIDEO_7545046455229205782,0.01375187374651432,0.0001730905205477029,0.051191024482250214,0.003330424427986145,0.10238204896450043
VIDEO_7545446733921209622,0.050361961126327515,0.0007604264537803829,0.5794655680656433,0.833146333694458,1.4145426750183105
VIDEO_7545528304237841720,0.0679788738489151,0.002555878832936287,0.23181045055389404,0.028811713680624962,0.46512091159820557
VIDEO_7545851939586723094,0.1308036595582962,0.017361192032694817,,,0.14642111957073212
VIDEO_7546473791115791638,0.07629947364330292,0.006338976323604584,,,0.07988620549440384
VIDEO_7546523294489414934,0.6031787395477295,0.13085445761680603,0.11327515045801799,0.012095200673987469,0.6772258281707764
VIDEO_7546552028168719638,0.1705920398235321,0.014150086790323257,,,0.22397559881210327
VIDEO_7546567057056353558,0.0175948366522789,0.0002859206579159945,0.17437665164470673,0.1540573388338089,0.325295090675354
VIDEO_7547707789863406870,0.24412283301353455,0.019571401178836823,,,0.32701125741004944
VIDEO_7547744113433627926,1.6944653987884521,1.428971529006958,1.171287178993225,0.6962645053863525,1.8919897079467773
VIDEO_7548437152137350422,0.06546466052532196,0.0026491554453969,0.06785792112350464,0.0020759955514222383,0.08028164505958557
VIDEO_7549089036447649046,0.07481001317501068,0.027023114264011383,0.06848444789648056,0.008072610944509506,0.11076411604881287
VIDEO_7549175046128831766,0.09732052683830261,0.0070208339020609856,,,0.09842678159475327
VIDEO_7549615777326877974,0.014561723917722702,0.00012735516065731645,0.02560441568493843,0.0006323313573375344,0.038860347121953964
VIDEO_7550598568415874326,0.042433999478816986,0.0008419420337304473,,,0.046932730823755264
VIDEO_7550653411583102230,0.1256812959909439,0.007278867065906525,,,0.16395777463912964
VIDEO_7551795663772798211,0.07427851110696793,0.00283241830766201,,,0.11373785138130188
VIDEO_7551820830615899414,2.875720262527466,39.72591781616211,0.1178278923034668,0.008884518407285213,5.696466445922852
VIDEO_7553173878785297720,0.3601440191268921,0.13392722606658936,,,0.3856111168861389
VIDEO_7553223847730777346,0.6891549825668335,0.1764327883720398,0.09026932716369629,0.0025477942544966936,0.9073690176010132
VIDEO_7553554500972367107,0.026213325560092926,0.000536551873665303,2.2437291145324707,11.303047180175781,6.607337474822998
VIDEO_7553663983383858454,0.6297028660774231,0.14079301059246063,,,1.0239053964614868
VIDEO_7553924193562266902,0.864503026008606,0.6764177083969116,,,1.1079703569412231
VIDEO_7554403190200945942,0.030082516372203827,0.001195021322928369,,,0.060165032744407654
VIDEO_7555412968511425814,1.1729668378829956,1.1114774942398071,1.5938864946365356,1.3300786018371582,2.223395586013794
VIDEO_7555487310297533718,0.0013702919241040945,1.8513292161514983e-06,,,0.002354083815589547
VIDEO_7555760932794764566,3.3519058227539062,60.169151306152344,3.844820022583008,42.3037223815918,7.988051414489746
VIDEO_7556260834817723670,0.016059087589383125,0.0001416751474607736,,,0.01656648889183998
VIDEO_7556661292233379075,0.1067742332816124,0.006776918191462755,0.06800521910190582,0.003117428859695792,0.1167316809296608
VIDEO_7556999098637880598,9.360835974803194e-05,2.1126206206645293e-07,0.00026580836856737733,1.1471409067098648e-07,0.0005672955303452909
VIDEO_7557004748973559043,0.604144811630249,0.13288947939872742,,,0.6978220343589783
VIDEO_7557014347273276694,0.5370594263076782,0.20757296681404114,,,0.6276646256446838
VIDEO_7557772009510358294,0.7023667097091675,0.19638848304748535,,,0.8491849303245544
VIDEO_7558085942557347094,0.28123408555984497,0.025432677939534187,,,0.2841043174266815
VIDEO_7559134249731853579,0.8987123966217041,0.5435510277748108,,,1.1327142715454102
VIDEO_7559557230903774486,0.0,0.0,1.3114814758300781,1.0357781648635864,1.3114814758300781
VIDEO_7560707094018542870,0.06686685979366302,0.002660284750163555,0.043622925877571106,0.002634092466905713,0.09076526015996933
VIDEO_7561497104322022667,0.02611353248357773,0.00039131822995841503,,,0.03067615069448948
VIDEO_7563265888623840534,1.5214825868606567,9.086715698242188,0.0,0.0,1.6601536273956299
VIDEO_7563724139240885526,0.42418792843818665,1.032111406326294,2.6067498922348022,4.23148908217748,6.370462417602539
VIDEO_7564069366606679318,0.04320921748876572,0.0014418133068829775,,,0.04779527708888054
VIDEO_7564379905971178755,0.11602783203125,0.018820323050022125,0.133061945438385,0.05424428731203079,0.26612389087677
VIDEO_7564461685881179414,0.5329095125198364,0.11955495178699493,1.2369723320007324,0.40752026438713074,1.2369723320007324
VIDEO_7564663320058285334,0.22935453057289124,0.03338322788476944,,,0.26434317231178284
VIDEO_7564704328649428246,0.1841883361339569,0.015155306085944176,0.29171988368034363,0.03672704100608826,0.723893940448761
VIDEO_7564712687565802774,2.5392343997955322,34.807987213134766,0.12512250244617462,0.028122058138251305,5.046842575073242
VIDEO_7565230748026899734,0.39668044447898865,0.05199103429913521,,,0.5016840696334839
VIDEO_7565890573115165974,0.0705886036157608,0.003243529936298728,0.07276225090026855,0.00436352239921689,0.08330660313367844
VIDEO_7565953021411216662,0.028970327228307724,0.00044155848445370793,,,0.03390985727310181
VIDEO_7565955844764863755,0.48855575919151306,0.12875056266784668,,,0.5368244647979736
VIDEO_7566270741134462230,0.569637656211853,0.2582031786441803,0.12229540199041367,0.011215205304324627,0.6240817904472351
VIDEO_7566297785914412310,0.026097437366843224,0.0009723496623337269,0.015855109319090843,0.00028502210625447333,0.03865572065114975
VIDEO_7566313596351778070,1.7681355476379395,3.0773863792419434,,,2.410917282104492
VIDEO_7566632651352853782,0.9113958477973938,1.2139384746551514,,,1.4796314239501953
VIDEO_7566676756199951638,0.189920112490654,0.041108742356300354,,,0.2622731924057007
VIDEO_7566939859156290838,0.486272394657135,0.05093195289373398,,,0.5256481170654297
VIDEO_7566941841996647702,4.599065780639648,92.10809326171875,0.0351754625638326,0.0017495684636135895,8.629570960998535
VIDEO_7567318876392901910,0.0121349161490798,0.0001907048572320491,,,0.014521709643304348
VIDEO_7567372771060124950,0.17535406351089478,0.02026931568980217,0.11673349887132645,0.025779353454709053,0.25814375281333923
VIDEO_7567386738709073174,0.0068952301517128944,7.814750279067084e-05,0.08301804959774017,0.004644532222300768,0.08301804959774017
VIDEO_7568382003330993430,0.36484578251838684,0.09180931746959686,0.32430505752563477,0.08645876497030258,0.6717304587364197
VIDEO_7568823330518748438,0.9424597024917603,0.6765651702880859,1.4315284490585327,21.098360061645508,3.4062798023223877
VIDEO_7568852433271590146,0.1635969877243042,0.028213655576109886,0.30722495913505554,0.09640827775001526,0.46646037697792053
VIDEO_7569206708090850582,0.5040664672851562,0.8707271814346313,0.6045053005218506,0.21508486568927765,1.1413826942443848
VIDEO_7569526874024512780,0.0009240030776709318,5.209349751567061e-07,,,0.0010733718518167734
VIDEO_7569927329154190614,0.04355110600590706,0.0026056247297674417,,,0.06621109694242477
VIDEO_7569964600523853078,0.29905831813812256,0.03733891621232033,,,0.319781631231308
VIDEO_7570012092829748502,0.36129099130630493,0.30182188749313354,,,0.5013901591300964
VIDEO_7570044496004533516,0.5561899542808533,0.32014378905296326,0.7961730360984802,1.1132398843765259,1.316586971282959
VIDEO_7571134268403895574,0.12656563520431519,0.09919680655002594,0.41588661074638367,1.2649483680725098,1.110146403312683
VIDEO_7571821778746592534,0.0,0.0,0.2043149620294571,0.024275608360767365,0.2043149620294571
VIDEO_7571893908754451734,1.3175394535064697,0.5559509992599487,0.3359731137752533,0.21079029142856598,1.4736438989639282
VIDEO_7572210750937107734,0.9883456230163574,1.0436161756515503,1.7586437463760376,16.536609649658203,4.9454827308654785
VIDEO_7572210786991344918,0.05404375493526459,0.001395422499626875,1.3773492574691772,10.52502727508545,3.756554365158081
VIDEO_7572223162520177942,0.19937220215797424,0.02358332648873329,0.43639934062957764,0.10059117525815964,0.9327059984207153
VIDEO_7572235624627899670,4.1293511390686035,9.5598726272583,1.81360924243927,1.9279791116714478,4.886509895324707
VIDEO_7572598154063990038,0.23583157360553741,0.04848463460803032,,,0.24523146450519562
VIDEO_7572605667299708182,0.12136635184288025,0.01241024024784565,,,0.15321917831897736
VIDEO_7572922723836431638,0.7584184408187866,0.5894148349761963,0.13614670435587564,0.06680673360824585,0.9507543444633484
VIDEO_7574759080368114966,0.04251088947057724,0.0008451835019513965,0.06034207344055176,0.0023247411008924246,0.08218377083539963
VIDEO_7574767270392532246,4.859313011169434,16.836315155029297,0.19350619614124298,0.016356194391846657,9.691407203674316
VIDEO_7574884067729050902,1.4112000465393066,6.757306098937988,1.0940539836883545,0.9119024872779846,2.785076141357422
VIDEO_7575105754374458646,0.04802729934453964,0.003034417051821947,,,0.06425119936466217
VIDEO_7575110522522144022,0.13090065121650696,0.023539233952760696,0.940361738204956,1.5404819250106812,2.7351083755493164
VIDEO_7575167976853228822,0.7919036149978638,1.4530562162399292,0.05152012035250664,0.0009647421538829803,1.498253583908081
VIDEO_7575170897451945238,0.5864294767379761,0.3419504761695862,,,0.5892287492752075
VIDEO_7575831202117045526,0.46581077575683594,0.22687312960624695,1.6807308197021484,1.7187100648880005,4.148720741271973
VIDEO_7575902535349816588,0.963101863861084,1.0549726486206055,0.8729157447814941,2.34175443649292,1.7458314895629883
VIDEO_7576309328584592643,0.9431850910186768,0.41639405488967896,,,1.1502759456634521
VIDEO_7576319921030827286,0.11590098589658737,0.01237543672323227,,,0.14623630046844482
VIDEO_7577087400501857592,0.86876380443573,0.34870481491088867,0.19132278859615326,0.055738359689712524,0.9089378118515015
VIDEO_7577088828171734294,0.6163771152496338,0.18743255734443665,,,0.7079499363899231
VIDEO_7577096797580053782,0.028342951089143753,0.002856149571016431,,,0.04504314064979553
VIDEO_7577374333048196374,0.02231498248875141,0.000325309403706342,,,0.02362719364464283
VIDEO_7577768828214512918,0.07813677191734314,0.011191846802830696,0.06903073191642761,0.008954508230090141,0.13806146383285522
VIDEO_7577797962017918230,0.033077679574489594,0.002392389113083482,,,0.05234626308083534
VIDEO_7578151818585328918,0.2761537730693817,0.1637808084487915,0.29939010739326477,0.054341141134500504,0.6050488948822021
VIDEO_7578256886286322966,3.543320894241333,52.18478775024414,0.2929779589176178,0.05019979551434517,6.93325662612915
VIDEO_7578641094464867595,1.0529930591583252,1.0445080995559692,0.8805815577507019,2.5477631092071533,1.7611631155014038
VIDEO_7578925701114481942,0.13062205910682678,0.016987908631563187,,,0.16850081086158752
VIDEO_7579238923172547842,0.1315767616033554,0.013194296509027481,,,0.14570710062980652
VIDEO_7579287270092459286,0.011631621047854424,0.00031063336064107716,,,0.019727444276213646
VIDEO_7579293926796922134,0.22657237946987152,0.022798072546720505,0.4968225061893463,0.10149727016687393,0.6809810996055603
VIDEO_7579299127637363990,0.4929382801055908,0.2248142659664154,0.6301649808883667,0.15635059773921967,0.6742430925369263
VIDEO_7579578853308337430,0.23153510689735413,0.03853512182831764,1.2219852209091187,3.8063466548919678,1.6987653970718384
VIDEO_7580000663845850390,0.8394169807434082,0.29649853706359863,,,0.9395782351493835
VIDEO_7580037763580415244,0.23544496297836304,0.03509356826543808,4.31039571762085,11.439151763916016,8.477425575256348
VIDEO_7580065942730738966,0.49412068724632263,0.39917680621147156,0.8948071599006653,0.4804493486881256,1.6077120304107666
VIDEO_7580305629634399510,0.4580270051956177,0.22105224430561066,1.9500237703323364,1.0854136943817139,1.9500237703323364
VIDEO_7580401530428394775,0.15638330578804016,0.015185571275651455,0.3317451775074005,0.08590652048587799,0.4779427945613861
VIDEO_7581205344420924694,0.5443923473358154,0.3435339033603668,,,0.5769513845443726
VIDEO_7581507576219618582,0.022655785083770752,0.0001398701424477622,,,0.029144536703824997
VIDEO_7581822570454879510,0.06677158176898956,0.0032001743093132973,,,0.08542375266551971
VIDEO_7582254546236230934,0.14573171734809875,0.016502609476447105,0.08810801804065704,0.023127177730202675,0.1850799173116684
VIDEO_7582501864428604694,0.020535416901111603,0.00033830615575425327,,,0.025095365941524506
VIDEO_7582631962330893570,0.5027507543563843,0.24586990475654602,0.4392877221107483,0.15577304363250732,0.5595245361328125
VIDEO_7582921759985356054,0.1851148158311844,0.02453923225402832,,,0.31985074281692505
VIDEO_7582952363116268812,0.6357600688934326,0.3436669409275055,,,1.0117871761322021
VIDEO_7583420207629225238,0.046244435012340546,0.0016197022050619125,,,0.05912081152200699
VIDEO_7583720650200730902,0.02862701565027237,0.0006380378035828471,0.7196119427680969,0.40797802805900574,1.5260695219039917
VIDEO_7584105481719844118,0.14605247974395752,0.03427977114915848,,,0.1836036890745163
VIDEO_7584519298459176214,0.054874468594789505,0.0026316321454942226,0.20443972945213318,0.04185538738965988,0.212195485830307
VIDEO_7584845578429828375,0.4922237992286682,0.3997546434402466,,,0.7975117564201355
VIDEO_7584927758497697035,0.06332458555698395,0.004086100962013006,0.1637195497751236,0.031012073159217834,0.2428177297115326
VIDEO_7586610643130764566,0.07855330407619476,0.005420267581939697,,,0.08105771243572235
VIDEO_7586630099286510870,0.11880280077457428,0.011483324691653252,0.07137417793273926,0.002781079150736332,0.1746368557214737
VIDEO_7586689516153343288,1.7051916122436523,0.8773840069770813,1.3202550411224365,1.333845853805542,2.640510082244873
VIDEO_7587070120556580118,0.7783907055854797,0.3123875558376312,,,1.3419886827468872
VIDEO_7587134900852100374,0.09752442687749863,0.011331221088767052,0.9831409454345703,0.3660321831703186,0.9831409454345703
VIDEO_7587308013363449121,0.041959844529628754,0.0013148209545761347,,,0.048018887639045715
VIDEO_7587402623129636118,0.32652193307876587,0.544971764087677,0.22161012887954712,0.04573068022727966,0.46331360936164856
VIDEO_7587440240327937302,0.19809561967849731,0.03310762345790863,1.3056063652038574,0.9248085021972656,1.802114486694336
VIDEO_7587442936376233238,0.0075190505012869835,0.0004785492492374033,0.0017583731096237898,1.7404629488737555e-06,0.013686693273484707
VIDEO_7587478416618736918,1.3909878730773926,5.659552097320557,0.17122600972652435,0.018196936696767807,2.6246068477630615
VIDEO_7587702184708558102,0.45374631881713867,0.08961006999015808,,,0.5804479718208313
VIDEO_7587833111010954518,0.1173732578754425,0.01362062431871891,,,0.15824463963508606
VIDEO_7589754729350155542,1.428175449371338,9.303300857543945,0.06615891307592392,0.004713247995823622,2.7649612426757812
VIDEO_7590184087122660630,0.2730194926261902,0.06952857971191406,0.08754874765872955,0.004371685907244682,0.319684773683548
VIDEO_7590299923803884803,0.04823776334524155,0.0031492188572883606,,,0.06123115122318268
VIDEO_7590718903144287510,0.1198931559920311,0.011280328035354614,0.15476468205451965,0.014628010801970959,0.28337061405181885
VIDEO_7591860205567151382,0.06015743315219879,0.0025030900724232197,,,0.07226358354091644
VIDEO_7591891163175554326,0.569557249546051,0.11920194327831268,,,0.5873127579689026
VIDEO_7592263862284586263,0.03320370241999626,0.0011839212384074926,0.062273427844047546,0.004812390543520451,0.08985926955938339
VIDEO_7592281951206133014,0.07533945143222809,0.005247197113931179,0.01925097592175007,0.0005734835285693407,0.08661830425262451
VIDEO_7593041331174362390,0.016256235539913177,0.00010763686441350728,0.05464114248752594,0.003959250170737505,0.13871781527996063
VIDEO_7593403675297467651,0.2102636843919754,0.09206973761320114,,,0.36069318652153015
VIDEO_7593661214027156758,0.04924796521663666,0.001662694034166634,0.0,0.0,0.053171850740909576
VIDEO_7593664206210157827,0.5551894903182983,0.1809895783662796,0.2415221631526947,0.04919176548719406,0.7872158885002136
VIDEO_7593673061476420920,0.03571845591068268,0.0005045017460361123,0.12103793025016785,0.009516985155642033,0.16557520627975464
VIDEO_7593727684606168342,0.07652097195386887,0.008744635619223118,0.030464649200439453,0.001819913275539875,0.08733782917261124
VIDEO_7593820955810598156,0.28521063923835754,0.057870663702487946,0.6143545508384705,0.32797202467918396,1.4383026361465454
VIDEO_7594160012247797014,0.6153214573860168,0.49488675594329834,,,1.030484914779663
VIDEO_7594911702613773590,0.28928160667419434,0.062347788363695145,,,0.41577884554862976
VIDEO_7595900789546044684,0.783563494682312,0.17427483201026917,1.7823492288589478,2.524465799331665,3.6112077236175537
VIDEO_7595972634450431254,0.09489478170871735,0.0068154288455843925,,,0.10104452073574066
VIDEO_7596412614402460950,0.16686032712459564,0.011465986259281635,3.334378242492676,15.602489471435547,9.162164688110352
VIDEO_7596993704146046230,0.10068754851818085,0.006829986348748207,,,0.1119808629155159
VIDEO_7597116010528902422,0.6198921799659729,0.10793101042509079,,,0.7280696630477905
VIDEO_7597370054556011798,0.0007023945217952132,6.70816689307685e-07,,,0.0009983782656490803
VIDEO_7597422827196763414,0.12264163047075272,0.013852253556251526,,,0.17822186648845673
VIDEO_7597437745258073400,0.7366210222244263,0.5069616436958313,0.4600383937358856,0.1969267874956131,1.2286114692687988
VIDEO_7598574537407548694,0.801048219203949,0.9819472432136536,1.362992525100708,3.198610544204712,2.508646011352539
VIDEO_7598953535165959426,0.1887863427400589,0.022714532911777496,,,0.1898464560508728
VIDEO_7601164093910715670,0.6801483035087585,0.44022127985954285,,,1.2000597715377808
VIDEO_7602656035161050390,0.3773525357246399,0.10211150348186493,,,0.48085570335388184
VIDEO_7602968538319539478,0.3631260395050049,0.12408837676048279,0.7422837018966675,0.4590311050415039,0.9281777739524841
VIDEO_7603273994216738070,0.5262303352355957,0.164126455783844,0.3465799391269684,0.8061849474906921,0.6981855034828186
VIDEO_7603412461068291350,0.27504807710647583,0.05002579838037491,6.387460708618164,37.432090759277344,12.074170112609863
VIDEO_7603743614157458710,0.09029735624790192,0.0041475603356957436,,,0.09394770860671997
VIDEO_7604101089775865110,1.0551270246505737,1.199385404586792,0.30593976378440857,0.0910283625125885,1.7760555744171143
VIDEO_7604808799404264726,0.04202268272638321,0.001228738110512495,0.11257291585206985,0.006832174491137266,0.15298765897750854
VIDEO_7604886753471761686,0.029954953119158745,0.0008269391255453229,,,0.035425495356321335
VIDEO_7605520662588902678,0.14264526963233948,0.010301090776920319,,,0.14932245016098022
VIDEO_7605548189332016406,0.43256956338882446,0.08422738313674927,,,0.45508790016174316
VIDEO_7606001119243881750,0.11094502359628677,0.012040266767144203,2.0456507205963135,14.392046928405762,3.545654296875
VIDEO_7606360801234013462,0.18598487973213196,0.048307426273822784,,,0.19056834280490875
VIDEO_7606743080678591766,0.00520765595138073,3.3963791793212295e-05,,,0.005987362936139107
