video_id,f1_sharpness,f1_brightness,f1_saturation,f2_sharpness,f2_brightness,f2_saturation,f3_sharpness,f3_brightness,f3_saturation,f4_sharpness,f4_brightness,f4_saturation,f5_sharpness,f5_brightness,f5_saturation
VIDEO_6739804771013774597,790.54,159.49,58.7,782.57,159.14,59.44,520.51,151.33,62.68,261.36,146.02,70.38,,,
VIDEO_6750983141873224966,106.36,132.97,74.63,141.68,144.24,63.61,200.35,145.59,67.48,66.86,125.52,60.78,126.42,138.73,84.64
VIDEO_6764678537346616582,43.57,109.12,134.59,34.78,105.29,138.73,,,,,,,,,
VIDEO_6768860777525824773,102.99,86.51,44.32,62.37,84.9,44.85,,,,,,,,,
VIDEO_6792131260543225094,473.91,121.51,118.76,417.19,119.68,120.22,,,,,,,,,
VIDEO_6792133610360065285,348.03,141.39,39.86,436.69,139.93,39.24,210.11,141.28,29.63,283.59,157.9,18.77,,,
VIDEO_6793347939294072069,163.05,153.17,130.2,151.03,158.77,121.23,,,,,,,,,
VIDEO_6793765694619143430,212.88,102.1,110.8,109.07,97.97,110.98,163.47,104.08,82.56,222.34,98.39,86.09,,,
VIDEO_6794470373212589317,17.78,189.8,18.4,18.76,184.74,19.01,,,,,,,,,
VIDEO_6795606002222796037,118.74,140.39,125.65,97.06,128.67,135.97,,,,,,,,,
VIDEO_6796363351816555782,679.22,90.58,120.54,668.25,89.89,120.29,513.57,90.65,115.46,326.1,98.31,114.06,,,
VIDEO_6796364077095472389,119.69,111.93,92.75,102.32,102.91,103.04,,,,,,,,,
VIDEO_6797039273053850886,243.78,159.55,92.69,193.19,160.03,101.12,,,,,,,,,
VIDEO_6798641094109269253,1100.96,117.14,84.32,789.96,125.88,79.68,838.07,123.99,79.14,403.78,127.44,75.41,,,
VIDEO_6798648871401819398,1141.06,52.69,15.17,967.61,48.89,18.13,,,,,,,,,
VIDEO_6800982671657880837,106.31,152.06,36.15,83.64,142.42,38.63,,,,,,,,,
VIDEO_6802558843114114310,197.99,159.14,45.52,170.97,155.95,49.35,,,,,,,,,
VIDEO_6814175723704683782,24.05,29.3,73.58,272.79,120.91,79.48,14.8,131.51,83.44,31.1,137.05,77.72,114.06,133.07,90.25
VIDEO_6821547365887905030,191.15,154.72,69.76,183.72,155.36,68.53,,,,,,,,,
VIDEO_6825975879940820230,872.8,130.33,85.9,734.46,130.07,85.72,,,,,,,,,
VIDEO_6834056379355991301,245.69,101.07,74.77,272.91,110.5,71.53,255.13,105.9,84.17,160.69,111.8,64.08,212.26,95.76,76.28
VIDEO_6834420537545084166,241.7,118.09,87.41,195.92,118.21,70.03,119.48,185.55,26.82,202.92,94.18,67.99,260.2,146.91,48.86
VIDEO_6847902541095668997,438.98,114.2,63.63,350.2,109.3,76.2,1.13,170.1,31.53,316.7,121.75,87.67,320.34,137.49,54.6
VIDEO_6852640471013920006,161.09,116.25,89.89,165.27,103.4,99.65,163.04,102.18,98.89,355.25,112.84,88.21,,,
VIDEO_6855731886438763781,663.91,124.95,124.28,568.95,126.31,123.43,593.3,124.57,127.01,873.09,115.65,97.7,587.63,117.93,90.83
VIDEO_6860766213992090886,540.17,117.85,146.1,508.08,119.27,147.67,527.79,118.07,149.69,685.96,121.99,83.04,,,
VIDEO_6864458828012899589,3386.25,127.89,64.97,3337.91,126.01,68.8,,,,,,,,,
VIDEO_6864806467329903878,1661.4,131.73,98.11,1955.19,130.52,97.16,,,,,,,,,
VIDEO_6869621825035357441,1015.38,153.02,45.57,1004.42,153.27,45.74,1060.74,152.34,46.54,0.17,86.02,46.78,,,
VIDEO_6874890977631390978,1219.94,112.88,114.88,1082.77,113.3,112.31,,,,,,,,,
VIDEO_6875610422578351362,498.96,112.03,71.7,435.52,111.49,71.72,,,,,,,,,
VIDEO_6875699019520298242,1092.97,168.61,90.72,603.23,193.96,35.36,62.93,155.74,98.57,168.51,113.53,124.66,148.05,140.11,105.6
VIDEO_6876362124260691202,275.02,158.02,13.54,333.9,154.66,12.62,,,,,,,,,
VIDEO_6876369843591941377,385.9,213.06,20.4,1163.78,165.24,40.7,,,,,,,,,
VIDEO_6876847536938749185,1123.73,116.11,53.17,759.15,128.78,53.47,827.59,151.53,47.9,1210.74,122.9,33.97,1335.4,155.27,41.14
VIDEO_6878219367390268673,1610.52,125.88,94.13,1417.55,126.82,91.35,,,,,,,,,
VIDEO_6879407335484214530,668.31,183.19,50.25,751.62,175.57,49.35,,,,,,,,,
VIDEO_6880117942432959746,262.8,147.23,79.6,269.32,145.39,89.33,,,,,,,,,
VIDEO_6880792115329142018,472.88,135.22,67.8,580.32,130.0,72.15,303.87,189.78,15.67,226.13,202.64,16.34,,,
VIDEO_6883389583271185666,774.01,140.77,68.8,798.24,136.15,75.79,,,,,,,,,
VIDEO_6883561429727726850,2115.26,77.55,67.84,1782.08,78.44,66.17,,,,,,,,,
VIDEO_6883876793380572417,705.83,102.37,73.2,681.02,107.35,74.11,,,,,,,,,
VIDEO_6885735124013550850,1235.75,116.12,99.05,838.1,121.61,103.57,,,,,,,,,
VIDEO_6885984385670122753,990.44,130.44,61.3,855.05,133.63,55.58,,,,,,,,,
VIDEO_6886076315288554754,690.21,112.48,121.95,608.88,113.13,121.84,,,,,,,,,
VIDEO_6887883845954178305,207.8,149.86,61.52,795.59,147.08,32.99,,,,,,,,,
VIDEO_6891319697220898050,503.92,42.79,12.18,505.39,38.91,19.08,542.1,58.33,14.94,412.68,2.1,0.25,,,
VIDEO_6891645296233794817,274.24,146.18,70.62,264.23,149.69,66.05,320.57,139.29,47.69,496.01,119.64,51.26,314.36,140.53,70.64
VIDEO_6893888228848389377,168.52,150.98,86.21,332.82,149.59,96.17,431.04,142.2,94.21,440.32,138.84,109.44,217.78,127.15,97.94
VIDEO_6894530886105042178,868.11,146.99,63.71,655.61,143.23,69.67,,,,,,,,,
VIDEO_6895288761354112258,1909.52,141.82,57.27,1918.05,143.3,55.63,1903.14,144.79,53.08,2159.84,141.55,42.28,1383.44,144.99,51.65
VIDEO_6895292772857826562,1613.31,136.95,77.95,1569.06,137.56,77.04,1509.12,137.75,77.84,1696.65,131.32,68.46,,,
VIDEO_6895747396404284674,771.0,121.8,100.19,808.52,120.71,100.82,644.95,120.52,101.65,1098.05,115.81,87.08,,,
VIDEO_6896055761982639362,1151.68,150.81,57.0,1436.28,148.43,68.84,,,,,,,,,
VIDEO_6896446483080482050,483.46,130.74,66.47,416.52,129.59,58.56,1093.73,118.53,94.12,192.14,139.79,52.5,670.65,110.31,71.94
VIDEO_6896455617523813633,492.03,163.73,46.81,486.89,164.23,46.43,513.72,164.68,45.64,310.02,149.56,72.48,,,
VIDEO_6897900291631402242,1408.84,137.14,56.59,1481.17,136.64,58.37,534.65,133.49,51.97,326.41,147.06,47.25,,,
VIDEO_6899015791086210306,215.16,147.14,89.13,329.2,142.32,83.92,264.33,129.57,72.19,1128.28,9.85,0.0,,,
VIDEO_6904609211431357698,244.81,125.2,117.46,192.25,132.29,127.24,3349.18,103.87,106.91,1130.3,126.36,99.26,1577.03,114.06,70.0
VIDEO_6913929490305420545,1008.36,218.2,34.88,826.72,214.44,35.42,,,,,,,,,
VIDEO_6915045654997912833,233.5,218.52,26.16,160.55,219.24,25.74,,,,,,,,,
VIDEO_6918691694791691525,98.09,83.23,48.84,209.12,111.95,67.78,344.47,137.72,38.67,344.66,110.27,67.96,382.39,124.96,54.27
VIDEO_6919824999914245381,381.7,125.61,124.65,550.89,121.51,121.03,387.07,121.2,136.3,520.1,108.86,146.73,0.0,0.0,3.43
VIDEO_6919872357288971521,1103.37,136.37,96.49,982.96,131.22,98.55,198.42,94.47,116.03,184.16,113.15,99.07,674.53,104.49,86.34
VIDEO_6920160579424488710,87.81,128.69,82.34,40.15,125.18,81.81,,,,,,,,,
VIDEO_6921227616347327749,363.25,217.09,5.65,368.8,215.01,6.59,177.51,148.17,47.0,1.2,11.61,13.4,,,
VIDEO_6921604099553119494,120.18,38.95,79.43,128.03,47.11,80.99,136.17,46.73,97.61,124.16,32.33,101.41,87.48,55.07,72.19
VIDEO_6921676134212029701,431.21,169.91,22.0,391.43,173.64,22.84,,,,,,,,,
VIDEO_6922868220890254597,333.67,85.96,106.94,160.72,133.79,98.05,,,,,,,,,
VIDEO_6923235061999373574,652.77,124.75,87.26,538.97,141.32,72.09,682.9,139.06,73.08,241.55,153.18,58.11,,,
VIDEO_6923258085528112390,309.97,142.86,70.82,297.11,141.58,70.66,233.45,157.46,38.72,709.62,160.17,60.57,,,
VIDEO_6923874728902003973,635.1,140.86,56.35,485.6,150.76,59.91,,,,,,,,,
VIDEO_6923969706332327174,172.27,133.68,64.48,199.53,133.58,64.39,,,,,,,,,
VIDEO_6923976137928445190,1110.12,145.66,136.44,380.78,161.79,115.33,326.35,172.12,102.19,137.57,119.05,115.85,,,
VIDEO_6926459852134845701,116.08,117.92,58.17,92.36,123.32,60.42,,,,,,,,,
VIDEO_6927547229486058757,546.93,170.0,74.61,459.19,170.88,70.54,,,,,,,,,
VIDEO_6927665892457237765,260.89,138.26,79.94,166.72,135.54,81.91,268.95,136.63,84.92,54.11,127.57,48.84,,,
VIDEO_6927911225066130693,479.32,140.2,54.82,335.62,138.64,55.98,,,,,,,,,
VIDEO_6930236006654364934,413.63,143.95,66.46,198.77,149.64,78.23,346.91,152.21,72.61,484.12,152.87,73.17,,,
VIDEO_6934012329067597061,51.01,88.71,133.87,47.92,90.8,132.73,44.87,93.12,131.81,51.69,128.1,83.37,,,
VIDEO_6935817751898426629,178.92,116.07,122.49,106.32,121.16,127.06,153.66,128.22,106.4,102.39,114.72,134.95,,,
VIDEO_6936835146301672709,936.72,87.92,78.35,864.61,108.65,55.32,928.99,101.97,56.17,1010.8,121.02,35.45,,,
VIDEO_6936943102523378950,2163.48,106.82,134.05,2286.27,107.37,133.04,0.74,166.02,33.44,656.2,112.87,101.7,,,
VIDEO_6937251547290045701,586.46,152.39,57.66,367.02,158.05,53.21,,,,,,,,,
VIDEO_6940187794534960389,311.05,162.28,29.25,380.41,162.65,29.7,,,,,,,,,
VIDEO_6940653001791130885,1294.95,113.57,115.53,1716.21,114.22,114.55,1621.95,117.8,109.77,59.47,88.56,135.04,,,
VIDEO_6942166804311575814,591.81,147.94,53.69,478.88,147.27,53.63,483.55,146.68,53.32,368.63,153.78,48.94,,,
VIDEO_6943534360066804998,698.9,170.32,61.39,694.89,170.46,60.47,,,,,,,,,
VIDEO_6943540424141491461,707.94,129.8,86.64,598.96,129.5,85.11,671.06,128.92,82.43,112.68,129.38,73.95,,,
VIDEO_6944298636553604358,494.97,111.65,92.32,419.1,108.81,94.02,424.62,108.43,99.2,96.07,135.39,136.23,57.4,150.01,79.68
VIDEO_6945377653587266822,250.67,193.74,37.84,237.39,191.63,41.31,,,,,,,,,
VIDEO_6946128715000663301,795.96,211.71,2.33,858.19,201.81,8.42,411.89,224.62,7.39,193.55,235.43,2.28,0.0,0.0,0.0
VIDEO_6952049416425590022,713.59,176.57,56.52,763.36,176.5,56.78,,,,,,,,,
VIDEO_6955020730140544261,91.56,169.43,64.93,153.77,159.18,72.57,172.34,139.23,75.78,481.79,133.66,83.53,,,
VIDEO_6955364241213771014,1124.75,109.02,65.51,861.46,115.36,67.79,,,,,,,,,
VIDEO_6956567938891599109,2370.76,144.69,108.94,2108.76,145.23,106.75,,,,,,,,,
VIDEO_6958338154617228549,50.04,60.64,110.3,86.07,120.31,64.66,32.71,139.72,57.05,927.02,92.93,83.94,3125.54,51.29,125.09
VIDEO_6958424996964355334,123.42,190.06,35.51,139.36,185.28,40.19,,,,,,,,,
VIDEO_6958797242429934854,478.2,141.67,63.76,385.44,144.39,64.99,,,,,,,,,
VIDEO_6959192993014287622,212.45,127.79,92.98,21.2,140.67,74.91,230.14,121.63,68.34,114.92,135.29,39.3,,,
VIDEO_6963197595422346502,552.23,139.01,60.12,144.41,107.69,81.65,211.24,108.97,95.84,44.67,127.5,71.95,306.52,111.39,92.89
VIDEO_6963263758630194437,320.16,107.71,58.37,373.26,118.13,55.73,548.92,156.06,39.98,96.21,136.42,90.11,697.23,102.17,146.14
VIDEO_6964763152974187781,299.35,109.92,132.52,653.49,84.09,129.8,2440.61,85.17,121.99,142.15,129.64,103.0,1340.53,87.35,117.73
VIDEO_6969101040918465798,713.3,99.03,122.92,726.97,104.65,129.07,,,,,,,,,
VIDEO_6972416280762649861,50.93,139.55,22.55,14.44,124.64,37.86,15.58,100.14,46.51,22.9,165.56,28.38,10.17,107.23,45.28
VIDEO_6978753193882832133,924.0,124.92,73.44,965.96,124.68,72.41,,,,,,,,,
VIDEO_6979673025503366405,130.5,145.92,36.84,126.04,145.9,37.24,136.9,151.14,36.4,107.11,145.96,55.54,,,
VIDEO_6980260193653378309,774.54,123.67,118.66,850.75,125.49,116.58,,,,,,,,,
VIDEO_6980319450687868166,1857.3,138.45,102.58,1861.18,135.79,98.72,212.54,137.57,127.4,1502.58,126.39,119.47,3104.69,125.59,112.65
VIDEO_6980342168535846149,147.74,120.27,55.02,133.63,120.09,51.63,,,,,,,,,
VIDEO_6980696986135710981,907.58,96.4,97.79,1297.45,125.43,95.73,,,,,,,,,
VIDEO_6982843678305897734,3200.14,96.34,145.83,1986.84,98.43,145.58,,,,,,,,,
VIDEO_6994481888182144262,517.77,156.51,50.93,488.26,139.3,46.99,,,,,,,,,
VIDEO_6994839726846971142,411.15,122.62,62.82,347.67,122.68,60.06,41.71,134.66,67.51,91.23,140.16,51.65,1219.72,136.26,43.56
VIDEO_7001054542804667653,407.13,132.46,61.71,631.52,139.15,46.3,808.0,139.0,56.97,529.56,152.79,34.41,,,
VIDEO_7001083090462346501,551.0,167.34,71.83,349.17,169.55,69.14,355.59,171.11,64.8,145.45,172.87,137.13,228.54,158.63,97.47
VIDEO_7004414493086240006,37.73,201.12,17.78,36.51,201.26,18.07,,,,,,,,,
VIDEO_7007863408129215749,153.14,114.82,97.41,109.64,129.26,74.14,190.63,110.64,57.6,433.52,102.94,109.26,389.53,130.24,59.57
VIDEO_7011522309198515462,139.99,112.89,82.43,111.15,95.07,95.8,85.9,164.15,44.32,,,,,,
VIDEO_7012661937477537030,899.81,118.23,86.41,788.47,125.73,81.58,760.79,135.35,78.3,698.36,137.1,99.12,,,
VIDEO_7013121880366255365,366.64,116.22,63.82,274.45,122.35,66.66,,,,,,,,,
VIDEO_7014030961486630149,502.4,165.42,42.32,503.91,163.2,42.87,675.8,102.38,71.38,843.87,125.41,21.43,1056.46,99.64,73.66
VIDEO_7014868849635904773,198.37,165.46,91.68,150.88,158.32,97.53,,,,,,,,,
VIDEO_7018111226760776966,599.57,91.8,87.32,466.36,95.2,88.97,588.01,96.08,89.94,416.2,119.21,74.98,623.59,137.95,66.64
VIDEO_7018383080205356293,209.1,180.78,72.94,182.61,180.37,72.94,,,,,,,,,
VIDEO_7018826174767942918,17.71,100.53,25.98,12.46,102.87,25.83,,,,,,,,,
VIDEO_7019307301299424518,318.15,188.3,7.86,392.38,176.78,31.93,,,,,,,,,
VIDEO_7019559155425955077,30.9,117.61,112.44,28.83,110.83,110.11,1580.03,152.07,44.97,18.18,107.5,145.28,1820.96,110.2,62.44
VIDEO_7020800251950927109,20.41,122.95,105.18,23.88,122.53,105.24,,,,,,,,,
VIDEO_7022178037378731270,287.25,60.44,23.94,293.09,54.68,29.72,,,,,,,,,
VIDEO_7022596866374192390,175.92,118.61,173.05,163.5,130.6,160.1,,,,,,,,,
VIDEO_7022925491963481349,1849.76,144.8,54.94,1234.31,129.22,54.94,,,,,,,,,
VIDEO_7023313220278553862,275.94,164.15,41.58,269.13,161.74,38.88,251.49,161.32,38.09,247.53,129.38,57.28,215.68,120.69,54.09
VIDEO_7025927416061250821,13.83,166.59,33.92,10.76,163.87,31.57,402.17,120.72,54.85,324.18,125.31,64.66,773.05,129.33,63.8
VIDEO_7026756047805205766,105.88,191.73,13.18,9.93,111.83,35.02,9.32,113.8,32.53,200.09,207.77,8.14,15.32,61.55,39.75
VIDEO_7026774067223055621,209.22,58.52,114.5,207.15,59.05,116.94,,,,,,,,,
VIDEO_7027511633060695301,411.45,135.16,63.38,473.93,149.85,56.09,,,,,,,,,
VIDEO_7028978217117682949,547.65,98.41,41.42,508.42,97.74,41.35,,,,,,,,,
VIDEO_7033466696245497093,930.1,185.45,43.01,930.05,187.05,41.08,,,,,,,,,
VIDEO_7036035511869246725,20.33,104.67,94.04,50.45,104.86,94.04,1.86,170.66,34.84,8.6,111.57,99.93,68.83,113.44,54.0
VIDEO_7036282180816932102,1008.27,167.27,81.72,84.33,201.24,20.67,282.48,125.82,52.17,7.79,160.07,40.56,473.11,103.48,65.4
VIDEO_7036326405155638533,1155.37,125.04,104.07,1420.3,126.89,104.07,,,,,,,,,
VIDEO_7036807584111709445,288.92,119.58,65.31,135.99,129.87,55.16,319.84,119.29,68.41,174.85,122.54,80.8,,,
VIDEO_7037532518978964741,211.14,121.95,66.64,171.45,121.82,65.58,,,,,,,,,
VIDEO_7037757089799818502,0.0,2.0,164.43,12.84,137.48,33.91,7.51,122.76,27.55,,,,,,
VIDEO_7037974894553894150,48.98,124.55,50.02,44.01,133.21,35.08,,,,,,,,,
VIDEO_7038189746484563205,545.53,125.1,27.63,539.73,123.32,29.81,,,,,,,,,
VIDEO_7038638363686997254,307.22,137.43,88.0,250.21,135.0,87.24,252.15,129.31,98.26,560.83,105.21,117.48,672.73,102.52,126.4
VIDEO_7038692809985051909,311.99,161.75,17.5,359.72,142.57,23.67,,,,,,,,,
VIDEO_7038707297396198661,373.63,119.22,79.06,528.12,120.79,77.09,,,,,,,,,
VIDEO_7039005707844308229,771.07,192.58,83.37,925.59,150.7,110.5,,,,,,,,,
VIDEO_7039252769894616326,162.7,188.97,29.84,198.78,172.93,34.36,,,,,,,,,
VIDEO_7039259712038112518,232.16,168.83,57.16,256.7,182.7,52.59,623.13,182.74,31.34,174.47,175.88,35.07,239.84,186.51,23.06
VIDEO_7039780337739730181,74.75,145.82,54.03,82.89,145.45,54.21,,,,,,,,,
VIDEO_7040071170363788550,9.55,179.44,20.61,11.36,180.12,20.61,,,,,,,,,
VIDEO_7040105390410960133,121.05,128.69,66.41,183.33,137.05,48.61,99.76,122.06,67.36,34.66,133.27,74.16,87.07,124.49,72.24
VIDEO_7040300833019415813,436.75,106.3,34.92,464.13,106.83,36.61,,,,,,,,,
VIDEO_7040810874281479430,674.95,148.85,92.94,759.47,148.7,93.01,215.85,178.8,57.54,,,,,,
VIDEO_7041160388334980357,406.26,230.48,13.24,241.31,222.76,16.51,176.96,170.6,24.04,275.61,158.01,27.8,456.59,87.41,92.05
VIDEO_7041273346830454022,26.04,172.89,68.21,28.01,173.91,66.99,50.15,121.86,82.9,51.96,130.68,79.14,60.01,121.9,90.54
VIDEO_7041603482742230278,108.73,151.5,36.9,38.46,153.46,41.08,269.14,151.5,79.48,240.04,174.45,52.7,946.02,126.21,70.65
VIDEO_7041969079246245126,851.76,158.52,60.25,918.99,163.92,58.01,488.87,154.5,76.37,,,,,,
VIDEO_7042347189179403525,79.12,138.73,94.64,66.03,137.99,91.66,,,,,,,,,
VIDEO_7042694987141745926,609.79,158.43,63.27,549.55,157.88,63.71,,,,,,,,,
VIDEO_7043009038623329541,44.11,168.64,75.32,45.62,165.04,75.68,,,,,,,,,
VIDEO_7043834307458141446,858.47,126.05,82.59,860.18,127.38,80.38,,,,,,,,,
VIDEO_7044841251262237958,238.06,75.51,103.91,223.12,78.28,105.3,,,,,,,,,
VIDEO_7044982077288189190,2275.49,118.61,127.34,1751.03,112.28,138.29,,,,,,,,,
VIDEO_7045558641969073414,322.69,174.74,38.05,303.04,182.71,35.05,348.43,183.08,27.73,278.84,160.09,30.84,347.03,174.47,25.13
VIDEO_7046370407758286085,65.92,85.08,94.21,76.15,91.04,24.62,,,,,,,,,
VIDEO_7049689395460312326,621.8,145.25,61.45,614.92,144.38,60.79,698.59,156.81,46.71,563.06,157.47,72.42,881.61,158.6,42.14
VIDEO_7050043192732912901,523.65,124.43,148.67,506.09,125.45,147.14,,,,,,,,,
VIDEO_7050156581652106502,371.41,186.44,18.82,500.61,189.24,14.52,328.28,180.38,22.75,757.22,131.87,40.52,,,
VIDEO_7050500563045338374,255.23,173.41,65.06,70.44,190.4,63.85,123.6,141.63,111.76,193.68,145.76,110.53,281.17,176.49,66.01
VIDEO_7051571825989422342,359.43,141.82,118.33,285.78,144.22,118.29,307.45,146.04,114.87,220.93,145.92,118.19,109.15,113.81,173.08
VIDEO_7051617295818362117,347.16,162.5,52.68,271.18,166.84,54.51,,,,,,,,,
VIDEO_7052727837165505797,313.49,181.94,15.34,228.94,184.29,11.73,253.16,177.3,18.7,726.38,207.19,12.65,,,
VIDEO_7053136217717607686,525.9,102.64,139.64,267.6,120.12,119.43,332.66,122.33,122.67,939.95,117.27,127.53,1159.82,99.57,66.07
VIDEO_7053545705868152069,151.83,171.72,34.07,125.52,175.55,35.0,,,,,,,,,
VIDEO_7053886455805955333,25.66,145.96,94.86,668.57,195.57,18.53,78.06,150.23,88.67,231.98,109.74,84.61,190.34,100.03,45.1
VIDEO_7054222416247000325,35.59,86.5,126.89,49.53,88.46,131.68,,,,,,,,,
VIDEO_7054255399968476422,23.1,132.13,59.16,19.75,137.76,52.21,,,,,,,,,
VIDEO_7054582233989958917,137.67,148.28,89.53,128.71,144.84,91.72,,,,,,,,,
VIDEO_7054948838716493061,603.08,165.43,67.16,602.82,164.31,67.17,196.06,182.69,36.82,165.63,198.78,40.85,244.74,203.68,34.94
VIDEO_7054964457310539013,140.01,104.93,150.01,151.72,112.94,142.42,,,,,,,,,
VIDEO_7055321327174946054,587.96,109.01,49.93,609.23,114.46,47.93,25.48,158.08,27.01,17.04,57.0,98.38,,,
VIDEO_7055610539749199109,597.93,109.68,118.09,404.34,106.65,130.51,245.71,148.5,42.94,245.71,148.5,42.94,192.6,111.97,98.78
VIDEO_7055714634526969093,671.18,183.5,39.91,652.89,184.95,39.13,,,,,,,,,
VIDEO_7056423267564899590,559.49,125.47,107.72,649.97,129.78,103.36,453.83,123.6,106.05,0.0,0.0,0.0,,,
VIDEO_7056858947935915270,14.3,155.56,62.99,6.0,157.1,54.76,,,,,,,,,
VIDEO_7057200753470950661,741.39,127.91,67.17,753.1,127.51,66.71,,,,,,,,,
VIDEO_7057221943623306501,258.2,114.6,152.24,249.58,122.94,138.47,195.35,123.01,125.17,478.22,127.22,133.85,423.94,120.79,123.5
VIDEO_7057548200625917190,785.41,122.76,34.17,666.77,117.16,36.89,516.41,114.62,81.18,0.0,0.01,20.28,,,
VIDEO_7057560274424958214,357.81,154.06,81.32,356.08,153.95,80.31,,,,,,,,,
VIDEO_7057846707651939590,331.48,129.08,99.68,474.74,122.4,106.32,523.21,132.03,95.19,345.71,130.09,66.02,,,
VIDEO_7058313871718714629,92.31,97.79,127.85,110.42,103.48,120.8,,,,,,,,,
VIDEO_7058348964306783493,130.95,109.24,117.04,115.8,107.5,123.61,,,,,,,,,
VIDEO_7058664802880589062,542.4,151.35,76.16,692.15,149.97,74.21,,,,,,,,,
VIDEO_7059081815985818886,0.99,161.91,34.38,11.32,119.66,113.49,348.05,109.73,143.92,,,,,,
VIDEO_7059301793574046982,348.35,120.29,159.62,343.54,124.15,157.81,,,,,,,,,
VIDEO_7059302103713402117,84.53,130.78,152.94,120.16,137.04,145.21,,,,,,,,,
VIDEO_7059414649581604102,140.97,157.38,59.99,137.79,168.41,49.61,,,,,,,,,
VIDEO_7059442492080491781,73.95,92.8,101.65,141.75,104.65,93.43,174.81,114.91,64.64,17.52,98.37,175.65,196.35,88.63,158.19
VIDEO_7059747853035441414,258.09,119.58,78.9,319.71,120.43,78.66,,,,,,,,,
VIDEO_7059832468412583173,50.13,120.36,127.57,55.41,119.5,125.31,95.07,126.04,114.41,54.62,125.97,112.76,39.19,137.17,105.73
VIDEO_7060191695681375493,123.37,110.12,115.8,144.2,104.73,114.46,137.74,102.71,116.26,142.82,101.57,118.26,84.59,222.29,15.1
VIDEO_7060513660975844614,1033.81,154.68,87.03,1031.43,156.61,89.22,442.95,167.64,74.72,742.59,179.66,58.9,373.44,167.44,90.83
VIDEO_7060539961459641605,509.64,112.12,112.88,500.26,112.84,112.17,159.22,109.83,129.39,942.48,136.05,58.71,,,
VIDEO_7060887870688529670,167.02,146.96,20.6,167.03,148.04,20.41,135.19,201.1,14.55,,,,,,
VIDEO_7061273234259610885,41.58,148.73,112.72,48.47,146.07,115.52,84.32,185.56,55.05,533.59,146.69,105.35,,,
VIDEO_7061519229182315781,5.86,61.57,59.51,6.45,60.28,60.71,9.21,146.08,44.28,12.53,159.67,51.58,,,
VIDEO_7061663961090936070,191.97,147.69,73.24,220.52,149.0,70.62,,,,,,,,,
VIDEO_7061974363939261701,80.52,122.48,32.59,68.59,168.13,6.59,95.64,142.19,23.51,78.09,144.35,18.76,113.35,160.87,15.02
VIDEO_7062023531764256006,282.54,123.82,27.74,272.57,132.43,24.41,484.64,160.06,36.15,479.18,196.83,15.55,53.59,149.22,45.02
VIDEO_7062046390570061061,870.66,193.07,48.17,801.5,193.38,51.2,211.84,149.65,69.59,665.18,178.35,51.61,292.4,164.25,53.17
VIDEO_7062415851231677702,518.75,159.85,27.37,414.31,161.87,26.74,,,,,,,,,
VIDEO_7062740749992971526,203.87,131.13,44.44,205.33,127.47,47.84,,,,,,,,,
VIDEO_7063121025394855173,361.33,151.37,71.97,324.99,153.19,67.48,271.23,174.23,65.11,242.22,171.27,51.52,110.48,177.86,60.01
VIDEO_7063127157068844294,150.44,125.56,55.45,160.63,125.02,57.49,,,,,,,,,
VIDEO_7063459529668742406,280.14,136.61,36.17,323.89,154.55,22.82,181.37,150.06,31.24,180.99,151.63,35.14,,,
VIDEO_7063505399307144454,696.67,105.81,135.91,617.29,125.31,125.22,742.92,94.9,130.58,585.92,145.82,88.29,795.27,148.63,87.02
VIDEO_7064244808700726533,48.88,176.54,51.63,52.64,175.41,53.72,,,,,,,,,
VIDEO_7064489288125189382,135.68,161.91,59.41,140.91,161.77,59.56,,,,,,,,,
VIDEO_7064507087086161157,169.71,128.24,99.76,235.72,152.62,74.41,,,,,,,,,
VIDEO_7064585014561754373,78.14,164.76,51.4,64.11,158.24,52.44,284.15,130.07,51.96,228.56,130.0,37.75,125.71,227.91,16.57
VIDEO_7064650116321250566,1.6,138.56,128.16,2.14,131.42,138.04,,,,,,,,,
VIDEO_7064977105032858885,254.25,120.36,76.12,198.1,159.94,34.75,173.51,159.05,34.71,378.45,119.48,93.97,310.98,113.59,121.01
VIDEO_7065372841423801605,876.94,115.73,57.07,536.51,119.75,52.75,,,,,,,,,
VIDEO_7065713702833638662,779.5,152.73,33.42,582.89,154.67,33.13,399.88,132.17,43.5,372.59,116.21,33.32,643.34,126.52,32.63
VIDEO_7065769954695564550,110.94,133.95,64.5,73.7,106.72,79.7,71.72,108.8,76.9,,,,,,
VIDEO_7066474035613388037,28.79,170.97,55.01,27.16,169.83,53.69,3.8,179.97,44.05,66.24,145.77,33.46,200.05,186.28,58.22
VIDEO_7066872454249073925,842.55,154.68,43.54,665.89,152.61,46.57,,,,,,,,,
VIDEO_7067063225736580357,2272.58,128.31,100.42,220.17,117.5,118.62,422.01,111.35,98.78,340.52,137.45,34.08,37.53,125.47,52.85
VIDEO_7067217215925275910,353.69,144.07,52.92,361.27,136.54,59.46,402.04,144.24,47.13,374.29,161.35,26.28,,,
VIDEO_7067569943449046278,472.31,135.29,70.11,495.55,135.82,69.71,435.56,115.21,109.3,,,,,,
VIDEO_7067578500101803269,759.95,144.5,55.75,728.96,133.39,61.47,250.89,132.55,63.53,0.0,0.0,0.0,,,
VIDEO_7067623396279930117,274.25,130.8,110.16,276.2,133.0,106.48,,,,,,,,,
VIDEO_7067959925141474565,796.23,134.6,122.46,15.53,101.47,157.97,29.44,98.56,101.17,5.86,128.91,98.6,,,
VIDEO_7067985901011373317,392.66,122.36,124.25,389.46,112.83,145.81,346.84,98.39,187.68,485.73,121.71,137.61,378.29,107.86,172.77
VIDEO_7068298283386506502,206.49,126.26,120.82,254.65,134.65,117.08,,,,,,,,,
VIDEO_7068640088774741254,1071.02,145.4,31.6,906.21,139.45,49.31,991.79,141.95,48.26,768.14,148.35,33.49,,,
VIDEO_7068682786437139718,276.31,133.09,50.12,232.29,125.24,50.52,,,,,,,,,
VIDEO_7068731699701484806,217.44,47.08,106.73,283.88,86.17,74.87,274.66,124.19,58.24,312.3,45.64,90.0,211.73,46.51,66.81
VIDEO_7069326966159084806,289.44,123.54,77.29,253.81,118.82,87.5,,,,,,,,,
VIDEO_7069799098576112901,461.18,169.89,92.04,445.63,169.89,92.03,,,,,,,,,
VIDEO_7069805338601606406,51.21,153.81,49.94,51.43,157.93,51.21,,,,,,,,,
VIDEO_7069844079122599173,708.57,194.24,18.99,216.42,142.69,45.13,315.26,132.63,59.03,50.83,127.97,55.93,287.6,162.38,55.85
VIDEO_7070162555695615237,266.85,149.69,61.82,213.96,148.12,61.88,,,,,,,,,
VIDEO_7070176633931549958,245.86,109.87,58.58,279.92,110.0,43.32,200.61,100.56,54.31,,,,,,
VIDEO_7070218376328563973,7.6,112.18,102.93,7.27,120.32,90.37,8.63,112.79,89.43,8.39,112.73,109.66,,,
VIDEO_7070486062182731013,463.64,116.36,133.28,480.42,116.19,133.58,,,,,,,,,
VIDEO_7070550742880292101,235.14,121.02,41.36,264.85,120.83,50.41,,,,,,,,,
VIDEO_7070569241413422342,49.66,123.67,52.94,51.87,121.6,53.85,,,,,,,,,
VIDEO_7070907935722917126,465.83,158.13,61.89,1024.79,132.41,53.43,414.26,99.23,140.06,847.75,138.94,47.49,451.91,128.11,110.91
VIDEO_7071272326746230021,263.2,54.1,37.14,259.86,83.59,24.33,269.86,42.96,18.52,295.21,114.81,21.31,61.66,53.84,36.55
VIDEO_7071272731286834437,762.9,107.0,102.46,767.65,103.6,106.26,,,,,,,,,
VIDEO_7071521897082621189,831.16,135.02,49.49,264.78,182.23,46.51,311.01,180.77,47.47,357.9,159.35,34.06,426.8,200.17,14.15
VIDEO_7072060893818899717,413.62,133.75,57.57,422.53,138.7,50.16,422.63,149.95,51.47,521.52,132.94,47.65,697.8,140.58,50.19
VIDEO_7072415750589254918,409.48,191.54,22.95,1158.99,188.13,26.34,,,,,,,,,
VIDEO_7072437259127098630,604.05,128.56,86.95,599.58,124.71,81.05,,,,,,,,,
VIDEO_7072774694214044934,13.36,116.3,61.39,377.64,99.64,102.12,333.4,100.1,102.08,102.16,122.8,42.99,56.5,121.92,54.72
VIDEO_7072780188018380038,89.22,92.11,41.98,59.24,96.12,40.47,90.93,97.42,44.33,69.32,114.16,46.23,39.56,78.98,91.26
VIDEO_7073146702995279110,517.8,127.87,82.48,540.02,130.14,76.98,421.7,132.14,73.18,185.01,114.65,92.3,292.08,125.54,66.39
VIDEO_7073157554024566021,114.81,131.68,118.14,270.58,134.46,111.45,,,,,,,,,
VIDEO_7073510812542913798,416.61,127.3,72.14,371.43,124.28,73.03,,,,,,,,,
VIDEO_7073511726888635653,244.74,103.82,99.8,142.06,115.18,94.86,,,,,,,,,
VIDEO_7073513732395044102,68.15,127.17,118.65,61.9,115.24,125.25,50.15,108.43,157.35,152.17,100.93,187.79,442.32,141.92,66.35
VIDEO_7073547434244328709,31.36,110.86,133.01,39.59,111.72,131.34,,,,,,,,,
VIDEO_7073906588079246598,96.52,163.38,67.6,66.82,170.57,66.37,535.45,153.94,47.69,1188.94,151.75,53.27,187.79,117.92,36.21
VIDEO_7073916316566031622,136.87,133.44,110.14,171.82,117.8,133.55,551.57,102.64,143.76,198.75,125.15,121.2,,,
VIDEO_7074644027190103302,335.82,154.06,59.68,289.26,155.43,59.61,266.14,162.07,71.59,114.45,155.28,70.96,,,
VIDEO_7074987594026700038,353.99,134.22,42.61,520.16,186.47,18.79,410.68,172.25,52.52,622.96,135.34,100.39,300.89,156.99,62.43
VIDEO_7075005822228499717,241.37,145.49,58.82,230.74,112.8,67.52,332.12,175.75,33.71,166.89,100.63,96.66,277.49,146.23,84.39
VIDEO_7075406881111444742,482.73,124.71,92.28,555.57,137.57,37.77,589.86,146.35,38.81,62.9,151.24,42.87,,,
VIDEO_7075734573933530373,151.81,144.1,49.45,103.9,111.94,68.49,152.71,124.68,60.43,225.05,125.28,79.33,,,
VIDEO_7075788593930816773,183.38,99.05,163.34,166.76,97.84,163.85,,,,,,,,,
VIDEO_7076131060420988165,248.17,145.54,94.78,829.07,194.61,18.87,331.44,149.75,88.65,456.54,109.42,84.07,242.44,100.84,50.37
VIDEO_7076134412487855366,194.77,132.03,82.42,106.23,86.75,116.42,,,,,,,,,
VIDEO_7076423248698690822,503.31,135.06,42.06,378.71,143.06,34.79,258.26,195.34,41.01,252.47,156.16,48.14,372.55,133.87,51.84
VIDEO_7076502785742720261,403.42,153.1,64.25,405.38,153.58,64.33,352.01,147.02,72.1,93.47,118.04,68.24,39.72,111.82,62.13
VIDEO_7076526059344104709,62.66,107.47,73.04,46.4,114.93,61.4,,,,,,,,,
VIDEO_7077571361660521733,160.42,226.85,11.87,152.64,225.96,12.68,17.21,193.33,22.12,9.18,123.29,104.94,16.17,152.72,72.03
VIDEO_7077597321667546373,243.76,133.99,84.15,230.88,135.18,77.67,121.88,126.64,73.12,153.61,176.3,60.88,49.17,115.3,126.11
VIDEO_7077597820538146053,143.61,183.04,48.78,148.44,180.97,51.02,312.06,178.15,54.74,15.95,133.03,74.93,193.56,160.33,31.73
VIDEO_7078216427131473157,1236.01,134.89,107.53,1351.4,133.2,111.53,,,,,,,,,
VIDEO_7078227199463066886,193.8,149.28,100.46,187.37,153.2,95.38,,,,,,,,,
VIDEO_7078325137698770181,289.12,68.37,114.9,282.67,66.62,114.12,159.51,93.4,96.53,,,,,,
VIDEO_7078352231413697797,279.66,144.95,72.43,316.91,143.46,72.16,,,,,,,,,
VIDEO_7079069070078889221,402.8,151.57,77.62,340.29,172.01,17.12,340.4,130.15,87.81,310.56,126.1,99.73,280.0,134.36,96.35
VIDEO_7079071645771500806,526.39,143.17,86.06,514.99,153.11,72.3,,,,,,,,,
VIDEO_7079095510904229126,436.08,151.5,65.02,389.16,146.59,65.77,,,,,,,,,
VIDEO_7079418950315969798,648.58,145.15,89.71,668.33,145.52,88.55,633.98,123.65,81.99,798.03,145.05,76.58,655.17,124.51,66.48
VIDEO_7079814734664436998,655.45,114.11,90.16,664.56,115.21,90.56,396.87,115.62,83.81,640.12,113.86,86.72,579.66,119.7,85.32
VIDEO_7079836018203020549,457.19,26.86,160.01,471.47,25.34,171.69,,,,,,,,,
VIDEO_7080140185001938181,132.95,163.77,64.39,147.56,163.68,64.12,,,,,,,,,
VIDEO_7080188060561837318,96.37,131.09,109.39,3.7,123.3,109.98,209.37,134.96,120.68,29.45,201.24,18.03,94.01,90.15,187.94
VIDEO_7080535307816291589,429.07,90.99,143.16,710.05,158.63,42.36,675.15,158.78,43.02,519.27,93.69,133.18,,,
VIDEO_7080545682058169605,37.09,126.23,84.05,37.94,129.92,79.82,,,,,,,,,
VIDEO_7080583186522098949,214.32,112.49,48.37,228.29,113.85,47.35,,,,,,,,,
VIDEO_7080915608727997701,308.5,103.03,42.8,304.98,100.47,45.15,,,,,,,,,
VIDEO_7081140277083213062,266.48,179.98,45.4,280.96,173.4,48.18,286.86,159.51,37.24,,,,,,
VIDEO_7081276473687985413,215.68,139.12,53.6,233.49,140.53,50.96,,,,,,,,,
VIDEO_7081323710442917125,187.91,151.07,89.77,226.95,143.13,94.77,163.33,163.22,40.01,234.28,152.3,67.24,514.76,134.09,57.86
VIDEO_7081701013891157253,212.98,129.91,49.94,339.68,129.99,32.66,,,,,,,,,
VIDEO_7081711774084484358,69.6,151.57,26.18,59.75,155.77,28.1,70.62,144.27,31.03,35.59,162.22,44.67,,,
VIDEO_7082037036730813701,350.69,151.42,42.91,148.31,147.93,60.49,146.05,149.96,59.23,87.37,153.41,48.24,35.56,141.96,98.37
VIDEO_7082286078417259782,164.89,112.51,102.14,161.68,113.55,100.25,,,,,,,,,
VIDEO_7082386924677205253,207.93,124.11,72.55,124.7,138.03,63.25,,,,,,,,,
VIDEO_7082772534126513414,227.21,115.33,105.52,213.83,113.97,108.52,,,,,,,,,
VIDEO_7082815811529805062,499.95,111.22,141.66,528.31,111.07,142.64,554.46,132.58,122.86,,,,,,
VIDEO_7083155569812589829,200.45,125.94,112.06,116.04,131.77,98.61,,,,,,,,,
VIDEO_7083159832185933061,270.06,115.15,110.45,275.47,111.45,117.43,293.47,106.55,126.68,265.52,155.8,62.18,253.68,137.15,120.77
VIDEO_7083526112558517510,527.88,143.9,59.24,565.36,154.49,58.02,634.57,142.17,67.0,623.15,148.44,51.87,585.17,156.01,51.84
VIDEO_7083882172154645765,1248.47,117.73,47.47,1310.67,120.6,48.41,,,,,,,,,
VIDEO_7083930192657353990,22.66,120.47,90.76,89.92,114.36,110.75,42.44,130.68,51.27,88.46,149.76,87.59,28.15,116.05,146.68
VIDEO_7084552539126926597,8.13,79.85,93.85,10.74,70.04,75.57,8.77,53.61,138.3,10.37,68.96,82.75,8.05,50.94,147.97
VIDEO_7084890005491010821,504.49,141.49,82.34,509.35,142.0,78.12,,,,,,,,,
VIDEO_7085367737178000646,227.45,98.42,120.59,360.34,112.93,97.93,352.54,110.65,98.32,548.52,123.99,100.45,691.52,146.3,39.54
VIDEO_7085404371671846150,434.47,148.11,65.12,508.66,144.26,76.1,427.45,193.73,40.18,2046.29,168.23,41.82,,,
VIDEO_7085631257542954246,1669.46,93.6,55.78,773.28,95.6,55.23,1693.61,110.62,63.75,1067.52,104.28,104.34,,,
VIDEO_7085748815449312517,8.73,90.36,112.48,20.55,73.95,116.54,34.28,73.99,116.9,22.28,83.72,121.32,43.25,23.32,103.7
VIDEO_7086111451965869317,726.68,108.41,114.56,803.96,106.75,116.5,527.78,87.12,84.75,1457.64,106.5,104.46,609.97,113.47,77.71
VIDEO_7086144769222511877,690.03,194.48,19.08,360.5,142.31,45.45,399.62,132.18,59.24,180.36,127.79,56.12,562.06,161.8,56.41
VIDEO_7086527236471311622,595.98,150.18,53.4,425.39,139.62,77.29,516.24,142.09,76.51,342.33,132.5,126.83,142.07,166.09,87.77
VIDEO_7087592356664315141,769.15,156.9,39.05,539.94,153.7,45.37,390.36,99.81,80.65,479.4,152.39,48.84,602.12,171.72,37.9
VIDEO_7087653844863208709,339.55,106.72,46.64,477.6,91.58,83.14,407.56,55.32,114.62,712.62,110.54,73.16,302.74,60.43,128.24
VIDEO_7087822626005060870,341.12,135.13,80.91,349.02,139.37,75.87,,,,,,,,,
VIDEO_7087984641864502534,188.86,128.54,125.82,401.95,113.13,141.26,461.16,130.94,95.79,526.6,127.45,99.15,448.53,112.64,151.09
VIDEO_7088619536202648837,3254.1,115.19,77.05,1425.53,111.47,76.4,,,,,,,,,
VIDEO_7088705916027063557,379.95,186.32,19.05,370.91,187.35,18.12,127.15,196.43,18.31,,,,,,
VIDEO_7090931568486763781,117.9,157.24,45.36,120.52,159.96,45.53,72.99,164.41,42.83,98.33,176.73,47.73,142.76,169.54,48.6
VIDEO_7091569180054490373,758.54,146.46,66.65,550.39,157.51,53.26,444.84,145.58,68.12,604.25,119.04,133.75,296.32,135.65,96.0
VIDEO_7093581650163944709,158.96,143.44,92.52,158.67,142.07,97.84,,,,,,,,,
VIDEO_7093804812864670981,757.74,85.37,37.6,1443.78,81.2,41.06,,,,,,,,,
VIDEO_7093894381794512133,2463.25,115.04,61.14,1343.83,122.52,44.76,1541.76,118.81,54.33,645.09,130.39,54.85,,,
VIDEO_7094149805496159494,264.2,127.71,76.88,259.91,123.51,82.38,277.44,133.83,97.28,518.21,126.84,119.0,59.25,152.51,69.32
VIDEO_7094187420819803398,418.12,151.79,67.5,428.61,150.1,69.04,,,,,,,,,
VIDEO_7094270154275605765,443.2,139.49,58.36,349.02,123.33,76.89,32.28,90.33,64.23,194.55,103.94,68.74,58.29,133.94,57.99
VIDEO_7095721528142155014,192.11,142.33,44.77,182.82,146.11,46.99,1767.43,164.6,125.34,884.96,184.74,50.72,72.47,81.31,107.71
VIDEO_7095777172513721605,197.49,150.64,44.88,149.36,165.28,50.06,,,,,,,,,
VIDEO_7096121724990655749,300.99,149.75,41.64,477.49,144.69,41.46,285.01,137.74,47.92,526.93,122.55,63.73,464.42,119.18,63.7
VIDEO_7096387117462359302,227.19,111.25,174.51,224.78,102.01,172.9,44.78,136.22,243.37,,,,,,
VIDEO_7098701138203069702,583.02,130.13,90.97,567.84,128.17,92.85,,,,,,,,,
VIDEO_7099406976437718278,19.14,169.75,61.04,62.02,112.64,79.17,187.3,181.61,21.71,304.08,164.84,47.6,41.15,217.14,27.86
VIDEO_7100934148864494854,1218.16,118.57,167.26,1335.46,123.2,159.82,,,,,,,,,
VIDEO_7101649191662882053,230.15,117.91,78.57,192.22,120.49,79.0,,,,,,,,,
VIDEO_7101685930276293894,136.72,143.09,82.5,194.84,143.36,87.92,483.42,182.9,47.57,190.17,167.79,41.26,626.61,72.1,143.47
VIDEO_7103816728982916357,350.56,126.68,111.11,345.33,125.75,111.84,412.27,128.08,110.02,140.8,88.56,161.02,0.0,0.0,0.0
VIDEO_7104552926231743749,125.46,110.94,81.93,451.46,79.3,85.55,152.44,178.43,52.11,144.27,115.81,94.24,668.16,130.25,96.5
VIDEO_7107270367303044358,268.43,126.51,83.05,34.28,96.56,62.14,81.12,100.32,65.35,13.01,150.15,103.05,59.44,115.35,52.34
VIDEO_7107863534549110022,383.64,116.77,105.3,353.57,118.17,99.21,,,,,,,,,
VIDEO_7108626212104178949,419.71,134.33,68.34,263.31,129.69,63.03,,,,,,,,,
VIDEO_7108997263912979717,529.36,102.71,180.62,1270.14,105.26,181.69,,,,,,,,,
VIDEO_7110099088661548293,478.22,118.51,115.41,517.9,115.83,117.87,,,,,,,,,
VIDEO_7111254884971744518,313.63,152.05,77.62,333.12,144.08,79.96,366.4,133.83,83.78,462.86,54.45,123.4,159.96,99.88,92.11
VIDEO_7111379317900332293,568.36,124.08,89.32,572.52,123.44,92.89,,,,,,,,,
VIDEO_7112440653350571269,942.91,115.83,87.92,305.74,123.63,99.5,68.73,122.08,92.0,1392.16,118.69,107.1,1604.92,116.51,111.41
VIDEO_7113472331917298949,627.38,118.8,80.52,575.96,118.03,80.75,715.56,116.99,80.8,1061.23,135.3,66.24,831.4,142.79,63.08
VIDEO_7113851055355596038,1432.61,120.45,129.35,729.65,106.69,144.06,,,,,,,,,
VIDEO_7114309168302984454,572.32,104.57,74.07,530.21,109.87,71.48,,,,,,,,,
VIDEO_7114675214583155973,283.81,148.06,57.17,263.53,147.6,56.28,387.96,135.64,58.0,,,,,,
VIDEO_7114705253899029765,294.6,100.79,127.39,501.08,166.05,82.63,557.51,177.16,73.51,195.58,91.19,141.64,153.46,174.14,66.59
VIDEO_7115325407318052102,122.53,115.89,169.22,110.11,115.1,165.91,,,,,,,,,
VIDEO_7116158724288400645,162.52,132.37,105.89,182.0,132.39,106.84,,,,,,,,,
VIDEO_7116439198285958405,2117.59,125.38,96.4,2252.62,124.66,96.14,1001.84,108.66,99.3,1007.6,104.77,146.86,1597.95,142.07,63.46
VIDEO_7120944943270530309,934.3,101.98,144.97,918.02,101.6,145.46,795.28,100.48,147.55,94.05,96.97,154.38,537.84,110.78,137.9
VIDEO_7122480993948159238,799.26,107.83,63.64,1088.19,121.59,64.69,943.82,118.42,77.14,463.66,125.34,76.32,,,
VIDEO_7123931386964184326,2630.9,122.74,103.87,954.75,123.64,91.73,597.13,128.77,81.13,898.76,129.16,89.38,271.66,123.38,87.84
VIDEO_7124374690520419590,22.94,175.16,64.48,26.81,175.45,63.55,1825.0,125.91,106.16,1310.11,122.86,107.41,,,
VIDEO_7124683160218029317,140.45,100.47,174.87,201.58,95.62,116.17,985.22,121.31,81.44,755.68,110.1,107.36,751.71,124.1,71.13
VIDEO_7125076892729756933,742.88,137.36,32.26,741.73,138.19,31.21,779.1,133.28,35.44,1162.77,136.8,36.15,,,
VIDEO_7125392158063955205,126.73,135.25,98.34,3.25,210.49,21.95,59.57,127.51,128.22,68.59,123.85,106.9,45.25,136.9,91.45
VIDEO_7125703838497131781,627.02,128.49,54.39,468.11,124.39,62.78,,,,,,,,,
VIDEO_7127182082568113413,307.31,128.38,24.64,165.77,128.8,25.2,,,,,,,,,
VIDEO_7128317775524777222,1154.68,99.47,96.16,980.42,101.99,96.49,407.79,99.87,133.61,1239.31,97.58,145.55,,,
VIDEO_7128322715894729989,1250.95,113.88,119.98,890.95,114.85,126.29,630.52,122.24,92.16,505.32,122.24,127.64,0.0,0.0,0.0
VIDEO_7128353863966444806,2271.82,136.67,71.37,1572.55,141.49,64.43,2078.06,129.18,112.4,43.42,134.42,89.87,1763.3,131.99,97.09
VIDEO_7129505006046170373,599.59,125.1,72.33,480.97,131.39,51.37,580.41,116.72,94.97,0.0,0.0,0.0,,,
VIDEO_7130169267454070021,319.0,108.71,94.83,185.87,108.73,93.91,131.0,97.73,131.97,209.15,112.66,117.22,197.59,113.31,128.93
VIDEO_7130612533437762821,44.45,120.01,70.94,53.96,121.47,72.19,206.92,128.83,100.15,,,,,,
VIDEO_7130620750842678533,495.93,106.12,130.06,480.96,105.97,132.24,473.29,105.67,133.66,809.24,138.86,63.23,,,
VIDEO_7130906655885102341,393.41,119.76,95.39,202.76,118.85,99.34,125.08,110.07,172.37,320.19,137.07,112.05,245.15,138.34,104.73
VIDEO_7132514036276628742,821.77,126.82,70.76,791.24,128.32,63.48,,,,,,,,,
VIDEO_7133481707449142533,77.7,152.29,69.91,76.73,152.22,71.02,2891.98,136.39,109.27,2260.3,141.01,63.48,592.45,139.77,99.86
VIDEO_7135716231218318597,69.4,96.78,111.94,60.42,99.55,102.45,,,,,,,,,
VIDEO_7137227107456879877,138.08,128.07,58.61,83.97,130.01,58.66,507.29,155.93,44.05,,,,,,
VIDEO_7137955446320565510,473.17,140.38,95.19,248.74,141.6,95.38,,,,,,,,,
VIDEO_7138043316087606533,876.83,132.2,92.13,942.12,132.95,91.82,890.43,134.31,91.72,492.78,119.42,106.24,659.78,147.03,65.74
VIDEO_7140150980246719750,587.76,122.19,87.83,407.65,122.33,85.63,200.32,118.35,87.13,81.36,0.72,2.2,,,
VIDEO_7140222885389536517,779.37,133.64,151.65,662.54,133.36,153.53,155.25,13.5,37.11,,,,,,
VIDEO_7141029212244233478,807.68,104.37,88.58,474.64,93.18,102.16,422.64,103.25,97.22,483.2,108.95,92.35,,,
VIDEO_7141370905153850629,896.64,106.27,133.27,863.68,106.96,129.13,,,,,,,,,
VIDEO_7141371845248437510,442.43,124.64,69.96,408.41,122.78,72.23,421.58,119.86,78.04,532.58,118.92,118.61,510.99,95.08,133.01
VIDEO_7142874586755976454,424.12,136.76,52.8,422.5,132.48,55.0,435.78,129.32,66.29,668.33,87.74,133.67,284.98,3.37,236.8
VIDEO_7143162692004482310,1898.51,124.61,76.27,2191.3,126.91,75.65,,,,,,,,,
VIDEO_7143175958978186502,1412.49,110.52,60.32,1231.14,111.4,64.85,,,,,,,,,
VIDEO_7143619564775968006,15.01,132.86,74.35,1217.72,127.23,77.96,,,,,,,,,
VIDEO_7145110811000835333,618.27,127.08,78.62,526.39,125.79,81.61,,,,,,,,,
VIDEO_7145813168818900229,202.98,122.77,54.84,278.13,112.7,61.94,237.6,119.38,54.46,901.18,109.73,120.39,,,
VIDEO_7146479472022277381,745.18,111.81,100.57,640.15,110.66,102.24,443.43,98.99,97.86,,,,,,
VIDEO_7146624079615790341,1852.34,97.65,131.1,1830.72,93.78,139.94,,,,,,,,,
VIDEO_7148719596487363845,1434.41,127.06,33.15,1368.82,128.39,34.5,,,,,,,,,
VIDEO_7150676745937587462,408.07,137.81,75.34,543.36,133.42,85.63,,,,,,,,,
VIDEO_7152911692282809606,274.96,104.25,125.07,155.75,109.84,145.0,253.1,114.16,146.89,143.0,144.09,67.08,,,
VIDEO_7153997940774882565,176.48,85.72,66.27,173.55,87.51,68.82,176.41,91.84,70.31,10.56,95.93,67.73,,,
VIDEO_7155814731897376006,336.92,190.42,75.09,344.09,190.24,75.32,242.51,187.74,69.1,442.15,108.41,118.2,466.0,109.72,116.12
VIDEO_7156562442829466886,570.68,172.33,64.95,461.09,121.1,113.16,490.53,120.24,96.91,468.28,113.12,90.12,218.03,85.04,137.32
VIDEO_7156608613346184454,137.01,138.17,25.31,92.81,145.01,25.12,122.18,147.64,26.65,18.61,109.61,40.22,66.58,168.3,17.89
VIDEO_7156614323194875141,143.67,115.58,60.89,115.07,110.22,62.0,131.81,110.65,60.97,190.71,125.87,53.6,206.66,109.83,81.31
VIDEO_7156881114106170630,216.05,41.81,62.69,214.23,82.1,133.6,219.29,116.23,73.56,257.94,145.46,105.78,,,
VIDEO_7157021341361753349,53.17,42.48,60.2,8.05,36.81,63.09,49.39,46.02,238.64,92.32,83.37,88.78,50.72,119.36,141.27
VIDEO_7158057918431120645,411.09,140.58,112.58,411.78,142.04,110.56,246.22,159.67,40.74,522.75,172.48,43.06,343.78,109.85,91.61
VIDEO_7158447069152300293,370.42,58.44,51.83,275.36,91.66,51.12,112.45,140.8,35.71,427.78,52.61,92.77,214.43,80.9,114.03
VIDEO_7158468268074749189,485.0,138.45,56.71,498.52,138.45,56.65,500.72,138.45,56.62,255.7,119.87,71.27,,,
VIDEO_7158890098770119942,55.54,95.74,87.79,32.27,92.77,87.48,24.97,97.22,84.75,16.6,95.39,143.03,,,
VIDEO_7159544328061275397,328.8,110.2,131.34,278.69,118.05,114.7,,,,,,,,,
VIDEO_7159621444312288517,28.71,122.33,60.32,161.96,86.44,113.34,470.64,121.91,98.84,376.63,118.62,108.34,152.83,147.14,35.78
VIDEO_7161307348827426053,389.47,153.36,48.37,702.28,152.54,49.06,,,,,,,,,
VIDEO_7161354120849427717,523.85,128.87,121.73,406.85,132.61,113.19,419.56,137.42,101.38,44.89,141.43,104.94,53.31,161.47,81.97
VIDEO_7161523791154236677,248.42,125.05,56.96,241.25,162.46,42.79,59.45,88.88,84.73,11.24,130.96,52.21,215.5,132.43,56.31
VIDEO_7161744414979771653,298.99,194.54,4.95,59.33,195.92,4.35,69.55,178.23,15.85,69.1,179.03,8.02,,,
VIDEO_7162123924233358598,231.77,132.49,44.11,219.53,133.33,42.15,,,,,,,,,
VIDEO_7162174902865251589,221.71,183.64,27.39,156.22,186.12,28.34,89.76,163.62,19.32,,,,,,
VIDEO_7162183685423385862,285.95,170.9,53.65,257.91,169.56,53.9,321.95,163.96,36.71,197.88,165.49,81.07,259.51,164.66,82.42
VIDEO_7162439514428919046,297.9,148.83,50.44,260.04,149.12,50.32,300.3,132.14,47.14,346.85,145.7,37.46,134.4,156.05,49.02
VIDEO_7163303756447223045,75.03,202.51,24.41,77.08,199.62,24.81,,,,,,,,,
VIDEO_7163552631053503749,33.41,99.92,138.13,519.61,95.12,140.61,,,,,,,,,
VIDEO_7163942959916895493,73.26,148.22,38.29,7.4,136.49,43.64,16.66,109.92,74.01,293.95,167.16,50.22,,,
VIDEO_7164397666472873222,2565.04,133.45,94.87,2326.7,134.66,85.38,3218.21,125.54,92.68,268.08,45.83,162.94,459.25,121.07,26.41
VIDEO_7164417550791494918,429.09,137.53,37.52,369.29,126.87,45.64,1024.79,90.29,126.59,504.29,114.95,104.24,688.11,154.0,105.28
VIDEO_7164769032430767365,420.08,131.02,51.89,226.15,162.29,41.63,102.05,165.0,57.61,0.0,0.0,0.0,,,
VIDEO_7164772525006720262,4200.96,115.45,71.72,3927.71,115.58,69.91,,,,,,,,,
VIDEO_7164792237543394566,35.26,97.51,104.96,162.81,93.55,114.24,,,,,,,,,
VIDEO_7165165100075093253,479.68,125.07,64.44,667.77,128.26,64.13,,,,,,,,,
VIDEO_7165886702580403462,116.68,141.69,83.61,31.74,171.1,80.33,38.86,174.04,84.53,140.26,165.21,79.77,,,
VIDEO_7165908407793372422,181.67,176.06,44.29,87.06,132.12,85.37,,,,,,,,,
VIDEO_7166637213604678917,335.33,131.4,52.61,227.18,128.95,52.53,221.49,102.38,70.61,170.06,145.98,115.07,175.06,103.83,83.99
VIDEO_7166666264092413190,20.11,89.81,163.88,149.56,91.95,162.38,,,,,,,,,
VIDEO_7167014945626787078,553.22,146.45,55.92,555.22,146.37,53.44,,,,,,,,,
VIDEO_7167292362857794821,1006.12,112.64,112.76,540.11,103.63,119.15,175.81,162.02,53.37,,,,,,
VIDEO_7167309818519227653,518.69,125.17,88.94,472.53,122.1,88.32,360.14,127.59,103.37,399.84,121.65,73.07,,,
VIDEO_7167386112040684805,189.96,155.93,24.27,186.83,151.0,25.49,,,,,,,,,
VIDEO_7168038506772679942,101.65,123.17,40.13,180.86,129.36,45.96,72.73,122.43,84.98,118.21,112.97,84.91,250.1,126.85,48.39
VIDEO_7168426884852747526,950.46,130.93,77.2,845.9,136.69,75.4,,,,,,,,,
VIDEO_7168916057166597382,2230.24,154.17,43.75,2248.07,155.62,42.13,843.4,196.97,30.48,,,,,,
VIDEO_7168935772777614597,124.34,141.1,56.71,52.25,161.03,70.4,,,,,,,,,
VIDEO_7169218120916208902,247.21,113.39,141.56,286.9,104.06,142.29,1283.05,99.6,97.01,1981.19,106.86,106.01,673.54,127.52,79.08
VIDEO_7169238545779952902,149.62,147.66,30.34,148.94,142.72,35.28,,,,,,,,,
VIDEO_7169948893805825285,7.69,188.86,47.95,5.93,190.33,44.06,107.91,193.79,23.52,40.66,152.46,81.52,,,
VIDEO_7170730138965970181,622.09,140.4,97.11,611.2,138.21,98.79,,,,,,,,,
VIDEO_7171408287785782533,918.87,137.39,46.99,824.7,144.08,44.41,811.22,145.69,52.39,1273.6,123.92,90.12,,,
VIDEO_7171449726158589189,503.04,195.17,44.27,569.01,187.25,47.55,,,,,,,,,
VIDEO_7172507378498260229,5.24,136.07,87.35,6.91,138.07,85.23,,,,,,,,,
VIDEO_7172555111879757062,180.87,88.89,136.24,135.55,90.69,156.6,87.81,78.35,183.47,0.98,11.11,134.3,112.07,15.85,113.66
VIDEO_7173695147639655686,354.75,118.57,175.19,557.11,128.07,151.24,1023.85,126.26,137.71,1017.1,86.78,166.96,1128.44,87.44,155.5
VIDEO_7173707401302920453,157.47,112.62,33.03,155.88,112.34,36.14,227.36,124.23,25.8,8.2,66.99,109.05,2.21,83.83,60.33
VIDEO_7174022295978003717,270.89,152.63,59.43,218.73,154.95,57.47,255.42,143.62,69.97,106.83,135.7,120.2,,,
VIDEO_7174339271141100806,175.03,13.82,145.23,177.76,11.33,133.29,,,,,,,,,
VIDEO_7174823379453644037,26.5,103.12,4.76,110.7,132.44,3.69,166.63,147.72,0.0,46.26,119.54,0.74,,,
VIDEO_7175115192966106374,301.68,122.75,27.41,389.07,128.42,26.15,,,,,,,,,
VIDEO_7175864609029491974,311.93,111.6,12.73,832.74,201.27,10.85,596.14,139.66,20.93,560.69,114.88,36.12,614.89,110.86,44.29
VIDEO_7175881254233967878,945.14,141.16,137.45,1003.29,141.16,137.68,,,,,,,,,
VIDEO_7176199071177215237,72.54,80.4,78.14,60.44,82.64,72.68,,,,,,,,,
VIDEO_7176549919933664517,39.63,148.31,63.19,6.95,144.15,63.61,,,,,,,,,
VIDEO_7176635190469512453,106.72,185.66,3.23,105.22,180.99,3.45,123.86,155.16,7.6,0.83,37.29,8.7,,,
VIDEO_7176917454893911301,87.3,173.62,61.56,87.0,175.32,58.22,84.74,153.9,41.18,373.62,126.68,93.81,76.54,178.38,46.88
VIDEO_7177404002508803334,188.39,106.9,54.86,178.52,105.96,54.81,101.12,84.86,80.33,373.91,108.72,58.56,,,
VIDEO_7177417414542429445,102.97,146.01,52.07,239.68,137.5,62.85,,,,,,,,,
VIDEO_7177655896699325702,51.55,157.61,63.92,47.05,159.72,62.79,,,,,,,,,
VIDEO_7178804187403259142,1.24,148.68,16.99,1.76,147.53,46.52,,,,,,,,,
VIDEO_7178872221375548677,554.14,144.37,83.94,369.86,141.52,89.7,473.01,140.83,89.59,181.73,139.08,91.78,120.46,160.77,35.17
VIDEO_7178897418107358469,145.09,58.84,205.09,195.93,148.46,62.11,349.84,131.4,70.85,,,,,,
VIDEO_7179319229924084997,109.5,161.9,9.58,111.06,161.28,9.72,,,,,,,,,
VIDEO_7179637090932509958,123.5,132.53,26.4,122.45,131.0,30.45,136.06,128.78,33.58,60.59,110.13,34.52,139.06,143.61,34.52
VIDEO_7179688144382512390,9.48,136.14,34.88,93.74,137.68,36.75,283.37,138.43,38.07,92.22,93.04,77.87,32.74,145.15,18.88
VIDEO_7180392341839105286,867.38,40.6,172.58,790.27,38.76,181.14,867.38,47.73,164.32,716.83,115.82,78.05,512.05,87.23,103.48
VIDEO_7180432290151959814,848.57,131.7,4.2,142.29,142.79,16.12,211.56,101.52,13.41,275.66,122.97,10.22,39.29,106.42,15.5
VIDEO_7180437054843538693,21.51,137.41,113.7,15.7,139.91,109.34,32.74,119.41,72.41,6.28,129.78,89.43,22.58,142.78,83.54
VIDEO_7181124364987895046,355.86,112.93,92.14,353.24,108.3,98.06,,,,,,,,,
VIDEO_7181547992061676805,157.08,70.08,0.16,905.87,133.43,0.12,1488.24,95.29,88.02,183.8,109.32,0.2,266.76,90.8,98.36
VIDEO_7182218891702127877,885.65,185.73,24.41,585.31,192.54,15.38,,,,,,,,,
VIDEO_7182978974253944069,522.19,148.23,57.71,464.07,146.91,57.46,,,,,,,,,
VIDEO_7182983364293430533,210.48,83.11,0.0,69.76,36.44,0.0,1057.54,90.9,0.0,2022.85,95.07,0.0,0.0,1.0,0.0
VIDEO_7183009043407965445,261.33,100.54,113.56,17.84,102.73,118.97,,,,,,,,,
VIDEO_7183332234605268250,995.77,157.91,37.18,1024.48,158.48,36.68,,,,,,,,,
VIDEO_7183477138249485594,51.4,36.94,110.15,46.42,19.96,100.96,49.83,11.04,64.12,56.9,25.81,78.37,47.98,29.7,146.61
VIDEO_7183681305203330309,186.5,74.85,85.34,215.58,64.71,86.08,197.18,74.96,146.93,253.68,63.99,77.16,272.66,54.97,81.32
VIDEO_7184090635018784005,58.83,192.4,20.69,53.42,191.92,21.09,53.23,192.82,21.37,32.29,165.72,46.7,72.48,126.8,78.66
VIDEO_7184457014217657606,180.7,155.69,39.43,100.2,154.29,41.82,196.3,180.53,40.86,,,,,,
VIDEO_7184459390143974662,760.9,115.85,32.93,759.95,110.13,35.95,,,,,,,,,
VIDEO_7184460864404229381,787.64,148.97,77.55,816.11,149.27,77.51,,,,,,,,,
VIDEO_7184475894335950085,61.73,140.26,37.91,44.75,141.45,28.97,,,,,,,,,
VIDEO_7184831364422814981,23.77,128.2,66.34,77.66,114.01,77.24,,,,,,,,,
VIDEO_7184844462525287685,66.27,62.41,117.32,65.85,63.48,115.52,,,,,,,,,
VIDEO_7185200340310969605,71.95,156.32,59.33,65.83,157.07,58.34,80.52,170.63,77.57,,,,,,
VIDEO_7185555102487416070,225.25,115.12,46.64,200.61,78.59,111.2,254.93,74.34,114.08,310.05,83.9,95.32,261.36,87.21,114.29
VIDEO_7185555796443270405,347.15,113.55,104.27,358.46,109.96,102.78,,,,,,,,,
VIDEO_7185872343988702470,61.96,107.24,15.32,246.51,170.55,16.97,282.76,135.28,36.95,286.98,139.54,0.03,66.04,123.11,167.29
VIDEO_7186344254921280773,306.73,112.99,55.8,94.34,87.36,96.33,120.9,125.5,61.38,54.64,110.31,65.31,40.76,110.01,81.18
VIDEO_7187436390131453190,481.65,112.81,43.25,409.38,109.86,48.52,1536.53,115.58,37.55,150.62,109.1,22.63,,,
VIDEO_7187448552354794758,1695.85,132.1,93.0,1250.93,131.72,96.42,1255.9,124.15,94.7,200.12,120.41,92.92,,,
VIDEO_7187762825270463750,244.1,111.21,132.03,293.08,107.74,147.75,,,,,,,,,
VIDEO_7187830945658031365,22.02,154.48,59.22,24.95,149.29,64.34,17.95,134.08,55.71,21.93,128.57,76.25,16.27,134.53,63.22
VIDEO_7188189006851575046,68.35,113.18,120.26,68.54,113.41,119.81,,,,,,,,,
VIDEO_7188587993752702213,166.05,42.28,178.08,157.1,45.69,169.19,150.06,110.35,85.14,108.21,152.73,48.43,,,
VIDEO_7189175939098561798,472.98,135.99,32.93,432.91,135.79,32.85,534.25,134.84,34.63,63.15,0.87,0.05,,,
VIDEO_7189528219425590534,222.82,124.69,77.37,773.98,136.7,49.72,98.51,132.16,60.17,100.43,120.91,59.28,56.02,135.21,55.42
VIDEO_7189927984172666118,29.99,143.49,119.28,25.18,135.93,127.0,,,,,,,,,
VIDEO_7189955800851320070,356.41,113.86,88.36,278.65,110.28,90.79,,,,,,,,,
VIDEO_7190283346373610757,659.99,108.39,87.53,472.69,107.02,87.71,,,,,,,,,
VIDEO_7190456972418862342,197.68,129.14,108.18,189.75,133.26,100.57,211.62,156.71,51.03,94.83,0.71,1.68,,,
VIDEO_7190655063470116101,345.65,135.8,100.53,262.4,120.55,109.75,,,,,,,,,
VIDEO_7191012677869702405,411.92,183.67,59.55,422.63,172.49,64.17,378.78,172.16,62.37,447.99,132.32,74.3,,,
VIDEO_7191515883330669830,416.95,167.96,61.52,479.72,159.46,72.88,111.5,137.39,118.59,246.87,165.83,62.46,301.87,170.66,65.66
VIDEO_7191848035784117510,229.6,98.98,77.24,248.42,103.38,73.54,206.09,128.32,102.92,294.72,133.36,75.92,,,
VIDEO_7191884217595219206,82.14,147.39,124.21,93.36,150.67,122.13,,,,,,,,,
VIDEO_7191896362630302981,336.56,118.42,57.15,307.4,111.65,58.1,,,,,,,,,
VIDEO_7192172787723783430,474.07,96.84,169.73,413.71,95.1,169.98,99.43,143.06,84.03,308.97,164.83,57.94,984.61,134.78,17.03
VIDEO_7192237337412177157,165.27,186.18,43.74,157.92,183.4,48.06,,,,,,,,,
VIDEO_7192254185969044742,286.54,132.45,141.19,290.84,131.98,141.48,,,,,,,,,
VIDEO_7192298503878577413,133.5,132.62,87.64,1.76,40.53,55.16,143.98,41.05,54.76,87.43,173.8,61.64,,,
VIDEO_7192617192850984198,71.69,82.33,89.98,63.17,96.26,76.16,,,,,,,,,
VIDEO_7192709681280781574,212.78,132.24,60.54,200.96,132.97,59.77,,,,,,,,,
VIDEO_7193034087660031237,791.07,153.3,25.62,693.96,153.39,25.54,,,,,,,,,
VIDEO_7193338808870456582,189.34,179.7,13.58,127.99,183.73,12.02,,,,,,,,,
VIDEO_7193751547749223685,142.98,166.08,61.34,119.08,159.4,71.43,,,,,,,,,
VIDEO_7193808719287766278,142.89,136.39,80.02,139.04,137.24,68.08,133.4,134.17,62.01,182.14,121.27,92.4,,,
VIDEO_7194484239583284486,360.53,178.01,44.05,180.14,169.58,41.85,382.5,159.06,47.56,132.81,161.83,49.55,,,
VIDEO_7194501630111272197,1929.19,136.94,73.92,1800.27,138.37,73.62,1114.71,137.8,73.46,1563.2,133.81,78.08,,,
VIDEO_7194859372227480838,249.21,101.93,102.09,198.26,110.4,110.93,197.51,108.87,113.56,180.5,121.27,66.42,,,
VIDEO_7195215450970606853,135.79,153.71,80.56,141.06,155.98,70.11,133.09,152.88,76.13,280.99,143.26,103.34,,,
VIDEO_7195225752541875462,67.45,171.77,48.1,89.52,172.96,44.97,,,,,,,,,
VIDEO_7195607365813636357,177.92,156.85,69.95,140.49,159.15,61.05,,,,,,,,,
VIDEO_7195937456271691014,588.98,126.6,42.57,574.34,122.11,41.94,356.17,105.19,44.06,749.92,109.39,50.9,443.53,124.82,72.3
VIDEO_7196211164093631749,31.67,57.67,71.96,260.2,66.8,63.46,,,,,,,,,
VIDEO_7196711667420384517,136.52,95.24,180.41,134.69,94.93,181.96,,,,,,,,,
VIDEO_7197080264625966341,488.61,120.38,86.73,556.28,110.12,61.85,14.48,161.75,26.79,270.98,147.95,46.6,,,
VIDEO_7197086542479854854,2857.39,120.96,109.23,2482.37,121.4,110.39,3103.13,122.51,108.11,3603.09,113.59,105.8,,,
VIDEO_7197445468585037062,518.68,158.52,77.16,582.33,159.43,73.55,577.01,157.9,78.04,148.68,136.43,131.0,,,
VIDEO_7197448084119506182,57.93,143.4,99.42,57.02,143.8,99.45,,,,,,,,,
VIDEO_7197470706416815365,86.27,142.46,74.31,150.92,151.84,63.41,175.49,151.25,43.11,,,,,,
VIDEO_7197824225988726021,347.01,152.98,51.2,331.22,152.64,49.63,,,,,,,,,
VIDEO_7198189694750838022,226.8,139.17,91.84,326.73,136.97,93.35,346.6,137.17,94.39,268.67,73.36,130.17,95.65,125.36,116.96
VIDEO_7198194674354457861,392.9,106.59,137.68,223.16,109.11,135.09,388.82,108.13,139.17,212.93,122.83,132.39,,,
VIDEO_7198558888940113158,200.48,131.98,112.9,195.14,129.82,114.34,386.41,154.05,73.48,241.25,124.56,94.01,237.38,126.75,109.84
VIDEO_7198831282984324358,130.76,148.21,51.33,135.29,135.45,54.87,,,,,,,,,
VIDEO_7198947136300403974,316.27,155.3,8.28,334.77,158.13,7.18,,,,,,,,,
VIDEO_7199338065867934982,1.13,12.03,38.78,6.49,12.47,40.35,246.5,74.09,96.92,0.0,0.0,0.0,,,
VIDEO_7199586123952311557,348.5,117.86,77.46,345.24,116.89,77.19,,,,,,,,,
VIDEO_7199677935949778181,392.96,108.62,101.53,601.13,112.33,100.51,349.41,144.18,52.16,525.09,136.54,42.4,462.47,147.4,45.17
VIDEO_7200056336321613062,276.25,117.53,104.1,284.73,117.76,103.76,,,,,,,,,
VIDEO_7200112331873897733,37.62,154.12,26.28,40.55,153.29,39.18,45.41,144.71,43.69,52.45,142.34,37.48,62.49,124.18,36.91
VIDEO_7200418269629582597,63.22,116.83,43.01,55.59,132.02,61.9,57.02,133.35,59.69,80.23,131.24,46.08,12.54,143.46,55.96
VIDEO_7201579247616494853,46.29,136.39,32.63,56.52,131.05,32.71,53.97,129.54,36.84,29.19,177.9,41.99,29.31,165.47,38.69
VIDEO_7201892299112992005,322.76,170.88,59.4,328.72,170.57,59.84,,,,,,,,,
VIDEO_7202277032938540294,707.33,145.97,106.12,419.25,140.73,99.84,,,,,,,,,
VIDEO_7202313398300724485,72.94,153.94,15.63,74.0,149.73,20.39,,,,,,,,,
VIDEO_7202617948983315717,4.37,84.24,90.81,100.99,106.83,81.04,65.38,105.92,82.57,170.53,96.22,78.65,15.11,183.33,11.29
VIDEO_7202909898219326725,152.29,114.46,119.94,128.96,115.3,118.73,63.91,128.89,79.42,,,,,,
VIDEO_7203019203857665286,467.63,108.33,171.6,474.29,108.21,171.72,478.04,108.19,171.82,426.67,139.19,64.14,,,
VIDEO_7203048812351327494,228.59,46.56,85.92,231.76,46.69,86.25,,,,,,,,,
VIDEO_7203684040606633222,504.64,127.82,73.94,517.27,116.57,90.08,,,,,,,,,
VIDEO_7203763760538897669,61.3,152.87,42.73,55.05,153.35,43.85,,,,,,,,,
VIDEO_7203810617180933382,5.1,132.44,127.33,2.76,132.27,129.39,77.66,94.47,47.99,,,,,,
VIDEO_7204395621468392709,349.68,122.76,83.21,385.26,107.27,105.78,,,,,,,,,
VIDEO_7204870147855748357,339.82,135.92,91.08,400.36,145.44,75.13,70.1,117.77,94.72,507.16,97.98,105.92,,,
VIDEO_7204874673367125254,47.15,124.47,55.31,24.46,128.31,55.61,,,,,,,,,
VIDEO_7204907848449527045,268.5,114.71,134.1,281.97,114.2,135.62,241.59,113.21,134.32,29.53,102.04,95.98,19.56,0.82,96.99
VIDEO_7205134218328902917,353.32,138.65,66.5,339.37,137.03,67.55,,,,,,,,,
VIDEO_7205617494143339782,479.02,127.06,84.13,349.46,124.19,94.41,202.79,135.24,83.73,318.34,125.1,88.6,318.72,141.46,77.26
VIDEO_7205658829403458821,8.94,107.93,109.51,5.56,102.47,115.89,9.38,112.98,89.73,2.6,103.13,107.37,7.57,111.59,67.72
VIDEO_7205961411942468870,319.91,111.51,106.17,112.38,107.82,109.96,92.65,74.13,52.7,344.13,116.18,88.72,50.71,83.76,104.09
VIDEO_7205976379370851589,343.3,120.25,63.63,388.31,117.06,57.94,313.9,119.51,57.53,126.61,128.36,68.32,,,
VIDEO_7206342637316607237,59.11,146.36,69.79,57.83,145.06,70.65,56.0,139.48,69.33,0.0,0.0,0.0,,,
VIDEO_7206417246502046981,54.96,127.49,57.12,89.63,124.66,67.44,115.82,114.66,79.83,397.35,108.78,104.6,,,
VIDEO_7206680972555750661,161.26,15.93,17.93,162.59,24.84,21.12,153.25,52.93,132.17,160.84,17.3,94.28,,,
VIDEO_7206682386531110149,579.46,135.8,83.4,560.93,100.57,88.9,831.97,139.05,51.8,,,,,,
VIDEO_7207350500419702022,301.88,120.58,79.42,320.86,119.03,79.27,,,,,,,,,
VIDEO_7207818125402852613,283.78,60.9,87.65,261.69,61.05,87.63,262.21,60.04,80.48,0.27,1.46,16.72,,,
VIDEO_7207842110316268805,78.11,114.98,31.94,78.75,115.44,32.43,,,,,,,,,
VIDEO_7207862806899592453,333.05,124.7,33.17,340.59,126.39,33.32,249.65,119.42,37.78,522.93,131.63,31.8,404.31,137.25,23.99
VIDEO_7208220006314773765,125.17,175.53,30.54,133.87,172.3,36.73,100.25,113.67,75.46,111.26,116.05,107.83,,,
VIDEO_7208539932422425861,2088.83,103.63,102.83,1796.88,103.99,113.39,,,,,,,,,
VIDEO_7208551637869268230,463.5,162.66,50.97,388.67,149.5,90.35,1473.89,152.1,36.98,756.45,150.78,52.65,624.16,165.04,67.34
VIDEO_7208566584535764250,348.38,145.46,31.46,328.24,130.23,38.93,,,,,,,,,
VIDEO_7208590550348434694,455.5,127.27,104.3,461.31,128.33,101.17,,,,,,,,,
VIDEO_7208839545989762309,160.86,160.97,56.22,224.26,159.89,54.02,233.75,135.36,61.75,119.06,134.53,66.24,198.05,151.04,47.38
VIDEO_7208933349933452550,262.63,142.2,53.89,275.98,142.84,53.89,297.26,145.0,55.56,197.54,13.66,34.53,,,
VIDEO_7208952610336820485,282.81,155.55,27.19,96.36,155.16,28.11,,,,,,,,,
VIDEO_7209259784263060742,149.22,174.54,44.31,363.85,158.74,31.48,161.24,174.22,39.89,127.27,167.39,41.48,,,
VIDEO_7209925340557348101,317.24,98.71,36.59,366.65,47.11,88.75,328.64,61.72,62.12,273.01,65.99,57.36,289.41,55.04,37.19
VIDEO_7210067304095173893,273.63,139.97,87.25,226.35,141.04,85.23,,,,,,,,,
VIDEO_7210074063765638406,777.89,127.11,55.66,791.34,125.93,56.11,,,,,,,,,
VIDEO_7210434710646836485,310.35,128.63,64.39,310.71,122.93,67.12,294.64,123.84,63.19,32.04,29.53,160.16,,,
VIDEO_7210751695771553030,325.74,103.07,47.02,296.36,106.55,51.94,,,,,,,,,
VIDEO_7210806075354811654,622.17,122.64,37.28,612.99,126.22,35.98,204.94,165.3,35.07,,,,,,
VIDEO_7210817231368785158,38.02,150.03,29.75,23.09,161.94,18.73,,,,,,,,,
VIDEO_7210834532591963398,362.66,118.88,113.56,333.86,121.39,109.95,89.73,136.07,89.18,91.11,149.45,40.43,114.55,127.48,85.98
VIDEO_7211130311667715334,1030.99,109.06,68.73,1027.56,110.12,69.85,,,,,,,,,
VIDEO_7211165738957163782,153.57,112.28,124.99,153.09,118.45,122.66,76.94,139.82,98.12,82.12,126.76,78.65,219.19,80.0,111.1
VIDEO_7211431817205878021,126.5,142.41,46.26,93.35,142.86,45.67,44.0,129.52,77.28,101.57,136.77,30.45,69.37,165.76,60.55
VIDEO_7211565992852475141,221.41,134.6,90.2,244.39,132.99,90.28,,,,,,,,,
VIDEO_7211932492914298118,48.32,114.61,124.55,125.3,105.79,141.12,30.63,171.21,30.01,28.45,127.14,126.22,46.24,172.63,53.27
VIDEO_7212344637523283205,177.35,52.65,214.01,166.11,52.1,217.97,137.15,60.18,180.74,156.78,25.05,227.49,,,
VIDEO_7212710657672678661,30.1,81.84,1.33,13.46,93.38,0.0,30.75,180.96,21.72,35.37,83.68,25.37,33.53,55.28,2.29
VIDEO_7213053350290459910,6.11,115.17,48.33,7.18,109.24,40.61,497.73,160.39,51.58,61.61,151.46,66.97,70.68,141.55,94.17
VIDEO_7213453348270378246,139.11,92.49,8.5,136.84,91.53,8.41,139.03,92.72,7.87,29.79,101.9,98.52,29.39,100.76,94.25
VIDEO_7213655175318211845,712.6,116.69,118.28,745.96,117.28,113.57,,,,,,,,,
VIDEO_7213794863630912773,477.47,171.14,44.69,468.23,170.73,43.14,,,,,,,,,
VIDEO_7213795540574735621,499.06,93.91,125.86,553.59,100.83,124.12,550.75,102.06,129.6,33.13,117.1,124.31,,,
VIDEO_7214113271018753285,528.78,157.28,63.83,493.12,157.15,67.22,499.22,148.6,72.61,323.32,57.32,101.24,312.9,88.06,104.33
VIDEO_7214396955810680069,281.17,145.5,61.8,304.84,144.43,61.93,,,,,,,,,
VIDEO_7214767845383900421,627.1,105.83,106.82,787.96,106.21,102.83,,,,,,,,,
VIDEO_7214862934139260166,307.1,115.96,101.71,310.07,115.39,99.82,23.06,112.62,122.63,38.93,144.5,66.8,120.47,150.31,18.03
VIDEO_7214886818368490758,1150.79,131.35,90.29,1109.43,136.74,83.08,,,,,,,,,
VIDEO_7215124561799449861,303.56,234.68,0.0,303.84,231.06,0.0,170.49,43.2,109.19,158.57,160.09,29.22,,,
VIDEO_7215238321247751430,39.59,131.72,97.89,47.52,125.18,102.36,61.63,137.67,71.44,492.92,104.8,86.59,356.6,157.86,65.22
VIDEO_7215252214514715909,344.49,137.13,58.75,337.5,137.2,55.98,339.98,136.9,51.42,346.99,110.31,134.59,,,
VIDEO_7215515219164990746,235.2,157.36,44.27,97.95,157.96,43.96,,,,,,,,,
VIDEO_7215611067286703366,225.88,108.54,86.38,387.25,119.6,94.82,359.82,118.9,97.24,168.95,113.4,75.99,195.19,113.25,78.19
VIDEO_7215656408069442822,1.28,215.18,8.67,1.46,215.49,7.81,0.41,38.41,0.73,240.88,214.81,15.7,,,
VIDEO_7216007272311344390,138.89,110.13,97.41,27.73,113.26,127.12,172.47,127.53,71.29,3.86,112.97,74.2,9.67,132.8,74.34
VIDEO_7216240671097736454,1.26,165.66,45.23,107.44,165.64,37.89,109.26,155.4,33.37,154.24,149.19,60.96,0.0,2.0,15.4
VIDEO_7216365794093976838,583.28,122.92,63.82,680.15,139.33,60.55,,,,,,,,,
VIDEO_7217463144069844230,289.66,135.54,55.3,73.08,131.29,108.12,243.96,133.93,145.33,416.47,136.27,57.93,565.05,131.33,69.16
VIDEO_7217888414631283995,152.05,138.57,47.65,124.34,133.79,51.24,290.23,111.22,60.93,86.71,187.54,31.12,75.33,44.82,218.33
VIDEO_7218219061707033882,1.28,138.25,24.61,1.45,136.55,20.73,1.38,128.16,16.64,13.58,130.86,29.88,,,
VIDEO_7218493650160897306,49.5,158.45,101.67,50.04,161.16,88.59,,,,,,,,,
VIDEO_7218857185764216069,216.28,95.64,177.49,6.1,93.1,35.71,56.63,94.13,33.78,29.63,95.15,68.85,106.05,97.13,39.19
VIDEO_7219294434465238298,243.57,46.68,214.69,245.74,46.97,214.03,186.45,49.1,198.77,223.65,42.42,207.83,243.75,53.2,239.69
VIDEO_7219646733901450502,230.69,157.92,54.82,248.69,157.87,49.62,383.71,139.36,60.3,247.91,140.09,57.78,74.69,117.44,90.33
VIDEO_7219686321739123974,150.13,161.04,59.82,149.41,160.85,60.43,,,,,,,,,
VIDEO_7220074643086904581,89.33,144.21,30.73,79.91,146.28,30.13,68.35,147.68,30.01,115.78,147.01,29.71,,,
VIDEO_7220765448000900357,1055.93,112.46,83.97,1047.42,110.7,84.17,,,,,,,,,
VIDEO_7221070563538717957,111.58,150.95,80.98,112.67,152.11,77.07,,,,,,,,,
VIDEO_7221177538855423258,248.58,116.28,80.47,84.84,143.86,73.13,,,,,,,,,
VIDEO_7221550036172213509,635.54,140.63,66.46,607.5,134.19,67.64,581.1,123.9,62.88,233.45,22.83,125.1,,,
VIDEO_7221552853356236037,593.55,129.94,37.6,602.31,128.46,37.88,583.24,124.84,38.74,599.33,128.45,48.17,565.45,118.58,53.7
VIDEO_7221875155184733445,449.63,82.67,95.45,430.0,82.92,94.95,,,,,,,,,
VIDEO_7221953102184779013,105.75,196.67,20.86,226.4,184.15,24.09,,,,,,,,,
VIDEO_7222319662787202310,120.41,78.37,95.82,98.35,83.19,89.2,,,,,,,,,
VIDEO_7223080468101483781,891.11,134.66,44.78,686.98,46.82,121.92,723.64,55.08,117.57,57.18,188.28,42.11,34.0,122.93,144.56
VIDEO_7223410372462611738,379.78,141.04,104.82,419.5,137.94,106.36,,,,,,,,,
VIDEO_7223430604547837210,973.01,138.44,37.46,954.97,130.11,31.62,,,,,,,,,
VIDEO_7224139299594194203,185.52,143.63,65.57,182.88,144.0,64.25,,,,,,,,,
VIDEO_7224177146263063835,1115.14,172.39,57.31,934.93,166.88,59.03,,,,,,,,,
VIDEO_7224426315074522395,492.23,131.34,59.17,349.77,170.94,50.47,512.67,149.54,54.77,191.37,47.9,95.11,168.09,128.93,134.52
VIDEO_7224934115089370395,68.32,119.79,77.6,57.31,118.73,78.04,61.63,118.31,77.72,7.58,113.17,103.83,,,
VIDEO_7225245362678762779,245.35,178.41,28.28,266.24,178.85,28.17,304.25,180.27,29.9,194.23,163.16,75.61,283.79,166.82,59.44
VIDEO_7225296808900152603,162.25,217.65,24.55,389.2,161.7,71.59,,,,,,,,,
VIDEO_7225632323146943771,337.79,121.97,112.42,93.88,122.82,115.02,48.73,113.54,120.72,86.56,121.86,88.42,33.0,135.02,109.06
VIDEO_7225641498249891099,420.97,64.07,113.93,419.92,64.95,112.0,,,,,,,,,
VIDEO_7226043488738069787,802.11,130.33,105.91,630.26,130.61,103.37,,,,,,,,,
VIDEO_7226428593075752218,214.69,138.52,192.16,212.84,156.4,141.12,227.76,187.87,71.52,6.36,95.06,206.32,4.29,72.9,218.63
VIDEO_7226711933150432538,440.13,160.49,53.51,122.52,44.03,177.51,323.51,168.79,73.56,,,,,,
VIDEO_7226734943869750555,499.33,122.29,213.5,265.23,121.94,218.66,260.97,110.51,132.65,349.38,101.03,136.55,293.3,119.2,142.62
VIDEO_7226766521719213338,666.24,138.52,107.35,302.87,137.83,105.19,12.47,87.24,98.34,,,,,,
VIDEO_7227138868447923482,478.96,99.87,105.76,331.03,109.42,89.45,302.09,128.58,66.47,3.55,65.26,82.3,,,
VIDEO_7227547227005209882,59.3,94.95,241.31,7.43,22.44,134.04,5.38,26.21,154.98,22.26,90.32,167.17,125.78,40.5,151.54
VIDEO_7227881339125583131,453.14,116.28,134.43,440.31,126.0,98.16,,,,,,,,,
VIDEO_7228647012009282842,1108.49,120.55,159.44,937.83,123.33,155.39,1033.64,120.29,154.82,926.94,121.57,114.28,629.7,116.77,114.99
VIDEO_7228975701066550554,1.26,125.59,98.77,1.34,123.39,95.91,,,,,,,,,
VIDEO_7228976565445512475,385.83,151.73,132.09,277.71,134.41,62.01,564.83,165.63,68.22,468.55,132.85,110.69,224.22,180.08,89.91
VIDEO_7229342870518385946,112.04,108.35,182.53,108.88,109.12,181.48,225.75,109.58,155.77,,,,,,
VIDEO_7229679892399426842,589.16,139.5,24.34,618.7,142.44,22.66,585.51,149.1,15.7,69.36,144.05,17.11,73.74,142.96,21.22
VIDEO_7230327665918512411,244.31,127.06,78.84,329.38,120.69,88.95,,,,,,,,,
VIDEO_7231163731080711450,0.0,0.0,0.0,343.65,82.67,88.14,382.29,89.91,87.99,0.05,0.01,3.96,,,
VIDEO_7231544878478445850,314.29,128.01,59.14,527.69,126.77,60.76,,,,,,,,,
VIDEO_7231978849448381722,1421.27,133.75,108.8,1075.27,136.61,96.44,,,,,,,,,
VIDEO_7233097610821700890,118.23,103.73,205.06,108.21,82.45,155.81,,,,,,,,,
VIDEO_7233472157588753691,212.24,126.11,60.57,307.36,131.67,60.93,405.67,125.39,61.56,195.35,131.98,57.81,307.82,153.69,35.19
VIDEO_7233784589523717402,1.0,8.93,33.5,2.28,30.82,97.67,3.65,67.49,201.16,3.74,63.44,198.18,,,
VIDEO_7234190958772882715,73.78,39.66,74.7,131.85,77.39,117.57,198.91,117.38,151.44,100.84,246.2,4.71,352.26,114.8,109.09
VIDEO_7234782434531839258,116.06,79.4,90.98,103.26,61.61,188.83,108.39,70.3,95.16,316.0,76.25,157.98,112.18,81.96,104.37
VIDEO_7235266120414924058,242.82,104.38,85.17,151.04,93.98,77.97,90.97,112.14,73.9,,,,,,
VIDEO_7235651777805290778,24.63,103.06,156.86,52.33,105.78,146.19,33.59,75.23,76.49,296.06,172.38,34.88,119.61,153.02,63.1
VIDEO_7236043111128894747,170.65,218.9,36.89,169.08,217.22,35.87,299.62,132.79,98.63,349.65,139.55,66.74,139.83,163.04,42.98
VIDEO_7236382869650689306,138.54,112.08,110.46,140.85,109.46,112.4,,,,,,,,,
VIDEO_7236674356540165402,225.19,98.55,56.65,220.02,101.26,55.11,,,,,,,,,
VIDEO_7236760874646637851,148.16,86.33,71.89,199.81,72.8,90.15,,,,,,,,,
VIDEO_7237120496020573467,593.63,128.91,86.54,590.76,126.23,88.92,538.72,118.76,99.36,539.45,140.32,83.81,,,
VIDEO_7237511650532773146,720.8,131.8,85.92,687.55,134.07,85.48,,,,,,,,,
VIDEO_7237872414581935386,243.7,95.26,102.18,237.76,91.5,97.51,245.92,99.59,61.97,,,,,,
VIDEO_7238235896724704538,375.35,93.98,112.17,376.21,93.75,116.32,388.03,105.24,93.31,274.16,6.11,55.74,,,
VIDEO_7238653863794887962,162.47,113.79,101.15,144.89,114.85,100.55,,,,,,,,,
VIDEO_7238904736253054234,388.46,133.85,64.38,391.51,132.46,67.84,476.81,128.41,70.1,56.56,126.13,79.86,182.85,153.04,91.64
VIDEO_7239344688006728986,205.9,106.78,39.15,156.5,115.69,35.41,124.93,88.62,52.1,103.49,104.45,59.93,93.71,101.8,104.62
VIDEO_7239729661788359962,240.36,137.77,42.3,48.13,142.3,41.51,,,,,,,,,
VIDEO_7239735340737498395,119.38,92.23,180.23,125.31,93.67,180.52,,,,,,,,,
VIDEO_7239748390974704922,186.01,119.32,84.59,188.11,122.29,85.53,11.21,85.26,230.38,2.31,110.35,221.95,83.93,141.25,55.94
VIDEO_7241209133540609307,280.14,109.29,82.46,273.48,108.72,82.91,271.71,108.62,83.35,1059.78,126.91,123.53,,,
VIDEO_7241878874672385306,840.82,105.31,128.13,593.22,110.27,131.65,,,,,,,,,
VIDEO_7241956873698577691,486.55,130.37,45.54,416.3,130.51,45.13,184.97,106.47,135.79,156.92,116.62,40.57,1235.85,115.35,150.59
VIDEO_7242237385772240155,308.69,139.32,59.78,300.26,136.35,59.99,303.21,138.51,58.32,267.32,4.6,6.48,,,
VIDEO_7242348894435167514,319.93,96.74,85.61,278.72,98.07,86.99,217.78,102.71,102.3,248.87,127.81,39.25,,,
VIDEO_7242719682128530714,179.15,126.12,75.48,134.52,127.1,77.47,106.61,100.05,79.05,65.07,134.07,66.52,50.12,119.18,40.35
VIDEO_7244550731141844251,308.2,129.46,67.35,309.83,130.85,61.93,,,,,,,,,
VIDEO_7244559099352976666,182.1,52.61,198.51,615.44,144.08,86.49,0.0,1.0,255.0,37.01,138.23,119.0,82.61,162.81,62.58
VIDEO_7245182525016935707,179.09,70.73,98.25,159.95,109.92,112.87,134.39,112.76,125.05,134.78,105.49,159.97,220.61,116.34,91.9
VIDEO_7245239505911893274,58.0,106.71,145.14,59.02,106.61,146.2,,,,,,,,,
VIDEO_7245283945619655963,0.34,16.11,79.52,3.08,45.38,98.29,39.87,92.77,127.13,13.57,137.2,117.96,35.68,109.83,131.33
VIDEO_7245708272181759258,32.63,128.89,58.71,26.93,122.75,73.78,,,,,,,,,
VIDEO_7246301041979886875,1138.38,93.68,5.88,1078.72,136.15,76.3,301.25,153.77,5.23,719.28,145.55,91.94,456.43,152.59,9.42
VIDEO_7246343164108295450,245.45,97.65,102.66,1012.29,104.0,92.65,243.4,109.71,122.49,226.49,107.44,97.8,361.29,97.23,117.57
VIDEO_7246672390841715995,417.98,116.58,65.73,494.16,118.96,67.59,487.71,125.22,69.56,557.5,126.07,80.37,,,
VIDEO_7246768104922008858,182.71,132.02,47.23,146.6,126.12,53.0,,,,,,,,,
VIDEO_7246805127942737178,206.45,113.38,116.0,226.96,108.25,124.28,296.74,124.81,67.18,263.07,120.62,74.02,,,
VIDEO_7246825881904139546,175.89,124.82,81.05,21.98,120.27,93.61,72.49,128.18,94.39,33.71,87.87,123.76,35.58,134.24,91.43
VIDEO_7248301740670323995,29.91,71.98,45.0,18.32,106.93,35.17,18.07,107.26,34.31,34.34,99.17,76.16,27.0,129.55,54.37
VIDEO_7249004039688572186,1183.08,137.51,83.48,1021.54,137.23,81.64,,,,,,,,,
VIDEO_7249312172956732698,133.65,113.38,48.91,134.16,112.85,48.46,240.23,157.73,31.15,133.94,135.86,74.35,,,
VIDEO_7249677053153283354,209.33,121.68,44.22,152.87,122.57,34.13,36.36,121.29,67.61,121.58,122.51,56.54,77.01,131.2,36.16
VIDEO_7249813717225950490,114.91,100.51,107.86,122.58,117.58,97.81,176.75,104.07,106.29,86.14,121.19,113.82,,,
VIDEO_7250141865645788443,22.7,146.62,64.27,78.58,133.89,68.04,30.33,131.32,86.22,63.97,148.37,62.04,54.17,160.69,58.6
VIDEO_7250555651993160987,754.7,106.58,132.4,571.99,111.76,124.99,505.8,116.93,123.55,172.43,104.77,88.06,522.4,97.33,89.83
VIDEO_7250832194392886554,356.04,98.7,71.76,223.32,94.5,83.66,409.84,102.42,64.47,498.23,114.37,47.17,1065.56,120.57,72.79
VIDEO_7251996103178997018,342.62,114.85,133.43,316.46,115.47,132.4,155.2,129.7,69.09,144.56,119.7,85.3,166.47,121.42,112.46
VIDEO_7252271385467161882,139.15,83.16,92.02,130.28,77.82,82.13,304.18,70.43,113.2,80.12,93.16,116.63,191.82,94.18,75.74
VIDEO_7252274964206832923,36.9,136.31,51.42,58.72,124.97,37.07,275.3,115.74,67.52,689.11,123.73,51.04,325.9,127.2,21.88
VIDEO_7252374564108274970,89.02,114.0,124.2,114.34,130.23,109.72,517.33,115.23,117.74,,,,,,
VIDEO_7252685251112176922,97.7,103.56,76.31,94.95,113.82,53.53,95.01,113.73,53.89,82.08,152.52,29.32,95.35,145.56,53.51
VIDEO_7253058884762537242,137.01,114.27,107.03,243.15,114.83,105.79,265.34,123.58,87.84,154.6,113.75,71.71,169.97,137.95,69.71
VIDEO_7253425216984976667,330.07,131.04,38.33,402.41,129.8,41.32,,,,,,,,,
VIDEO_7254561581449612571,130.69,100.83,62.9,124.84,97.12,65.76,,,,,,,,,
VIDEO_7254588789559938330,513.54,129.93,65.67,559.33,131.33,66.45,19.76,117.97,44.55,71.3,147.55,53.41,21.62,118.92,43.8
VIDEO_7254929536557567259,566.29,114.55,112.89,553.78,116.14,112.62,,,,,,,,,
VIDEO_7255302948413099290,495.04,108.24,84.67,384.39,107.6,81.19,338.84,109.75,75.9,450.36,105.31,106.06,71.22,102.56,61.46
VIDEO_7255981234374069530,477.95,102.74,138.49,394.7,111.0,129.88,406.94,124.07,123.46,189.95,115.3,123.25,,,
VIDEO_7256066819247623450,254.77,125.22,115.6,224.85,125.78,118.38,267.34,125.59,119.27,407.24,138.77,90.46,419.1,150.5,77.28
VIDEO_7256464845132827931,248.7,104.0,110.09,228.98,107.85,108.01,157.84,87.2,74.09,205.72,113.26,94.29,260.89,107.24,56.4
VIDEO_7257040734174465307,168.41,108.9,30.97,163.73,110.56,35.59,,,,,,,,,
VIDEO_7257181704241024282,392.21,123.8,84.57,366.25,123.72,84.74,123.32,137.32,112.75,165.09,122.87,87.41,162.21,122.5,69.88
VIDEO_7257874855037586714,49.72,86.88,50.34,62.39,86.56,50.54,127.29,90.75,80.7,77.91,120.85,74.15,48.07,104.7,59.67
VIDEO_7258676118033599771,225.37,96.96,172.74,327.22,90.59,161.76,,,,,,,,,
VIDEO_7259047429796908315,217.69,137.01,86.69,178.13,139.58,84.4,173.06,137.3,73.47,136.81,121.81,105.07,,,
VIDEO_7259307845332602139,2274.69,123.48,95.31,2148.21,122.44,93.36,1204.62,128.15,113.31,429.25,152.76,119.82,13.61,122.67,52.39
VIDEO_7259455690996075803,51.34,154.02,57.61,45.75,153.04,52.19,45.69,153.56,52.12,63.43,120.14,87.07,846.12,111.33,113.64
VIDEO_7259698322791795995,358.51,108.72,62.14,242.91,106.67,38.01,421.72,104.66,38.81,1396.05,115.17,49.7,483.22,109.27,33.63
VIDEO_7260104911830945051,587.04,131.02,49.9,658.79,130.66,64.46,712.76,124.73,104.77,470.19,119.56,73.19,1483.01,115.55,91.74
VIDEO_7260420548553887002,49.27,176.22,46.17,52.11,172.37,49.58,44.69,179.37,44.75,2.39,156.35,116.78,,,
VIDEO_7260814503728696602,408.06,128.69,59.09,209.88,124.39,65.23,119.6,128.79,48.66,335.52,120.05,60.22,35.87,145.45,51.19
VIDEO_7261499359819336986,66.49,64.51,232.48,70.46,66.64,235.53,,,,,,,,,
VIDEO_7261562285791956251,190.36,131.96,73.18,206.37,134.14,72.0,196.72,129.74,70.83,175.94,120.58,88.38,520.99,124.89,56.39
VIDEO_7261564389075995930,382.68,131.11,61.78,371.65,128.03,64.41,335.93,123.05,65.19,429.46,95.0,75.21,254.69,118.19,77.45
VIDEO_7261565962875358491,230.38,136.53,94.42,210.79,144.52,84.3,,,,,,,,,
VIDEO_7261658279900744987,597.4,115.43,108.51,533.69,120.98,101.94,,,,,,,,,
VIDEO_7261958198775532832,109.15,120.96,99.6,91.26,109.78,112.24,114.6,131.7,103.87,59.41,135.74,95.2,32.57,135.25,105.34
VIDEO_7261965250864467232,364.08,113.8,144.71,472.6,114.94,140.63,,,,,,,,,
VIDEO_7261996739446590753,1698.15,134.51,109.97,184.16,125.44,163.01,147.95,142.02,103.61,361.16,145.22,50.41,,,
VIDEO_7262001980095106337,181.75,132.16,96.35,78.51,131.7,97.36,,,,,,,,,
VIDEO_7262342975752113441,166.33,87.47,118.48,176.48,99.67,129.67,,,,,,,,,
VIDEO_7262363967157226785,1175.08,134.02,77.64,1719.91,133.05,78.92,,,,,,,,,
VIDEO_7262465807949647136,38.19,137.38,123.71,38.63,137.54,123.5,39.54,138.21,123.54,266.99,107.24,79.99,,,
VIDEO_7262720109133794592,64.02,118.52,140.92,61.89,119.58,136.49,,,,,,,,,
VIDEO_7262728753778822433,266.01,120.14,99.47,270.07,124.72,101.66,137.47,124.4,113.53,397.25,136.64,82.78,,,
VIDEO_7262807521008635168,322.6,116.83,111.34,258.68,115.41,112.24,,,,,,,,,
VIDEO_7263460179461688609,1922.42,108.15,109.88,1600.75,107.32,111.48,,,,,,,,,
VIDEO_7263464155540147489,127.98,99.66,103.2,117.25,102.11,101.36,,,,,,,,,
VIDEO_7263733416292617505,1216.63,123.56,99.5,966.99,121.7,99.88,,,,,,,,,
VIDEO_7264173669612670240,138.23,111.4,120.52,129.09,86.56,126.65,114.8,110.19,98.88,124.33,85.56,133.01,109.23,74.57,143.04
VIDEO_7264519435086466336,252.81,141.54,85.13,397.68,137.91,93.24,,,,,,,,,
VIDEO_7264884699636469025,458.33,129.47,90.1,388.4,125.84,107.75,,,,,,,,,
VIDEO_7264958192017362208,237.88,105.96,147.43,246.24,103.77,147.42,154.61,113.69,124.96,56.31,118.71,108.24,34.44,122.3,142.53
VIDEO_7265242959048723745,657.8,108.21,108.44,659.01,108.79,108.72,,,,,,,,,
VIDEO_7265326628274752801,48.34,142.43,71.99,57.1,136.96,69.11,6.89,174.68,57.5,37.62,135.54,32.05,,,
VIDEO_7265677943228075296,239.31,115.17,170.28,273.16,128.92,139.25,,,,,,,,,
VIDEO_7267229404584037638,621.55,68.43,72.03,1346.39,69.91,53.89,1238.78,73.59,62.29,,,,,,
VIDEO_7267879991004761376,654.16,113.11,90.66,1140.7,128.79,84.06,,,,,,,,,
VIDEO_7269755991049260320,179.55,145.83,73.65,179.81,145.07,69.26,,,,,,,,,
VIDEO_7269759073967525153,456.81,101.32,128.91,406.53,101.62,128.48,,,,,,,,,
VIDEO_7270111755886415137,2.75,129.92,82.19,2.79,130.53,81.94,,,,,,,,,
VIDEO_7270778269899722016,100.91,96.55,119.99,29.38,83.47,118.09,14.99,92.31,102.44,3.51,107.41,102.91,114.78,140.88,87.62
VIDEO_7270891504346942753,570.54,119.72,59.66,574.27,117.6,70.46,,,,,,,,,
VIDEO_7271545826923531552,140.91,129.96,106.78,144.36,128.85,105.87,,,,,,,,,
VIDEO_7271935381937884448,201.93,133.52,116.83,286.96,121.99,113.12,10.29,131.55,124.55,893.24,139.6,119.04,,,
VIDEO_7272402191233584417,313.34,142.55,48.67,282.56,139.9,51.51,,,,,,,,,
VIDEO_7272755309658098976,949.52,69.28,74.47,906.05,69.15,74.34,137.78,51.73,83.93,169.6,133.07,130.52,391.72,94.34,97.25
VIDEO_7273016085954317600,37.07,113.97,88.06,36.28,109.74,94.6,1611.82,117.59,70.48,781.91,106.69,72.63,259.44,122.44,77.28
VIDEO_7274647533002034465,79.37,94.27,61.84,10.13,104.3,44.8,160.06,106.85,50.57,176.07,122.38,82.57,17.51,84.21,81.29
VIDEO_7274897399045246241,18.92,123.58,99.06,37.22,105.48,107.91,39.48,135.8,73.97,51.88,142.46,73.86,44.34,126.14,69.21
VIDEO_7275592243086478624,1.48,125.18,64.13,3.49,120.89,57.09,49.12,112.01,100.64,12.08,47.49,98.02,111.66,100.75,99.98
VIDEO_7276041559500475680,100.91,96.55,119.99,29.38,83.47,118.09,14.99,92.31,102.44,3.51,107.41,102.91,114.78,140.88,87.62
VIDEO_7277097435090930977,2.96,146.96,84.05,3.44,146.26,85.92,,,,,,,,,
VIDEO_7277906809787059489,180.3,126.67,163.12,202.84,124.94,163.51,,,,,,,,,
VIDEO_7277939332831251744,495.71,95.9,104.93,323.22,95.85,107.49,,,,,,,,,
VIDEO_7278716528839626016,332.56,129.14,82.74,161.18,131.23,74.14,,,,,,,,,
VIDEO_7278768931857354016,2027.21,95.52,138.82,502.88,144.5,113.63,1936.41,110.96,139.74,650.82,143.69,120.44,1288.24,120.81,118.62
VIDEO_7279032970286009632,56.58,1.38,0.0,143.04,2.76,0.0,72.69,56.2,193.14,34.1,104.91,137.67,22.0,94.68,147.22
VIDEO_7279078872455384352,63.94,185.93,14.2,4.61,126.8,50.28,4.59,125.92,54.63,51.5,173.09,14.61,5.65,149.32,41.3
VIDEO_7280108212878200096,39.59,125.93,40.91,69.4,122.88,41.48,,,,,,,,,
VIDEO_7280571511138782496,267.12,137.05,72.79,254.06,111.63,154.1,300.06,128.79,81.36,319.41,115.36,101.15,265.71,142.02,86.58
VIDEO_7280925746183408928,146.92,132.8,116.83,72.66,129.95,97.11,206.13,142.98,91.99,182.41,116.44,118.9,64.31,111.12,126.42
VIDEO_7281279828307856673,703.83,119.17,51.81,679.49,119.51,51.8,,,,,,,,,
VIDEO_7281651537124871456,762.99,111.58,115.18,702.49,109.06,115.43,958.45,114.4,119.21,844.17,113.75,125.6,,,
VIDEO_7282663509505133856,414.5,161.66,48.81,360.07,161.71,48.88,,,,,,,,,
VIDEO_7282668264617004321,487.85,112.58,132.85,549.25,118.77,114.36,112.72,140.33,105.39,449.47,136.09,80.32,537.72,130.97,71.73
VIDEO_7283105183352016160,20.0,163.2,24.47,17.85,158.04,21.45,,,,,,,,,
VIDEO_7283139399582240032,470.5,110.25,69.8,461.92,110.87,69.3,,,,,,,,,
VIDEO_7283524894585883936,432.17,117.95,137.52,447.01,120.49,136.51,478.56,115.07,130.48,,,,,,
VIDEO_7284876929713442080,78.21,90.26,122.19,42.02,91.39,126.26,,,,,,,,,
VIDEO_7285256841158790433,255.1,140.8,94.38,322.59,114.43,80.97,,,,,,,,,
VIDEO_7285669773030001953,334.67,123.16,87.56,247.33,123.02,89.19,,,,,,,,,
VIDEO_7285720218360368417,429.65,99.16,77.75,426.51,100.73,74.39,608.71,94.5,57.02,732.18,89.49,106.94,629.53,92.04,100.71
VIDEO_7286486663910542625,342.73,137.42,129.1,360.69,144.8,133.01,227.11,141.39,133.94,283.75,170.26,55.5,172.54,175.61,66.52
VIDEO_7286488221893020960,129.25,67.03,45.89,129.32,64.7,44.78,,,,,,,,,
VIDEO_7286830586478578976,50.88,112.93,121.6,44.21,195.03,45.11,46.06,146.87,89.61,55.48,76.32,90.95,47.27,137.29,73.67
VIDEO_7286863155026808096,2064.22,146.48,86.81,2060.99,142.74,90.12,271.17,204.8,13.49,512.96,219.93,16.49,313.43,148.41,71.04
VIDEO_7287983702959869217,459.06,126.1,163.28,603.84,103.9,183.17,,,,,,,,,
VIDEO_7287986771483282720,467.1,125.76,120.22,509.77,132.34,117.97,,,,,,,,,
VIDEO_7288261263757446433,149.72,114.97,119.95,130.17,136.95,89.85,,,,,,,,,
VIDEO_7288326750243704096,235.22,123.8,113.43,199.49,124.05,131.06,,,,,,,,,
VIDEO_7288720379772800288,889.15,148.6,70.08,1111.52,151.84,66.97,,,,,,,,,
VIDEO_7289092371030002977,2983.91,154.68,60.55,3162.18,159.72,44.65,,,,,,,,,
VIDEO_7289115441602088225,1007.16,166.92,50.75,986.33,113.94,148.88,996.74,112.78,151.21,64.82,188.79,42.37,165.84,134.08,50.74
VIDEO_7289368885390806304,75.87,83.12,96.53,76.79,65.15,78.11,81.03,68.6,72.83,84.44,145.31,117.21,79.09,120.9,155.59
VIDEO_7289470545270279456,295.15,108.53,132.93,259.08,110.17,134.65,,,,,,,,,
VIDEO_7289785625367153952,134.18,92.19,173.56,122.97,77.65,182.96,123.98,67.85,191.28,115.11,42.46,178.35,126.65,78.56,207.44
VIDEO_7290457107726339360,67.59,95.27,102.73,59.33,77.12,104.81,65.89,139.84,78.93,,,,,,
VIDEO_7290823677195603233,341.42,111.84,96.17,340.8,107.72,98.34,,,,,,,,,
VIDEO_7290947930108857633,632.29,142.3,65.85,627.68,141.12,67.56,133.99,122.88,81.81,,,,,,
VIDEO_7290955653349133600,338.6,114.35,156.68,336.28,98.79,117.33,319.93,98.3,146.66,325.75,98.94,151.99,332.34,106.85,121.33
VIDEO_7291228337123511585,94.91,94.83,120.04,93.45,94.58,120.84,62.87,103.02,61.64,73.36,131.35,47.25,175.64,33.92,29.56
VIDEO_7291237498506743072,112.79,116.15,124.99,121.25,116.4,124.86,,,,,,,,,
VIDEO_7291300657355689249,568.85,156.93,66.36,569.11,154.63,70.04,,,,,,,,,
VIDEO_7291678102948810016,754.28,148.29,64.23,747.94,145.8,65.51,920.91,144.68,60.19,559.02,136.5,96.29,633.67,153.55,18.14
VIDEO_7292048482456587553,129.76,97.86,59.3,96.92,19.25,113.74,101.49,45.2,123.37,96.51,27.88,139.91,168.41,132.06,49.46
VIDEO_7293173989143366945,1002.68,127.92,48.98,981.91,128.43,48.45,930.41,127.71,49.71,129.11,165.73,68.17,347.83,136.88,45.78
VIDEO_7293176268361665824,442.22,50.7,62.2,446.09,53.23,63.08,561.95,53.16,57.83,450.1,51.02,61.07,643.47,68.66,23.4
VIDEO_7293541624359996704,657.57,147.04,26.94,522.66,156.04,25.56,,,,,,,,,
VIDEO_7293822418068442400,10.93,100.87,205.44,8.35,119.84,192.75,10.82,133.53,165.38,8.1,85.05,123.6,17.73,65.63,120.3
VIDEO_7294149539781463328,116.57,99.87,137.07,116.44,103.52,128.77,,,,,,,,,
VIDEO_7294200756586958113,171.31,108.58,134.74,326.51,111.95,129.08,,,,,,,,,
VIDEO_7294284376454532384,107.61,152.12,113.48,104.73,150.95,112.18,335.47,103.24,105.79,22.92,136.19,91.73,148.43,7.95,0.26
VIDEO_7294659855434911008,674.03,129.39,19.52,567.01,133.02,15.58,169.42,124.49,21.36,471.32,136.97,17.36,397.87,128.71,14.64
VIDEO_7294901504752782625,212.53,127.21,79.51,214.82,126.81,79.62,215.99,93.22,85.53,160.3,3.18,3.24,,,
VIDEO_7295785443528920352,452.69,144.73,126.21,435.02,146.17,124.36,427.63,146.13,119.09,156.36,105.51,154.06,,,
VIDEO_7296075013734616353,613.72,108.94,79.91,538.53,116.03,70.96,539.81,87.24,81.12,0.0,0.0,0.0,,,
VIDEO_7296115605927644449,252.16,119.0,18.46,255.04,122.07,17.64,257.23,119.27,17.34,210.63,147.98,22.82,,,
VIDEO_7296124478130572577,1021.72,130.38,58.57,625.16,120.09,54.92,673.39,121.1,52.93,823.29,141.53,67.47,640.6,154.56,54.96
VIDEO_7296154996683410720,620.56,136.56,94.41,526.54,151.56,77.46,1123.94,123.04,29.21,503.48,173.1,53.89,443.59,147.45,106.03
VIDEO_7296417264591441185,652.47,157.12,48.46,655.97,156.94,48.5,,,,,,,,,
VIDEO_7296501143700606241,143.69,131.06,74.39,136.81,136.19,73.56,,,,,,,,,
VIDEO_7296855348714016033,476.72,117.81,115.41,512.77,115.23,117.22,185.24,143.26,43.11,565.71,107.91,124.4,196.53,115.43,76.13
VIDEO_7296889866002910497,234.92,153.74,25.39,184.84,149.51,22.06,,,,,,,,,
VIDEO_7297134358689860896,246.55,147.83,54.61,228.98,149.34,54.69,,,,,,,,,
VIDEO_7297157611294706976,211.55,140.85,55.28,195.05,140.92,55.5,,,,,,,,,
VIDEO_7297177472615861536,307.07,150.06,40.14,337.5,150.22,40.45,277.71,151.27,21.97,211.06,147.43,38.84,,,
VIDEO_7297205575501270304,109.46,165.18,48.56,93.1,165.74,50.11,86.09,162.82,53.06,164.18,123.82,101.97,60.24,164.62,45.14
VIDEO_7297256040544931105,14.28,190.98,35.72,2.75,190.44,35.29,,,,,,,,,
VIDEO_7297529063785123104,504.05,165.05,55.16,513.93,164.81,54.25,,,,,,,,,
VIDEO_7298264093100674336,1.08,0.51,0.0,11.19,0.93,0.0,21.23,0.96,0.0,1.42,39.76,25.62,,,
VIDEO_7298393830204640545,917.84,168.01,77.26,922.79,164.74,76.7,,,,,,,,,
VIDEO_7298756408994991393,241.55,144.09,50.03,244.43,144.48,51.14,181.73,136.63,70.29,25.65,172.87,37.21,257.46,136.21,85.72
VIDEO_7299062448965946657,512.07,109.05,90.5,752.76,117.11,112.03,454.25,112.85,119.43,,,,,,
VIDEO_7299132149167361312,344.38,154.6,60.34,99.53,154.43,62.85,,,,,,,,,
VIDEO_7299732621825690912,267.93,100.86,73.26,269.36,106.23,68.63,,,,,,,,,
VIDEO_7299777182828645664,46.06,136.04,65.22,46.32,135.84,65.44,,,,,,,,,
VIDEO_7300112308179701025,15.27,98.93,84.54,17.46,102.44,73.99,2.68,147.23,52.87,,,,,,
VIDEO_7300495910595808545,208.1,179.59,25.23,209.55,179.17,25.62,,,,,,,,,
VIDEO_7300846195444927776,127.14,162.15,42.78,125.57,158.51,47.02,,,,,,,,,
VIDEO_7300927450463194400,185.24,133.13,83.63,183.47,130.58,85.78,426.19,167.86,84.21,72.63,178.45,60.55,,,
VIDEO_7301229129314159904,106.49,45.79,49.44,105.02,27.59,112.76,108.0,62.86,57.57,104.77,1.29,26.94,,,
VIDEO_7301350531325365537,78.57,194.86,11.91,80.13,193.66,13.09,,,,,,,,,
VIDEO_7302041138670619936,264.21,86.0,91.31,257.03,100.24,82.45,250.37,89.82,78.32,261.33,140.22,51.59,,,
VIDEO_7302346370701118752,573.46,156.57,38.92,565.95,153.99,37.59,504.83,145.54,52.49,,,,,,
VIDEO_7302352085796916513,32.35,125.03,61.18,30.78,124.68,60.6,,,,,,,,,
VIDEO_7302473271067397409,465.25,151.96,49.77,194.87,158.0,69.11,227.65,134.74,67.56,,,,,,
VIDEO_7302809103150206241,188.42,159.02,36.17,149.44,164.24,31.74,,,,,,,,,
VIDEO_7303174310259166497,1791.88,134.93,51.98,1299.77,135.87,53.56,,,,,,,,,
VIDEO_7303586993965960480,396.61,133.27,73.64,294.32,132.89,71.16,,,,,,,,,
VIDEO_7303884823578397984,18.54,116.34,103.96,24.33,159.05,88.12,22.81,102.08,113.12,31.82,90.56,96.66,58.61,99.96,106.43
VIDEO_7303968237966904609,184.69,161.88,10.84,216.32,161.54,10.54,5.73,155.84,34.52,1001.32,136.32,66.67,,,
VIDEO_7304272406548319520,48.64,142.76,58.87,100.39,122.94,79.9,78.32,151.82,45.45,236.34,146.19,44.84,45.13,138.07,64.26
VIDEO_7304326742255209761,410.67,124.86,115.65,358.99,134.47,117.89,198.93,134.01,114.25,114.34,152.01,91.64,58.72,164.14,56.36
VIDEO_7304376408191683872,423.22,69.12,110.59,430.91,78.15,117.59,,,,,,,,,
VIDEO_7304665669872782625,335.56,138.31,66.41,300.11,131.57,70.51,,,,,,,,,
VIDEO_7304693853758491936,1484.14,110.77,102.17,1063.22,111.99,111.04,983.05,111.99,118.16,148.2,130.11,110.91,,,
VIDEO_7305093445926915361,163.48,140.99,51.01,117.46,130.13,112.3,53.87,185.9,32.15,445.05,134.98,93.11,,,
VIDEO_7305425778076880161,47.82,120.62,138.03,48.57,120.16,138.08,50.94,117.2,141.44,81.53,112.16,135.16,56.83,133.8,113.66
VIDEO_7305435593499086112,1313.23,133.76,103.59,1302.52,133.02,104.33,,,,,,,,,
VIDEO_7305781724238105889,77.16,125.59,68.75,105.22,101.22,113.83,130.69,105.89,117.35,164.31,102.98,93.3,295.32,132.46,72.33
VIDEO_7306457226254781729,532.38,143.83,14.24,427.3,143.9,16.35,,,,,,,,,
VIDEO_7306460792310877472,5.75,143.27,50.37,22.2,112.32,51.44,22.43,113.27,52.89,55.53,101.14,64.3,5.96,113.16,80.59
VIDEO_7306559173217488160,293.07,121.43,71.08,288.4,120.16,70.92,326.46,120.67,72.12,133.22,138.64,38.28,367.41,141.8,54.29
VIDEO_7306585450305555745,11.93,140.42,33.31,1438.83,111.05,116.26,865.97,132.0,45.65,932.58,119.99,95.18,57.12,142.2,75.09
VIDEO_7306870694137187616,125.8,171.95,52.48,135.23,169.32,52.92,,,,,,,,,
VIDEO_7307282681899896096,438.34,166.27,25.58,422.85,166.13,25.74,152.72,184.85,20.21,41.42,186.61,18.14,,,
VIDEO_7307595143559859488,247.67,193.36,18.09,383.74,187.38,24.49,,,,,,,,,
VIDEO_7307663369090207009,14.54,109.28,141.53,14.5,109.79,141.35,,,,,,,,,
VIDEO_7307971449870994720,610.25,143.93,53.16,538.82,144.09,53.61,32.48,158.61,61.44,,,,,,
VIDEO_7308389510113512737,173.68,51.51,212.05,144.77,58.02,202.57,237.19,84.77,139.59,152.63,69.88,176.7,135.05,51.09,213.72
VIDEO_7308758430318071072,272.39,114.55,21.4,378.26,167.14,11.2,298.07,114.95,16.31,182.36,16.58,17.91,,,
VIDEO_7309091598472727840,912.42,117.37,98.48,210.25,113.73,99.89,363.36,139.62,49.42,224.55,151.72,52.01,147.84,121.34,79.43
VIDEO_7309107806202842400,208.18,142.98,20.53,220.26,143.0,20.69,,,,,,,,,
VIDEO_7309113734360780064,19.99,138.03,36.12,35.35,139.09,35.79,,,,,,,,,
VIDEO_7309133635578236192,280.29,159.41,54.98,256.29,161.62,53.45,51.59,137.62,82.39,199.06,145.99,30.73,217.7,122.73,58.42
VIDEO_7309427596553489696,277.31,71.46,38.28,268.53,66.02,48.04,,,,,,,,,
VIDEO_7309783088618409248,133.16,144.14,54.67,128.34,144.09,54.59,,,,,,,,,
VIDEO_7309856299632676129,359.69,124.62,66.58,364.66,123.84,67.8,,,,,,,,,
VIDEO_7310258308969991457,598.5,120.64,74.72,218.0,131.04,72.6,363.28,106.55,80.93,391.1,132.99,88.15,289.22,139.31,78.6
VIDEO_7310606511775026464,29.98,113.38,51.14,31.03,110.11,52.3,,,,,,,,,
VIDEO_7310626433129270560,509.8,122.61,61.49,150.38,123.18,72.4,84.3,129.42,63.08,99.59,154.87,50.29,242.1,134.26,82.65
VIDEO_7311263969220644129,540.9,141.03,73.17,540.97,141.92,70.44,540.43,142.17,67.59,218.63,113.49,98.61,403.07,162.12,35.45
VIDEO_7311663059695570208,214.79,122.04,115.67,211.85,123.08,117.76,,,,,,,,,
VIDEO_7311689753676533024,893.76,181.46,34.04,944.85,180.7,34.51,959.74,179.13,46.54,1273.45,178.57,42.97,930.56,177.97,47.87
VIDEO_7312076882822909217,155.86,104.38,82.82,142.37,104.0,83.56,114.58,105.66,83.84,316.5,111.6,136.73,,,
VIDEO_7312484712440745249,1060.88,135.44,58.83,952.41,138.96,124.61,537.14,164.37,57.44,435.16,141.97,57.46,691.58,207.78,23.33
VIDEO_7312523032025730337,88.01,115.83,93.38,19.2,178.11,75.12,40.68,188.05,24.32,45.51,126.89,80.41,27.67,148.59,43.79
VIDEO_7312547480120380705,204.82,168.16,46.05,204.66,165.87,48.63,,,,,,,,,
VIDEO_7312851563037330721,1089.37,121.68,96.21,1076.08,123.83,95.08,,,,,,,,,
VIDEO_7314256868556213537,329.58,167.61,4.28,327.62,165.06,4.36,,,,,,,,,
VIDEO_7314335987033738528,172.0,118.5,110.68,179.23,118.16,107.04,,,,,,,,,
VIDEO_7315068001533840672,548.01,128.35,98.88,518.79,162.32,77.33,221.19,143.27,27.4,323.78,111.91,75.9,308.13,89.39,75.94
VIDEO_7315822267781467424,257.14,40.41,87.46,296.41,41.25,86.71,,,,,,,,,
VIDEO_7315824288173493536,419.33,126.0,93.0,205.04,117.8,102.09,,,,,,,,,
VIDEO_7316159323728661792,95.84,160.05,47.96,85.03,161.47,48.34,,,,,,,,,
VIDEO_7316431760194096416,22.72,108.53,102.41,22.37,146.05,107.54,4.61,150.11,118.71,16.09,156.65,100.63,15.44,145.83,103.52
VIDEO_7316470398261021985,1786.65,128.02,87.18,1729.07,126.93,92.82,,,,,,,,,
VIDEO_7316851921288006944,159.95,125.31,129.46,154.56,124.37,127.67,265.39,95.19,109.13,697.84,104.87,147.91,174.23,105.13,120.8
VIDEO_7317290713673190688,541.59,142.71,89.43,264.57,132.64,104.49,32.06,117.34,126.38,216.71,107.89,92.43,68.08,206.68,10.36
VIDEO_7317307650499251488,70.96,126.39,89.81,55.41,124.19,90.52,90.59,123.1,73.23,18.27,137.57,60.55,120.18,162.75,66.96
VIDEO_7317653042533305633,13.05,162.15,34.72,18.38,149.47,44.74,17.28,157.97,13.02,57.95,153.35,17.54,13.25,149.76,39.33
VIDEO_7317664309432077600,303.54,121.67,79.91,325.81,121.22,75.03,,,,,,,,,
VIDEO_7318026666939256096,19.72,149.92,34.36,16.13,142.81,39.8,,,,,,,,,
VIDEO_7318707614332849441,30.78,135.86,68.75,35.18,146.53,65.07,304.85,126.66,97.66,14.26,157.49,46.59,23.76,141.25,82.9
VIDEO_7318769443222359329,67.84,115.68,155.34,75.88,113.88,152.95,,,,,,,,,
VIDEO_7318832237842156832,168.19,3.94,168.1,214.61,3.65,168.26,206.13,3.62,168.4,250.39,103.38,87.67,,,
VIDEO_7319074307202616609,213.45,137.34,98.91,201.12,138.13,98.2,475.45,133.22,83.62,192.16,120.07,110.66,383.93,131.81,102.54
VIDEO_7319092525329829153,30.31,175.11,26.35,23.95,177.71,24.95,,,,,,,,,
VIDEO_7319511492888366342,49.79,148.96,57.24,591.78,166.78,25.95,138.54,157.35,70.47,22.21,208.35,8.85,181.57,153.38,27.66
VIDEO_7319513643534568736,245.31,111.54,117.61,241.89,112.86,118.7,,,,,,,,,
VIDEO_7319902152686718241,1403.37,165.88,66.13,1170.41,159.36,68.02,1056.41,139.57,109.79,,,,,,
VIDEO_7319919643378912544,7.31,57.82,97.63,4.23,50.42,93.87,4.62,52.37,84.99,4.48,55.81,109.31,6.04,49.27,78.01
VIDEO_7320159598290226464,1854.61,126.57,88.57,1762.13,125.47,93.78,,,,,,,,,
VIDEO_7320606856995523846,1260.06,139.87,54.11,148.65,145.29,58.45,164.22,163.76,53.17,,,,,,
VIDEO_7320909330314775840,181.06,114.54,129.34,189.48,117.54,126.49,,,,,,,,,
VIDEO_7321012358594235681,1106.83,137.4,45.04,955.46,138.58,44.64,285.09,112.93,60.56,146.75,173.87,69.63,510.03,156.87,35.15
VIDEO_7321436866287373600,18.99,165.12,13.22,25.4,163.86,17.32,,,,,,,,,
VIDEO_7321969929564065057,8.56,109.89,44.08,6.99,104.62,44.83,,,,,,,,,
VIDEO_7322420132649749793,2555.19,146.27,59.45,2787.5,144.48,62.34,133.81,138.99,92.39,279.5,126.8,124.17,1064.02,128.29,66.1
VIDEO_7322488817968041249,284.82,126.96,123.36,269.1,123.16,113.72,215.25,134.83,76.03,230.39,122.75,144.84,,,
VIDEO_7322495223089712416,183.93,124.58,79.4,191.19,115.63,109.05,,,,,,,,,
VIDEO_7322502255616314656,377.45,156.64,58.88,333.18,141.97,112.43,376.14,141.88,112.8,349.5,161.71,77.5,317.56,122.07,157.65
VIDEO_7322847358646078752,468.89,121.05,114.39,199.65,125.05,105.83,643.36,137.45,105.89,389.43,133.47,102.17,409.13,135.49,96.99
VIDEO_7322866542985710881,154.11,135.86,46.81,127.56,137.69,50.33,,,,,,,,,
VIDEO_7323108113698147616,373.55,150.64,102.56,390.41,155.91,93.91,819.5,162.11,74.59,910.79,146.74,112.0,,,
VIDEO_7323194315415588129,1281.23,137.13,56.56,1197.28,141.24,50.8,,,,,,,,,
VIDEO_7323224822169750816,25.66,100.1,70.73,25.57,105.32,66.12,,,,,,,,,
VIDEO_7323237610665544966,344.27,143.66,104.51,1039.75,138.73,98.45,1857.87,166.53,105.67,,,,,,
VIDEO_7323612868484631840,323.32,108.43,129.3,327.64,108.27,129.45,,,,,,,,,
VIDEO_7323667240933444896,121.22,101.17,38.24,123.8,101.27,38.55,,,,,,,,,
VIDEO_7323972466445946145,560.66,194.78,14.35,380.65,197.06,18.11,,,,,,,,,
VIDEO_7324283735749266721,760.42,192.01,45.08,834.44,183.85,51.9,1138.94,180.51,54.3,3642.97,178.16,47.96,,,
VIDEO_7324339550283664672,8.49,147.93,60.87,23.93,145.12,64.98,,,,,,,,,
VIDEO_7324421973612825889,125.22,116.13,107.6,128.19,106.62,110.75,117.2,105.14,63.25,41.46,105.0,61.88,37.63,103.86,58.34
VIDEO_7324696131143847201,175.91,186.33,54.73,166.78,191.82,49.12,,,,,,,,,
VIDEO_7324725007391804705,218.19,161.74,86.84,230.16,161.97,86.25,214.7,162.28,85.89,531.42,161.71,91.54,,,
VIDEO_7324741085438397729,1200.91,160.45,23.46,1245.93,161.7,24.1,,,,,,,,,
VIDEO_7325049996682759456,447.11,104.91,83.75,497.93,111.04,71.41,284.92,95.19,115.49,187.23,106.02,93.13,484.1,113.51,103.29
VIDEO_7325097832015203617,780.74,139.16,78.09,789.39,139.09,78.6,,,,,,,,,
VIDEO_7325106846744743200,465.46,152.49,67.18,450.68,151.32,66.36,406.7,152.55,65.66,203.39,131.86,72.85,151.58,153.89,63.61
VIDEO_7325113581249301766,1890.82,213.52,6.15,1933.59,218.51,4.82,,,,,,,,,
VIDEO_7325457714312727840,24.22,162.06,38.37,24.27,164.31,36.33,,,,,,,,,
VIDEO_7325724813115346208,74.75,129.67,100.76,62.62,146.11,64.3,53.48,160.06,40.89,47.59,135.58,63.86,418.66,130.55,101.45
VIDEO_7325764964172467489,160.16,110.65,84.72,147.04,111.83,68.92,,,,,,,,,
VIDEO_7325861199604665606,431.85,107.69,80.23,1312.32,100.75,26.06,515.47,109.09,39.44,188.36,108.67,42.28,,,
VIDEO_7325862287540096289,17.35,134.78,45.72,17.87,142.69,46.42,,,,,,,,,
VIDEO_7326123173311728929,153.54,154.87,60.51,167.76,137.87,65.37,145.51,165.07,35.87,172.49,153.11,58.38,80.24,121.7,118.14
VIDEO_7326857703958105376,368.47,72.0,88.15,370.04,71.48,88.35,,,,,,,,,
VIDEO_7326887540705873185,566.74,162.94,48.18,593.09,163.67,47.36,,,,,,,,,
VIDEO_7327333280297127201,573.37,132.86,70.74,524.6,132.06,76.16,,,,,,,,,
VIDEO_7327632037437820193,42.42,106.28,200.39,81.93,106.26,195.54,,,,,,,,,
VIDEO_7327710709201014049,38.26,133.39,108.15,37.35,136.99,105.73,37.74,113.22,146.97,46.76,123.86,104.41,48.17,122.61,143.63
VIDEO_7328066217929985286,1032.71,147.4,100.46,1016.08,147.73,100.2,799.08,147.47,92.32,506.29,146.76,78.87,768.61,110.2,85.82
VIDEO_7328709134126206241,1239.98,165.55,67.24,102.58,171.34,58.62,981.47,157.45,94.07,912.0,156.03,82.67,133.93,193.64,16.85
VIDEO_7329087770905840928,118.25,154.79,64.4,105.37,154.82,64.39,,,,,,,,,
VIDEO_7329423244992236832,299.63,97.74,113.78,278.3,97.17,115.18,,,,,,,,,
VIDEO_7329526946751089953,86.14,117.16,112.21,50.49,119.45,112.79,,,,,,,,,
VIDEO_7329560864518901024,240.47,154.75,87.08,221.05,138.5,100.81,247.0,162.98,68.94,419.15,156.27,56.21,533.33,153.64,46.83
VIDEO_7329596850804100358,203.98,148.89,58.09,2226.13,167.1,25.81,511.01,157.28,70.76,89.06,208.36,8.85,464.81,153.48,28.37
VIDEO_7329933240775527713,1419.02,127.34,89.25,378.67,109.44,132.61,,,,,,,,,
VIDEO_7329985883539541253,174.28,138.0,105.61,164.69,146.5,92.26,,,,,,,,,
VIDEO_7330293520395275553,42.39,150.86,47.72,37.92,151.94,45.79,,,,,,,,,
VIDEO_7330883086684622112,164.98,106.63,91.18,169.58,109.93,90.07,,,,,,,,,
VIDEO_7331017914612567329,8.35,130.31,113.29,9.48,119.81,123.83,,,,,,,,,
VIDEO_7331415350828911904,150.97,96.87,129.47,129.8,143.99,78.09,197.91,150.76,48.26,237.55,135.74,90.26,256.12,152.22,71.47
VIDEO_7331811695360363809,634.25,157.74,46.46,513.75,160.27,45.98,,,,,,,,,
VIDEO_7332156358902500640,62.86,201.38,16.07,57.93,203.37,15.52,,,,,,,,,
VIDEO_7332509276432289057,35.13,43.67,27.38,72.03,114.28,50.98,,,,,,,,,
VIDEO_7332521954538245408,14.56,141.36,87.28,13.17,140.08,101.65,382.65,128.71,110.33,253.65,113.97,119.5,,,
VIDEO_7332775399883033888,23.29,27.14,131.76,122.89,27.08,129.01,,,,,,,,,
VIDEO_7332835826579164449,270.75,118.33,127.27,181.76,61.25,138.73,332.89,153.01,97.35,387.26,91.88,203.65,735.32,105.74,145.53
VIDEO_7332865581789629729,715.63,70.9,142.03,639.3,77.4,139.55,,,,,,,,,
VIDEO_7332928025517903109,104.98,179.92,36.09,194.62,180.21,35.82,,,,,,,,,
VIDEO_7333562774750088480,462.62,165.16,47.85,457.21,164.83,44.88,130.73,155.12,45.93,60.08,126.76,71.22,54.44,151.36,53.48
VIDEO_7333568243367431456,377.23,160.95,54.49,305.64,179.24,38.98,,,,,,,,,
VIDEO_7333604507793853728,33.5,209.99,14.1,19.37,210.9,13.88,,,,,,,,,
VIDEO_7333701921573850374,256.62,118.71,126.81,552.46,104.46,134.26,104.39,73.71,174.92,151.12,94.06,52.24,481.22,64.79,110.07
VIDEO_7334309352062405893,539.73,152.78,100.16,465.74,151.58,101.39,538.66,131.88,116.8,659.42,143.6,114.12,929.42,134.72,116.65
VIDEO_7334339873127632161,10.98,220.66,5.77,10.47,220.74,5.81,,,,,,,,,
VIDEO_7334381637586652448,423.0,166.8,64.45,430.43,166.22,64.57,,,,,,,,,
VIDEO_7334734613429882117,674.4,163.01,50.54,649.49,161.71,50.22,182.84,140.04,89.8,33.4,139.02,85.19,266.09,165.6,52.09
VIDEO_7334752917439712545,492.09,129.98,89.75,602.51,129.31,87.3,,,,,,,,,
VIDEO_7335020484637068576,414.35,93.99,121.83,375.56,95.61,117.31,,,,,,,,,
VIDEO_7335091592077856032,84.92,143.38,50.97,85.36,144.49,48.28,93.71,168.77,49.0,53.25,0.56,1.41,,,
VIDEO_7335348681832418593,582.45,135.57,67.07,568.84,136.62,65.79,,,,,,,,,
VIDEO_7335847049495203104,3411.19,116.97,91.08,280.67,125.44,100.36,2607.18,166.14,22.1,1051.73,121.21,98.1,685.75,128.98,87.42
VIDEO_7335855508873694496,407.75,121.41,122.76,409.34,121.69,121.98,552.0,123.8,114.91,629.33,128.69,95.54,,,
VIDEO_7335861253551787297,697.02,152.18,42.49,767.17,137.13,41.01,723.84,93.91,99.87,771.84,155.81,30.44,894.02,144.21,34.74
VIDEO_7336193209883839776,219.27,212.39,14.36,205.88,209.78,14.96,,,,,,,,,
VIDEO_7336238126651706656,376.09,151.36,55.5,383.33,150.44,56.19,278.98,116.24,116.08,131.08,106.87,202.71,253.07,114.81,84.63
VIDEO_7336480513269583136,18.76,16.73,12.82,37.96,65.95,31.13,,,,,,,,,
VIDEO_7336662438282120481,351.17,119.65,128.07,285.78,128.35,109.4,,,,,,,,,
VIDEO_7337268516128591136,279.54,117.38,86.92,396.39,109.36,92.4,,,,,,,,,
VIDEO_7337328365147295009,275.93,131.05,70.21,281.73,132.17,71.73,,,,,,,,,
VIDEO_7337687297132973344,43.76,149.49,43.6,40.69,141.46,43.55,,,,,,,,,
VIDEO_7338052242651598112,185.75,129.19,80.39,28.21,124.64,83.35,4.85,176.56,63.36,3.55,168.78,60.18,5.05,151.15,67.64
VIDEO_7338070752501026081,684.2,146.27,55.61,695.48,147.74,54.1,688.26,146.96,54.97,714.17,147.28,53.61,,,
VIDEO_7338384626773216545,307.27,152.67,67.57,275.31,157.22,68.45,,,,,,,,,
VIDEO_7338699162768149792,549.46,167.1,34.58,228.32,169.26,34.57,,,,,,,,,
VIDEO_7338777101547490593,126.0,162.19,41.14,120.2,144.36,39.02,180.04,173.19,20.02,48.36,184.81,25.23,,,
VIDEO_7338778286597655840,160.51,116.4,80.77,121.18,102.03,104.85,747.39,143.84,90.58,270.15,123.28,114.92,475.66,146.93,86.68
VIDEO_7338825965419662598,379.32,108.0,37.13,420.97,106.55,38.22,384.43,106.12,37.95,516.89,198.08,22.22,744.61,188.28,39.0
VIDEO_7338875309913017633,21.21,162.94,45.68,70.61,151.03,46.71,,,,,,,,,
VIDEO_7339952469901970693,64.05,190.08,15.3,407.64,164.13,53.02,36.25,185.52,18.28,82.28,100.09,37.55,51.35,189.05,14.28
VIDEO_7340356860299496736,142.88,142.04,46.45,135.5,145.26,46.02,,,,,,,,,
VIDEO_7340682108735671584,0.65,185.9,42.0,210.13,185.01,49.23,,,,,,,,,
VIDEO_7340684346040290593,337.84,121.14,89.14,338.76,116.75,90.46,,,,,,,,,
VIDEO_7340916267571858721,1523.94,161.58,69.84,1361.14,148.68,81.32,1480.98,160.28,69.45,1941.3,160.0,71.46,,,
VIDEO_7341020687345192197,447.39,194.8,58.53,480.13,197.28,55.13,,,,,,,,,
VIDEO_7341290377858567456,168.01,160.62,26.86,168.42,165.78,18.85,,,,,,,,,
VIDEO_7341346159023246624,247.74,128.98,57.6,283.48,146.69,56.65,,,,,,,,,
VIDEO_7341738165746634017,59.88,143.99,68.76,77.47,137.21,72.97,,,,,,,,,
VIDEO_7342403362714914080,90.4,143.17,57.5,88.3,143.66,57.64,,,,,,,,,
VIDEO_7342531903209114913,769.55,139.21,91.25,845.09,140.61,88.88,,,,,,,,,
VIDEO_7342536344561896737,900.13,157.56,57.67,453.95,124.63,88.47,437.75,122.26,94.8,585.0,127.54,75.71,,,
VIDEO_7343256943923858720,131.5,137.46,40.54,121.86,137.35,42.29,,,,,,,,,
VIDEO_7343530174526377249,228.5,130.53,40.91,227.85,136.98,33.18,,,,,,,,,
VIDEO_7343665662876781856,359.82,140.44,66.37,96.18,149.53,43.66,1219.86,120.04,81.6,1390.34,137.69,75.52,,,
VIDEO_7343666836812123424,279.99,161.6,67.82,240.98,164.29,71.47,,,,,,,,,
VIDEO_7343923844316548384,149.88,105.01,79.49,40.11,86.53,127.39,192.56,142.38,79.15,494.64,153.47,78.01,320.15,148.26,72.65
VIDEO_7343970143497653537,31.06,217.12,27.34,29.95,215.13,28.64,,,,,,,,,
VIDEO_7343975400122354977,134.12,167.67,48.19,136.16,167.13,48.79,,,,,,,,,
VIDEO_7344270149593091361,13.56,182.22,9.6,1799.09,114.7,154.69,3379.9,141.43,5.19,2549.97,125.78,44.51,139.09,154.95,11.55
VIDEO_7344271684406349088,15.06,141.64,77.61,21.07,143.29,76.53,,,,,,,,,
VIDEO_7344802060019256609,265.16,150.53,31.88,269.06,152.16,31.35,256.42,156.93,31.26,94.98,127.83,60.79,,,
VIDEO_7345082142235413793,142.71,137.34,77.87,134.97,137.48,77.43,,,,,,,,,
VIDEO_7345144791094660384,420.04,125.74,148.08,424.84,126.46,147.93,,,,,,,,,
VIDEO_7345477638619778309,508.15,144.08,52.27,339.9,158.52,48.83,459.89,157.92,43.54,430.52,140.99,31.58,575.12,130.03,48.58
VIDEO_7345515480288922912,431.06,130.52,72.75,439.08,118.42,73.27,,,,,,,,,
VIDEO_7345543122400726305,300.65,88.14,143.31,310.38,77.06,182.07,216.02,109.35,58.63,647.31,97.28,146.38,240.08,118.47,67.11
VIDEO_7345753568462261537,134.9,180.92,33.64,115.05,203.73,20.9,,,,,,,,,
VIDEO_7345850735894072609,53.24,194.68,32.94,47.36,196.2,32.25,,,,,,,,,
VIDEO_7346110636008475937,128.87,82.76,83.49,142.05,87.45,86.98,143.18,108.05,62.43,134.01,119.4,81.21,113.29,2.28,13.02
VIDEO_7346541062267079968,6.24,128.5,72.39,184.66,140.18,72.58,369.4,138.94,68.78,106.71,122.96,88.31,135.53,122.67,77.77
VIDEO_7346623546229099781,193.91,126.69,32.37,120.24,146.43,30.96,233.5,130.76,54.9,,,,,,
VIDEO_7348097820320173344,289.76,76.25,74.63,284.44,75.61,74.82,122.72,170.06,65.93,238.38,40.04,101.06,76.98,86.71,52.27
VIDEO_7348379737519082784,413.38,117.33,104.46,167.83,115.97,141.92,130.04,64.58,141.21,193.33,94.91,70.36,149.44,99.17,98.19
VIDEO_7348384350297165061,55.95,147.03,59.41,50.31,151.46,55.13,16.15,116.9,67.35,101.39,144.13,51.73,,,
VIDEO_7348413567797841185,643.65,142.37,110.05,674.57,140.15,111.94,,,,,,,,,
VIDEO_7348433044216253729,41.1,171.62,43.87,44.19,173.17,42.59,,,,,,,,,
VIDEO_7348717316856712480,204.01,27.74,186.48,387.39,32.46,184.73,410.03,36.41,160.99,700.51,151.79,74.83,700.79,151.78,74.31
VIDEO_7348766265927814432,80.77,54.81,220.85,84.76,52.48,223.45,168.37,42.55,240.18,127.55,51.22,232.15,109.26,53.32,228.54
VIDEO_7349173304613162246,40.72,168.4,43.28,30.19,128.43,99.7,43.75,105.76,103.89,38.91,114.17,100.22,23.21,162.38,60.59
VIDEO_7350207537771220256,9.56,29.44,125.01,28.95,87.75,125.8,8.86,106.63,133.05,0.0,0.0,0.0,,,
VIDEO_7350221322317761825,217.29,34.96,232.51,206.2,43.89,207.78,210.98,39.81,211.4,213.94,41.9,235.54,214.96,54.0,186.39
VIDEO_7350265065762819360,180.42,127.05,97.5,150.22,127.91,97.28,,,,,,,,,
VIDEO_7350310562586283297,1091.8,121.5,75.9,960.5,120.67,78.75,,,,,,,,,
VIDEO_7350708094302735649,277.58,186.94,29.4,155.4,131.82,65.4,194.97,137.18,71.96,155.92,172.21,47.41,209.43,223.06,2.42
VIDEO_7350954462992682272,170.61,96.04,77.76,154.87,85.55,79.8,148.79,82.13,77.5,132.58,62.47,102.8,162.9,118.21,86.03
VIDEO_7351073088601148704,126.69,131.16,68.44,126.35,130.82,69.05,128.02,135.93,51.61,133.77,147.54,30.17,,,
VIDEO_7351084194061126945,3150.12,102.27,67.51,604.96,120.77,82.56,432.13,124.43,78.86,573.54,161.19,26.95,2086.23,143.44,36.81
VIDEO_7351779832969104673,473.62,132.75,92.39,177.68,168.06,9.51,170.54,172.34,8.47,136.73,167.68,46.15,270.31,150.01,33.15
VIDEO_7352233957276044577,241.03,96.12,75.13,204.7,91.72,77.71,282.63,100.92,69.11,286.11,108.93,76.25,293.45,115.79,71.45
VIDEO_7353226118662589728,243.69,166.25,43.58,262.43,166.61,43.58,,,,,,,,,
VIDEO_7353535610641976609,126.4,185.87,44.33,148.58,184.97,47.09,,,,,,,,,
VIDEO_7354009165796216097,42.86,154.04,25.9,85.37,152.84,29.38,3.23,118.6,26.85,81.96,171.01,21.78,50.1,151.67,60.35
VIDEO_7354275810578140449,232.16,106.21,114.9,243.12,106.62,112.91,,,,,,,,,
VIDEO_7354350552693656864,423.01,133.64,100.32,420.03,135.39,98.41,433.44,134.15,101.01,454.29,109.3,124.06,,,
VIDEO_7354375095868984608,190.92,133.5,82.4,207.66,136.31,83.22,,,,,,,,,
VIDEO_7355500880721939744,244.09,129.21,86.68,377.08,128.54,90.58,,,,,,,,,
VIDEO_7355765566625402144,418.45,145.43,56.67,182.07,148.44,86.17,185.77,204.42,47.5,341.59,138.54,83.22,,,
VIDEO_7356509644170333473,372.64,96.43,93.68,351.36,101.29,90.85,,,,,,,,,
VIDEO_7356608348030012704,196.93,53.4,66.48,194.35,53.33,66.39,167.35,44.55,81.0,79.5,2.54,35.96,,,
VIDEO_7357327030335114528,613.52,135.43,66.09,930.31,145.29,49.0,,,,,,,,,
VIDEO_7357646734354304289,78.77,152.1,97.84,897.36,135.09,84.39,153.86,135.48,101.98,1500.64,126.31,123.27,93.76,137.4,139.48
VIDEO_7358723892992642336,576.49,135.38,97.25,624.09,134.2,97.37,,,,,,,,,
VIDEO_7358820174952172832,497.77,109.7,117.03,502.61,117.0,117.72,,,,,,,,,
VIDEO_7360309213765045536,256.15,115.59,117.79,194.66,130.19,105.67,,,,,,,,,
VIDEO_7361030582446378272,257.17,79.22,121.19,322.71,82.54,117.05,,,,,,,,,
VIDEO_7361057454454508833,362.22,172.19,64.25,352.65,174.37,62.73,1241.61,151.08,66.88,462.05,178.28,58.05,,,
VIDEO_7361717788299250976,955.07,130.12,88.6,1131.06,129.79,92.88,,,,,,,,,
VIDEO_7361799258107841825,168.32,118.55,111.92,251.28,118.23,102.48,,,,,,,,,
VIDEO_7362544046675447073,65.84,102.77,156.62,92.32,105.5,146.2,68.92,75.69,76.02,337.07,171.63,35.41,153.13,152.54,63.62
VIDEO_7363657122795490593,512.58,129.16,97.4,529.79,127.88,97.62,518.46,131.75,98.89,528.92,129.25,98.22,526.14,131.55,98.17
VIDEO_7365161137324805408,296.28,139.94,112.26,234.95,140.8,110.87,,,,,,,,,
VIDEO_7365841944318086432,2.64,191.45,19.36,2.88,190.7,29.52,,,,,,,,,
VIDEO_7366182227119525152,257.15,102.34,81.26,252.46,103.51,79.94,,,,,,,,,
VIDEO_7366603470272515361,257.7,100.18,59.05,243.14,102.59,57.61,182.59,105.33,56.41,108.63,43.13,134.78,,,
VIDEO_7367273018181160224,809.97,118.94,90.03,957.8,122.3,90.72,,,,,,,,,
VIDEO_7368427984539127073,439.17,119.5,113.01,395.5,120.34,112.2,31.34,40.88,120.1,1043.34,148.39,63.54,100.63,49.83,114.08
VIDEO_7369613653626113313,884.73,95.22,121.41,709.04,96.27,117.57,,,,,,,,,
VIDEO_7369623012087172384,352.03,118.56,111.21,200.91,121.04,109.89,204.13,118.13,133.51,721.13,117.3,104.66,130.19,113.33,57.83
VIDEO_7369882061445926177,59.08,69.31,149.65,59.81,69.49,149.45,,,,,,,,,
VIDEO_7369936386000031009,119.45,123.75,103.6,232.52,109.25,62.33,513.24,132.81,69.24,561.04,117.12,89.18,160.91,121.89,79.55
VIDEO_7369943098031443233,46.97,114.1,42.42,46.5,113.68,42.68,,,,,,,,,
VIDEO_7371436708778315041,202.6,185.08,64.45,202.38,178.46,69.31,,,,,,,,,
VIDEO_7371791896622173473,1078.41,95.91,106.72,752.82,95.78,107.66,,,,,,,,,
VIDEO_7372132003078032672,169.02,101.11,21.92,184.14,96.8,23.3,,,,,,,,,
VIDEO_7372168611449900321,406.43,131.62,117.81,402.98,133.86,116.56,,,,,,,,,
VIDEO_7372534191776386336,93.76,134.58,49.0,72.34,119.44,91.06,1.35,236.22,29.76,23.79,42.4,121.75,7.58,152.51,60.43
VIDEO_7372567531258727712,194.35,20.83,21.12,335.47,47.84,40.12,497.22,111.53,82.63,245.29,166.78,43.0,,,
VIDEO_7374072615356353825,10.8,47.4,137.55,7.09,31.61,169.63,2.1,70.46,148.11,5.28,96.24,73.31,2.92,87.83,75.66
VIDEO_7374412100833250593,67.98,102.82,76.6,73.12,112.92,54.07,72.99,112.86,54.41,71.6,152.62,29.19,61.5,146.02,53.18
VIDEO_7374727208394411297,1053.04,114.74,115.81,809.64,127.06,102.73,811.5,126.66,104.37,992.86,154.81,40.99,906.0,126.21,72.69
VIDEO_7375160946618076449,29.79,94.38,62.13,5.61,104.45,44.75,69.66,106.83,50.77,103.33,122.48,82.52,8.13,84.41,80.11
VIDEO_7376630682824576289,31.96,129.96,111.08,30.77,130.64,110.28,1352.68,132.05,113.46,568.41,126.08,127.49,303.88,140.85,145.54
VIDEO_7377004580510436641,430.54,175.15,9.18,467.04,171.99,19.67,598.04,122.39,80.82,319.36,119.16,94.12,,,
VIDEO_7377811070636920096,166.97,118.41,65.45,127.39,115.2,64.04,,,,,,,,,
VIDEO_7378467106636991777,130.94,215.51,38.75,225.54,186.26,54.72,17.95,116.45,92.2,180.02,70.13,238.91,0.0,0.0,0.0
VIDEO_7379167807679761697,1338.72,131.82,45.05,1410.7,132.1,44.87,,,,,,,,,
VIDEO_7379193504355978528,8.75,142.29,125.89,10.46,144.07,127.64,,,,,,,,,
VIDEO_7379227737271094561,183.07,215.82,14.16,240.23,193.11,23.7,4.08,94.96,54.73,178.2,70.11,238.9,0.0,0.0,0.0
VIDEO_7379994182741429536,114.44,124.13,75.07,200.79,127.65,100.18,364.15,112.86,108.12,274.38,106.94,118.31,5.6,142.87,104.22
VIDEO_7381115594076146977,273.15,132.32,46.53,192.99,127.42,52.74,,,,,,,,,
VIDEO_7381446389819018529,872.45,131.69,43.6,771.28,132.0,43.53,,,,,,,,,
VIDEO_7382166710029208865,77.31,220.8,25.82,86.64,219.43,24.5,82.51,219.34,26.03,179.14,69.87,239.46,,,
VIDEO_7382840415893998880,844.93,122.95,68.14,650.78,121.37,66.71,410.8,133.48,51.29,659.19,133.26,55.63,470.44,134.78,65.17
VIDEO_7383600515478736161,2821.8,141.18,93.42,2839.59,141.54,93.24,2809.82,142.06,93.08,1240.17,122.3,111.19,1663.96,133.59,105.45
VIDEO_7384098121715813664,62.67,114.51,82.93,150.54,124.48,85.95,183.31,125.02,87.89,163.4,115.85,89.04,,,
VIDEO_7384476119744974112,1741.65,90.82,119.66,1199.83,93.96,116.06,1073.4,93.5,118.54,77.12,117.41,108.84,120.93,50.37,188.52
VIDEO_7384844059896057120,736.82,112.26,111.61,340.17,41.45,139.84,1292.34,118.52,77.25,16.72,93.12,33.25,412.78,131.86,77.68
VIDEO_7385258008760028448,411.92,99.21,105.02,670.42,124.19,121.53,1427.12,141.27,103.13,318.33,119.77,146.08,,,
VIDEO_7386194546062839073,110.33,45.55,156.61,115.16,45.45,157.22,120.96,45.42,158.5,320.86,107.81,113.12,,,
VIDEO_7387308322162052385,52.56,117.42,73.53,65.29,114.66,75.82,9.08,137.51,49.64,,,,,,
VIDEO_7388136382436281633,415.89,130.81,91.51,298.87,120.56,88.31,,,,,,,,,
VIDEO_7388867149407849760,38.64,133.58,112.48,52.52,134.28,111.52,53.48,135.72,108.66,441.64,154.87,84.1,,,
VIDEO_7390334004001639713,3158.0,140.14,123.12,2601.88,140.95,127.1,2648.67,145.95,132.52,282.62,132.78,113.85,,,
VIDEO_7390632928780340512,92.98,62.31,219.76,94.8,62.34,219.55,102.96,62.21,219.8,278.35,121.03,155.95,,,
VIDEO_7391036925550906657,822.1,120.43,85.39,547.38,120.77,77.32,,,,,,,,,
VIDEO_7391169699821669665,161.93,102.38,89.33,126.0,112.27,84.68,,,,,,,,,
VIDEO_7391756601100651809,163.6,73.16,212.14,169.94,73.88,213.06,176.48,73.41,212.77,236.08,130.57,149.63,,,
VIDEO_7391769807764458784,903.77,155.08,42.41,728.54,148.07,57.44,464.58,147.98,60.91,4110.95,120.79,113.1,1084.98,120.47,126.82
VIDEO_7391864864840387872,167.52,122.5,121.73,198.96,119.45,128.35,,,,,,,,,
VIDEO_7391879654983912736,496.01,122.42,124.38,471.83,121.96,125.88,,,,,,,,,
VIDEO_7392856168214957345,122.51,74.11,195.22,119.8,74.47,195.22,130.87,74.18,195.04,190.15,131.0,138.6,,,
VIDEO_7392879054988397856,665.13,124.04,82.56,697.01,127.71,94.35,,,,,,,,,
VIDEO_7393260705048268065,2285.49,106.43,143.46,2426.4,107.44,141.89,,,,,,,,,
VIDEO_7393316600922885409,121.92,126.89,89.99,157.95,125.83,97.16,0.97,234.69,31.39,320.0,118.12,87.27,53.7,153.61,187.26
VIDEO_7393953054967581985,702.64,122.79,116.82,546.41,125.19,113.2,,,,,,,,,
VIDEO_7394351547376880929,13.0,153.65,112.58,16.61,155.34,131.93,8.81,161.02,98.32,5.49,133.76,120.77,3.92,122.18,161.14
VIDEO_7394757283214806305,417.44,127.75,72.09,216.28,107.64,61.63,,,,,,,,,
VIDEO_7395189160081935649,3080.06,140.58,117.55,2538.3,140.8,118.07,,,,,,,,,
VIDEO_7395222817677085985,1641.09,136.75,118.86,1565.26,138.43,110.23,,,,,,,,,
VIDEO_7395950056001572128,369.14,131.91,140.53,383.47,131.85,140.84,401.85,132.04,140.99,1750.7,129.55,143.58,,,
VIDEO_7396708038398266656,198.02,132.39,39.55,189.57,132.84,40.06,,,,,,,,,
VIDEO_7396981634572078369,1156.69,116.68,119.55,758.62,122.12,121.68,,,,,,,,,
VIDEO_7397062762150513952,134.03,112.2,85.03,122.12,116.18,85.13,116.65,115.8,73.19,232.3,118.92,120.67,562.19,97.45,115.63
VIDEO_7397696022975188257,547.77,109.07,75.16,324.91,120.38,69.87,,,,,,,,,
VIDEO_7399196283501628705,7.24,70.64,122.93,4.21,77.26,119.56,2.68,92.86,95.4,338.81,134.25,96.48,,,
VIDEO_7399975638112783649,163.12,163.5,49.72,165.23,163.1,49.61,46.96,154.79,73.95,117.1,130.41,92.74,51.18,146.91,65.15
VIDEO_7400010201476123937,542.87,132.66,104.27,518.63,133.08,110.21,,,,,,,,,
VIDEO_7400379104962284832,360.45,112.81,100.37,308.43,123.6,98.92,,,,,,,,,
VIDEO_7400784701633416481,446.49,122.07,101.69,388.36,130.19,103.28,93.91,125.93,95.81,,,,,,
VIDEO_7401059521860209952,850.62,125.5,119.01,593.19,125.12,104.21,322.68,125.81,60.26,4350.27,119.83,93.0,2458.12,127.38,81.6
VIDEO_7401388090830359841,6.74,92.84,128.87,10.14,97.44,164.29,9.05,75.52,117.61,13.33,92.6,97.02,27.2,92.8,147.21
VIDEO_7402923905754746145,415.59,155.11,114.08,576.08,160.19,92.37,,,,,,,,,
VIDEO_7403329560554523936,92.38,93.24,171.37,90.38,77.49,183.79,90.28,68.43,192.58,93.93,41.83,179.23,90.47,79.29,208.18
VIDEO_7403421764769926432,3518.65,131.39,96.7,2340.36,109.95,94.36,2103.13,143.06,72.44,2319.48,143.26,83.25,1238.86,149.83,115.79
VIDEO_7407351220127419681,482.08,127.96,66.37,463.88,129.48,66.08,443.54,128.8,67.88,402.75,106.82,74.91,384.83,122.05,59.28
VIDEO_7407736509996043553,335.13,95.24,136.07,309.74,94.38,119.28,311.63,93.58,122.72,367.78,90.65,96.14,,,
VIDEO_7407843953539583265,161.02,21.46,2.63,161.95,21.44,2.04,623.34,112.59,90.19,,,,,,
VIDEO_7410298388022824225,247.94,143.4,66.99,252.98,143.78,66.61,,,,,,,,,
VIDEO_7410359060681297184,2014.51,118.41,89.82,1855.18,118.66,93.44,,,,,,,,,
VIDEO_7410754655682153761,338.65,125.33,110.68,343.66,125.22,111.17,,,,,,,,,
VIDEO_7412540786975231264,498.96,104.58,90.31,507.73,105.35,89.9,,,,,,,,,
VIDEO_7412939421089090849,168.63,134.53,131.67,249.45,127.97,128.88,,,,,,,,,
VIDEO_7413269884840267040,255.71,128.32,137.27,257.64,130.9,134.94,,,,,,,,,
VIDEO_7413699830469397793,818.35,136.02,37.28,577.07,142.43,37.1,,,,,,,,,
VIDEO_7414059508630031648,623.29,143.94,63.11,746.67,138.75,56.94,1110.54,139.6,66.29,763.72,116.81,80.19,647.22,134.33,98.04
VIDEO_7414073681992895776,1386.88,139.77,57.03,1349.74,130.87,57.32,97.95,89.3,25.76,785.85,117.53,42.02,626.15,133.68,45.34
VIDEO_7414109220523511073,201.82,160.4,60.99,202.86,162.27,59.68,205.09,162.23,63.18,189.22,142.38,95.29,177.49,138.25,102.92
VIDEO_7414443436134223137,169.09,145.29,76.68,182.3,127.63,86.02,,,,,,,,,
VIDEO_7415541670361500961,476.2,126.65,46.61,477.66,128.5,46.21,,,,,,,,,
VIDEO_7415546238927523104,411.71,120.88,84.41,355.99,119.98,82.28,,,,,,,,,
VIDEO_7415576931577433349,571.69,100.43,53.09,587.8,96.38,63.62,515.32,90.92,74.81,684.36,108.72,50.51,950.94,109.68,42.19
VIDEO_7415589341981986080,447.02,104.23,92.54,259.95,135.63,67.77,615.93,133.99,103.6,,,,,,
VIDEO_7416286728513735968,141.1,115.57,105.56,165.76,115.54,105.31,,,,,,,,,
VIDEO_7418133778406657313,167.81,120.33,82.14,164.27,119.21,85.28,,,,,,,,,
VIDEO_7418157210896698657,3.92,61.59,59.33,7.91,62.32,60.14,774.51,58.08,61.66,141.6,61.47,56.48,1273.16,72.71,52.23
VIDEO_7418230327207939360,337.02,132.47,54.12,441.34,127.74,54.29,,,,,,,,,
VIDEO_7421838132624002336,149.07,167.88,41.25,158.98,164.53,41.75,,,,,,,,,
VIDEO_7421851827794152737,587.02,142.45,42.87,674.85,145.71,45.2,401.95,141.28,44.15,363.46,131.21,8.35,,,
VIDEO_7421927684965502240,550.52,111.01,49.38,540.07,112.26,49.29,,,,,,,,,
VIDEO_7423318018853178657,98.76,171.22,57.59,86.78,170.81,57.4,,,,,,,,,
VIDEO_7423773390932135201,135.42,116.5,55.51,134.54,113.95,55.24,,,,,,,,,
VIDEO_7424512450856357153,244.56,129.22,105.07,237.74,126.58,107.0,269.4,126.96,105.22,2793.63,115.87,160.67,198.21,159.85,33.39
VIDEO_7425904564697632032,7.88,193.04,17.3,8.01,192.36,17.4,1.0,190.76,21.26,0.87,215.71,13.36,27.26,117.31,72.37
VIDEO_7425965869924142369,0.0,0.0,0.0,126.6,73.96,133.32,1197.2,103.63,187.78,38.56,64.24,67.84,72.6,111.42,93.01
VIDEO_7426709076924484897,705.28,113.33,106.31,551.63,118.49,106.61,,,,,,,,,
VIDEO_7426721230721453318,50.13,178.85,17.27,40.85,180.03,17.22,,,,,,,,,
VIDEO_7428251635102534945,26.44,94.76,61.79,5.33,104.54,44.63,74.63,107.08,50.25,100.18,122.72,82.11,7.75,84.44,79.86
VIDEO_7429021024517229857,145.96,91.38,101.6,110.21,89.53,110.58,36.09,98.65,119.64,,,,,,
VIDEO_7429720640111791392,1204.19,141.45,50.64,782.38,130.89,111.24,381.34,185.89,32.15,1033.5,135.39,91.07,,,
VIDEO_7429721456851864864,820.75,117.52,69.79,402.58,133.46,67.62,1469.15,134.58,54.72,0.44,9.13,100.85,,,
VIDEO_7431168865142328608,494.7,122.46,54.3,487.67,122.58,55.63,,,,,,,,,
VIDEO_7431201197672975648,269.79,196.54,41.92,267.17,196.26,41.77,,,,,,,,,
VIDEO_7431510658845379872,378.39,143.33,97.42,314.0,146.57,53.47,870.88,110.73,112.31,329.6,133.57,53.99,1052.94,134.65,83.35
VIDEO_7431962598909791521,0.69,3.26,175.84,32.5,15.09,152.3,229.23,106.14,54.57,104.7,97.74,74.49,155.22,51.84,115.87
VIDEO_7433411068988280097,1300.67,119.59,133.2,925.89,109.49,119.45,366.72,105.68,145.16,582.61,95.44,97.96,872.58,107.82,120.3
VIDEO_7433817907278269729,464.19,36.98,161.77,264.17,39.5,156.35,322.09,40.45,154.82,528.89,81.96,139.36,487.14,63.87,204.49
VIDEO_7434514141697625377,3.51,106.84,188.6,56.38,194.96,148.76,57.09,100.7,180.03,0.12,21.75,244.41,,,
VIDEO_7434931188642352417,63.17,95.77,102.2,47.84,77.13,104.8,59.02,140.89,79.46,,,,,,
VIDEO_7436044441170857249,9.88,45.37,46.19,4.47,26.7,107.59,14.72,50.09,67.75,,,,,,
VIDEO_7436403924350864672,151.09,122.71,56.88,143.44,124.41,55.54,,,,,,,,,
VIDEO_7436439641298865441,1937.34,163.67,32.07,1485.9,165.77,32.25,1411.86,169.12,31.68,1921.08,105.19,43.78,1628.61,173.49,27.92
VIDEO_7436650165861141792,3581.37,126.12,95.13,3115.51,125.28,96.92,186.85,120.85,84.93,98.57,112.07,100.93,,,
VIDEO_7436892906801073441,179.06,58.84,35.52,193.25,58.62,43.95,,,,,,,,,
VIDEO_7437476740533865761,186.68,124.85,108.88,192.31,127.47,103.67,,,,,,,,,
VIDEO_7437536576072125728,2332.31,89.99,108.75,1829.03,95.48,104.13,3351.11,96.44,127.06,2908.04,108.39,121.25,3992.11,100.18,103.49
VIDEO_7438288130567949601,696.14,56.43,103.48,703.21,56.74,103.16,,,,,,,,,
VIDEO_7438966885879696662,31.68,140.11,40.4,28.05,152.05,33.37,178.84,145.82,44.35,64.46,153.6,27.24,,,
VIDEO_7439254923365059873,930.95,147.56,47.74,864.13,147.83,47.51,454.39,150.72,47.54,97.89,157.74,48.21,189.49,164.05,44.13
VIDEO_7439269165111725345,152.52,165.51,42.3,129.38,168.24,42.49,,,,,,,,,
VIDEO_7439301301864877344,997.09,167.85,35.14,1321.63,157.2,37.52,563.36,136.64,51.85,1179.6,151.11,36.83,1064.35,140.73,35.17
VIDEO_7439661735742557472,540.62,131.65,59.35,545.67,132.08,59.64,507.01,132.36,60.29,214.84,141.54,36.03,257.44,148.5,35.82
VIDEO_7439731424854379809,57.72,196.12,2.34,55.03,196.63,2.51,57.64,196.27,2.26,678.81,119.63,48.21,,,
VIDEO_7440066420332924192,1002.11,91.06,95.21,601.79,108.97,55.9,296.68,117.35,64.53,41.78,130.44,41.89,307.64,107.45,71.58
VIDEO_7440140885246971169,119.74,126.47,106.25,40.18,174.27,33.57,318.24,105.66,109.1,44.84,123.4,93.27,209.94,93.39,116.93
VIDEO_7440142040542825760,62.65,140.88,32.78,3300.26,111.83,115.72,1616.89,132.58,45.59,1821.82,120.67,93.05,388.81,142.67,75.36
VIDEO_7440465091817999649,96.6,124.8,82.32,98.25,118.17,85.09,,,,,,,,,
VIDEO_7440567441777757472,26.59,108.55,86.78,25.43,106.74,88.14,,,,,,,,,
VIDEO_7441626192760884513,917.71,118.34,105.09,11.08,117.61,139.69,14.22,62.69,143.07,392.52,94.23,70.0,40.47,99.76,96.11
VIDEO_7441958558054337825,197.98,125.91,80.79,205.43,124.1,78.1,,,,,,,,,
VIDEO_7441976604730936609,461.49,149.6,123.79,478.69,154.59,118.1,252.64,134.21,95.91,386.09,130.42,51.1,1321.4,144.0,61.27
VIDEO_7441982856659815713,290.13,197.83,47.98,271.08,198.5,47.54,323.92,202.83,38.65,352.25,166.24,60.64,1674.29,164.34,57.99
VIDEO_7441997259060825377,2280.91,118.83,97.22,954.65,114.6,100.71,924.45,141.34,48.76,240.42,153.27,50.96,110.09,122.82,77.93
VIDEO_7442009228555930913,588.52,111.52,142.58,503.92,112.44,142.02,561.39,110.48,141.11,665.84,129.51,87.32,367.04,132.17,42.32
VIDEO_7442235405757336864,14.28,94.18,221.25,111.89,88.68,124.42,26.22,102.44,132.54,113.65,109.45,115.53,58.19,122.25,91.02
VIDEO_7442349120498519329,1321.18,133.75,92.82,278.67,168.71,7.9,241.38,173.44,7.47,149.66,167.43,47.06,736.34,150.76,33.31
VIDEO_7442354645382532385,23.52,155.5,14.3,26.13,154.43,16.35,,,,,,,,,
VIDEO_7442685576798604566,498.01,132.85,63.39,473.26,134.63,61.37,,,,,,,,,
VIDEO_7442737337525669142,381.79,130.53,66.19,402.67,142.11,56.6,,,,,,,,,
VIDEO_7443846446362774817,247.55,94.41,20.92,246.1,88.83,22.03,217.65,142.1,52.36,292.4,144.04,72.11,214.43,113.47,78.34
VIDEO_7443866656956255510,18.61,65.76,116.67,2.94,72.95,109.03,26.36,89.08,74.43,1.36,114.47,69.39,,,
VIDEO_7444192177149742358,557.63,138.65,52.59,485.3,138.51,52.63,,,,,,,,,
VIDEO_7444595106025442593,132.44,128.78,71.67,625.78,127.21,93.41,50.07,159.3,57.53,61.03,189.12,24.05,55.68,105.54,134.92
VIDEO_7444856032486116630,215.68,138.11,69.31,405.5,76.84,60.63,609.72,105.82,110.23,399.47,67.75,69.56,66.79,111.58,112.56
VIDEO_7444926040855661846,189.93,133.79,134.73,195.54,136.02,128.91,,,,,,,,,
VIDEO_7444957131670949142,197.82,104.0,110.98,175.0,104.53,107.94,143.72,135.73,88.18,0.0,0.0,2.4,,,
VIDEO_7446341554735828256,152.42,164.63,72.1,154.33,163.64,72.52,,,,,,,,,
VIDEO_7446429495948594454,7.5,168.52,44.31,6.52,167.99,45.9,,,,,,,,,
VIDEO_7446787674863684886,413.08,126.17,83.29,403.2,125.9,83.3,,,,,,,,,
VIDEO_7446804107312008470,484.11,73.43,122.05,409.03,74.54,124.91,,,,,,,,,
VIDEO_7446821670133845270,308.5,45.22,89.69,314.75,45.35,90.97,,,,,,,,,
VIDEO_7447184186034654496,178.21,130.43,27.09,36.8,128.37,20.17,2.45,105.53,14.21,335.03,123.86,19.63,,,
VIDEO_7447200750096223510,1301.21,128.82,73.59,1189.73,127.93,74.12,,,,,,,,,
VIDEO_7447512835350859040,403.89,110.0,79.12,454.64,107.97,84.83,13.71,76.79,79.09,681.24,115.65,105.43,738.55,73.4,146.11
VIDEO_7447515391426825504,166.23,135.07,75.4,348.58,139.29,45.09,385.0,136.96,47.05,1455.17,157.69,58.05,,,
VIDEO_7447538385993895201,388.78,176.47,40.92,329.26,174.61,41.56,,,,,,,,,
VIDEO_7447835163444235552,1394.63,109.38,118.11,1361.38,109.74,117.38,,,,,,,,,
VIDEO_7447927530448915735,121.04,0.5,0.0,121.97,0.5,0.0,,,,,,,,,
VIDEO_7447956995182759190,881.09,143.8,50.94,443.37,157.43,47.31,435.28,156.45,46.99,370.09,174.06,21.57,353.66,139.44,59.92
VIDEO_7448354400998853910,72.99,121.93,59.9,51.47,119.02,61.98,,,,,,,,,
VIDEO_7449430237114404128,543.33,129.7,79.78,204.79,124.84,83.04,20.73,176.62,63.41,18.02,168.92,59.58,35.84,151.09,68.0
VIDEO_7450183993355488545,784.16,117.28,132.15,924.6,112.16,140.98,,,,,,,,,
VIDEO_7450432979526012182,496.19,158.79,63.17,570.18,156.86,63.28,,,,,,,,,
VIDEO_7450928915159190806,93.24,140.29,55.24,41.19,150.52,75.39,,,,,,,,,
VIDEO_7451579890048027937,1791.78,163.64,51.4,1519.87,163.26,51.11,348.09,178.43,96.5,109.31,140.52,64.35,130.99,163.29,31.34
VIDEO_7451599218545970454,163.34,118.06,42.52,152.7,118.46,42.09,,,,,,,,,
VIDEO_7451629003380755734,311.52,183.95,55.07,317.03,200.69,41.66,,,,,,,,,
VIDEO_7452387800818666785,120.82,124.86,130.55,269.39,111.9,119.25,40.06,83.33,191.1,183.07,126.9,93.8,145.02,139.52,86.13
VIDEO_7452742967695002902,1323.06,119.88,118.09,1276.86,119.95,118.63,,,,,,,,,
VIDEO_7452758752337399073,99.39,96.07,71.11,113.69,96.41,80.91,,,,,,,,,
VIDEO_7453016788465454358,911.84,152.88,25.74,929.14,149.18,26.69,859.91,137.31,19.92,479.34,168.4,10.13,385.38,139.72,21.32
VIDEO_7453069595327384865,128.81,123.55,122.32,133.56,121.2,123.42,108.06,129.82,118.75,98.62,0.55,0.54,,,
VIDEO_7453132168940915991,556.43,120.12,22.06,291.02,111.93,100.2,991.34,111.84,134.27,1060.63,138.4,63.45,581.53,112.64,54.8
VIDEO_7454218208648727840,113.56,114.12,65.07,129.52,126.46,64.53,151.62,135.59,69.2,8.81,123.62,94.22,,,
VIDEO_7454233566264855831,405.79,120.13,123.47,397.21,120.16,123.47,,,,,,,,,
VIDEO_7454985264952266016,41.64,154.15,25.82,75.49,153.22,29.43,3.17,118.52,28.04,79.76,171.27,21.53,51.2,151.71,60.15
VIDEO_7455305851092389142,1110.62,164.76,0.0,1256.62,161.93,0.0,,,,,,,,,
VIDEO_7455422115802565910,90.88,11.77,93.92,82.16,14.9,114.63,73.06,11.64,92.88,85.9,10.23,97.55,74.84,12.19,111.63
VIDEO_7456101045601570070,578.61,132.79,42.34,1409.9,135.38,39.16,,,,,,,,,
VIDEO_7456310839121874198,433.67,128.85,121.69,445.59,128.93,121.88,,,,,,,,,
VIDEO_7456392986897730838,460.77,150.46,57.62,482.19,152.6,64.09,,,,,,,,,
VIDEO_7456840693982465312,44.83,95.65,131.92,27.57,143.15,79.65,119.58,150.31,48.6,132.77,135.07,92.44,109.38,153.53,71.23
VIDEO_7457155091238259990,983.91,119.81,71.87,1171.7,118.4,62.6,,,,,,,,,
VIDEO_7457582868370296096,52.95,126.8,89.48,48.99,124.23,90.51,80.31,123.53,69.97,14.44,137.88,60.33,101.43,163.3,66.62
VIDEO_7457587495031606560,293.37,163.09,0.0,68.46,179.43,0.0,,,,,,,,,
VIDEO_7457617290348072197,1371.55,161.12,14.06,1140.88,141.31,16.72,,,,,,,,,
VIDEO_7457876496447819030,757.0,152.13,32.02,796.86,152.07,31.86,868.45,158.67,12.01,814.52,155.68,13.82,1418.62,146.18,16.38
VIDEO_7457889721201577248,67.59,108.19,104.26,57.45,114.59,104.87,,,,,,,,,
VIDEO_7458325240628661537,37.2,70.97,207.56,12.43,72.42,119.85,36.18,47.41,170.91,81.25,23.89,153.6,2.19,72.24,169.87
VIDEO_7458328611213298976,333.48,135.63,35.55,494.98,134.09,36.78,,,,,,,,,
VIDEO_7458331354212666646,375.65,122.7,0.0,1001.53,114.89,0.0,751.15,136.32,58.72,0.0,0.0,0.0,,,
VIDEO_7458336545490193686,686.59,144.72,79.76,514.21,134.55,83.12,89.71,163.29,66.12,487.53,136.46,66.66,170.45,158.61,67.63
VIDEO_7458380266004843798,1467.33,154.58,41.28,1904.74,187.03,14.25,570.82,164.28,33.78,693.69,166.38,31.73,1920.84,158.2,9.38
VIDEO_7459384907962305825,402.67,140.01,39.23,320.05,139.38,41.42,,,,,,,,,
VIDEO_7459403430122097942,252.08,112.88,119.83,976.68,138.56,104.18,231.44,143.33,65.2,552.91,127.51,121.0,1573.35,157.22,53.75
VIDEO_7459483581803482390,19.6,132.57,100.34,86.18,128.63,111.19,90.8,126.08,108.33,47.82,155.74,94.47,12.98,127.17,84.8
VIDEO_7459503727737687318,1447.84,120.4,109.71,1374.74,123.53,110.64,382.82,167.39,20.84,632.44,128.95,124.16,1162.56,148.7,83.23
VIDEO_7460568175726398742,24.76,140.24,34.11,72.49,157.96,42.94,26.64,132.43,29.87,231.34,127.37,52.14,406.67,71.3,83.56
VIDEO_7461582150937169174,462.47,143.53,108.57,450.04,145.84,100.27,,,,,,,,,
VIDEO_7461615118414073110,122.13,190.98,67.2,125.5,190.01,68.18,,,,,,,,,
VIDEO_7461940902890605829,1047.19,119.05,50.29,2019.9,138.77,74.9,1416.96,126.68,21.94,175.68,161.36,28.23,928.08,111.29,149.47
VIDEO_7462409528211033366,629.78,110.83,112.67,916.56,109.25,89.41,855.55,109.08,89.05,92.97,178.12,49.88,,,
VIDEO_7462655968522931478,1245.31,138.59,89.3,1292.92,135.67,91.65,,,,,,,,,
VIDEO_7462683592603340054,962.44,169.75,28.54,889.2,170.23,27.95,,,,,,,,,
VIDEO_7462724279965125920,415.56,166.66,54.37,399.76,167.5,53.82,,,,,,,,,
VIDEO_7463089844516965637,598.2,163.89,17.89,509.9,164.67,19.05,,,,,,,,,
VIDEO_7463198577188146464,38.93,141.72,72.71,210.65,135.95,43.21,250.86,154.38,38.69,46.03,121.54,75.22,246.99,108.66,70.94
VIDEO_7463500754318347542,630.55,160.09,36.73,626.17,162.09,31.27,651.01,161.73,30.92,47.98,163.55,19.33,,,
VIDEO_7463516081081027862,1150.36,112.32,122.62,1031.41,107.36,120.05,389.59,145.37,57.01,686.85,92.13,124.66,76.46,172.91,37.11
VIDEO_7463520186876939552,21.23,176.41,57.33,15.19,163.6,60.21,5.02,135.82,87.61,5.68,141.62,86.44,52.71,155.2,74.82
VIDEO_7464875419959921952,599.29,170.92,48.73,533.45,171.64,48.03,,,,,,,,,
VIDEO_7464890614258158870,1175.56,163.97,11.4,484.19,164.18,13.49,532.09,144.15,18.24,750.94,98.47,88.22,1218.62,185.94,23.66
VIDEO_7465291116045208865,236.05,149.16,53.7,226.84,148.18,52.74,457.87,149.58,47.24,0.05,5.49,2.22,,,
VIDEO_7465375886779403552,131.89,123.75,35.41,68.31,126.47,40.82,40.57,66.61,53.27,22.07,118.6,26.68,30.17,117.43,39.75
VIDEO_7465714414814137623,55.82,30.96,3.23,74.04,106.0,10.01,74.68,148.28,9.91,240.48,113.31,29.23,226.42,142.62,10.65
VIDEO_7466084820825787680,262.98,136.25,48.54,293.92,133.04,42.82,,,,,,,,,
VIDEO_7466106459403701526,217.31,161.07,79.71,546.09,152.42,93.36,,,,,,,,,
VIDEO_7466109584952855840,128.79,152.96,64.86,113.64,150.93,70.04,,,,,,,,,
VIDEO_7466117788898315552,6.59,101.09,88.83,10.82,130.81,80.61,4.99,119.12,77.4,10.42,144.57,82.18,14.1,157.51,65.85
VIDEO_7466514918137728278,224.79,157.17,66.83,57.37,173.13,50.07,501.62,167.14,54.58,31.57,151.33,19.49,314.08,154.34,38.63
VIDEO_7467185543240109345,198.15,135.99,91.99,186.34,135.13,91.99,,,,,,,,,
VIDEO_7467231080735690017,0.89,125.54,79.84,1.74,125.62,79.87,1.63,125.7,79.92,63.5,132.48,32.14,1.23,123.03,62.62
VIDEO_7467247804717550870,741.12,138.66,97.16,603.97,135.29,101.32,,,,,,,,,
VIDEO_7467520617160396054,539.8,132.4,65.72,452.91,139.07,59.84,,,,,,,,,
VIDEO_7467999174936644886,127.32,136.87,50.17,122.58,136.84,50.89,,,,,,,,,
VIDEO_7468313844230704406,525.08,124.13,89.32,526.84,126.14,87.65,530.45,121.11,90.8,856.8,112.14,84.7,,,
VIDEO_7468323433714126112,508.06,127.16,51.12,463.86,127.07,51.18,665.34,149.03,34.07,315.81,125.47,52.08,,,
VIDEO_7468709057516326177,7.56,138.42,47.31,58.31,128.3,61.06,1.66,96.56,29.47,202.44,116.85,110.48,320.24,117.39,119.09
VIDEO_7468715378743528736,108.47,107.73,66.39,59.54,76.95,104.0,64.72,101.71,63.28,48.17,97.33,49.09,21.1,127.02,44.64
VIDEO_7469067273794456854,299.16,106.4,112.01,20.15,127.55,67.92,88.05,107.94,60.28,32.54,142.67,16.86,48.48,130.64,67.13
VIDEO_7469703437299551510,14.3,114.42,78.56,223.38,110.25,87.72,106.83,87.08,112.91,19.33,113.19,80.17,62.16,118.12,78.7
VIDEO_7470159373935856918,277.88,172.75,47.88,282.06,174.15,46.93,,,,,,,,,
VIDEO_7470212560399109398,148.57,110.77,85.59,86.32,98.32,86.96,132.14,101.03,104.22,113.03,101.46,106.91,139.83,100.08,103.8
VIDEO_7470495287212084503,625.06,171.86,27.05,574.48,167.08,27.77,,,,,,,,,
VIDEO_7470532387223407904,112.75,59.32,99.57,115.19,56.14,96.0,1.26,19.76,153.49,3.55,47.36,133.24,18.33,35.14,84.96
VIDEO_7470850262840691990,45.76,123.75,51.04,48.85,121.47,56.49,,,,,,,,,
VIDEO_7470863926922579205,1344.64,150.7,58.35,1203.36,150.99,56.72,1335.33,151.32,55.76,2411.27,154.4,49.29,,,
VIDEO_7471186366500539670,168.23,182.01,5.8,133.55,184.17,7.99,1559.62,162.16,29.99,5049.96,153.33,10.36,270.76,179.06,38.44
VIDEO_7471251146288418070,3.13,123.34,58.74,28.66,114.43,102.47,19.32,133.81,36.77,682.0,140.65,44.77,6.62,118.84,80.41
VIDEO_7471286673494527254,1479.21,131.12,42.64,1367.82,128.8,43.7,612.2,136.81,28.84,373.65,142.84,54.46,420.21,151.63,44.23
VIDEO_7471289820795374870,301.75,134.88,68.04,332.07,134.3,66.6,,,,,,,,,
VIDEO_7471348371962334486,277.93,134.66,101.38,264.55,128.37,102.54,153.94,138.47,80.02,151.88,134.66,91.69,,,
VIDEO_7471349532496842006,1019.69,151.31,106.64,780.35,151.49,94.3,,,,,,,,,
VIDEO_7471566242168491286,321.32,159.17,21.8,379.38,159.9,20.44,,,,,,,,,
VIDEO_7472755159945252118,125.04,173.27,33.47,29.79,173.54,31.08,,,,,,,,,
VIDEO_7473095088948759830,16.51,24.51,43.46,2.44,50.25,141.35,1.41,25.26,127.1,2.86,62.93,156.51,15.75,142.87,46.99
VIDEO_7473224176086584598,339.38,136.63,43.76,372.25,137.13,47.18,,,,,,,,,
VIDEO_7473874393719000342,228.38,136.21,56.71,224.75,134.27,58.11,,,,,,,,,
VIDEO_7474265267783208214,869.99,150.74,48.28,738.05,153.55,46.31,,,,,,,,,
VIDEO_7474331497533836566,68.76,67.94,178.27,48.16,79.56,158.06,156.78,67.23,120.79,58.06,58.28,178.49,43.92,76.78,192.73
VIDEO_7474625701350509846,295.26,158.23,46.5,290.78,156.31,47.72,,,,,,,,,
VIDEO_7474850979473640726,79.15,165.31,34.16,71.07,173.83,30.86,,,,,,,,,
VIDEO_7475273206497086742,4.79,134.34,75.84,92.42,144.35,63.96,49.3,122.7,69.01,184.08,96.12,86.01,892.81,131.31,94.62
VIDEO_7475642830430522646,3878.95,140.51,35.68,505.34,132.07,25.79,2502.57,142.07,21.74,1695.48,135.78,35.59,2948.46,151.88,20.47
VIDEO_7475687308797299990,132.89,151.92,0.0,261.84,158.41,0.0,,,,,,,,,
VIDEO_7475816575975623958,600.6,156.36,38.41,618.42,155.8,37.91,,,,,,,,,
VIDEO_7476157177149803798,1366.19,140.26,38.08,568.09,147.78,32.37,509.99,135.53,43.24,470.95,124.03,81.53,,,
VIDEO_7476404323317222658,22.73,161.01,42.7,75.09,158.9,43.66,17.42,158.46,54.29,7.32,162.01,46.56,,,
VIDEO_7476738167522053398,287.88,112.6,82.15,343.59,112.76,82.27,,,,,,,,,
VIDEO_7476765597204860182,615.66,117.59,77.36,453.39,116.35,80.59,,,,,,,,,
VIDEO_7476865863409257750,48.06,45.69,38.34,493.37,123.72,79.94,260.74,139.03,49.28,,,,,,
VIDEO_7477287305078934786,203.69,146.15,44.85,162.9,150.16,45.75,,,,,,,,,
VIDEO_7477935287646063894,400.1,194.94,40.27,403.65,192.73,42.84,,,,,,,,,
VIDEO_7478288153153916182,403.1,103.66,148.27,388.54,131.09,81.0,397.48,127.16,91.71,425.32,115.11,105.9,518.01,110.99,107.08
VIDEO_7478407463675481366,965.6,110.33,98.14,874.55,109.52,115.9,,,,,,,,,
VIDEO_7478417820376812822,437.02,130.04,119.5,438.57,115.76,141.47,554.18,98.87,92.64,673.06,105.06,92.51,263.58,100.61,158.4
VIDEO_7478712216724802838,273.6,131.19,54.01,280.72,136.16,47.96,232.94,127.46,53.62,1216.48,135.49,87.0,564.16,122.88,90.74
VIDEO_7478735064881237270,311.83,122.91,122.21,122.64,149.1,43.24,214.95,108.2,93.33,153.57,94.02,89.23,25.24,169.55,27.28
VIDEO_7478999877444226326,138.92,138.69,88.19,114.5,141.26,85.95,291.73,129.41,69.96,122.1,130.53,99.36,173.66,127.66,65.29
VIDEO_7479068329584364823,147.85,138.08,51.32,177.25,137.58,52.66,,,,,,,,,
VIDEO_7479081271746989334,266.8,127.44,74.53,257.36,129.94,70.91,249.67,119.04,88.18,261.5,127.87,78.04,,,
VIDEO_7479158367873748246,629.91,121.66,109.6,497.76,135.99,89.49,355.12,141.86,70.96,203.97,157.11,62.59,120.31,171.04,37.69
VIDEO_7479481184100044054,847.25,126.63,119.77,809.18,126.24,122.11,,,,,,,,,
VIDEO_7479794065983147269,103.31,143.12,40.67,90.19,143.57,39.7,,,,,,,,,
VIDEO_7480244111207976214,151.82,129.47,80.24,119.19,127.38,81.96,,,,,,,,,
VIDEO_7480563839319264534,45.43,183.29,65.17,37.22,180.41,68.84,40.27,163.69,91.99,67.49,183.69,67.87,63.78,150.7,101.61
VIDEO_7480851478555659543,525.09,168.91,21.65,458.09,169.48,21.75,,,,,,,,,
VIDEO_7480918194438278422,250.26,120.39,94.88,51.3,186.36,34.49,136.31,156.72,52.58,564.48,141.68,80.74,,,
VIDEO_7480938335133863190,197.23,178.49,45.84,202.79,177.46,45.65,,,,,,,,,
VIDEO_7481596789448117526,30.36,153.48,20.63,30.23,155.3,19.64,,,,,,,,,
VIDEO_7481624954484690198,146.29,144.33,42.87,169.6,142.99,43.38,165.74,142.23,43.61,476.7,126.41,47.68,1100.64,125.02,41.09
VIDEO_7481977420220779798,385.45,179.1,64.28,442.52,150.76,96.83,550.89,134.48,100.58,,,,,,
VIDEO_7482898265906646294,159.61,96.45,78.06,162.84,61.74,132.51,133.57,64.74,115.82,417.65,91.37,108.63,,,
VIDEO_7483098002547100950,6.86,119.95,17.55,116.93,128.6,48.85,,,,,,,,,
VIDEO_7483220883759303959,810.68,170.61,55.6,840.74,177.62,41.36,315.72,133.4,103.46,628.39,161.54,47.6,433.63,113.68,101.95
VIDEO_7483430893965626646,371.54,135.0,72.37,372.46,134.99,72.35,,,,,,,,,
VIDEO_7483554122663234838,1658.62,104.41,135.55,1683.23,103.54,137.18,146.47,152.81,93.18,477.53,139.48,95.32,301.5,153.99,96.83
VIDEO_7483888039303843094,209.2,142.38,100.16,199.97,140.91,98.27,,,,,,,,,
VIDEO_7483898615803612418,789.16,133.97,53.24,682.89,128.65,50.09,337.02,132.85,102.85,221.3,151.81,48.58,376.33,149.38,49.36
VIDEO_7484305196332436758,896.36,130.76,68.71,951.17,130.0,73.12,,,,,,,,,
VIDEO_7484928854029634838,268.35,141.41,132.62,252.73,140.3,133.53,,,,,,,,,
VIDEO_7485301680930688278,29.57,86.15,112.69,46.64,112.9,52.61,152.93,71.93,150.06,546.83,17.89,22.06,,,
VIDEO_7485773090555956503,187.25,195.46,35.81,168.36,194.72,35.13,,,,,,,,,
VIDEO_7485818484723567894,591.01,128.47,88.54,602.25,109.78,103.41,83.37,145.03,59.47,63.42,136.27,83.82,89.81,129.11,59.23
VIDEO_7486043762590895382,158.53,125.33,101.84,145.26,124.03,102.37,,,,,,,,,
VIDEO_7486129539827928342,706.68,171.85,57.01,705.39,167.14,63.22,597.1,132.79,130.45,718.18,106.07,137.86,697.23,178.97,39.09
VIDEO_7486138878026321174,67.5,167.59,42.4,76.75,169.69,45.78,104.52,149.42,46.11,,,,,,
VIDEO_7486391346727537942,5.18,18.79,144.32,141.29,73.95,138.91,479.56,87.83,176.27,2656.98,38.62,176.49,1469.9,122.61,113.02
VIDEO_7486822725684792599,145.01,144.53,25.5,140.93,143.89,25.36,57.04,163.72,28.82,18.21,152.24,28.84,,,
VIDEO_7487276696215817494,227.08,167.2,52.68,183.94,176.55,46.44,,,,,,,,,
VIDEO_7487328540497628438,369.47,134.62,99.15,413.97,115.83,102.71,338.53,167.23,21.16,730.69,147.89,85.81,425.66,132.06,84.34
VIDEO_7487960173529582870,192.49,145.4,40.86,216.32,141.17,56.69,330.09,121.06,71.84,125.72,157.57,41.04,1112.8,133.39,42.35
VIDEO_7488220279244623126,201.81,122.52,88.5,161.05,118.77,87.46,140.68,117.21,87.37,106.97,127.56,109.51,,,
VIDEO_7488241037907905797,265.6,116.82,53.43,293.61,116.87,52.44,,,,,,,,,
VIDEO_7488659236717628694,80.61,103.56,96.05,109.74,105.08,95.11,,,,,,,,,
VIDEO_7489499424884821270,2537.08,112.01,39.96,1718.69,109.05,41.01,1939.11,103.51,93.14,406.41,92.31,103.2,927.88,124.11,92.1
VIDEO_7490119511731965206,1066.52,142.68,68.98,1022.41,141.17,70.86,716.2,136.86,76.36,0.0,0.0,0.0,,,
VIDEO_7490222588883422486,63.06,170.47,46.09,27.05,179.03,37.53,83.93,173.96,46.2,,,,,,
VIDEO_7490268698918309142,967.88,148.02,32.07,781.98,140.2,31.01,698.93,141.76,34.53,820.3,134.8,33.04,1792.4,139.56,47.45
VIDEO_7490984274049469718,324.9,148.75,68.66,355.48,143.41,74.47,,,,,,,,,
VIDEO_7491219464474856727,276.18,154.38,68.81,269.13,154.19,70.06,,,,,,,,,
VIDEO_7491322585624349974,362.71,123.28,93.42,352.01,134.68,84.8,,,,,,,,,
VIDEO_7491632736105450774,61.16,138.06,76.13,43.22,150.98,64.64,,,,,,,,,
VIDEO_7493248933460741378,440.65,164.24,75.49,484.52,170.96,64.55,,,,,,,,,
VIDEO_7493891893026180374,256.17,144.0,61.32,232.69,144.18,62.06,26.52,156.5,32.61,295.41,148.91,41.9,524.89,156.43,52.91
VIDEO_7493955664008498454,215.64,171.12,46.68,230.99,170.75,45.98,228.85,172.48,44.64,190.78,168.58,54.42,,,
VIDEO_7494193739187916054,169.07,163.69,27.21,130.99,166.98,25.97,,,,,,,,,
VIDEO_7494205664135236886,620.36,188.4,60.64,325.14,133.37,41.01,138.71,161.1,41.34,186.88,147.43,26.56,627.47,157.09,31.93
VIDEO_7494230009050139926,276.43,135.95,44.72,281.39,137.06,45.21,,,,,,,,,
VIDEO_7494238893546474774,93.65,157.04,21.88,93.16,149.35,22.67,,,,,,,,,
VIDEO_7494590607797554454,356.56,112.72,119.35,304.33,111.67,119.17,297.35,110.75,111.79,612.61,123.81,101.19,84.53,108.47,94.52
VIDEO_7495322095065238806,53.72,157.6,40.42,270.4,144.28,49.93,357.04,106.04,101.85,531.06,164.02,39.3,,,
VIDEO_7495368561821535510,425.18,49.59,20.84,717.84,152.19,52.16,718.94,149.59,53.61,117.14,155.81,52.33,1494.68,126.66,84.73
VIDEO_7495455289882184982,408.53,95.89,112.12,423.78,97.59,113.18,,,,,,,,,
VIDEO_7495704452696116503,645.29,94.19,59.14,873.96,67.88,40.6,2380.88,143.41,82.26,917.18,136.82,74.48,0.24,6.9,2.12
VIDEO_7495849453228657942,252.8,159.02,71.42,180.11,160.31,70.8,132.27,158.42,77.08,0.09,8.27,38.0,,,
VIDEO_7496799936558796054,1387.39,114.9,97.43,1028.47,114.38,99.82,318.85,139.44,89.27,323.69,142.06,91.88,947.86,158.01,64.19
VIDEO_7496845046814166294,810.98,118.17,94.86,721.22,120.35,92.86,836.45,119.07,92.42,114.56,162.48,70.24,81.53,115.44,149.06
VIDEO_7500926454671232278,1548.53,123.56,84.6,928.06,126.01,86.52,,,,,,,,,
VIDEO_7500939642972212502,560.77,116.66,79.08,517.36,120.07,74.8,501.36,116.95,71.18,0.0,0.0,0.64,,,
VIDEO_7502082897935928598,820.52,100.19,81.62,823.28,100.64,81.07,218.43,54.52,63.5,340.24,106.46,39.61,,,
VIDEO_7504006062559776022,403.87,159.0,0.0,412.98,159.15,0.0,421.12,158.9,0.0,1337.78,133.63,92.47,,,
VIDEO_7504292781637127446,422.24,114.79,106.28,392.49,142.43,59.53,707.41,103.89,133.29,386.7,119.66,71.17,1675.55,121.68,76.08
VIDEO_7504627479449963798,248.16,128.3,87.93,296.1,118.25,93.04,82.84,124.28,127.03,67.1,124.41,69.11,273.92,129.68,78.35
VIDEO_7504668782045039894,771.39,120.84,110.11,710.84,122.11,107.7,,,,,,,,,
VIDEO_7505058159258504470,94.75,101.66,156.77,49.98,102.93,152.5,,,,,,,,,
VIDEO_7506217095441435926,407.34,118.1,139.18,374.61,116.76,138.17,508.49,120.03,130.68,170.07,124.9,94.37,,,
VIDEO_7506795063012232470,1393.3,93.44,108.82,1389.8,94.17,107.98,,,,,,,,,
VIDEO_7506824474902433026,1391.93,143.13,112.19,996.08,128.34,90.17,,,,,,,,,
VIDEO_7507578375586712854,53.09,169.57,50.36,67.69,149.88,83.02,61.61,148.04,84.23,50.43,156.72,44.13,33.22,133.0,64.83
VIDEO_7508716246301510914,60.41,136.66,0.0,59.5,136.68,0.0,,,,,,,,,
VIDEO_7508723396641852694,1009.05,121.37,83.78,196.17,129.39,80.78,149.4,107.75,128.22,492.19,132.57,92.16,,,
VIDEO_7509512878026788118,1076.96,108.97,98.74,744.74,112.62,100.15,276.4,2.06,0.34,694.38,117.2,88.84,325.89,123.98,101.15
VIDEO_7510326060676975894,608.75,110.34,90.76,311.64,101.66,145.97,617.65,98.16,115.88,480.31,90.13,164.72,1200.11,113.07,73.24
VIDEO_7510479503592901910,70.2,73.86,92.79,67.99,73.96,92.16,,,,,,,,,
VIDEO_7511357874082286870,464.9,87.75,89.11,461.04,86.92,105.55,1301.83,100.96,117.37,446.62,82.57,83.52,1324.1,98.54,104.33
VIDEO_7511669950990290198,57.7,37.68,18.5,234.69,42.47,18.18,,,,,,,,,
VIDEO_7512478582627732758,1488.51,131.15,102.44,1163.9,132.16,99.84,,,,,,,,,
VIDEO_7512836614834474262,641.7,108.46,115.76,632.89,123.67,98.37,614.56,153.87,54.36,1334.42,115.8,104.68,378.5,143.8,61.97
VIDEO_7514333529551949078,51.05,158.65,24.97,35.97,161.16,21.83,,,,,,,,,
VIDEO_7514700901009886486,244.63,139.34,52.24,357.24,144.7,56.55,,,,,,,,,
VIDEO_7515407893357759766,818.61,15.03,7.42,820.6,14.18,7.97,,,,,,,,,
VIDEO_7515834191922072854,453.82,117.82,73.69,330.79,112.58,80.5,,,,,,,,,
VIDEO_7516624091097337110,51.41,188.72,51.6,97.19,180.04,49.57,38.16,121.9,100.15,316.63,136.53,73.81,,,
VIDEO_7516934430083091734,943.34,146.19,29.27,345.73,141.01,41.1,,,,,,,,,
VIDEO_7517305745210232086,759.9,118.72,133.46,1046.51,117.1,131.04,,,,,,,,,
VIDEO_7517644986310020408,1353.64,129.66,76.89,1154.11,130.49,75.54,1790.39,100.22,70.85,1722.59,120.48,127.98,1943.63,127.83,105.15
VIDEO_7517676181366295830,679.23,141.57,70.45,730.66,136.46,62.08,,,,,,,,,
VIDEO_7517939109512449302,1088.12,128.08,121.88,33.41,0.14,0.01,1316.58,125.55,101.46,2498.92,105.3,104.78,337.69,123.97,89.74
VIDEO_7517987561692794134,78.16,69.88,102.16,82.18,70.19,99.97,,,,,,,,,
VIDEO_7518292077080268054,1699.45,116.21,83.1,1926.0,112.18,88.04,,,,,,,,,
VIDEO_7518400955877199127,505.41,154.59,73.11,387.13,152.77,73.57,,,,,,,,,
VIDEO_7519058140860583190,236.82,45.48,39.91,255.51,45.02,38.19,,,,,,,,,
VIDEO_7520150754858896645,1849.25,119.93,99.33,1301.92,119.93,98.5,1384.82,118.2,72.33,770.05,106.86,109.14,,,
VIDEO_7520582757412556054,851.65,126.4,64.94,771.82,128.68,61.11,723.05,126.08,57.9,0.0,0.0,0.0,,,
VIDEO_7520640970199698710,1775.54,142.14,53.12,1775.06,142.14,53.22,821.98,139.21,57.27,422.49,212.34,12.22,631.7,131.53,38.63
VIDEO_7522511822893616406,71.56,69.54,102.71,50.92,79.84,111.72,137.23,71.27,74.86,50.32,89.09,118.92,,,
VIDEO_7523154104273915158,423.29,43.01,23.54,1056.11,79.7,53.91,1245.9,116.95,70.07,437.25,115.55,65.57,339.97,116.38,86.03
VIDEO_7523190975850679554,654.51,107.2,64.71,396.71,109.54,62.74,1261.01,152.98,97.89,,,,,,
VIDEO_7524285666692271382,459.25,119.08,92.22,450.43,119.14,92.08,442.35,120.9,90.3,5.26,76.38,109.34,7.9,25.61,57.25
VIDEO_7524347836541046038,4.69,120.04,109.38,10.76,121.3,114.39,,,,,,,,,
VIDEO_7524995526518000901,2585.77,118.68,121.84,2013.44,117.62,122.02,1689.38,117.45,121.8,3297.95,119.46,91.98,2492.54,117.42,119.97
VIDEO_7526570162976328982,0.29,8.03,85.25,29.94,84.74,86.7,,,,,,,,,
VIDEO_7527665793501318456,1299.66,136.95,83.6,1265.33,136.07,81.64,,,,,,,,,
VIDEO_7528398053666016534,1495.33,135.86,69.91,926.13,134.07,73.48,,,,,,,,,
VIDEO_7528433357093358870,267.01,102.89,60.2,238.46,98.77,59.39,,,,,,,,,
VIDEO_7528439846218550550,95.87,43.44,46.11,112.63,43.48,46.1,,,,,,,,,
VIDEO_7529427220335496450,1837.45,148.69,73.74,1625.87,154.81,71.15,937.86,156.77,70.86,268.27,116.14,100.79,,,
VIDEO_7529820615637847318,301.67,100.76,152.17,336.94,76.55,95.07,800.28,85.79,124.59,2078.62,109.29,126.97,1401.78,78.58,153.16
VIDEO_7529912051498552598,1870.03,98.87,70.37,1222.08,98.61,68.94,2085.88,98.46,69.14,1268.03,115.33,55.23,,,
VIDEO_7530943991257386262,597.46,76.31,74.75,622.33,77.54,75.66,,,,,,,,,
VIDEO_7532382235463339286,152.85,94.95,117.46,164.46,120.52,91.48,36.32,123.01,108.41,304.51,100.18,46.38,356.41,128.9,72.72
VIDEO_7532594185912847638,687.94,132.3,56.34,632.37,132.44,56.49,,,,,,,,,
VIDEO_7533124404062981398,176.44,173.34,39.47,162.92,168.67,37.72,444.28,128.57,73.36,238.65,142.01,83.69,,,
VIDEO_7533680078866238742,160.64,71.8,123.28,112.76,84.92,133.59,677.4,98.82,124.84,231.66,118.77,124.96,425.19,112.48,114.37
VIDEO_7535123405562006806,1237.76,117.06,106.28,866.19,115.24,108.07,9.1,120.26,96.53,1.51,137.98,96.38,,,
VIDEO_7535476048444558614,1985.91,99.98,116.68,1214.88,109.09,126.33,154.77,144.19,104.77,,,,,,
VIDEO_7535840388725378306,872.79,110.04,111.26,721.35,117.42,105.9,,,,,,,,,
VIDEO_7535846060476976406,847.91,104.7,65.17,778.99,108.19,64.67,451.22,87.64,46.42,764.16,149.79,64.29,804.72,151.65,48.83
VIDEO_7535846685101149462,615.95,120.21,47.4,581.42,122.1,43.55,557.42,121.23,44.71,460.14,116.92,31.4,327.35,129.03,54.87
VIDEO_7535846854743821590,1451.95,124.65,68.04,1029.08,126.11,66.46,,,,,,,,,
VIDEO_7536170254989315350,746.79,127.65,37.77,829.91,127.33,33.23,,,,,,,,,
VIDEO_7537707440142454038,138.27,127.66,77.74,92.15,174.44,63.57,342.57,173.01,41.41,0.0,0.0,0.0,,,
VIDEO_7537717748512705814,270.02,127.06,84.38,256.09,131.47,80.31,,,,,,,,,
VIDEO_7537787296209259782,2871.98,108.55,38.32,2400.51,107.99,37.88,1958.86,113.93,63.79,426.62,133.17,82.01,386.04,84.59,120.22
VIDEO_7538076349500689666,22.54,134.49,103.83,15.65,124.66,107.02,27.67,134.09,60.07,14.22,152.21,88.08,67.43,148.51,88.29
VIDEO_7538370537211432214,1144.13,135.64,44.03,1078.29,135.13,44.23,,,,,,,,,
VIDEO_7539973950877584662,2479.21,60.19,73.55,2040.92,60.19,70.55,,,,,,,,,
VIDEO_7540185950714875158,6.28,70.57,79.29,6.56,71.38,76.81,182.28,122.44,81.35,105.59,95.41,107.97,,,
VIDEO_7540672667704118533,948.34,161.53,12.03,812.06,136.8,18.13,,,,,,,,,
VIDEO_7541326779697564930,349.8,116.76,114.54,280.01,118.73,121.29,1009.91,119.24,107.12,911.53,120.45,111.13,,,
VIDEO_7542515768215211286,253.79,129.96,80.25,195.14,128.34,85.06,,,,,,,,,
VIDEO_7542538735116684566,323.9,82.55,47.21,348.46,83.99,54.67,477.69,98.73,35.06,434.66,107.84,50.31,,,
VIDEO_7543218614866906390,53.79,118.98,62.46,124.96,120.53,57.14,189.69,110.73,60.67,2884.56,119.91,86.88,,,
VIDEO_7543616748017241366,2369.48,138.28,76.78,1796.26,141.27,78.45,,,,,,,,,
VIDEO_7545046455229205782,3645.85,127.14,123.75,3543.29,127.34,123.4,2042.9,133.21,51.85,0.0,0.0,0.0,,,
VIDEO_7545446733921209622,108.16,75.9,116.04,100.53,81.73,114.1,44.01,95.27,56.91,41.53,105.9,45.26,38.8,79.48,75.16
VIDEO_7545528304237841720,678.73,90.7,71.68,683.23,90.89,72.52,347.84,53.48,75.26,389.55,123.52,67.97,518.22,131.1,108.6
VIDEO_7545851939586723094,714.04,113.89,114.09,574.35,113.82,114.03,,,,,,,,,
VIDEO_7546473791115791638,891.97,110.37,187.83,981.45,110.3,187.86,,,,,,,,,
VIDEO_7546523294489414934,205.17,136.52,91.89,239.79,148.46,93.18,347.72,125.04,120.89,78.96,144.06,104.43,308.36,140.25,120.92
VIDEO_7546552028168719638,1405.52,115.66,82.95,1095.07,116.71,85.5,,,,,,,,,
VIDEO_7546567057056353558,61.39,184.22,40.65,68.45,184.67,40.17,75.92,185.9,38.87,114.15,118.71,128.88,,,
VIDEO_7547707789863406870,154.76,138.76,61.95,97.93,141.92,61.57,,,,,,,,,
VIDEO_7547744113433627926,1256.8,106.83,58.14,1164.24,121.28,49.67,2101.18,102.81,49.78,2659.97,91.72,68.56,2368.58,109.03,108.46
VIDEO_7548437152137350422,255.1,109.23,99.31,399.96,108.26,96.67,499.12,111.44,82.58,,,,,,
VIDEO_7549089036447649046,2050.46,89.35,88.28,1993.17,90.73,91.99,1244.84,90.09,90.8,97.98,103.75,100.93,,,
VIDEO_7549175046128831766,2413.24,127.44,88.5,2167.79,129.37,85.6,,,,,,,,,
VIDEO_7549615777326877974,314.74,147.6,77.01,261.11,147.92,77.57,525.81,74.55,123.44,1136.94,101.69,106.45,148.38,115.93,73.84
VIDEO_7550598568415874326,18.87,164.41,67.24,16.8,166.63,67.63,,,,,,,,,
VIDEO_7550653411583102230,2701.89,151.7,128.34,2411.68,152.89,127.8,,,,,,,,,
VIDEO_7551795663772798211,288.47,107.09,81.76,254.66,107.33,80.48,,,,,,,,,
VIDEO_7551820830615899414,1040.8,138.02,84.67,1122.0,138.03,83.11,1717.59,148.82,73.38,794.44,155.04,44.02,330.89,134.17,95.34
VIDEO_7553173878785297720,151.97,132.15,24.01,166.38,132.02,22.71,,,,,,,,,
VIDEO_7553223847730777346,180.64,159.77,19.08,156.1,153.76,21.25,567.63,170.98,13.04,,,,,,
VIDEO_7553554500972367107,1261.68,166.35,32.98,1194.03,166.71,33.53,1247.18,167.1,33.73,376.36,156.32,55.99,1139.6,167.07,33.18
VIDEO_7553663983383858454,425.46,147.57,86.49,256.35,149.68,87.9,,,,,,,,,
VIDEO_7553924193562266902,190.96,127.03,75.27,65.81,118.58,92.51,,,,,,,,,
VIDEO_7554403190200945942,219.83,120.83,49.19,186.54,120.25,49.4,,,,,,,,,
VIDEO_7555412968511425814,244.03,163.53,37.1,391.39,156.38,53.63,388.35,158.44,52.82,402.34,159.64,46.04,,,
VIDEO_7555487310297533718,299.38,125.33,92.13,337.39,125.14,92.88,,,,,,,,,
VIDEO_7555760932794764566,1085.48,93.34,187.87,1106.75,94.46,187.73,398.4,48.24,210.44,126.64,64.57,227.12,83.06,144.8,64.09
VIDEO_7556260834817723670,249.5,144.48,24.48,250.03,141.64,28.69,,,,,,,,,
VIDEO_7556661292233379075,104.65,97.2,94.82,87.05,97.87,94.04,71.87,52.54,61.36,19.67,95.06,113.04,18.9,100.37,87.16
VIDEO_7556999098637880598,166.83,174.93,44.17,396.57,76.28,125.57,123.75,174.81,44.48,118.62,169.0,35.81,211.09,174.67,44.33
VIDEO_7557004748973559043,13.29,100.1,118.15,43.36,95.87,114.42,,,,,,,,,
VIDEO_7557014347273276694,722.02,128.6,90.54,772.7,139.44,76.32,,,,,,,,,
VIDEO_7557772009510358294,519.1,154.82,16.86,427.92,154.71,17.42,,,,,,,,,
VIDEO_7558085942557347094,80.62,192.73,13.4,63.43,193.87,13.49,,,,,,,,,
VIDEO_7559134249731853579,10.29,153.35,45.85,77.98,151.21,46.93,,,,,,,,,
VIDEO_7559557230903774486,39.28,0.33,0.0,42.79,0.38,0.0,79.31,156.61,43.9,,,,,,
VIDEO_7560707094018542870,205.97,137.81,88.23,204.31,137.32,87.93,288.09,136.09,87.46,0.0,0.0,0.0,,,
VIDEO_7561497104322022667,1320.08,64.8,44.54,1053.94,63.2,43.49,,,,,,,,,
VIDEO_7563265888623840534,247.32,90.99,59.05,133.21,120.32,48.37,39.88,33.35,85.88,,,,,,
VIDEO_7563724139240885526,119.43,47.71,176.94,128.24,12.73,36.7,2.96,9.58,78.48,5.81,16.08,87.51,9.21,8.42,38.68
VIDEO_7564069366606679318,252.78,179.48,17.89,248.06,179.81,17.37,,,,,,,,,
VIDEO_7564379905971178755,434.3,93.58,86.35,372.44,93.78,85.8,391.24,95.58,88.02,47.1,2.88,0.04,,,
VIDEO_7564461685881179414,20.32,145.12,92.73,14.16,142.83,97.06,258.29,155.82,33.32,,,,,,
VIDEO_7564663320058285334,105.66,134.94,34.9,89.17,132.78,42.3,,,,,,,,,
VIDEO_7564704328649428246,937.86,162.14,23.16,947.44,160.83,22.58,45.09,176.04,52.26,376.38,133.77,58.07,1764.58,165.28,26.38
VIDEO_7564712687565802774,2800.77,133.16,49.64,2779.38,132.67,48.08,2250.09,172.85,49.27,1718.32,141.27,50.63,2533.22,157.87,56.97
VIDEO_7565230748026899734,180.62,152.61,39.5,201.72,157.85,35.74,,,,,,,,,
VIDEO_7565890573115165974,307.52,129.25,27.64,333.04,129.12,27.91,113.53,146.53,18.53,150.4,124.53,72.37,670.85,122.27,84.25
VIDEO_7565953021411216662,2111.45,134.24,50.24,2094.31,133.83,50.36,,,,,,,,,
VIDEO_7565955844764863755,1244.21,136.62,109.05,1160.21,134.64,111.27,,,,,,,,,
VIDEO_7566270741134462230,1367.92,170.87,35.79,1392.56,172.47,32.42,718.97,147.51,70.81,555.66,152.46,48.93,779.05,144.52,77.29
VIDEO_7566297785914412310,1910.62,141.46,140.0,1795.72,141.34,139.8,1446.5,129.37,158.23,278.23,1.76,0.0,,,
VIDEO_7566313596351778070,245.88,117.97,54.02,192.4,98.01,78.55,,,,,,,,,
VIDEO_7566632651352853782,543.65,113.2,88.56,695.13,147.73,73.14,,,,,,,,,
VIDEO_7566676756199951638,576.66,107.33,152.63,708.71,106.45,150.27,,,,,,,,,
VIDEO_7566939859156290838,36.72,185.41,48.11,40.28,185.18,49.09,,,,,,,,,
VIDEO_7566941841996647702,675.76,125.7,55.77,664.84,123.68,58.87,17.48,22.58,70.63,133.03,23.81,19.23,803.97,110.79,116.0
VIDEO_7567318876392901910,152.19,91.12,109.5,217.04,115.79,94.38,,,,,,,,,
VIDEO_7567372771060124950,49.22,127.45,49.78,425.67,149.14,62.84,34.98,133.08,80.67,717.49,121.12,102.66,223.31,127.49,69.9
VIDEO_7567386738709073174,73.98,88.73,90.26,74.99,88.63,90.05,74.79,119.18,81.97,,,,,,
VIDEO_7568382003330993430,57.52,132.42,56.56,13.53,3.54,28.03,25.92,9.22,65.84,497.4,21.29,148.21,408.17,16.82,104.11
VIDEO_7568823330518748438,3891.73,150.49,50.19,3102.03,159.51,52.58,21.98,178.04,22.24,115.79,135.13,46.24,87.92,144.44,66.52
VIDEO_7568852433271590146,503.86,118.66,96.31,195.76,94.1,90.67,165.49,126.61,95.6,222.55,121.19,136.01,160.25,98.7,58.31
VIDEO_7569206708090850582,2087.2,107.32,148.29,2098.44,106.65,161.49,942.67,103.48,102.69,1390.33,84.76,124.87,3912.51,91.84,133.96
VIDEO_7569526874024512780,120.42,37.87,2.14,123.65,37.69,2.43,,,,,,,,,
VIDEO_7569927329154190614,525.53,133.12,121.38,457.46,134.09,120.79,,,,,,,,,
VIDEO_7569964600523853078,275.23,128.79,96.02,261.02,129.67,94.98,,,,,,,,,
VIDEO_7570012092829748502,65.04,134.13,144.83,69.62,131.31,140.62,,,,,,,,,
VIDEO_7570044496004533516,104.27,86.47,44.76,168.52,121.15,67.17,40.8,118.41,42.88,105.36,103.13,38.34,77.7,155.73,34.77
VIDEO_7571134268403895574,1139.81,59.39,96.04,1109.49,62.56,75.71,946.34,123.47,72.41,1115.11,153.12,38.92,898.0,163.51,27.75
VIDEO_7571821778746592534,119.51,181.32,83.76,135.2,170.03,90.22,26.9,212.55,43.24,,,,,,
VIDEO_7571893908754451734,697.13,159.12,110.39,370.78,164.97,91.44,910.52,167.85,93.88,236.68,165.46,32.18,134.78,163.03,38.14
VIDEO_7572210750937107734,476.73,120.24,93.24,427.23,117.75,85.67,334.35,97.2,151.93,348.68,62.32,72.45,406.89,80.57,77.82
VIDEO_7572210786991344918,202.17,91.97,85.3,228.82,85.66,85.45,221.95,85.1,162.0,254.07,48.77,66.76,253.85,66.1,75.94
VIDEO_7572223162520177942,734.76,108.19,49.35,631.57,110.73,47.87,515.01,115.94,51.94,1888.21,105.71,48.94,1258.14,104.01,42.05
VIDEO_7572235624627899670,2.57,87.78,115.79,5.65,162.7,28.94,3.35,140.54,84.45,3.18,151.57,58.46,9.47,114.82,75.91
VIDEO_7572598154063990038,276.46,126.36,78.29,309.4,129.84,75.36,,,,,,,,,
VIDEO_7572605667299708182,1213.1,125.59,55.87,1089.57,125.66,55.55,,,,,,,,,
VIDEO_7572922723836431638,37.47,160.99,42.25,78.03,158.81,43.3,32.51,158.21,54.08,26.58,162.1,46.99,98.71,1.99,0.44
VIDEO_7574759080368114966,579.75,144.12,40.21,607.55,144.02,40.36,838.54,133.13,54.45,535.2,146.11,42.92,434.9,149.27,33.86
VIDEO_7574767270392532246,129.09,173.98,42.0,379.85,166.4,40.34,2604.81,157.39,66.16,1212.59,185.13,45.73,373.52,163.29,49.26
VIDEO_7574884067729050902,3497.1,125.1,37.17,3496.69,125.2,37.71,589.43,120.2,69.95,129.25,143.15,33.33,,,
VIDEO_7575105754374458646,878.45,104.35,88.8,444.15,125.28,71.88,,,,,,,,,
VIDEO_7575110522522144022,635.1,145.12,30.8,612.99,151.72,28.96,475.99,123.28,42.12,93.51,135.05,65.46,117.88,166.35,33.71
VIDEO_7575167976853228822,191.39,167.95,52.85,50.2,160.55,58.66,3068.04,153.35,19.43,7572.49,150.24,22.08,1572.96,166.62,23.32
VIDEO_7575170897451945238,485.28,141.95,76.81,435.55,135.97,79.27,,,,,,,,,
VIDEO_7575831202117045526,49.34,98.16,111.95,31.91,113.94,69.0,32.16,159.67,56.98,18.8,190.58,21.49,18.11,105.4,134.28
VIDEO_7575902535349816588,267.87,148.49,87.51,316.73,163.97,64.32,296.21,179.54,58.88,0.0,1.0,0.26,,,
VIDEO_7576309328584592643,72.48,167.61,36.47,48.54,161.76,38.57,,,,,,,,,
VIDEO_7576319921030827286,215.16,130.93,68.67,218.57,132.49,69.41,,,,,,,,,
VIDEO_7577087400501857592,196.81,159.02,47.35,137.81,162.02,43.13,82.2,159.19,25.5,1572.08,110.8,41.16,17.88,156.82,28.21
VIDEO_7577088828171734294,264.56,145.62,45.39,319.5,147.84,46.86,,,,,,,,,
VIDEO_7577096797580053782,704.97,150.76,76.49,696.35,161.91,73.54,,,,,,,,,
VIDEO_7577374333048196374,778.65,113.0,163.75,784.66,113.04,164.12,,,,,,,,,
VIDEO_7577768828214512918,2331.79,121.62,112.55,2695.78,114.05,114.13,3023.58,100.75,129.07,197.79,2.94,32.11,,,
VIDEO_7577797962017918230,287.58,140.96,94.03,285.32,139.95,93.41,,,,,,,,,
VIDEO_7578151818585328918,717.52,130.52,75.69,751.92,129.17,76.46,377.97,156.56,26.91,468.36,145.79,77.74,407.24,148.67,39.8
VIDEO_7578256886286322966,1199.49,160.11,69.54,1080.25,157.42,70.97,1242.05,111.74,107.86,775.9,106.14,89.1,1413.06,96.34,96.06
VIDEO_7578641094464867595,43.82,188.37,42.82,45.52,190.59,41.68,148.81,176.36,50.34,163.37,2.63,0.53,,,
VIDEO_7578925701114481942,271.97,159.06,63.56,266.15,159.29,63.62,,,,,,,,,
VIDEO_7579238923172547842,816.72,161.53,28.95,753.99,161.78,28.19,,,,,,,,,
VIDEO_7579287270092459286,573.65,116.44,52.53,603.5,115.4,52.91,,,,,,,,,
VIDEO_7579293926796922134,119.52,117.75,84.04,119.27,117.51,83.41,101.7,115.3,82.7,4.66,101.23,98.62,74.42,101.68,91.57
VIDEO_7579299127637363990,208.66,166.97,49.31,82.89,179.59,37.51,135.87,174.08,46.63,,,,,,
VIDEO_7579578853308337430,1034.97,121.47,131.68,366.84,130.77,86.97,428.95,118.03,156.22,355.15,157.86,97.17,371.66,155.16,60.09
VIDEO_7580000663845850390,380.58,177.14,55.95,315.52,154.91,56.09,,,,,,,,,
VIDEO_7580037763580415244,249.57,157.62,64.98,217.18,142.43,75.12,202.01,126.58,81.89,83.74,122.12,91.63,,,
VIDEO_7580065942730738966,1522.01,118.05,98.58,1344.61,120.57,104.21,1419.48,117.28,110.18,738.54,146.71,51.92,1512.27,126.39,83.04
VIDEO_7580305629634399510,267.09,133.71,47.57,247.65,111.28,51.71,493.5,94.45,51.21,,,,,,
VIDEO_7580401530428394775,859.58,133.68,38.72,705.79,131.45,42.76,599.08,121.66,55.27,580.57,129.08,52.87,,,
VIDEO_7581205344420924694,141.57,141.95,36.0,158.67,147.59,29.88,,,,,,,,,
VIDEO_7581507576219618582,837.31,121.48,81.1,797.78,119.67,81.56,,,,,,,,,
VIDEO_7581822570454879510,94.31,37.41,183.1,181.85,44.34,187.85,,,,,,,,,
VIDEO_7582254546236230934,512.3,65.81,9.73,839.5,164.26,48.65,524.03,132.93,65.51,,,,,,
VIDEO_7582501864428604694,137.31,65.21,83.27,156.86,65.78,83.14,,,,,,,,,
VIDEO_7582631962330893570,1291.74,126.94,86.12,991.32,128.14,82.75,844.3,125.48,88.28,266.75,82.63,139.55,,,
VIDEO_7582921759985356054,603.22,91.93,91.07,543.07,93.06,97.39,,,,,,,,,
VIDEO_7582952363116268812,339.08,128.99,80.27,347.92,135.08,75.84,,,,,,,,,
VIDEO_7583420207629225238,407.98,108.3,80.64,461.09,108.32,82.48,,,,,,,,,
VIDEO_7583720650200730902,408.5,125.72,113.98,402.87,123.37,114.21,341.79,117.09,113.64,65.38,127.68,103.21,174.66,113.74,91.98
VIDEO_7584105481719844118,509.99,168.54,58.44,517.39,170.59,56.59,,,,,,,,,
VIDEO_7584519298459176214,542.96,88.57,108.77,555.3,90.02,106.73,313.84,76.04,85.14,282.14,70.34,92.48,,,
VIDEO_7584845578429828375,2213.88,149.96,47.77,1817.32,146.94,47.1,,,,,,,,,
VIDEO_7584927758497697035,333.67,169.7,58.84,294.11,169.7,58.59,824.13,173.0,46.63,752.46,130.91,110.52,194.09,160.66,60.34
VIDEO_7586610643130764566,135.51,109.24,99.14,154.69,108.72,100.09,,,,,,,,,
VIDEO_7586630099286510870,15.33,162.51,40.73,16.55,159.6,40.91,16.51,156.69,41.15,181.69,154.23,60.14,,,
VIDEO_7586689516153343288,1063.11,134.62,48.86,1336.04,131.97,52.89,721.56,119.37,52.88,332.16,1.2,0.5,,,
VIDEO_7587070120556580118,64.22,58.16,110.14,76.23,49.66,128.32,,,,,,,,,
VIDEO_7587134900852100374,91.8,6.79,105.36,97.01,7.27,97.82,56.62,105.62,67.63,,,,,,
VIDEO_7587308013363449121,653.54,43.62,122.36,657.65,44.7,121.95,,,,,,,,,
VIDEO_7587402623129636118,948.39,134.18,43.15,531.88,138.86,52.17,845.03,139.19,47.06,,,,,,
VIDEO_7587440240327937302,742.55,152.68,29.66,468.21,156.74,34.88,1147.87,144.58,68.67,1465.28,155.62,49.91,,,
VIDEO_7587442936376233238,337.54,162.69,56.11,338.26,163.2,56.4,338.73,163.54,56.52,238.09,142.57,97.2,,,
VIDEO_7587478416618736918,31.05,172.77,46.21,15.11,172.37,46.1,35.7,136.37,71.14,8.28,158.72,56.9,15.81,163.15,46.38
VIDEO_7587702184708558102,991.91,151.58,84.38,837.97,150.01,82.81,,,,,,,,,
VIDEO_7587833111010954518,714.45,139.3,93.52,725.63,132.54,98.76,,,,,,,,,
VIDEO_7589754729350155542,617.38,95.07,143.83,698.2,93.67,145.08,176.76,58.33,157.29,225.7,64.18,156.58,750.77,60.02,132.96
VIDEO_7590184087122660630,125.01,15.21,81.56,128.59,14.94,71.03,246.04,46.76,111.78,,,,,,
VIDEO_7590299923803884803,800.98,143.04,87.36,682.91,142.2,87.38,,,,,,,,,
VIDEO_7590718903144287510,66.94,117.35,68.29,74.89,56.81,96.11,86.17,51.14,104.63,59.64,62.43,90.28,83.65,63.73,89.14
VIDEO_7591860205567151382,106.25,90.34,176.31,104.17,93.34,172.14,,,,,,,,,
VIDEO_7591891163175554326,176.8,136.89,67.38,240.72,140.26,54.27,,,,,,,,,
VIDEO_7592263862284586263,3884.06,117.66,75.85,4448.17,117.63,77.69,2667.05,114.68,79.98,3692.53,119.85,76.33,,,
VIDEO_7592281951206133014,751.11,108.88,142.35,890.86,108.31,140.58,888.46,78.62,167.36,,,,,,
VIDEO_7593041331174362390,1.91,125.44,79.71,2.48,125.48,79.87,2.34,125.55,79.86,236.16,132.24,32.04,1.93,123.14,62.81
VIDEO_7593403675297467651,332.13,154.28,47.74,299.96,158.76,43.17,,,,,,,,,
VIDEO_7593661214027156758,203.83,133.3,115.34,212.05,133.22,114.78,58.86,0.64,0.0,,,,,,
VIDEO_7593664206210157827,24.89,151.61,44.14,14.15,151.2,44.64,24.58,154.38,48.6,0.0,0.0,0.57,,,
VIDEO_7593673061476420920,49.24,139.53,62.81,49.64,142.53,62.09,82.27,151.44,49.1,793.21,125.25,67.25,1022.43,151.83,61.09
VIDEO_7593727684606168342,577.9,156.59,12.1,601.36,155.57,11.97,619.77,156.36,10.96,0.0,0.0,0.0,,,
VIDEO_7593820955810598156,78.98,125.01,63.27,19.5,143.77,56.06,350.8,98.55,83.04,114.62,118.54,68.25,68.34,140.16,73.23
VIDEO_7594160012247797014,365.19,127.58,61.65,348.92,132.43,46.96,,,,,,,,,
VIDEO_7594911702613773590,125.71,133.59,53.14,86.63,135.91,45.16,,,,,,,,,
VIDEO_7595900789546044684,365.09,124.21,105.81,380.15,122.59,123.07,404.99,120.56,126.61,209.53,125.87,101.26,24.7,156.92,54.51
VIDEO_7595972634450431254,40.05,111.9,113.03,37.56,111.58,97.88,,,,,,,,,
VIDEO_7596412614402460950,179.94,152.85,55.57,166.23,150.53,55.3,190.79,150.16,54.39,86.81,152.7,68.91,15.81,96.3,64.44
VIDEO_7596993704146046230,23.92,106.16,88.12,26.28,106.01,98.25,,,,,,,,,
VIDEO_7597116010528902422,36.95,159.15,73.66,49.86,158.54,73.07,,,,,,,,,
VIDEO_7597370054556011798,62.59,68.43,96.86,64.82,79.98,77.05,,,,,,,,,
VIDEO_7597422827196763414,22.18,136.42,55.93,16.0,146.86,49.77,,,,,,,,,
VIDEO_7597437745258073400,137.9,155.38,75.17,101.17,156.12,73.3,94.37,157.06,74.25,400.76,129.2,54.54,566.42,131.98,58.74
VIDEO_7598574537407548694,104.85,138.88,48.04,71.95,143.15,50.24,66.1,152.39,38.37,44.41,133.74,67.26,,,
VIDEO_7598953535165959426,270.72,163.84,60.7,167.04,178.5,53.13,,,,,,,,,
VIDEO_7601164093910715670,58.43,116.03,126.79,24.9,111.91,156.26,,,,,,,,,
VIDEO_7602656035161050390,139.67,141.06,67.62,127.53,146.41,58.84,,,,,,,,,
VIDEO_7602968538319539478,278.47,176.79,41.62,259.65,171.74,47.83,264.1,168.41,46.17,102.18,157.5,51.47,,,
VIDEO_7603273994216738070,185.44,170.13,29.07,227.72,144.43,57.03,164.06,25.4,141.26,195.34,42.31,194.63,73.54,129.83,126.33
VIDEO_7603412461068291350,339.37,127.73,41.2,325.18,121.31,37.46,380.01,124.58,39.29,27.98,126.26,49.69,,,
VIDEO_7603743614157458710,707.62,131.5,60.45,657.6,131.41,60.15,,,,,,,,,
VIDEO_7604101089775865110,63.49,124.52,29.21,109.28,103.66,46.63,87.18,97.43,48.18,140.78,83.7,85.62,94.66,68.36,85.0
VIDEO_7604808799404264726,1360.27,107.66,172.14,1403.76,106.49,169.08,943.73,106.14,174.02,1529.75,118.49,115.21,2913.45,107.8,130.91
VIDEO_7604886753471761686,1369.99,166.4,44.75,1348.55,166.95,44.25,,,,,,,,,
VIDEO_7605520662588902678,311.59,150.03,84.14,275.12,154.87,78.47,,,,,,,,,
VIDEO_7605548189332016406,434.25,171.34,49.25,327.91,173.83,48.31,,,,,,,,,
VIDEO_7606001119243881750,112.55,139.02,125.71,123.3,138.03,124.74,192.43,136.87,127.2,19.49,146.64,122.34,,,
VIDEO_7606360801234013462,622.42,137.87,134.82,599.18,134.57,136.81,,,,,,,,,
VIDEO_7606743080678591766,642.1,138.64,85.52,621.97,138.29,85.64,,,,,,,,,
