video_id,att_mean_saliency,att_max_saliency,att_min_saliency,att_skewness,att_kurtosis,att_hook_score,att_outro_score,att_peak_location,att_high_attention_ratio,att_attention_instability
7602656035161050390,22.857784271240234,26.36669540405273,20.1052360534668,0.1238836795091629,-0.3303573131561279,24.36712455749512,22.502944946289062,0.1428571428571428,1.0,1.0146688222885132
7590718903144287510,18.02370834350586,20.54388427734375,15.062448501586914,-0.2213652580976486,-0.7628598213195801,18.65332221984864,20.1091365814209,0.9629629629629628,1.0,1.1093246936798096
7571821778746592534,16.91676902770996,19.434734344482425,12.80805206298828,-0.8955609202384949,-0.0959227085113525,12.87756633758545,16.23154640197754,0.7857142857142857,0.8571428571428571,0.7263050675392151
7569927329154190614,20.543476104736328,22.14917182922364,18.173629760742188,-0.8532181978225708,-0.3353281021118164,20.70741271972656,19.44841957092285,0.0,1.0,0.9837365746498108
7566270741134462230,17.05019187927246,19.87961769104004,12.307085037231444,-0.700854480266571,-0.5789201259613037,17.201696395874023,18.65658569335937,0.8333333333333334,0.8333333333333334,1.2378828525543213
7536170254989315350,17.32187271118164,20.0627384185791,14.50926685333252,0.1040534451603889,-0.0577223300933837,16.328506469726562,18.73539161682129,0.24,1.0,0.6382431983947754
7520640970199698710,16.580793380737305,19.621137619018555,13.96524429321289,-0.3138317167758941,-1.3491002321243286,13.982505798339844,16.596891403198242,0.6956521739130435,1.0,0.6032589077949524
7496799936558796054,16.66468620300293,22.66153335571289,12.841455459594728,0.4176310896873474,-0.2837593555450439,16.581003189086914,17.066987991333008,0.7,0.9333333333333332,1.3471357822418213
7487960173529582870,18.66111183166504,22.823944091796875,16.211383819580078,0.7732938528060913,0.4172232151031494,17.717275619506836,19.81703758239746,0.8235294117647058,1.0,1.9822466373443604
7478712216724802838,17.1231632232666,23.50490379333496,13.94963836669922,1.2254998683929443,1.246891975402832,16.66126823425293,23.108413696289062,0.9333333333333332,1.0,1.3435957431793213
7470850262840691990,11.841418266296388,16.239940643310547,9.098770141601562,0.6268903613090515,-0.7587137222290039,15.721295356750488,9.217171669006348,0.0526315789473684,0.2105263157894736,0.4776087999343872
7424512450856357153,17.373939514160156,20.90850830078125,11.048795700073242,-0.5558868050575256,-1.408355474472046,20.102155685424805,13.28164291381836,0.7647058823529411,0.8823529411764706,1.8851178884506223
7416286728513735968,18.941631317138672,21.725000381469727,16.57633399963379,0.3127076625823974,-1.592536449432373,17.597551345825195,21.29277801513672,0.9285714285714286,1.0,0.6220421195030212
7374727208394411297,16.12214469909668,18.03485679626465,14.210777282714844,0.011302120052278,-1.0821012258529663,15.370951652526855,16.63468360900879,0.6842105263157895,1.0,0.6455152034759521
7361057454454508833,19.550800323486328,20.892915725708008,17.686317443847656,-0.2273505181074142,-0.8682866096496582,19.334714889526367,20.20901298522949,0.5454545454545454,1.0,0.5625618696212769
7343975400122354977,19.47592544555664,19.88377952575684,19.21416473388672,0.4630188941955566,-0.9150259494781494,19.33866310119629,19.284469604492188,0.2857142857142857,1.0,0.1165708526968956
7322847358646078752,18.027719497680664,22.204872131347656,15.740558624267578,1.6149312257766724,1.75974702835083,17.412336349487305,17.212383270263672,0.25,1.0,1.1147509813308716
7311689753676533024,19.9898681640625,21.14352226257324,18.24004554748535,-0.3750175833702087,-0.8537988662719727,20.28104019165039,19.58372688293457,0.3333333333333333,1.0,0.8133492469787598
7307595143559859488,18.881446838378903,21.76282119750977,15.07880973815918,-0.1820594817399978,0.1639699935913086,16.79596710205078,18.28041648864746,0.6666666666666666,1.0,1.6134185791015625
7298756408994991393,19.584442138671875,22.37446403503418,16.89136505126953,-0.0356953963637352,-1.3916398286819458,18.14087104797364,17.200124740600586,0.8,1.0,1.4058068990707395
7272755309658098976,17.569856643676758,21.768028259277344,11.040849685668944,-0.5259894132614136,-0.4133808612823486,18.204137802124023,15.1060209274292,0.3793103448275862,0.9310344827586208,1.5732195377349854
7226766521719213338,18.02863311767578,19.28680419921875,15.600241661071776,-0.9942699074745178,0.2990918159484863,17.093870162963867,17.957300186157227,0.5625,1.0,1.111246943473816
7224139299594194203,18.193925857543945,19.96134185791016,16.291732788085938,0.1221959665417671,-1.4604264497756958,19.8237533569336,16.97028160095215,0.0357142857142857,1.0,0.2732026278972626
7208566584535764250,19.273435592651367,21.697227478027344,16.739587783813477,-0.3506772816181183,-0.1308860778808593,19.24803352355957,18.33189582824707,0.5416666666666666,1.0,1.1014803647994995
7205976379370851589,18.6916561126709,24.199817657470703,14.885787963867188,0.6136180758476257,-0.9235076904296876,16.514806747436523,16.012052536010742,0.1578947368421052,1.0,1.2660681009292605
7177404002508803334,17.751956939697266,20.64760971069336,16.098751068115234,0.8592273592948914,0.1912782192230224,17.206941604614258,19.228559494018555,0.8333333333333334,1.0,0.9518282413482666
7164792237543394566,18.523664474487305,24.66347885131836,17.340227127075195,2.513740062713623,5.15117073059082,20.92320442199707,17.791397094726562,0.0,1.0,0.9201779365539552
7162183685423385862,19.57643699645996,22.29434967041016,17.836719512939453,0.6545523405075073,-0.3573691844940185,19.80760383605957,18.02188301086425,0.6666666666666666,1.0,0.6423325538635254
7153997940774882565,17.880651473999023,21.94131660461425,16.345651626586914,0.8085613250732422,-0.247028112411499,19.002286911010746,16.668275833129883,0.2857142857142857,1.0,0.8949748873710632
7143619564775968006,18.91865921020508,20.65229034423828,17.61666488647461,0.592096745967865,-0.8814713954925537,18.94686889648437,19.77218437194824,0.8,1.0,1.0078680515289309
7138043316087606533,15.291483879089355,18.454877853393555,11.334941864013672,-0.1916074156761169,-1.225980281829834,18.053466796875,15.932328224182127,0.1379310344827586,0.8275862068965517,0.8590925335884094
7114705253899029765,16.35059356689453,18.44457626342773,13.871322631835938,-0.2761483192443847,-0.5247433185577393,16.297636032104492,17.761146545410156,0.8,1.0,0.6681749820709229
7107270367303044358,16.69021987915039,20.13200759887696,14.192205429077148,0.5947912931442261,-0.6019375324249268,14.517096519470217,19.654916763305664,0.9615384615384616,1.0,1.3121514320373535
7101685930276293894,18.578310012817383,19.838253021240234,14.728714942932127,-1.58976411819458,2.386474609375,19.68073272705078,18.75351905822754,0.6666666666666666,1.0,1.2922428846359253
7096121724990655749,18.80752182006836,21.86593437194824,14.876510620117188,-0.3334583640098572,-0.7663679122924805,17.580690383911133,21.42778778076172,0.9047619047619048,1.0,1.07645583152771
7079814734664436998,19.864133834838867,21.73212242126465,16.872417449951172,-0.8856410384178162,0.2995309829711914,20.206764221191406,18.74432182312012,0.6451612903225806,1.0,0.8887749314308167
7071272731286834437,19.91693878173828,20.4625301361084,19.43140983581543,0.4317787885665893,-0.75830078125,19.673757553100582,19.83393096923828,0.4,1.0,0.1984052658081054
7067569943449046278,19.957151412963867,23.96368408203125,14.795270919799805,-0.2073493301868438,-1.2763248682022097,23.59952735900879,17.593244552612305,0.0476190476190476,1.0,0.97053062915802
7063121025394855173,19.22154998779297,21.50379180908203,14.394969940185549,-0.7466669082641602,-0.346311092376709,20.095983505249023,18.41263008117676,0.0526315789473684,1.0,2.1103265285491943
7023313220278553862,17.709091186523438,20.809206008911133,16.270706176757812,1.6132683753967283,2.8767523765563965,17.254318237304688,18.16801071166992,0.3928571428571428,1.0,0.6501303911209106
7019559155425955077,17.531225204467773,20.16334724426269,15.794717788696287,0.3543851971626282,0.2093679904937744,17.21074104309082,17.969511032104492,0.5862068965517241,1.0,0.7128202319145203
6958797242429934854,16.284454345703125,19.275558471679688,13.199090957641602,-0.1658301502466201,-0.921241044998169,15.810100555419922,17.67546272277832,0.2916666666666667,1.0,0.9880200028419496
6940653001791130885,20.53603172302246,25.71798324584961,16.32405662536621,0.1034333556890487,-1.140887975692749,17.914899826049805,19.5445499420166,0.6666666666666666,1.0,0.9307314157485962
6927911225066130693,19.839576721191406,20.440807342529297,19.16600608825684,-0.0454408302903175,-1.1912627220153809,19.72371864318848,19.30983161926269,0.6111111111111112,1.0,0.3203592896461487
6896446483080482050,18.48777961730957,21.325254440307617,14.341227531433104,-0.6285104155540466,-0.2599706649780273,15.227554321289062,19.74323272705078,0.3333333333333333,1.0,1.07521390914917
6893888228848389377,17.58124542236328,20.41401481628418,12.27077293395996,-1.6626145839691162,2.3108057975769043,14.326461791992188,17.52213478088379,0.3333333333333333,0.8888888888888888,1.011993408203125
6891645296233794817,18.124818801879883,20.09830474853516,14.693318367004396,-0.7033325433731079,-0.6474850177764893,18.54984474182129,17.326881408691406,0.45,1.0,1.1842775344848633
6883561429727726850,18.859025955200195,19.349285125732425,18.10787010192871,-0.5538421869277954,-0.6254324913024902,19.07647132873535,18.93182182312012,0.6111111111111112,1.0,0.4328124225139618
6876362124260691202,19.151723861694336,22.643123626708984,14.919231414794922,-0.1919481605291366,-0.8598616123199463,18.44997978210449,17.082292556762695,0.32,1.0,0.9361712336540222
6874890977631390978,18.78738021850586,21.65790557861328,16.08882713317871,-0.0385325439274311,-0.2165262699127197,19.50776100158692,17.635663986206055,0.2,1.0,0.5771734118461609
6855731886438763781,19.016521453857425,21.49912643432617,16.501514434814453,0.0103860003873705,-1.1888848543167114,21.32497215270996,16.79008674621582,0.0,1.0,0.7756474018096924
6852640471013920006,17.912683486938477,20.614545822143555,14.18337059020996,-0.9509487748146056,0.9380030632019044,17.827680587768555,18.06187438964844,0.4761904761904761,1.0,1.3609213829040527
6847902541095668997,18.865079879760746,21.920883178710938,16.552515029907227,0.3275072574615478,0.1393494606018066,18.973169326782227,18.048688888549805,0.25,1.0,0.7963723540306091
6802558843114114310,21.851327896118164,22.85195541381836,19.679174423217773,-1.1678569316864014,1.2487435340881348,21.838600158691406,21.41472625732422,0.4761904761904761,1.0,0.6353073120117188
7603743614157458710,17.847932815551758,19.736974716186523,16.828014373779297,0.7484021186828613,-0.5975701808929443,17.10463523864746,18.901674270629883,0.6,1.0,0.9235586524009703
7595972634450431254,17.010723114013672,17.643680572509766,16.474254608154297,-0.0306968297809362,-0.8289783000946045,16.6997127532959,17.199647903442383,0.2631578947368421,1.0,0.2820384800434112
7587402623129636118,19.38810920715332,20.67399978637696,16.785888671875,-1.7664037942886353,2.962523937225342,18.181400299072266,19.347496032714844,0.0909090909090909,1.0,0.5087931752204895
7587440240327937302,17.54595184326172,21.00891876220703,14.077589988708496,0.0134280510246753,-0.4561710357666015,16.916223526000977,16.79139518737793,0.2222222222222222,1.0,1.2239199876785278
7584845578429828375,20.60504150390625,22.919546127319336,18.575828552246094,0.1860871016979217,-0.7551310062408447,18.91707801818848,20.330610275268555,0.7857142857142857,1.0,0.7522764801979065
7581822570454879510,18.32439613342285,19.99934959411621,15.381190299987791,-1.042798638343811,0.6639742851257324,16.193143844604492,18.26091766357422,0.4761904761904761,1.0,0.5326961278915405
7579299127637363990,18.95301628112793,21.99005126953125,14.953792572021484,-0.3679862022399902,-1.284880518913269,18.138071060180664,18.198266983032227,0.6666666666666666,1.0,1.81944739818573
7580305629634399510,17.310420989990234,20.68457221984864,14.032821655273438,0.2353261560201645,0.0154662132263183,15.891871452331545,19.11293029785156,0.8,1.0,1.507102608680725
7578925701114481942,16.688426971435547,18.79214668273925,15.334725379943848,0.4101656973361969,-1.7327057123184204,15.540497779846191,18.68768310546875,0.9411764705882352,1.0,0.2577722072601318
7577797962017918230,13.30475616455078,13.94633674621582,12.674498558044434,0.1133164092898368,-0.6549828052520752,13.115139961242676,13.031262397766112,0.15,0.8,0.3673861622810364
7576309328584592643,17.984790802001953,19.697853088378903,16.432771682739258,-0.0433689206838607,-0.4941067695617676,18.03361701965332,17.97163200378418,0.5,1.0,1.0382325649261477
7575167976853228822,16.39642906188965,20.67155265808105,14.307899475097656,1.1118388175964355,-0.1746997833251953,15.783793449401855,20.510704040527344,0.8235294117647058,1.0,1.0491968393325806
7574884067729050902,17.6866512298584,21.872703552246094,13.10408878326416,0.4117626547813415,-0.6452229022979736,21.79470634460449,15.837112426757812,0.1111111111111111,1.0,1.4255789518356323
7572598154063990038,17.360668182373047,23.00344467163086,14.25204849243164,0.7071999907493591,-0.2455666065216064,21.38909912109375,15.1699800491333,0.0,1.0,1.9330397844314573
7567386738709073174,17.370197296142578,18.53302764892578,16.612354278564453,0.3470324575901031,-1.0395262241363523,16.70960807800293,17.757774353027344,0.5,1.0,0.2692288756370544
7566939859156290838,16.45013999938965,19.769744873046875,13.889053344726562,0.2596704065799713,-1.6549911499023438,19.69927024841309,13.920964241027832,0.0526315789473684,1.0,0.3456441164016723
7565890573115165974,17.316972732543945,19.832176208496094,13.62814712524414,0.0726291090250015,-0.3336074352264404,16.994720458984375,16.847488403320312,0.8620689655172413,1.0,0.9831730127334596
7563265888623840534,16.18140411376953,20.43541145324707,11.938210487365724,-0.260989636182785,-0.7292590141296387,15.981681823730469,16.080007553100586,0.7058823529411765,0.8823529411764706,2.5276150703430176
7556999098637880598,17.117534637451172,19.019365310668945,11.75631618499756,-1.81817638874054,2.8682098388671875,17.790258407592773,17.03723907470703,0.64,0.92,1.3828344345092771
7551795663772798211,16.370025634765625,18.06892967224121,15.743706703186035,1.4125386476516724,0.5516932010650635,15.946975708007812,16.000585556030273,0.3571428571428571,1.0,0.4486538171768188
7549089036447649046,17.896194458007812,20.237302780151367,16.371484756469727,0.6896326541900635,-0.6499097347259521,18.079383850097656,19.514892578125,0.9411764705882352,1.0,0.662627100944519
7547744113433627926,19.90215110778809,23.44732666015625,11.63971996307373,-1.0493731498718262,0.3560085296630859,20.360816955566406,13.62207317352295,0.25,0.95,1.3348101377487185
7542538735116684566,15.966920852661133,19.05976676940918,11.611817359924316,-0.6109247207641602,-0.3042781352996826,13.827381134033203,17.48429298400879,0.9285714285714286,0.8928571428571429,1.5768232345581057
7541326779697564930,18.417051315307617,20.368968963623047,16.750093460083008,0.1605795919895172,-1.023807168006897,18.38761711120605,19.513315200805664,0.8333333333333334,1.0,0.6950942873954773
7539973950877584662,18.81049919128418,20.033906936645508,17.31070327758789,-0.078119158744812,-1.278660774230957,19.07256507873535,18.4594783782959,0.6,1.0,1.2912276983261108
7535846854743821590,17.413076400756836,18.867721557617188,14.881976127624512,-0.5699442625045776,-1.1479926109313965,18.59000396728516,16.836477279663086,0.1333333333333333,1.0,0.3681223094463348
7535846685101149462,17.029804229736328,19.27350425720215,13.658618927001951,-0.5096384286880493,-0.3517420291900635,17.537935256958008,15.657835960388184,0.3478260869565217,1.0,1.2573084831237793
7535846060476976406,17.489133834838867,20.780494689941406,15.299635887145996,0.351312905550003,-1.2784894704818726,16.42112922668457,16.165761947631836,0.64,1.0,0.6711366176605225
7535476048444558614,15.413366317749023,20.56790351867676,11.342206001281738,0.1914716213941574,-1.099667191505432,17.233903884887695,11.3482084274292,0.2941176470588235,0.7647058823529411,1.629098653793335
7535123405562006806,17.880367279052734,20.261938095092773,15.86296844482422,0.2373329550027847,-0.9487879276275636,16.109363555908203,19.759077072143555,0.8461538461538461,1.0,0.4082784652709961
7533124404062981398,15.625157356262209,21.14142417907715,12.026585578918455,0.3171786069869995,-1.7002954483032229,20.31299591064453,12.703207969665527,0.0555555555555555,0.6111111111111112,1.0730193853378296
7532382235463339286,14.61585807800293,18.923995971679688,10.363706588745115,0.0291024502366781,-0.8473038673400879,15.352185249328612,12.212992668151855,0.1724137931034483,0.7241379310344828,1.1218584775924685
7528433357093358870,13.73336410522461,21.45369338989257,8.605572700500488,0.1336326897144317,-0.8260173797607422,17.977506637573242,16.470905303955078,0.12,0.64,1.4236751794815063
7510479503592901910,16.862804412841797,19.374113082885746,12.109648704528809,-1.9575079679489136,5.29383659362793,17.102266311645508,17.857131958007812,0.7,0.9333333333333332,1.3083500862121582
7509512878026788118,16.797983169555664,18.64130592346192,13.96039581298828,-0.6617124080657959,-0.7922723293304443,17.70429229736328,16.661367416381836,0.5416666666666666,1.0,0.9220637679100036
7504668782045039894,18.074268341064453,19.67619705200196,16.357534408569336,0.1017675697803497,-1.1954151391983032,16.848520278930664,19.50065803527832,0.9230769230769232,1.0,0.4368630945682525
7495322095065238806,17.87596321105957,20.13427352905273,13.979562759399414,-0.5669354200363159,0.1476120948791504,17.790552139282227,17.262039184570312,0.2142857142857142,1.0,1.1245206594467163
7494238893546474774,11.819501876831056,14.28845500946045,10.041703224182127,0.1736540645360946,-1.0370523929595947,12.350239753723145,10.1925687789917,0.48,0.16,0.5933805704116821
7490222588883422486,19.03656768798828,22.54480743408203,15.218412399291992,-0.0220844559371471,-1.0758447647094729,18.104137420654297,19.93070411682129,0.6470588235294118,1.0,1.2103116512298584
7488220279244623126,16.90642738342285,18.28373146057129,12.529688835144045,-1.5371795892715454,1.389615535736084,17.926603317260742,16.536935806274414,0.9230769230769232,0.9230769230769232,1.3493385314941406
7486138878026321174,19.228923797607425,23.32643318176269,14.0349760055542,-0.5736566185951233,-1.0198315382003784,16.39982795715332,18.281457901000977,0.8571428571428571,1.0,1.153082013130188
7483898615803612418,18.410255432128903,21.434221267700195,14.061946868896484,-1.034756779670715,2.720116138458252,19.97475242614746,18.42664909362793,0.0,1.0,1.171650528907776
7480918194438278422,18.457408905029297,20.2408447265625,14.612557411193848,-1.178857445716858,0.8431835174560547,18.28870964050293,18.68216133117676,0.2727272727272727,1.0,1.0169103145599363
7480563839319264534,18.07402801513672,20.8921012878418,16.651689529418945,0.6574808359146118,-0.5058491230010986,17.68839454650879,16.731422424316406,0.3333333333333333,1.0,0.7677754759788513
7471286673494527254,17.657407760620117,20.02394676208496,14.29437255859375,-0.5523045063018799,0.0579526424407959,16.702022552490234,17.57844352722168,0.7142857142857143,1.0,0.932256281375885
7470532387223407904,18.94286155700684,22.999971389770508,14.762102127075195,-0.1533398330211639,-0.7778916358947754,17.97895622253418,20.46980857849121,0.4583333333333333,1.0,2.2911393642425537
7468709057516326177,18.64669609069824,21.04442977905273,15.088293075561523,-0.7092151045799255,-0.27001953125,19.612943649291992,18.74658203125,0.3,1.0,1.7870888710021973
7468323433714126112,16.694612503051758,21.3754997253418,14.38132095336914,1.022400975227356,0.5160942077636719,19.87679481506348,16.060705184936523,0.037037037037037,1.0,0.9467607736587524
7466109584952855840,16.908660888671875,19.014497756958008,15.34479522705078,0.5274155735969543,-0.7352218627929688,16.37814712524414,18.02729606628418,0.9375,1.0,0.7220367193222046
7463198577188146464,17.979555130004883,22.9871826171875,13.390170097351074,-0.0038096369244158,-0.5910077095031738,19.67551612854004,18.154050827026367,0.6,1.0,1.8492536544799805
7458328611213298976,16.772008895874023,20.9592227935791,10.898550033569336,-0.334860235452652,-1.514877438545227,18.54974365234375,19.227569580078125,0.76,0.84,1.3263360261917114
7451579890048027937,17.455442428588867,21.68804359436035,13.957953453063965,0.5886883735656738,-1.1023939847946167,17.352262496948242,15.07182788848877,0.3684210526315789,1.0,0.9049277901649476
7443846446362774817,18.544578552246094,22.36091423034668,15.623510360717772,-0.0814470052719116,-0.2995927333831787,18.964841842651367,17.7940731048584,0.4,1.0,1.6177730560302734
7436439641298865441,18.760766983032227,20.827091217041016,16.530332565307617,-0.1189489886164665,-1.147763729095459,16.818496704101562,18.98466682434082,0.4210526315789473,1.0,0.889423131942749
7423318018853178657,19.01431465148925,21.70646476745605,16.69929313659668,0.2219505757093429,-1.3514714241027832,17.712427139282227,21.08267402648925,0.8333333333333334,1.0,0.324699729681015
7414073681992895776,17.827045440673828,20.27166557312012,15.77020263671875,0.228543609380722,0.0748968124389648,17.0377140045166,16.735742568969727,0.391304347826087,1.0,0.8100450038909912
7397062762150513952,17.978946685791016,20.885761260986328,14.959436416625977,-0.124866746366024,0.5457203388214111,18.27486228942871,18.977764129638672,0.4782608695652174,1.0,1.2692629098892212
7395189160081935649,16.940723419189453,18.629728317260746,16.279544830322266,1.326838135719299,0.4039440155029297,16.438634872436523,18.360010147094727,0.9655172413793104,1.0,0.1574525088071823
7350221322317761825,15.969799995422363,18.389753341674805,13.960941314697266,0.3617796301841736,-1.0455076694488523,15.081226348876951,17.02081298828125,0.8823529411764706,1.0,1.152190923690796
7343530174526377249,19.7794246673584,23.212831497192383,16.155803680419922,-0.2350387275218963,-0.539067268371582,21.200777053833008,18.569948196411133,0.1034482758620689,1.0,1.927595138549805
7336238126651706656,17.148393630981445,22.02397918701172,13.454649925231934,0.2691619098186493,-1.1055279970169067,14.555190086364746,16.453767776489258,0.6818181818181818,1.0,1.812340497970581
7329933240775527713,18.67708778381348,24.949581146240234,13.929726600646973,0.538841724395752,-0.4874420166015625,17.932584762573242,15.186237335205078,0.2857142857142857,1.0,1.6081585884094238
7329526946751089953,21.38861083984375,23.298259735107425,19.83861351013184,0.3043614029884338,0.4802124500274658,21.016401290893555,21.38096618652344,0.1153846153846153,1.0,0.7607883214950562
7316851921288006944,16.857006072998047,24.15843391418457,8.902289390563965,-0.4175878167152405,-0.0810108184814453,9.021570205688477,16.463151931762695,0.4285714285714285,0.8571428571428571,1.146608591079712
7300927450463194400,15.174543380737305,17.80933380126953,12.110878944396973,-0.1710070073604583,-0.6301064491271973,15.706092834472656,17.456506729125977,0.96875,0.9375,0.5726763010025024
7297177472615861536,16.471538543701172,18.30674171447754,15.013778686523438,0.3629290163516998,-1.2962324619293213,17.747976303100586,15.732311248779297,0.0476190476190476,1.0,0.4703644216060638
7296855348714016033,17.79680633544922,19.492328643798828,15.630321502685549,-0.3997116982936859,-0.9743053913116456,18.5767822265625,18.107627868652344,0.3888888888888889,1.0,1.3308968544006348
7290823677195603233,18.138790130615234,19.651838302612305,16.671140670776367,0.1516070365905761,-1.7179194688796997,19.3236026763916,16.860490798950195,0.2352941176470588,1.0,0.4097415208816528
7261565962875358491,18.741987228393555,20.33171844482422,17.659908294677734,0.4700512290000915,-0.8035478591918945,18.649702072143555,19.93949317932129,0.9583333333333334,1.0,0.5930131077766418
7260104911830945051,19.144155502319336,22.51093864440918,17.465049743652344,0.6678906679153442,0.068199872970581,18.33722877502441,19.48984718322754,0.9615384615384616,1.0,1.0831257104873655
7257874855037586714,15.692156791687012,19.67131805419922,13.479375839233398,0.4403157532215118,-0.6815624237060547,17.072179794311523,17.320932388305664,0.9032258064516128,1.0,0.7588391900062561
7210751695771553030,18.571514129638672,21.90134048461914,16.7962589263916,0.9593749642372132,1.194752216339111,17.200109481811523,19.05161094665528,0.8333333333333334,1.0,0.7768389582633972
7193808719287766278,18.400278091430664,25.02042388916016,13.994504928588867,0.7486329078674316,-0.5515053272247314,21.459447860717773,16.738065719604492,0.2222222222222222,1.0,1.3336540460586548
7192709681280781574,16.492938995361328,18.2277774810791,14.957226753234863,0.1135554686188697,-0.8386678695678711,15.473827362060549,16.516157150268555,0.4761904761904761,1.0,0.4976464211940765
7191884217595219206,20.8085880279541,22.376310348510746,17.64180564880371,-0.6219567060470581,-1.2112385034561155,20.46568489074707,18.09308433532715,0.1578947368421052,1.0,0.5572640895843506
7190283346373610757,19.148473739624023,20.67459297180176,17.207584381103516,-0.1691937148571014,-1.162892460823059,18.466691970825195,19.44882202148437,0.1428571428571428,1.0,0.9775714874267578
7184460864404229381,17.555831909179688,17.886924743652344,17.09739112854004,-0.5280802249908447,-1.0015877485275269,17.658235549926758,17.683609008789062,0.875,1.0,0.1922264099121093
7183681305203330309,17.204133987426758,20.74280166625977,13.998931884765623,0.177232950925827,-0.5164921283721924,18.47860717773437,19.41176414489746,0.9655172413793104,1.0,1.360745549201965
7171449726158589189,17.899364471435547,18.762178421020508,15.978805541992188,-1.2261970043182373,0.7387387752532959,16.76563262939453,18.65706825256348,0.9285714285714286,1.0,0.3203478455543518
7168916057166597382,18.37735748291016,19.796554565429688,16.360326766967773,-0.5546166300773621,-1.153414249420166,17.621963500976562,18.610441207885746,0.4,1.0,0.6291769742965698
7164397666472873222,18.289794921875,21.989219665527344,15.275104522705078,0.3880612254142761,-0.5510435104370117,17.628189086914062,20.04139709472656,0.7142857142857143,1.0,1.4426140785217283
7161354120849427717,19.57857131958008,22.5066032409668,16.732301712036133,0.183118388056755,-0.8337514400482178,18.11183357238769,19.994871139526367,0.5,1.0,1.5533812046051023
7143175958978186502,17.284770965576172,17.87795639038086,16.722444534301758,0.0747624263167381,-0.3402972221374511,17.59956169128418,16.96746063232422,0.3,1.0,0.2885676920413971
7132514036276628742,18.63665771484375,19.5120849609375,18.06991004943848,0.3610073626041412,-0.019240379333496,18.73295021057129,18.58502197265625,0.3636363636363636,1.0,0.3036099374294281
7124374690520419590,19.251996994018555,22.05647087097168,15.8325777053833,-0.3840340673923492,-0.7966001033782959,19.715160369873047,18.50456428527832,0.4166666666666667,1.0,1.4095803499221802
7094270154275605765,15.90501594543457,19.308025360107425,12.526056289672852,0.3045091331005096,-0.8213927745819092,15.813435554504396,14.627715110778809,0.5,0.9444444444444444,1.455035924911499
6958338154617228549,17.070749282836914,20.70998764038086,12.4597806930542,-0.633743405342102,-1.162225604057312,19.44418334960937,12.95242691040039,0.6333333333333333,0.9,0.8890931606292725
6955364241213771014,15.938082695007324,19.75045394897461,12.95133113861084,-0.0420638509094715,-1.020313739776611,16.951078414916992,17.412084579467773,0.625,0.9583333333333334,1.0843371152877808
6921604099553119494,15.15568733215332,18.637779235839844,11.747665405273438,0.1179111450910568,-0.5529937744140625,15.438374519348145,15.86216640472412,0.5517241379310345,0.896551724137931,1.3810795545578003
7604808799404264726,19.603498458862305,21.92692756652832,17.28993034362793,0.2284097075462341,-0.0780615806579589,19.329105377197266,17.958641052246094,0.3478260869565217,1.0,0.7999901175498962
7603273994216738070,16.81331443786621,20.55576515197754,11.829906463623049,-0.571195125579834,-0.7237322330474854,18.58206558227539,17.676231384277344,0.782608695652174,0.8695652173913043,3.135250329971313
7596993704146046230,21.80582046508789,22.76711654663086,20.670032501220703,0.0762079581618309,-1.1994411945343018,22.448511123657227,20.855527877807617,0.05,1.0,0.2177327871322631
7593041331174362390,18.38305854797364,22.72104263305664,16.214101791381836,1.229539155960083,0.1677241325378418,18.58027076721192,17.190980911254883,0.5172413793103449,1.0,0.9940115213394164
7589754729350155542,18.10581970214844,20.041353225708008,15.691903114318848,-0.2975720465183258,-1.0433483123779297,17.313024520874023,18.64447593688965,0.8275862068965517,1.0,1.1933163404464722
7587308013363449121,18.371829986572266,19.54055976867676,17.203102111816406,-0.0029037513304501,-1.0720336437225342,19.4101791381836,17.362524032592773,0.0769230769230769,1.0,0.4791947901248932
7583720650200730902,19.101619720458984,24.02705192565918,13.991776466369627,-0.074093647301197,-0.2782490253448486,20.592004776000977,23.51960182189941,0.9333333333333332,1.0,1.3530380725860596
7577768828214512918,17.600341796875,20.46676254272461,15.524429321289062,0.5459066033363342,-1.08021080493927,17.6279354095459,20.156158447265625,0.8888888888888888,1.0,0.6156846284866333
7575831202117045526,16.578937530517578,20.76700019836425,11.507071495056152,-0.5848246216773987,0.4688034057617187,16.058847427368164,13.84817600250244,0.5,0.9375,1.560729742050171
7574767270392532246,17.693546295166016,21.57022476196289,12.95608615875244,-0.3058817982673645,-0.8183856010437012,16.60626792907715,17.98878288269043,0.2962962962962963,0.9629629629629628,1.5172464847564695
7572922723836431638,14.654146194458008,17.77309226989746,10.68039894104004,-0.108195386826992,-1.4392383098602295,17.202356338500977,11.691085815429688,0.15,0.7,1.2499501705169678
7569206708090850582,17.81783676147461,21.040000915527344,13.989978790283203,-0.1202936023473739,-0.9261164665222168,17.629426956176758,16.474037170410156,0.7407407407407407,1.0,1.4718167781829834
7568382003330993430,18.28584671020508,20.744543075561523,13.25228214263916,-1.1867121458053589,0.5384857654571533,18.33287239074707,18.37068748474121,0.4444444444444444,1.0,1.7556792497634888
7566297785914412310,19.07610893249512,20.40551948547364,17.271333694458008,-0.4973513484001159,1.094254970550537,19.316957473754883,18.948484420776367,0.5714285714285714,1.0,0.9186615347862244
7563724139240885526,17.748258590698242,21.85344886779785,12.854686737060549,-0.4972378611564636,-0.8664617538452148,15.389208793640137,19.45376777648925,0.4117647058823529,0.9411764705882352,2.854748010635376
7556661292233379075,17.243328094482422,20.33641815185547,15.131762504577637,0.49473637342453,-1.2572640180587769,17.323020935058594,16.04361915588379,0.6,1.0,1.1441253423690796
7553924193562266902,17.860118865966797,21.57047843933105,11.945942878723145,-1.3009380102157593,2.6797165870666504,19.18016242980957,17.079544067382812,0.5,0.9666666666666668,1.6501967906951904
7553554500972367107,16.488296508789062,18.472166061401367,14.98588752746582,0.7903279066085815,2.9120750427246094,16.660293579101562,16.0306396484375,0.55,1.0,0.5989997982978821
7545446733921209622,16.833559036254883,20.19689178466797,12.48007869720459,-0.0406116694211959,-0.856132984161377,19.96158027648925,10.814159393310549,0.1612903225806451,0.9032258064516128,2.2193713188171387
7537707440142454038,16.762205123901367,21.043148040771484,12.821033477783203,0.2567827403545379,-1.1559454202651978,15.04018497467041,9.97872257232666,0.5769230769230769,0.9230769230769232,2.5235390663146973
7480851478555659543,19.932167053222656,23.59308815002441,17.448219299316406,0.5150643587112427,-0.5728447437286377,20.70191764831543,21.10676383972168,0.5,1.0,1.157260179519653
7478288153153916182,18.436553955078125,20.01712989807129,15.195025444030762,-0.9086199402809144,0.3860461711883545,18.822126388549805,19.03339195251465,0.0952380952380952,1.0,1.0469564199447632
7476404323317222658,15.856555938720703,19.01384353637696,11.777315139770508,-0.2918928563594818,-0.7895572185516357,17.20555877685547,14.086712837219238,0.7272727272727273,0.9545454545454546,1.4546512365341189
7474625701350509846,17.908266067504883,20.71187400817871,15.787068367004396,0.2454975396394729,-1.1066582202911377,17.62424659729004,20.250762939453125,0.8235294117647058,1.0,0.5478558540344238
7473095088948759830,18.808841705322266,21.64801406860352,14.531916618347168,-0.6583452224731445,0.3864271640777588,18.826982498168945,19.61239051818848,0.55,1.0,1.8385937213897705
7471251146288418070,18.072677612304688,23.41093635559082,15.950435638427734,1.535736918449402,2.56494665145874,16.98024559020996,18.04738044738769,0.6666666666666666,1.0,1.573208928108215
7468715378743528736,17.96971321105957,21.2768497467041,14.237192153930664,-0.3227031230926513,-0.4313187599182129,16.356340408325195,17.945356369018555,0.6842105263157895,1.0,1.4252047538757324
7467231080735690017,18.320838928222656,22.632238388061523,15.426198959350586,1.1520236730575562,0.0884113311767578,18.570180892944336,16.972265243530273,0.4482758620689655,1.0,1.0158432722091677
7466117788898315552,17.873746871948242,22.14219093322754,12.714756965637209,-0.5667969584465027,-0.3701941967010498,20.01349449157715,13.10775661468506,0.0769230769230769,0.9230769230769232,1.5287673473358154
7465375886779403552,17.66608238220215,21.55079841613769,14.331987380981444,0.1686594486236572,-1.0126863718032837,18.04771041870117,19.31108665466309,0.7222222222222222,1.0,1.824241042137146
7463520186876939552,19.057003021240234,22.232309341430664,16.143630981445312,-0.2465603947639465,-0.8510088920593262,17.78999900817871,19.175506591796875,0.8064516129032258,1.0,1.113419771194458
7458325240628661537,17.89781951904297,23.23901557922364,14.03195571899414,0.2895250916481018,-0.5839037895202637,20.363187789916992,17.627941131591797,0.75,1.0,2.4886417388916016
7456840693982465312,17.09772300720215,22.42367935180664,12.980582237243652,0.492480605840683,-1.108886480331421,17.301294326782227,16.20182228088379,0.0,0.9473684210526316,2.220025062561035
7454985264952266016,16.901325225830078,21.21813201904297,15.051904678344728,1.2827600240707395,0.4918432235717773,16.659109115600586,15.947588920593262,0.75,1.0,1.5658124685287476
7452758752337399073,22.17607688903809,23.16996955871582,18.42733192443848,-2.464832067489624,7.132767677307129,21.58163452148437,21.54863929748535,0.0476190476190476,1.0,0.4014714360237121
7452387800818666785,16.522001266479492,23.24932861328125,13.078761100769045,0.9062532782554626,-0.4663314819335937,17.472509384155273,20.172945022583008,0.9375,1.0,1.7231049537658691
7449430237114404128,18.781532287597656,23.276094436645508,14.68033504486084,-0.095253586769104,-1.3570433855056765,20.875497817993164,17.1314754486084,0.2631578947368421,1.0,2.219660520553589
7444595106025442593,16.538923263549805,19.599590301513672,12.337663650512695,-0.459399551153183,-0.2422268390655517,16.902116775512695,15.042488098144531,0.9444444444444444,0.9444444444444444,1.7945027351379397
7441626192760884513,17.96582794189453,20.81038475036621,12.810943603515623,-0.9040219187736512,0.847632646560669,19.17464256286621,18.223970413208008,0.3,0.95,1.554093360900879
7440465091817999649,14.729023933410645,19.23744773864746,5.221406936645508,-1.4142496585845947,0.9050264358520508,5.349162578582764,16.891563415527344,0.75,0.8333333333333334,1.2285622358322144
7437536576072125728,17.91075897216797,20.70038414001465,15.14597225189209,0.0717610940337181,-0.6805000305175781,18.09040641784668,18.73999214172364,0.8888888888888888,1.0,1.1375563144683838
7436650165861141792,16.54201889038086,20.391246795654297,13.515732765197754,0.2269004583358764,-1.0480470657348633,13.600211143493652,14.76154613494873,0.5238095238095238,1.0,1.0898727178573608
7436403924350864672,12.06095027923584,14.300777435302734,9.350715637207031,-0.4337060153484344,-0.4502797126770019,12.38054656982422,10.070382118225098,0.5454545454545454,0.2272727272727272,0.8448833227157593
7436044441170857249,16.900609970092773,18.838695526123047,13.262178421020508,-0.7167283296585083,0.1161487102508544,17.034645080566406,17.343698501586914,0.2916666666666667,1.0,1.5503206253051758
7434931188642352417,17.59831428527832,20.84151840209961,14.173883438110352,-0.2614957690238952,-1.6204663515090942,19.18578147888184,14.874567985534668,0.4,1.0,0.5824456214904785
7433817907278269729,18.463281631469727,20.017030715942383,14.993008613586426,-0.997599959373474,-0.109666109085083,16.317777633666992,18.386981964111328,0.2,1.0,1.1897344589233398
7431168865142328608,18.27307510375977,21.01265525817871,16.389236450195312,0.546192467212677,-0.6335248947143555,18.159883499145508,16.96527099609375,0.0,1.0,0.7401573061943054
7429720640111791392,19.0026912689209,21.07110023498535,15.909852027893066,-0.6803374886512756,-0.843379020690918,17.394210815429688,20.311567306518555,0.6428571428571429,1.0,0.8064244985580444
7428251635102534945,17.883811950683594,21.53639411926269,14.782635688781738,0.1099843680858612,-1.3596806526184082,18.60264587402344,15.133018493652344,0.6333333333333333,1.0,0.9184682965278624
7425965869924142369,19.22703742980957,23.704151153564453,15.632841110229492,0.2225180864334106,-1.067897915840149,6.546123027801514,17.469690322875977,0.5833333333333334,0.7916666666666666,7.17617654800415
7423773390932135201,17.760663986206055,21.150854110717773,13.7372465133667,-0.0787269994616508,-1.0742900371551514,19.06816864013672,19.344083786010746,0.0,1.0,1.372913479804993
7414443436134223137,15.047404289245604,21.17594146728516,9.075408935546877,-0.3454972505569458,0.1834290027618408,14.351638793945312,14.452902793884276,0.3529411764705882,0.8235294117647058,1.820784091949463
7412540786975231264,15.91490650177002,16.689607620239258,15.418131828308104,0.6709021925926208,0.4840490818023681,15.704485893249512,16.061159133911133,0.8235294117647058,1.0,0.226617693901062
7410298388022824225,16.247541427612305,16.943017959594727,15.626922607421877,0.4033660888671875,-0.9248478412628174,16.096851348876953,16.25595474243164,0.9545454545454546,1.0,0.2537762820720672
7407736509996043553,21.62928009033203,23.893091201782227,19.589460372924805,0.1439849287271499,-0.7233724594116211,20.666223526000977,22.53700256347656,0.9375,1.0,1.3747437000274658
7399196283501628705,20.485002517700195,21.956573486328125,18.64474105834961,-0.4578898251056671,0.1474988460540771,20.62055015563965,20.21733856201172,0.7666666666666667,1.0,0.6596917510032654
7394351547376880929,16.918989181518555,22.22024917602539,11.28032684326172,-0.2609215378761291,-1.0109840631484983,17.192184448242188,22.2135066986084,0.8709677419354839,0.7419354838709677,1.614031434059143
7392856168214957345,20.22817039489746,22.11016845703125,18.96597671508789,0.8594251871109009,-0.0336160659790039,19.626832962036133,22.1041259765625,0.9565217391304348,1.0,0.6055806875228882
7390632928780340512,20.376052856445312,20.9103946685791,19.961027145385746,0.4640319347381592,-0.7380759716033936,20.42926788330078,20.13914680480957,0.3333333333333333,1.0,0.2176087349653244
7388867149407849760,11.706350326538086,19.455642700195312,8.188249588012695,1.875311255455017,2.147167205810547,11.743694305419922,19.455461502075195,0.9565217391304348,0.1304347826086956,0.9041852951049804
7387308322162052385,20.85536766052246,23.386110305786133,14.870168685913086,-0.925531268119812,-0.8433301448822021,16.21698760986328,23.155881881713867,0.9523809523809524,1.0,0.6939685940742493
7386194546062839073,19.579429626464844,20.52653312683105,19.035533905029297,0.7192296981811523,-0.08290696144104,19.53355598449707,19.09186172485352,0.2631578947368421,1.0,0.3754125237464905
7382166710029208865,20.374549865722656,23.17916679382324,15.759251594543455,-0.2713266909122467,-1.7118500471115112,22.02544403076172,17.109333038330078,0.3703703703703703,1.0,0.5396403670310974
7381115594076146977,12.837048530578612,19.856454849243164,9.170113563537598,0.5434787273406982,-1.5080455541610718,19.382089614868164,9.518023490905762,0.0454545454545454,0.4090909090909091,0.9839808344841005
7379227737271094561,19.029972076416016,24.9170150756836,16.116132736206055,1.2549742460250854,-0.2093706130981445,24.65159034729004,17.45443344116211,0.0,1.0,0.5392780900001526
7379193504355978528,18.13764190673828,18.973575592041016,16.69771957397461,-0.6995165348052979,-0.6066145896911621,17.842897415161133,17.201263427734375,0.25,1.0,0.587371826171875
7378467106636991777,19.442642211914062,23.470197677612305,15.049242973327637,0.3964412808418274,-1.3212120532989502,23.3447265625,17.05437660217285,0.0,1.0,0.8539707064628601
7377004580510436641,17.270307540893555,20.64652442932129,12.401589393615724,-0.7065985202789307,0.3570234775543213,15.87588596343994,15.46585464477539,0.1904761904761904,0.9523809523809524,1.4344180822372437
7376630682824576289,16.018449783325195,21.340091705322266,7.049956321716309,-0.9835006594657898,-0.2836241722106933,7.154838562011719,17.49805450439453,0.2592592592592592,0.8148148148148148,1.7826004028320312
7374412100833250593,16.587703704833984,20.8453369140625,13.037487983703612,0.5332916378974915,-1.234784722328186,15.035204887390137,13.798266410827637,0.5862068965517241,1.0,0.8016106486320496
7374072615356353825,18.40784072875977,23.402557373046875,10.183635711669922,-0.8570902943611145,0.102022647857666,14.72398281097412,13.3585786819458,0.6774193548387096,0.9032258064516128,3.15401554107666
7369936386000031009,13.322522163391112,19.481897354125977,7.592459201812744,0.8618174195289612,0.856985330581665,16.776575088500977,12.439555168151855,0.1333333333333333,0.3666666666666666,1.583729863166809
7367273018181160224,16.389345169067383,19.51670455932617,14.607794761657717,1.1728814840316772,2.288794040679932,16.865861892700195,16.264049530029297,0.1071428571428571,1.0,1.122660756111145
7366603470272515361,19.04070472717285,21.782455444335938,17.58740234375,0.9800920486450196,-0.2303738594055175,17.857933044433594,19.692176818847656,0.391304347826087,1.0,0.6501184701919556
7365841944318086432,15.427582740783691,20.97904586791992,6.266351222991943,-1.3876783847808838,4.922675132751465,11.666747093200684,15.982742309570312,0.7391304347826086,0.9130434782608696,1.4861464500427246
7365161137324805408,18.8592529296875,20.23558235168457,17.271146774291992,0.1555242091417312,-1.0536879301071167,19.45079803466797,17.943632125854492,0.3529411764705882,1.0,0.2905716896057129
7363657122795490593,20.26297187805176,21.00140953063965,19.37575912475586,-0.1585058122873306,-1.8381558656692505,19.52379608154297,19.619443893432617,0.4230769230769231,1.0,0.3108075857162475
7361799258107841825,17.97072410583496,20.73480987548828,15.387819290161133,0.2461081743240356,-0.0944297313690185,19.15080451965332,16.313661575317383,0.4444444444444444,1.0,1.0531179904937744
7361030582446378272,16.24803924560547,19.19917297363281,13.636432647705078,0.4110118150711059,-0.4941060543060303,15.372830390930176,19.01304054260254,0.8823529411764706,1.0,0.6562422513961792
7358723892992642336,15.703206062316896,16.34112548828125,14.58696460723877,-0.6847735047340393,-0.5076110363006592,16.282983779907227,14.859637260437012,0.1428571428571428,1.0,0.2456543296575546
7356509644170333473,14.366941452026367,15.741768836975098,13.824451446533203,1.6268787384033203,2.613150119781494,15.205246925354004,13.929000854492188,0.05,1.0,0.1875799149274826
7355765566625402144,16.84706687927246,21.79968643188477,11.053893089294434,-0.6883153319358826,0.3039469718933105,18.192222595214844,17.452878952026367,0.0454545454545454,0.8636363636363636,1.8415647745132449
7354275810578140449,18.82487297058105,21.069091796875,16.335758209228516,0.2527302205562591,-0.8482067584991455,18.065757751464844,17.014150619506836,0.5666666666666667,1.0,0.4592825174331665
7354009165796216097,16.82676887512207,21.36679077148437,15.05255126953125,1.5379514694213867,1.3443942070007324,15.91213607788086,15.991317749023438,0.75,1.0,1.49828040599823
7353535610641976609,18.60550880432129,21.22883987426757,16.866809844970703,0.5299404859542847,-0.4814844131469726,20.36396217346192,18.087751388549805,0.0476190476190476,1.0,0.7290441393852234
7352233957276044577,18.39144325256348,21.570924758911133,14.448925971984863,-0.4442158639431,-1.0944616794586182,17.776521682739258,20.91756629943848,0.896551724137931,1.0,0.773295521736145
7351779832969104673,17.256929397583008,20.007923126220703,11.607848167419434,-1.0344995260238647,1.207833766937256,19.541404724121094,16.90997314453125,0.75,0.9285714285714286,1.3289308547973633
7350954462992682272,18.406953811645508,22.668821334838867,12.374444961547852,-0.2605333626270294,-0.4961130619049072,17.46266746520996,18.24670791625977,0.8571428571428571,0.9642857142857144,1.5781893730163574
7350708094302735649,16.99736976623535,20.78436851501465,10.987778663635254,-0.7383387088775635,-0.5918440818786621,17.854524612426758,17.94770622253418,0.1785714285714285,0.8571428571428571,2.3205466270446777
7350207537771220256,14.364591598510742,17.286767959594727,4.043961524963379,-3.289517402648926,10.366328239440918,10.270218849182127,10.128504753112791,0.2105263157894736,0.8947368421052632,1.7377785444259644
7348717316856712480,17.132326126098633,21.657201766967773,13.103333473205566,-0.1517457813024521,-0.8779120445251465,14.3386869430542,13.321785926818848,0.28,1.0,1.476185917854309
7348379737519082784,17.912010192871094,21.460533142089844,13.511785507202148,-0.3665837049484253,0.212209939956665,18.51724433898925,17.256113052368164,0.7777777777777778,1.0,1.3538157939910889
7346110636008475937,15.480688095092772,18.41702079772949,10.158278465270996,-1.1136970520019531,1.2468314170837402,15.277141571044922,16.398752212524414,0.4333333333333333,0.9333333333333332,1.5855064392089844
7345543122400726305,16.4735107421875,20.77400779724121,9.530210494995115,-0.6104153990745544,-0.4968891143798828,16.50663185119629,16.5103759765625,0.3,0.8,3.571240425109864
7344270149593091361,17.56207847595215,20.72038650512696,9.126222610473633,-1.6235847473144531,2.731196880340576,18.2865047454834,17.56024932861328,0.5833333333333334,0.9166666666666666,2.1250481605529785
7343256943923858720,18.99522590637207,21.70064926147461,12.22678279876709,-1.3842191696166992,1.5854458808898926,19.899398803710938,19.65933990478516,0.24,0.96,0.9147498607635498
7340916267571858721,18.3777084350586,19.64305305480957,16.481975555419922,-0.418296605348587,-0.3846817016601562,18.86320304870605,18.36003875732422,0.9444444444444444,1.0,0.8568933010101318
7338052242651598112,18.6701602935791,23.027568817138672,14.404709815979004,-0.118317998945713,-1.3432506322860718,20.617555618286133,17.00440788269043,0.2631578947368421,1.0,2.1566150188446045
7337268516128591136,18.03681945800781,19.93807029724121,16.319059371948242,0.0742259919643402,-0.7336912155151367,17.46051025390625,17.757713317871094,0.6470588235294118,1.0,1.1830670833587646
7335091592077856032,20.60841560363769,22.47465705871582,18.289276123046875,-0.1043593063950538,-0.8067047595977783,19.16851806640625,21.009477615356445,0.8333333333333334,1.0,0.7251853942871094
7332835826579164449,16.96550750732422,22.26177024841309,11.849653244018556,-0.1239857077598571,-0.6361269950866699,17.893762588500977,15.731419563293455,0.6,0.9,2.164578437805176
7331811695360363809,14.618553161621094,18.730541229248047,11.759361267089844,0.3724267184734344,-0.8712029457092285,12.094836235046388,17.643779754638672,0.95,0.7,1.0701837539672852
7331415350828911904,16.38959503173828,22.39355659484864,12.761621475219728,0.7127803564071655,-0.9890680313110352,13.9398832321167,16.66798973083496,0.7368421052631579,0.9473684210526316,1.892746567726136
7330883086684622112,17.586938858032227,18.99081039428711,15.77739715576172,0.0414825975894928,-0.5345644950866699,17.39000701904297,18.64957618713379,0.8214285714285714,1.0,0.3710074126720428
7329423244992236832,21.46654510498047,23.141565322875977,18.871620178222656,-0.6637232303619385,0.3260657787322998,21.37702178955078,20.210561752319336,0.7777777777777778,1.0,0.7809120416641235
7328709134126206241,16.286334991455078,21.87135887145996,11.491703987121582,0.2422663122415542,-0.3695614337921142,17.321598052978516,14.689105987548828,0.5882352941176471,0.8823529411764706,3.316041946411133
7326123173311728929,17.40679168701172,21.76887321472168,14.22738265991211,0.4578181505203247,0.1784265041351318,17.129335403442383,15.417335510253906,0.1304347826086956,1.0,1.848716259002685
7325724813115346208,16.977455139160156,20.08686637878418,14.590875625610352,-0.0001781176833901,-1.6428334712982178,19.114368438720703,17.8458309173584,0.7727272727272727,1.0,1.2264450788497925
7324696131143847201,18.457887649536133,24.106470108032227,11.33311653137207,-0.5306544303894043,-1.006655216217041,21.11957550048828,15.092120170593262,0.3846153846153846,0.9230769230769232,1.440157175064087
7324283735749266721,20.409698486328125,23.194704055786133,17.865678787231445,0.1189280897378921,-1.171188473701477,18.168371200561523,22.92499732971192,0.8846153846153846,1.0,0.6353713274002075
7323972466445946145,15.2386474609375,18.430814743041992,9.846389770507812,-0.4447434842586517,-0.2838943004608154,11.50897979736328,17.55208396911621,0.7692307692307693,0.8846153846153846,0.7433617115020752
7323612868484631840,18.27838516235352,18.86078643798828,17.514816284179688,-0.2462287247180938,-1.2721753120422363,17.748422622680664,18.03899574279785,0.76,1.0,0.2542763650417328
7323108113698147616,16.782535552978516,18.63805389404297,15.537958145141602,0.6507542133331299,-0.1364674568176269,18.20294189453125,16.970664978027344,0.04,1.0,0.5157334208488464
7320909330314775840,17.6102237701416,17.962480545043945,17.193971633911133,-0.2305371612310409,-0.5568480491638184,17.697376251220703,17.6104793548584,0.0714285714285714,1.0,0.2919182479381561
7320159598290226464,18.551250457763672,20.379526138305664,16.56310272216797,-0.0288390256464481,-0.4376482963562011,18.51030540466309,17.651060104370117,0.6818181818181818,1.0,0.7260618805885315
7319513643534568736,18.15231132507324,19.154544830322266,16.704378128051758,-1.0419950485229492,1.6002988815307615,18.241670608520508,17.794145584106445,0.7142857142857143,1.0,0.5286217927932739
7318707614332849441,15.852441787719728,20.34349632263184,12.483295440673828,0.517846941947937,-0.3335027694702148,15.253968238830566,18.890336990356445,0.9047619047619048,0.9047619047619048,1.7765525579452517
7317664309432077600,16.76544952392578,18.89879035949707,14.668631553649902,0.1329043507575988,-1.440664529800415,18.79694366455078,18.04217338562012,0.0384615384615384,1.0,0.6143551468849182
7317307650499251488,16.613861083984375,18.96941375732422,13.265438079833984,-0.4623052179813385,-1.3023306131362915,13.747281074523926,18.58049201965332,0.8,1.0,1.065208077430725
7316470398261021985,18.53783416748047,20.755952835083008,16.832887649536133,0.3745859563350677,-0.5756618976593018,18.14300537109375,17.791486740112305,0.6818181818181818,1.0,0.6791607737541199
7316159323728661792,20.00899887084961,22.52839088439941,13.925525665283203,-1.1937682628631592,1.077716827392578,22.18612098693848,21.25288391113281,0.0476190476190476,1.0,0.9853636026382446
7312076882822909217,15.955033302307127,17.537551879882812,13.502083778381348,-0.3476774096488952,-0.3772265911102295,16.651216506958008,14.597003936767578,0.6333333333333333,1.0,0.716665506362915
7311663059695570208,19.200204849243164,20.67925453186035,17.326828002929688,-0.1591124683618545,-0.6270790100097656,19.008974075317383,19.84620475769043,0.8666666666666667,1.0,0.9557589292526244
7311263969220644129,16.077367782592773,18.88168907165528,11.282754898071287,-0.8136215806007385,1.9774994850158687,15.431269645690918,18.44575500488281,0.9,0.9333333333333332,0.6882253289222717
7310626433129270560,17.415834426879883,19.38842391967773,15.018611907958984,-0.3662880361080169,-0.523061990737915,15.621753692626951,17.179067611694336,0.5357142857142857,1.0,1.0170902013778689
7310258308969991457,20.181873321533203,22.55907440185547,14.844505310058594,-1.6318209171295166,3.706647396087648,20.98711585998535,20.12708282470703,0.35,1.0,1.194373607635498
7309427596553489696,14.560211181640623,16.704866409301758,11.591694831848145,-0.7461410760879517,-0.304823637008667,11.926738739013672,14.206679344177246,0.4285714285714285,0.8095238095238095,0.7048887014389038
7309091598472727840,16.955455780029297,20.80653953552246,12.389113426208496,-0.0635118782520294,-0.6298956871032715,20.54755973815918,15.910494804382324,0.0625,0.875,1.490746021270752
7308758430318071072,20.27006721496582,23.100053787231445,15.090253829956056,-0.995594084262848,2.0872297286987305,20.85074234008789,19.70201873779297,0.2941176470588235,1.0,1.2488096952438354
7306585450305555745,16.634565353393555,20.58578491210937,12.646486282348633,-0.0572232119739055,-1.3691731691360474,19.853343963623047,13.640917778015137,0.1818181818181818,0.8636363636363636,1.5269883871078491
7304665669872782625,16.179691314697266,19.78141021728516,13.226058959960938,0.0970698669552803,-1.566028356552124,17.316436767578125,13.615368843078612,0.28,1.0,0.6120545864105225
7303586993965960480,18.69823837280273,20.597766876220703,16.891845703125,0.0967151597142219,-0.4479928016662597,17.18146324157715,18.21500968933105,0.6153846153846154,1.0,0.4979531764984131
7303174310259166497,19.13225173950196,22.652347564697266,16.459014892578125,0.4814516603946686,0.2467982769012451,18.96708106994629,20.295429229736328,0.9285714285714286,1.0,1.3119779825210571
7302346370701118752,17.93783950805664,20.062789916992188,15.523475646972656,-0.0055151893757283,-1.553098440170288,16.42873191833496,19.65335273742676,0.6923076923076923,1.0,0.9470297694206238
7302041138670619936,16.662450790405273,19.0079288482666,13.460330963134766,-0.4436831176280975,0.6935029029846191,16.03741455078125,16.39268684387207,0.2631578947368421,1.0,1.1386895179748535
7301229129314159904,16.205320358276367,20.37599754333496,13.284768104553224,0.4310738444328308,-0.1495909690856933,16.603713989257812,18.034252166748047,0.9,1.0,1.6066614389419556
7300846195444927776,16.083280563354492,16.939321517944336,15.307008743286133,0.2915241420269012,-1.2770965099334717,15.717151641845703,16.182411193847656,0.6923076923076923,1.0,0.3264391422271728
7300495910595808545,18.152746200561523,22.498613357543945,12.175729751586914,-0.3087367713451385,-1.3777363300323486,13.276496887207031,21.72920036315918,0.8275862068965517,0.896551724137931,0.6427623629570007
7299732621825690912,18.56442642211914,20.56934356689453,15.22845458984375,-0.420304000377655,-1.176856517791748,16.135576248168945,20.220001220703125,0.5,1.0,0.6461476683616638
7298264093100674336,16.387784957885742,25.47175025939941,11.37606716156006,0.7756609320640564,-0.3994395732879638,9.082842826843262,18.406606674194336,0.5652173913043478,0.6956521739130435,3.52186131477356
7297134358689860896,16.197303771972656,20.723670959472656,13.600408554077148,0.8950440883636475,-0.3496372699737549,14.258804321289062,13.961018562316896,0.5454545454545454,1.0,0.7631081938743591
7296115605927644449,17.394289016723633,19.14484977722168,15.068032264709473,-0.5281752943992615,-1.1075254678726196,15.874553680419922,17.843461990356445,0.9130434782608696,1.0,0.7188327312469482
7294901504752782625,16.694185256958008,20.37544631958008,14.35237979888916,0.6363269686698914,1.5686464309692385,16.499282836914062,18.23470687866211,0.95,1.0,0.8078345060348511
7294149539781463328,17.950279235839844,20.123180389404297,14.695395469665527,-0.4622434675693512,-1.093744874000549,15.707390785217283,19.48377799987793,0.84,1.0,0.5079513192176819
7293176268361665824,18.00888442993164,19.769880294799805,16.221036911010742,-0.0360944382846355,-1.1170635223388672,18.057205200195312,17.97568702697754,0.8235294117647058,1.0,0.8625950813293457
7292048482456587553,16.645734786987305,20.54365539550781,12.490455627441406,-0.0732967481017112,-0.6771259307861328,16.085878372192383,15.053303718566896,0.5,0.9583333333333334,1.9151577949523928
7291300657355689249,22.516965866088867,24.45919418334961,20.28620338439941,-0.5017719864845276,-0.4323551654815674,22.09297180175781,22.016054153442383,0.7857142857142857,1.0,1.0491735935211182
7290955653349133600,17.720731735229492,19.514373779296875,14.958611488342283,-0.4443303346633911,-1.050325632095337,19.019933700561523,16.837905883789062,0.1428571428571428,1.0,1.2853343486785889
7290457107726339360,16.679906845092773,21.01810836791992,12.860650062561035,0.0087246727198362,-1.083374261856079,19.11515235900879,12.960562705993652,0.3684210526315789,0.8421052631578947,0.9546492695808412
7289785625367153952,15.499680519104004,21.1171932220459,12.36019229888916,0.6767051815986633,-0.5464415550231934,16.702728271484375,15.507826805114746,0.7037037037037037,0.8518518518518519,1.7646503448486328
7288326750243704096,15.579442977905272,17.902936935424805,13.924678802490234,0.7801007032394409,-0.6666364669799805,16.694852828979492,15.055455207824709,0.4285714285714285,1.0,1.0326565504074097
7287986771483282720,17.88939094543457,18.829435348510746,15.681272506713867,-1.4721285104751587,2.914051055908203,16.68509864807129,17.71888542175293,0.7586206896551724,1.0,0.3508772850036621
7285256841158790433,17.33591079711914,22.94244384765625,6.578331470489502,-1.4072080850601196,2.2490382194519043,16.160324096679688,14.685015678405762,0.1304347826086956,0.9130434782608696,2.385917901992798
7284876929713442080,17.97478485107422,22.81184196472168,13.069637298583984,-0.3487043380737304,-1.202428936958313,20.98300743103028,19.043087005615234,0.5,1.0,1.5855896472930908
7283524894585883936,18.33756256103516,20.275043487548828,15.32601261138916,-0.4722464978694916,-1.2164286375045776,16.898284912109375,19.32433319091797,0.5,1.0,0.5153256058692932
7283139399582240032,20.301300048828125,20.84892845153809,19.85514640808105,0.2268987298011779,-0.9803125858306884,20.316452026367188,20.0106143951416,0.5263157894736842,1.0,0.1775369644165039
7282663509505133856,18.081836700439453,20.20808982849121,15.163729667663574,-0.5115265846252441,-1.2450765371322632,15.902477264404297,19.4616641998291,0.391304347826087,1.0,0.632684051990509
7281279828307856673,19.0957145690918,20.00959014892578,18.586950302124023,0.9708614349365234,0.1811609268188476,18.913827896118164,19.690401077270508,0.9333333333333332,1.0,0.387277603149414
7280571511138782496,18.477352142333984,22.444061279296875,14.312060356140137,-0.0069946930743753,-0.0834929943084716,17.13837242126465,18.25080108642578,0.3571428571428571,1.0,1.4064300060272217
7280108212878200096,17.896833419799805,23.9035873413086,4.724939346313477,-1.0770970582962036,2.603865146636963,10.137444496154783,17.473234176635742,0.2666666666666666,0.9333333333333332,1.2422456741333008
7279032970286009632,17.5598087310791,21.59635353088379,15.787351608276367,0.7000004649162292,0.0413324832916259,15.950472831726074,18.18382835388184,0.4705882352941176,1.0,1.2674741744995115
7277939332831251744,15.713637351989746,19.938173294067383,13.368047714233398,1.0522780418395996,0.901125192642212,14.201807975769045,15.42748737335205,0.32,1.0,0.7580525279045105
7276041559500475680,16.28675651550293,19.247947692871094,12.01968479156494,-0.8081566095352173,-0.6150913238525391,12.802383422851562,17.789377212524414,0.8,0.85,1.703826665878296
7274647533002034465,17.904117584228516,21.73423385620117,14.930997848510742,0.1832266747951507,-1.2639992237091064,18.092756271362305,15.271614074707031,0.5333333333333333,1.0,0.8659631013870239
7271935381937884448,16.810138702392578,18.832630157470703,14.046512603759766,-0.8039363026618958,-0.3159482479095459,15.594216346740724,16.859962463378906,0.3333333333333333,1.0,1.0969083309173584
7270111755886415137,11.504109382629396,13.133527755737305,7.630912780761719,-1.1443642377853394,0.1983318328857422,12.770779609680176,9.557522773742676,0.1,0.1,0.9334309101104736
7269759073967525153,17.359128952026367,17.875534057617188,15.839973449707031,-2.490354061126709,7.781935691833496,17.407052993774414,17.345983505249023,0.925925925925926,1.0,0.2714929580688476
7265326628274752801,18.69036674499512,21.61793327331543,16.363807678222656,0.4550403952598572,-0.9828860759735109,21.30584716796875,17.205156326293945,0.0,1.0,1.041879177093506
7264958192017362208,18.16817092895508,21.35862922668457,16.583820343017578,0.7562792897224426,-0.7425041198730469,17.287841796875,17.7237548828125,0.3076923076923077,1.0,1.330310940742493
7264173669612670240,18.563379287719727,21.986684799194336,16.56995391845703,0.6365242004394531,0.8492336273193359,18.27467536926269,18.35375213623047,0.7666666666666667,1.0,1.172754406929016
7262342975752113441,12.074191093444824,15.08042812347412,9.65600872039795,-0.1660691201686859,-1.359981656074524,13.869685173034668,9.688309669494627,0.05,0.4,0.6725661754608154
7262001980095106337,20.29474258422852,23.92448806762696,16.710983276367188,0.073267862200737,0.1000630855560302,18.91101837158203,20.12995719909668,0.8,1.0,1.3612463474273682
7259455690996075803,17.464218139648438,19.87926483154297,14.55197525024414,-0.3554138839244842,-1.3982551097869873,14.93734359741211,18.5131893157959,0.4545454545454545,1.0,0.6383779048919678
7259047429796908315,16.10626792907715,20.769683837890625,9.489217758178713,-0.6814195513725281,-0.5895500183105469,16.608198165893555,10.350953102111816,0.2941176470588235,0.7647058823529411,1.4836947917938232
7258676118033599771,13.529930114746094,17.237117767333984,11.51324462890625,0.820650041103363,-0.8249344825744629,17.02220344543457,12.913430213928224,0.0,0.4285714285714285,0.4113968908786773
7256066819247623450,13.348112106323242,17.043970108032227,10.25287914276123,0.1132678389549255,-1.910527586936951,10.34056568145752,16.56587028503418,0.8571428571428571,0.4761904761904761,0.6272621750831604
7254561581449612571,17.703964233398438,19.72941780090332,14.713830947875977,-0.2401954382658004,-0.8442783355712891,19.42050743103028,16.681621551513672,0.6875,1.0,1.445439100265503
7253425216984976667,16.940898895263672,18.52198982238769,15.88250732421875,0.7523671388626099,0.1070814132690429,16.54973793029785,16.61903190612793,0.217391304347826,1.0,0.3509087264537811
7252685251112176922,17.248920440673828,19.76004981994629,14.0665922164917,-0.2932474911212921,-1.02514386177063,14.425949096679688,17.189584732055664,0.6206896551724138,1.0,0.8488486409187317
7246768104922008858,14.431045532226562,19.91270065307617,11.483475685119627,0.6655896306037903,-1.0065115690231323,19.221195220947266,11.574482917785645,0.0909090909090909,0.5909090909090909,0.7603352665901184
7245708272181759258,19.132970809936523,20.6084041595459,16.880165100097656,-0.6636469960212708,-0.6839017868041992,17.781522750854492,19.85450553894043,0.5294117647058824,1.0,0.7311171293258667
7245239505911893274,17.276090621948242,18.980785369873047,15.833961486816406,0.1367401182651519,-0.6627762317657471,18.3322811126709,16.092281341552734,0.0909090909090909,1.0,0.3329494893550873
7244550731141844251,16.187253952026367,19.710372924804688,12.122289657592772,-0.6603542566299438,-0.874772310256958,18.788917541503903,12.252236366271973,0.0344827586206896,0.896551724137931,0.5351383090019226
7242719682128530714,18.69697570800781,22.875843048095703,14.430475234985352,-0.3154720067977905,-1.281002402305603,14.75781536102295,21.39499855041504,0.9565217391304348,1.0,1.296091079711914
7242348894435167514,18.58537673950196,22.203304290771484,15.590742111206056,0.3636527061462402,-0.7145416736602783,21.23720932006836,16.730085372924805,0.08,1.0,1.0297504663467407
7241956873698577691,17.924734115600586,21.30443954467773,13.874238967895508,-0.5071250200271606,-1.0819486379623413,18.40833282470703,19.827348709106445,0.8518518518518519,1.0,0.9656095504760742
7241209133540609307,17.615806579589844,20.169021606445312,14.625445365905762,-0.0560581497848033,-1.6591264009475708,19.27386283874512,15.642376899719238,0.4210526315789473,1.0,0.5950087904930115
7239735340737498395,15.674930572509766,18.617938995361328,11.352691650390623,-1.0925750732421875,0.4055309295654297,15.677786827087402,15.97476577758789,0.5454545454545454,0.8636363636363636,1.070586919784546
7239344688006728986,17.843017578125,21.93304252624512,15.869791984558104,1.0655332803726196,0.5746479034423828,18.47142601013184,18.033849716186523,0.3928571428571428,1.0,1.1020427942276
7238235896724704538,20.90711784362793,23.1435661315918,18.24951362609864,-0.232702687382698,-0.0375165939331054,19.24057006835937,21.31747436523437,0.6428571428571429,1.0,1.370918035507202
7237872414581935386,12.874154090881348,15.47890281677246,10.294239044189451,0.3108265697956085,-1.597476840019226,15.156048774719238,11.441351890563965,0.1764705882352941,0.4117647058823529,0.6510149836540222
7237511650532773146,18.862924575805664,21.41366004943848,14.496694564819336,-0.8433647751808167,1.149066925048828,17.3386287689209,19.512075424194336,0.2857142857142857,1.0,1.3413492441177368
7237120496020573467,18.867685317993164,20.00839233398437,17.28152847290039,-0.6964011192321777,0.0019776821136474,18.91307640075684,19.67677116394043,0.9444444444444444,1.0,0.6754048466682434
7236760874646637851,16.062938690185547,19.778032302856445,10.38703727722168,-0.9980133771896362,1.009073257446289,11.37738800048828,16.011449813842773,0.25,0.85,0.9592109322547911
7236382869650689306,16.7471981048584,19.919416427612305,14.055691719055176,0.442834198474884,1.9549717903137207,15.990909576416016,17.843095779418945,0.8888888888888888,1.0,0.8327215909957886
7236043111128894747,18.1817684173584,21.40222549438477,12.46603775024414,-0.82308429479599,-0.2876844406127929,15.54004192352295,20.021455764770508,0.56,0.96,1.8753176927566528
7235651777805290778,18.24459457397461,21.449460983276367,12.41132640838623,-0.9030231833457948,0.3715765476226806,16.464773178100586,16.75791358947754,0.5769230769230769,0.9230769230769232,1.877579927444458
7235266120414924058,17.19452476501465,20.173490524291992,15.455314636230469,0.4458449780941009,-0.9043703079223632,15.61487102508545,16.334871292114258,0.2857142857142857,1.0,1.1625518798828125
7234782434531839258,15.30246925354004,21.03936767578125,9.884897232055664,0.3480381369590759,-0.9288651943206788,18.8275089263916,14.586596488952637,0.1052631578947368,0.7368421052631579,2.818981170654297
7233784589523717402,17.191421508789062,19.82765769958496,15.05161952972412,0.2311232835054397,-0.9714562892913818,12.98767375946045,15.400851249694824,0.1785714285714285,0.9642857142857144,1.4215065240859983
7233472157588753691,19.38741874694824,24.387075424194336,16.006582260131836,0.6539449691772461,0.4117190837860107,19.176511764526367,18.726072311401367,0.5,1.0,2.370774269104004
7233097610821700890,15.106876373291016,17.59427261352539,13.244783401489258,0.5010952949523926,-0.9616284370422364,16.54473304748535,13.325337409973145,0.0,1.0,0.6056129932403564
7230327665918512411,16.350385665893555,19.18745422363281,6.226346015930176,-2.6124629974365234,7.11722469329834,15.943260192871094,18.10017204284668,0.9411764705882352,0.9411764705882352,1.863069772720337
7229342870518385946,17.91394805908203,20.03312492370605,15.93051815032959,-0.2692846953868866,0.5915641784667969,18.124431610107425,18.86432647705078,0.8333333333333334,1.0,0.7478492856025696
7228975701066550554,17.67067527770996,21.61082649230957,12.540446281433104,-0.242921233177185,-1.171639084815979,21.01302146911621,12.865986824035645,0.238095238095238,0.9047619047619048,0.8723154067993164
7227881339125583131,17.880338668823242,20.66983795166016,15.064151763916016,-0.06960329413414,-0.869610071182251,16.19875144958496,18.969396591186523,0.4615384615384615,1.0,1.1348565816879272
7227547227005209882,17.94306182861328,25.483572006225582,14.616327285766602,1.0675439834594729,0.2018258571624755,23.28550720214844,16.251554489135742,0.0,1.0,1.8569453954696653
7227138868447923482,18.047061920166016,20.270410537719727,16.29926300048828,0.2782330811023712,-0.6484982967376709,19.46677589416504,18.43958282470703,0.1333333333333333,1.0,0.9497160315513612
7226734943869750555,15.8827543258667,18.92503929138184,7.689829349517822,-1.289159059524536,0.3314814567565918,13.028965950012209,16.01647186279297,0.4782608695652174,0.8260869565217391,1.1153781414031982
7226428593075752218,20.44153594970703,23.62741470336914,17.343692779541016,0.1382325738668441,-0.6629443168640137,20.00911903381348,18.39637756347656,0.6956521739130435,1.0,2.1110918521881104
7226043488738069787,17.986541748046875,22.842208862304688,10.742768287658691,-0.3120746910572052,-1.404200792312622,22.272018432617188,12.0706205368042,0.0,0.8571428571428571,1.4081203937530518
7225632323146943771,18.86894989013672,21.730375289916992,16.14592170715332,0.0857946053147316,-1.2958784103393557,18.52517318725586,21.63767433166504,0.8571428571428571,1.0,1.271644949913025
7225296808900152603,22.767372131347656,24.903329849243164,20.01635932922364,-0.2568683326244354,-0.701251745223999,14.18453884124756,22.003347396850582,0.6956521739130435,0.9565217391304348,2.07773232460022
7224934115089370395,15.050572395324709,19.957504272460938,11.731632232666016,0.3405776619911194,-1.184509038925171,13.111980438232422,18.83165168762207,0.9411764705882352,0.7058823529411765,0.7735062837600708
7223080468101483781,18.6330680847168,23.04485511779785,14.600735664367676,0.3600417673587799,-0.9339272975921632,15.873448371887209,21.522783279418945,0.8,1.0,1.2973452806472778
7221875155184733445,20.702316284179688,22.075096130371094,19.38380241394043,0.1819110363721847,-1.2471991777420044,21.95460319519043,20.59896278381348,0.0952380952380952,1.0,0.2209938019514084
7221552853356236037,15.038626670837402,16.83403968811035,13.24933624267578,-0.2341013699769973,-1.223218321800232,13.460750579833984,15.651667594909668,0.8518518518518519,1.0,0.7612494826316833
7219686321739123974,17.71674156188965,20.556730270385746,16.510215759277344,1.248585820198059,0.392491340637207,19.6926326751709,17.351797103881836,0.0,1.0,0.3481405079364776
7218857185764216069,12.482093811035156,15.827241897583008,9.267658233642578,0.047409426420927,-1.1661072969436646,12.358044624328612,15.125956535339355,0.6428571428571429,0.3571428571428571,1.5444371700286863
7218493650160897306,18.05472183227539,19.795127868652344,17.37034034729004,1.006564974784851,-0.1176190376281738,19.27408790588379,17.475543975830078,0.0,1.0,0.2016472518444061
7218219061707033882,16.94979476928711,20.30282020568848,14.035465240478516,0.2612655162811279,-1.604595184326172,20.152551651000977,15.252732276916504,0.0,1.0,0.4796168804168701
7215656408069442822,15.917940139770508,18.033662796020508,12.34306812286377,-0.8148893713951111,-0.9054899215698242,12.915023803710938,17.533348083496094,0.7777777777777778,0.8333333333333334,1.0097118616104126
7215124561799449861,21.68231773376465,24.62496757507324,15.379926681518556,-0.8667812943458557,-1.1007426977157593,23.146089553833008,16.864269256591797,0.4705882352941176,1.0,1.0952309370040894
7214767845383900421,19.093017578125,19.993242263793945,17.05584716796875,-1.116240620613098,0.0671660900115966,18.050891876220703,18.05259895324707,0.7857142857142857,1.0,0.4204343259334564
7213655175318211845,14.453103065490724,15.409421920776367,12.493690490722656,-0.7530199885368347,-0.1119496822357177,13.617558479309082,14.929664611816406,0.9444444444444444,0.9444444444444444,0.5943768620491028
7213453348270378246,18.06158447265625,20.84788703918457,15.958508491516112,0.2337955981492996,-1.556703805923462,16.60727882385254,19.83893394470215,0.875,1.0,1.1206766366958618
7213053350290459910,16.921730041503906,20.61097526550293,12.223950386047363,-0.3702014684677124,-0.8992221355438232,17.41322135925293,15.653614044189451,0.1875,0.875,3.2339508533477783
7211932492914298118,14.606261253356934,20.668506622314453,10.91364860534668,1.034884691238403,0.3945562839508056,13.628182411193848,13.176264762878418,0.2857142857142857,0.6428571428571429,1.416046142578125
7211431817205878021,15.015990257263184,18.290918350219727,12.431228637695312,0.454195886850357,-1.0770478248596191,18.10650062561035,12.665088653564451,0.0769230769230769,0.8076923076923077,1.03733491897583
7211130311667715334,20.558982849121094,21.80667304992676,18.848892211914062,-0.3920398354530334,-0.2992277145385742,21.571138381958008,20.96929931640625,0.9,1.0,0.7501810789108276
7210434710646836485,18.267553329467773,22.88896942138672,13.760468482971191,-0.1477524191141128,-1.7527717351913452,21.7391414642334,14.220169067382812,0.0,1.0,0.9923779368400574
7209925340557348101,18.615264892578125,21.20462226867676,15.949003219604492,0.2252627611160278,0.7390925884246826,18.230552673339844,18.161521911621094,0.5,1.0,1.0485669374465942
7208839545989762309,17.939870834350586,21.016300201416016,10.640220642089844,-1.851650357246399,2.462050437927246,17.62156105041504,18.450395584106445,0.5238095238095238,0.9047619047619048,1.6151554584503174
7208539932422425861,20.08913993835449,21.686750411987305,17.79422378540039,-0.3315499424934387,-1.3043367862701416,20.819692611694336,20.637001037597656,0.9230769230769232,1.0,1.127826690673828
7207350500419702022,16.206493377685547,18.564186096191406,14.662353515625,0.814192533493042,-0.1537811756134033,16.39348030090332,15.791790008544922,0.7272727272727273,1.0,0.5653080940246582
7204907848449527045,18.504432678222656,20.1252670288086,17.01957893371582,0.4090949594974518,-0.5020496845245361,17.91666603088379,18.558334350585938,0.7692307692307693,1.0,0.862684428691864
7203810617180933382,16.231624603271484,20.87384033203125,11.803753852844238,0.5213515758514404,-0.9353492259979248,19.91301155090332,14.99576187133789,0.25,0.9285714285714286,0.6429577469825745
7203048812351327494,17.475278854370117,18.376340866088867,16.19022560119629,-0.4843032360076904,0.0512187480926513,17.26961326599121,16.845901489257812,0.55,1.0,0.3985593616962433
7202313398300724485,9.49376106262207,11.231682777404783,6.802599906921387,-0.6977778673171997,-1.1871604919433594,6.995519161224365,10.585671424865724,0.5333333333333333,0.0,0.4199227690696716
7201579247616494853,18.440773010253903,23.84971237182617,12.853294372558594,-0.1970716714859008,-1.3805307149887085,21.4527587890625,15.901446342468262,0.2727272727272727,0.9545454545454546,1.917780399322509
7198831282984324358,18.61895751953125,20.482484817504883,17.594879150390625,0.5634212493896484,-0.2525150775909424,19.129365921020508,17.637060165405273,0.0,1.0,0.3421624600887298
7198189694750838022,18.10805892944336,21.096654891967773,15.270248413085938,0.2528600394725799,0.3599088191986084,18.002965927124023,16.46063995361328,0.4333333333333333,1.0,0.6927329897880554
7197445468585037062,19.29773712158203,20.744949340820312,16.52635955810547,-0.7930680513381958,-0.168654203414917,20.432632446289062,18.29483795166016,0.3076923076923077,1.0,0.95530766248703
7196711667420384517,15.928350448608398,22.90309333801269,12.499025344848633,0.8151814937591553,-0.829878568649292,12.901354789733888,20.95805931091309,0.7647058823529411,0.8235294117647058,1.0256659984588623
7195937456271691014,18.10579299926757,21.574827194213867,16.49552345275879,0.8024159073829651,-0.9000818729400635,20.788057327270508,16.75815773010254,0.0714285714285714,1.0,0.7389033436775208
7195215450970606853,14.718884468078612,18.1572208404541,12.360593795776367,0.5770712494850159,-0.3226146697998047,13.369339942932127,12.817715644836426,0.7037037037037037,0.8518518518518519,0.7251666188240051
7192298503878577413,16.22165870666504,20.51475715637207,14.16039752960205,1.1015530824661257,0.0448002815246582,15.090121269226074,16.45170783996582,0.2352941176470588,1.0,1.2220786809921265
7191848035784117510,17.353879928588867,21.083398818969727,13.119062423706056,0.2068197876214981,-0.3331894874572754,17.306825637817383,17.964365005493164,0.375,1.0,1.1999133825302124
7188587993752702213,16.15853500366211,22.661651611328125,12.832100868225098,0.796434760093689,0.2924721240997314,16.28021240234375,13.897265434265137,0.2857142857142857,0.9523809523809524,1.6285693645477295
7184844462525287685,16.183650970458984,17.878150939941406,15.020995140075684,0.4973200261592865,-1.0447053909301758,15.215699195861816,15.653193473815918,0.6666666666666666,1.0,0.4213933944702148
7184090635018784005,14.25970458984375,17.141904830932617,10.9132661819458,-0.1545746475458145,-0.8153355121612549,13.46236515045166,15.383265495300291,0.5454545454545454,0.8181818181818182,1.162761092185974
7183009043407965445,18.92828941345215,20.625629425048828,16.89179801940918,-0.3976004719734192,-0.5841760635375977,18.46515655517578,20.478410720825195,0.9444444444444444,1.0,0.808355450630188
7181547992061676805,15.662805557250977,18.078275680541992,11.256274223327637,-0.8894609808921814,0.0067529678344726,14.716755867004396,13.601741790771484,0.2857142857142857,0.9285714285714286,0.9187638163566588
7179688144382512390,17.420087814331055,20.28749656677246,12.620790481567385,-0.7180178165435791,0.5848813056945801,19.618797302246094,16.919403076171875,0.1333333333333333,0.9333333333333332,1.686971664428711
7177655896699325702,13.307286262512209,14.81328010559082,11.95089340209961,0.073856770992279,-1.483810305595398,12.320128440856934,14.744662284851074,0.935483870967742,0.5483870967741935,0.340013325214386
7176917454893911301,16.184297561645508,19.596450805664062,11.366393089294434,-0.8247007727622986,-0.6420395374298096,17.577402114868164,17.290199279785156,0.875,0.8125,2.108877658843994
7172555111879757062,18.741504669189453,23.586328506469727,15.286450386047363,0.553049623966217,0.7314882278442383,19.367904663085938,17.107709884643555,0.6,1.0,1.541962504386902
7164772525006720262,17.55597686767578,19.833080291748047,15.487777709960938,-0.2294962555170059,-1.5197675228118896,19.234968185424805,15.597915649414062,0.0434782608695652,1.0,0.4670973718166351
7143162692004482310,16.729917526245117,18.15335273742676,13.537490844726562,-1.4333016872406006,1.5909876823425293,17.470170974731445,14.353219032287598,0.64,1.0,0.499342530965805
7137227107456879877,16.988492965698242,18.26328086853028,15.34706687927246,-0.3651244640350342,-0.4875185489654541,17.56852912902832,17.100488662719727,0.85,1.0,0.6286275386810303
7135716231218318597,16.352312088012695,17.82765007019043,14.507582664489746,-0.6426964998245239,0.1677455902099609,15.610041618347168,16.506948471069336,0.3636363636363636,1.0,0.3564560711383819
7133481707449142533,16.506000518798828,19.25759696960449,13.689567565917969,0.0220020413398742,-1.0526541471481323,16.310056686401367,14.986202239990234,0.32,1.0,1.0318149328231812
7130906655885102341,19.02841758728028,23.108863830566406,15.493115425109863,-0.0666959509253501,0.4679498672485351,20.0319938659668,20.15443420410156,0.76,1.0,1.2072762250900269
7130612533437762821,15.515909194946287,20.22927474975586,12.859776496887209,0.5327620506286621,-1.2972581386566162,17.63960075378418,13.637386322021484,0.35,0.9,0.7350596785545349
7129505006046170373,18.07046127319336,20.205060958862305,15.833163261413574,0.0031574305612593,-1.3364394903182983,19.37161064147949,10.882336616516112,0.0,0.9230769230769232,2.099241256713867
7127182082568113413,18.6854248046875,21.32972717285156,15.626952171325684,0.0706827268004417,-0.6931788921356201,16.9774169921875,21.15074920654297,0.8333333333333334,1.0,1.1220637559890747
7116439198285958405,17.72780990600586,20.93474578857422,15.977476119995115,0.5136300921440125,0.1389327049255371,17.912630081176758,18.01011848449707,0.1875,1.0,0.7113882303237915
7113851055355596038,16.456199645996094,18.86274147033692,13.030244827270508,-0.4720753729343414,-1.1111247539520264,15.13288402557373,14.502150535583496,0.6896551724137931,1.0,0.7402376532554626
7112440653350571269,18.16673469543457,20.85044479370117,15.444572448730469,-0.0357077680528163,-0.4747171401977539,18.984668731689453,17.43250846862793,0.1111111111111111,1.0,1.3480079174041748
7108997263912979717,16.192468643188477,19.587690353393555,12.624825477600098,-0.4078832566738128,-0.6535673141479492,17.280241012573242,17.191152572631836,0.6666666666666666,0.9047619047619048,0.9229350090026855
7104552926231743749,16.698915481567383,19.66580581665039,12.278447151184082,-0.5992485880851746,-0.7302768230438232,16.410823822021484,12.35671615600586,0.5909090909090909,0.8636363636363636,0.9494518041610718
7103816728982916357,16.736186981201172,17.719942092895508,15.512516021728516,-0.4809884428977966,-0.7292101383209229,17.11996078491211,17.257850646972656,0.9375,1.0,0.6079237461090088
7101649191662882053,19.050233840942383,20.494346618652344,17.84895896911621,-0.0197763536125421,-1.2932146787643433,18.482027053833008,19.62639808654785,0.5384615384615384,1.0,0.4312731325626373
7100934148864494854,13.597936630249023,17.93758201599121,12.01644802093506,1.4466354846954346,1.1239662170410156,16.726919174194336,13.60660457611084,0.0,0.6470588235294118,0.6511967182159424
7098701138203069702,17.6590576171875,19.82197380065918,16.76915168762207,1.424080491065979,1.5021357536315918,18.565359115600582,17.276151657104492,0.0434782608695652,1.0,0.461063027381897
7095721528142155014,18.57201194763184,20.80718994140625,14.237668991088867,-0.8910638093948364,-0.0862815380096435,20.221086502075195,17.081787109375,0.6153846153846154,1.0,1.6095565557479858
7088619536202648837,19.98691940307617,23.91889762878418,15.84156322479248,-0.1518525034189224,-0.6743941307067871,16.76417350769043,22.72933387756348,0.8181818181818182,1.0,0.9938716888427734
7078227199463066886,15.371522903442385,18.34321594238281,13.39905834197998,0.6058306694030762,0.0056920051574707,14.50536060333252,16.1693172454834,0.25,1.0,0.996466875076294
7077571361660521733,18.577735900878903,22.106964111328125,15.244221687316896,-0.1758797168731689,-0.776846170425415,19.25587272644043,18.92491912841797,0.375,1.0,1.3716870546340942
7070162555695615237,21.234081268310547,22.54152488708496,19.205928802490234,-0.5098567008972168,-0.6358797550201416,21.33147430419922,20.834379196166992,0.7692307692307693,1.0,0.6887744665145874
7068640088774741254,17.768474578857422,19.0688591003418,15.824301719665527,-0.6114808917045593,-0.0666823387145996,16.322668075561523,17.206926345825195,0.3103448275862069,1.0,0.4195186495780945
7067063225736580357,20.278940200805664,23.06113815307617,16.260221481323242,-0.5304192900657654,-1.0482217073440552,19.43225860595703,20.478492736816406,0.7307692307692307,1.0,1.1650340557098389
7059301793574046982,20.40631866455078,25.50448226928711,17.627254486083984,0.4928691685199737,-0.9034154415130616,22.49270820617676,19.182174682617188,0.3333333333333333,1.0,0.6589416265487671
7041273346830454022,16.36016082763672,19.472999572753903,12.784117698669434,-0.3451529741287231,-0.7337517738342285,16.97313690185547,18.354637145996094,0.8823529411764706,0.9411764705882352,1.3313277959823608
7040300833019415813,15.700091361999512,17.232067108154297,14.550821304321287,0.2124717533588409,-1.149200439453125,16.658355712890625,15.936001777648926,0.1176470588235294,1.0,0.5561240911483765
7036035511869246725,19.40741920471192,22.897424697875977,14.141782760620115,-0.5647704005241394,0.3118691444396972,20.67470359802246,20.3767318725586,0.2083333333333333,1.0,1.7105381488800049
7013121880366255365,16.75391960144043,18.431020736694336,13.393084526062012,-1.2787219285964966,0.8842427730560303,16.51713752746582,17.989492416381836,0.8461538461538461,1.0,0.9953051209449768
6969101040918465798,16.556114196777344,17.603313446044922,15.994043350219728,0.4752409756183624,-0.3547351360321045,16.91606903076172,16.070220947265625,0.05,1.0,0.2611988484859466
7532594185912847638,14.409438133239746,14.95046329498291,14.01213264465332,0.4005949199199676,-0.7421135902404785,14.151951789855955,14.293305397033691,0.4117647058823529,1.0,0.188025951385498
7524347836541046038,17.26078987121582,18.76103782653809,15.529664993286133,-0.2838273346424103,-1.2898820638656616,17.851842880249023,15.950716972351074,0.2777777777777778,1.0,0.6068598628044128
7518292077080268054,15.071577072143556,16.896114349365234,13.008499145507812,-0.1926342248916626,-1.4101622104644775,16.21095085144043,14.81684398651123,0.6111111111111112,1.0,0.7012872099876404
7508716246301510914,23.897123336791992,25.197172164916992,22.57157325744629,-0.0895964652299881,-1.7486441135406494,22.61155128479004,25.19051551818848,0.8181818181818182,1.0,0.1693213284015655
7506795063012232470,20.58069229125977,20.749067306518555,20.32427406311035,-0.4914535284042358,-1.3825575113296509,20.396547317504883,20.67221641540528,0.65,1.0,0.0388075187802314
7506217095441435926,15.998987197875977,17.898555755615234,11.964089393615724,-1.0080316066741943,-0.1714916229248047,17.55951499938965,12.565560340881348,0.0625,0.875,0.8028947710990906
7505058159258504470,18.13936996459961,21.080307006835938,16.031152725219727,0.2535247206687927,-0.2817285060882568,18.703752517700195,17.611825942993164,0.1428571428571428,1.0,0.7945457696914673
7502082897935928598,18.233020782470703,23.554031372070312,14.965102195739746,0.7728078961372375,-0.0032501220703125,19.307353973388672,18.7684268951416,0.2692307692307692,1.0,0.9094114899635316
7500926454671232278,16.235307693481445,17.680980682373047,14.401822090148926,-0.1354575455188751,-1.297184944152832,17.409879684448242,17.20098304748535,0.875,1.0,0.8204050660133362
7495455289882184982,18.90705299377441,22.106613159179688,17.94929313659668,1.7709746360778809,1.510404109954834,18.21970558166504,21.459047317504883,0.9375,1.0,0.3483025729656219
7490268698918309142,18.34627151489257,21.509971618652344,13.83371353149414,-0.65581876039505,-1.1001806259155271,20.207612991333008,14.98974609375,0.3214285714285714,1.0,1.2274268865585327
7486391346727537942,17.917348861694336,21.45747756958008,3.844965934753418,-2.8749325275421143,10.289774894714355,12.231226921081545,13.102046966552734,0.6071428571428571,0.9285714285714286,1.790177345275879
7479158367873748246,19.28688240051269,23.52359771728516,13.34364414215088,-0.4963092803955078,-0.6865150928497314,22.03360939025879,18.27413749694824,0.1071428571428571,1.0,1.168418288230896
7478407463675481366,19.710323333740234,23.7675838470459,15.506516456604004,0.0891707390546798,-0.0645856857299804,19.18704414367676,21.86402130126953,0.96,1.0,1.1493980884552002
7472755159945252118,16.505184173583984,25.25039291381836,14.331028938293455,1.898065090179444,3.226897716522217,22.18934631347656,16.015766143798828,0.0909090909090909,1.0,1.1586142778396606
7467247804717550870,17.857961654663086,20.36788558959961,16.510799407958984,0.7084424495697021,-0.12786865234375,19.61966323852539,18.886381149291992,0.0,1.0,0.3644960820674896
7459483581803482390,17.881366729736328,23.03739547729492,12.864832878112791,-0.082255482673645,-1.1281774044036863,16.515153884887695,19.99882698059082,0.96,0.96,1.059758543968201
7457155091238259990,18.413793563842773,21.089523315429688,14.226431846618652,-0.5483769178390503,-0.8619363307952881,20.49511337280273,18.539770126342773,0.0952380952380952,1.0,1.4520281553268433
7455422115802565910,15.285913467407228,17.75528335571289,12.744654655456545,0.3167043626308441,-0.0156691074371337,15.13326358795166,13.977856636047363,0.48,0.96,1.1727229356765747
7450928915159190806,19.067237854003903,22.607009887695312,17.137475967407227,0.9960155487060548,-0.0182654857635498,20.710426330566406,18.61687469482422,0.2777777777777778,1.0,1.1940397024154663
7448354400998853910,17.589221954345703,20.889204025268555,14.635955810546877,0.2395113557577133,-1.0351654291152954,17.715465545654297,19.91819190979004,0.8636363636363636,1.0,0.7520318627357483
7447200750096223510,14.98425006866455,17.92978286743164,13.539917945861816,1.0435794591903689,1.2608280181884766,16.422016143798828,14.92121410369873,0.0,1.0,0.7899647355079651
7446429495948594454,15.180534362792969,17.498912811279297,13.540371894836426,0.5258389711380005,-0.5730631351470947,14.78460693359375,16.636240005493164,0.9047619047619048,1.0,0.520041286945343
7444926040855661846,17.806753158569336,23.736133575439453,12.715683937072754,-0.0110124945640563,-1.1533119678497314,12.928279876708984,17.880901336669922,0.4285714285714285,0.8571428571428571,1.5543748140335083
7443866656956255510,16.884689331054688,19.38035774230957,13.530479431152344,-0.7100100517272949,0.4086830615997314,18.480432510375977,15.259559631347656,0.8,1.0,1.2241754531860352
7440567441777757472,16.576478958129883,17.788034439086914,13.986613273620604,-0.8637109994888306,0.6083416938781738,14.72472858428955,16.097509384155273,0.3666666666666666,1.0,0.5143955945968628
7439661735742557472,15.608600616455078,18.062152862548828,9.465413093566896,-1.3362878561019895,1.0781917572021484,17.454132080078125,15.421853065490724,0.0,0.9,0.7849246263504028
7439269165111725345,16.46198844909668,19.64834976196289,10.652722358703612,-0.9854260087013244,0.238199234008789,18.606632232666016,11.731006622314451,0.6,0.85,1.230813980102539
7436892906801073441,13.590432167053224,18.474390029907227,10.927621841430664,0.8685358166694641,1.518498420715332,11.462519645690918,13.51340389251709,0.4545454545454545,0.6363636363636364,1.2121602296829224
7421851827794152737,19.339948654174805,20.85553550720215,18.10998916625977,0.2519011795520782,-0.8572461605072021,19.70625305175781,19.26374626159668,0.4705882352941176,1.0,0.8589204549789429
7418157210896698657,17.625200271606445,20.03725242614746,16.39727020263672,0.7589579224586487,-0.7898168563842773,17.28944969177246,19.08231544494629,0.5,1.0,0.6491150259971619
7269755991049260320,16.358327865600586,19.09803771972656,13.082406997680664,-0.1251575350761413,-1.028397798538208,18.23493003845215,15.384536743164062,0.2142857142857142,1.0,0.9955373406410216
7253058884762537242,16.93036651611328,18.44057273864746,15.26026439666748,-0.3958176374435425,-0.945397138595581,17.296682357788086,17.589258193969727,0.52,1.0,0.8237738013267517
7252274964206832923,17.484670639038086,20.22422981262207,12.458281517028809,-0.5849857926368713,-0.3819074630737304,17.828908920288086,17.34604835510254,0.2941176470588235,0.9411764705882352,2.44136381149292
7250832194392886554,17.3470401763916,19.97608184814453,14.325313568115234,-0.1468430757522583,-0.3639731407165527,19.493520736694336,17.46989631652832,0.0454545454545454,1.0,1.0453345775604248
7245283945619655963,16.707115173339844,19.975465774536133,13.336783409118652,0.1297253370285034,-1.0875098705291748,9.441424369812012,15.77405834197998,0.32,0.96,2.1178410053253174
7239748390974704922,17.784215927124023,22.584476470947266,14.753925323486328,0.6489749550819397,-1.2115508317947388,16.64427375793457,15.650216102600098,0.4375,1.0,1.3681336641311646
7226711933150432538,16.999401092529297,20.434467315673828,14.4810152053833,0.5144938230514526,-0.814136266708374,17.28636932373047,17.783052444458008,0.9473684210526316,1.0,1.9865131378173828
7202909898219326725,16.079408645629883,19.403377532958984,14.272719383239746,1.3205294609069824,0.2930812835693359,15.162612915039062,18.77277183532715,0.84,1.0,0.5947217345237732
7192172787723783430,18.214649200439453,21.92683792114257,15.38413429260254,0.0790676102042198,-0.8062283992767334,19.477781295776367,18.95486259460449,0.3846153846153846,1.0,1.7206504344940186
7148719596487363845,18.247217178344727,19.45969009399414,17.087059020996094,-0.0406553372740745,-1.3733766078948977,18.314172744750977,17.320720672607422,0.5,1.0,0.5900667905807495
7510326060676975894,19.332338333129883,22.36100959777832,16.179271697998047,-0.2167892307043075,-1.4915554523468018,18.217397689819336,16.281492233276367,0.5333333333333333,1.0,1.139706254005432
7494590607797554454,20.44432258605957,23.51655006408692,17.09183692932129,-0.2921508848667145,-1.3627805709838867,23.037092208862305,21.36964988708496,0.1,1.0,1.1332294940948486
7494205664135236886,19.542724609375,22.1213321685791,13.696834564208984,-1.3767169713974,2.3777432441711426,19.36776161193848,18.79705047607422,0.2777777777777778,1.0,1.699212670326233
7483554122663234838,17.901691436767578,20.703338623046875,15.916791915893556,0.4890273511409759,-1.2950854301452637,16.4234619140625,16.71694564819336,0.4347826086956521,1.0,0.984719216823578
7475642830430522646,18.34712219238281,20.47641944885254,15.861217498779297,-0.249669075012207,-0.9012610912322998,19.53669166564941,17.00539779663086,0.4,1.0,0.8714531064033508
7471186366500539670,16.532175064086914,20.987035751342773,12.20815372467041,0.3892535269260406,-1.19402277469635,13.680689811706545,14.072623252868652,0.1818181818181818,0.9545454545454546,1.5063974857330322
7467520617160396054,16.193004608154297,18.225679397583008,14.649335861206056,0.4216481447219848,-1.5689184665679932,15.99518585205078,17.97385597229004,0.9230769230769232,1.0,0.6922450065612793
7464890614258158870,19.02250099182129,21.93278884887696,14.970909118652344,-0.2147287428379058,-1.0511428117752075,16.927825927734375,19.389801025390625,0.36,1.0,1.222140192985535
7463516081081027862,18.021787643432617,21.310535430908203,14.002869606018066,-0.2766916751861572,-1.3008472919464111,19.46336936950684,16.14800453186035,0.4782608695652174,1.0,1.1200494766235352
7460568175726398742,18.118364334106445,21.22408103942871,14.96535873413086,0.3354880809783935,-0.1610715389251709,17.3796443939209,17.627878189086914,0.6875,1.0,1.170907974243164
7458380266004843798,18.294414520263672,24.065296173095703,12.736077308654783,-0.1370967626571655,-1.2933615446090698,21.082773208618164,22.07723426818848,0.2068965517241379,0.9655172413793104,1.9495716094970703
7456101045601570070,18.481746673583984,21.9066219329834,14.457380294799805,-0.2973032295703888,-0.8595089912414551,15.221636772155762,18.708106994628903,0.45,1.0,0.9152076244354248
7453132168940915991,17.455421447753906,22.68739891052246,13.880963325500488,0.3516592383384704,-0.9461500644683838,14.406481742858888,15.913630485534668,0.1363636363636363,1.0,1.7123956680297852
7453016788465454358,19.578800201416016,22.46698570251465,16.416662216186523,0.0894832983613014,-0.6803185939788818,18.209875106811523,18.394256591796875,0.7407407407407407,1.0,1.2929285764694214
7452742967695002902,16.18897819519043,18.8818416595459,13.204076766967772,-0.0501900538802146,-0.5483360290527344,17.914033889770508,16.71971321105957,0.1428571428571428,1.0,0.8310922980308533
7444856032486116630,18.88845634460449,23.515625,16.996837615966797,1.2813191413879397,0.2724485397338867,20.96634101867676,17.618288040161133,0.2631578947368421,1.0,1.2281326055526731
7439301301864877344,18.83134651184082,22.66326332092285,14.957423210144045,0.0540369749069213,-1.2034199237823486,20.906381607055664,15.152144432067873,0.4,1.0,1.101396560668945
7397696022975188257,19.09032821655273,19.71158790588379,17.725006103515625,-0.93768310546875,-0.5826437473297119,18.13383674621582,19.3313217163086,0.7368421052631579,1.0,0.4948700666427612
7395222817677085985,18.457494735717773,19.75618553161621,16.775447845458984,-0.4008152484893799,-0.977421760559082,17.201013565063477,18.926115036010746,0.5714285714285714,1.0,0.765822172164917
7384844059896057120,17.99479866027832,20.4860897064209,14.408964157104492,-0.304194688796997,-1.3728291988372805,20.12055015563965,17.07803726196289,0.0,1.0,1.2121572494506836
7384476119744974112,18.30036163330078,21.82470321655273,16.382902145385742,0.9022909998893738,1.1464710235595703,18.263442993164062,17.648874282836914,0.4,1.0,1.2424845695495603
7384098121715813664,20.21412467956543,22.377904891967773,17.207199096679688,-0.5275893211364746,0.2055456638336181,19.58271789550781,19.975141525268555,0.064516129032258,1.0,0.8596140146255493
7379994182741429536,18.731075286865234,24.069873809814453,16.15389060974121,1.2530852556228638,0.6121516227722168,17.296829223632812,22.788923263549805,0.9230769230769232,1.0,1.0326790809631348
7371436708778315041,18.87080383300781,20.96540641784668,15.79084587097168,-0.6022543907165527,-0.8460683822631836,18.98712730407715,19.62692070007324,0.1923076923076923,1.0,0.7967168688774109
7369882061445926177,18.5658016204834,22.07880973815918,11.833767890930176,-1.1355900764465332,2.116851806640625,15.291766166687012,18.40477180480957,0.6470588235294118,0.9411764705882352,1.1318690776824951
7361717788299250976,16.347457885742188,18.672361373901367,15.1149320602417,1.247853398323059,0.6662862300872803,16.190866470336914,18.31360626220703,0.8947368421052632,1.0,0.5586333870887756
7351084194061126945,17.717634201049805,20.786113739013672,13.975601196289062,0.0057964269071817,-0.7799851894378662,19.49716758728028,18.33404541015625,0.8888888888888888,1.0,1.0461492538452148
7343665662876781856,16.49278450012207,21.21269416809082,15.142236709594728,2.0536205768585205,4.812300682067871,16.43792724609375,15.809673309326172,0.125,1.0,0.8780781030654907
7333568243367431456,20.27463722229004,22.195499420166016,18.78629493713379,0.2073020786046981,-0.3890657424926758,20.52322006225586,18.9761905670166,0.1764705882352941,1.0,0.66457200050354
7332865581789629729,20.34262466430664,22.92851448059082,17.67924690246582,-0.3125114738941192,-0.9434900283813475,17.97767448425293,20.310041427612305,0.5384615384615384,1.0,0.8500425815582275
7332521954538245408,19.960567474365234,25.60152053833008,16.38333511352539,0.4452033638954162,-0.7429168224334717,17.27617073059082,19.43750190734864,0.8095238095238095,1.0,1.5482686758041382
7325764964172467489,19.39095687866211,21.08210563659668,17.275217056274414,-0.3079450130462646,-1.4411965608596802,17.647045135498047,20.71689987182617,0.8461538461538461,1.0,0.9688370823860168
7282668264617004321,18.756776809692383,22.281206130981445,14.823806762695312,-0.1878025382757187,-0.0581452846527099,18.388362884521484,17.87260627746582,0.1666666666666666,1.0,1.5999926328659058
7273016085954317600,16.886171340942383,19.3366928100586,15.394787788391112,0.5351724624633789,-0.0760238170623779,15.964805603027344,17.384077072143555,0.2068965517241379,1.0,0.6502494812011719
7261658279900744987,16.224191665649414,17.810583114624023,14.363754272460938,-0.0453257486224174,-0.4838478565216064,14.926952362060549,17.347991943359375,0.9285714285714286,1.0,0.49978968501091
7259307845332602139,15.837422370910645,18.82345199584961,11.149547576904297,-0.6767098307609558,0.3711221218109131,15.1265869140625,16.53490447998047,0.1785714285714285,0.9285714285714286,1.140839695930481
7252374564108274970,20.152437210083008,22.439552307128903,18.049692153930664,0.1836561262607574,-0.6533801555633545,20.82085609436035,18.531816482543945,0.1666666666666666,1.0,1.4455208778381348
7252271385467161882,15.97747802734375,17.886430740356445,13.70974349975586,-0.444622665643692,-0.5414648056030273,15.497323036193848,16.547393798828125,0.4210526315789473,1.0,1.149629831314087
7251996103178997018,18.47362899780273,21.550487518310547,16.072267532348633,0.2637071013450622,-0.6317102909088135,17.474327087402344,17.361892700195312,0.4090909090909091,1.0,0.7784208655357361
7249813717225950490,17.374677658081055,18.815439224243164,15.313045501708984,-0.5993680953979492,1.4280366897583008,17.371129989624023,18.28804016113281,0.9473684210526316,1.0,0.4701486229896545
7249677053153283354,17.32246208190918,19.65432548522949,14.65917682647705,-0.4281704723834991,-0.5503976345062256,15.188801765441896,17.581151962280273,0.35,1.0,0.9129281044006348
7249312172956732698,15.137462615966797,20.502891540527344,12.766510009765623,1.424573540687561,0.9060630798339844,13.567540168762209,20.044172286987305,0.96,0.84,0.5732149481773376
7246805127942737178,19.45706367492676,20.577789306640625,17.370336532592773,-0.7862565517425537,0.3982076644897461,19.94235038757324,19.51177215576172,0.2142857142857142,1.0,0.6012555360794067
7246672390841715995,19.47901153564453,22.94655036926269,16.98296546936035,0.2271885126829147,-1.2167567014694214,17.306089401245117,19.516786575317383,0.5,1.0,0.8289588093757629
7246343164108295450,18.728837966918945,20.618093490600582,16.670631408691406,-0.0563529580831527,-1.330916404724121,18.845184326171875,18.426115036010746,0.2941176470588235,1.0,1.4279323816299438
7246301041979886875,18.478031158447266,20.07844924926757,16.349796295166016,-0.6829315423965454,0.1182053089141845,18.226991653442383,18.73462677001953,0.7619047619047619,1.0,0.5332252383232117
7245182525016935707,17.84445571899414,20.70173072814941,12.048176765441896,-1.3798993825912476,0.8844964504241943,17.384767532348633,19.86933326721192,0.4,0.8666666666666667,1.7009809017181396
7244559099352976666,17.643251419067383,21.952442169189453,13.88119888305664,-0.0056109917350113,-0.109926700592041,10.61458683013916,18.38806915283203,0.8461538461538461,0.7692307692307693,6.399145126342773
7242237385772240155,17.964006423950195,19.3593807220459,16.488651275634766,0.0099350698292255,-1.2946118116378784,17.076454162597656,18.829071044921875,0.9166666666666666,1.0,0.5354633331298828
7241878874672385306,17.380245208740234,18.712512969970703,15.868386268615724,-0.1714365482330322,-1.4373466968536377,18.23749542236328,16.04139518737793,0.2142857142857142,1.0,0.3147558867931366
7236674356540165402,17.4376277923584,20.62544822692871,15.275785446166992,0.612429678440094,-0.4768426418304443,16.468584060668945,16.224897384643555,0.5454545454545454,1.0,0.7598127722740173
7221070563538717957,18.859766006469727,19.833473205566406,16.789398193359375,-1.0402157306671145,-0.0653810501098632,19.105382919311523,18.02119445800781,0.5384615384615384,1.0,0.8518692851066589
7216240671097736454,22.05628967285156,25.809350967407227,18.345123291015625,0.3119509816169739,-0.6860969066619873,25.56147766113281,21.46729278564453,0.0555555555555555,1.0,0.841188907623291
7216007272311344390,18.902099609375,24.41561508178711,15.32893180847168,0.7518782019615173,1.385267734527588,18.1854305267334,18.56804084777832,0.4516129032258064,1.0,1.3865435123443604
7215611067286703366,19.44740295410156,21.81237030029297,14.38882827758789,-1.104199767112732,0.3749608993530273,14.640727043151855,21.124929428100582,0.1481481481481481,1.0,1.0026148557662964
7210806075354811654,16.974946975708008,19.981857299804688,13.14222240447998,-0.1408979743719101,-1.1182730197906494,19.318586349487305,17.230588912963867,0.08,1.0,1.2384835481643677
7205961411942468870,18.210412979125977,22.52259063720703,14.294137001037598,0.3144252002239227,0.2321474552154541,18.813520431518555,20.632532119750977,0.1666666666666666,1.0,1.6913461685180664
7205134218328902917,17.610424041748047,21.529953002929688,14.737839698791504,0.4663183689117431,0.062640905380249,16.855880737304688,18.48243904113769,0.8,1.0,0.7648558020591736
7191896362630302981,17.974279403686523,21.994638442993164,15.370891571044922,0.2403197288513183,-0.8686234951019287,15.529980659484863,18.319860458374023,0.7727272727272727,1.0,1.3592053651809692
7190655063470116101,17.574687957763672,20.229293823242188,15.09740161895752,0.2415671795606613,-1.167021632194519,17.488317489624023,19.56595230102539,0.7692307692307693,1.0,0.978610336780548
7176549919933664517,19.46361351013184,20.67132377624512,17.496646881103516,-0.7087329626083374,-0.2659420967102051,18.80875968933105,19.113636016845703,0.5625,1.0,0.750774621963501
7164417550791494918,16.28648567199707,20.084774017333984,12.840869903564451,-0.2038071155548095,-1.276273488998413,16.9564266204834,12.841259956359863,0.6896551724137931,0.7931034482758621,1.2192636728286743
7163942959916895493,17.82538604736328,20.329345703125,16.212600708007812,0.6071852445602417,-0.3014430999755859,16.904624938964844,17.70110511779785,0.3076923076923077,1.0,1.1472352743148804
7161307348827426053,21.859703063964844,22.354639053344727,20.107696533203125,-2.679294347763061,7.704018592834473,21.227678298950195,21.622350692749023,0.6190476190476191,1.0,0.2182209938764572
7158890098770119942,17.367897033691406,22.17336845397949,13.539278030395508,0.4114491939544678,-0.3474552631378174,17.135709762573242,20.9404296875,0.9230769230769232,1.0,1.878989577293396
7152911692282809606,17.787858963012695,20.62703514099121,15.738758087158203,0.4887323081493377,-0.8314235210418701,17.46312141418457,18.297697067260746,0.8,1.0,0.9054612517356871
7137955446320565510,17.916828155517578,23.16668701171875,14.463379859924316,0.4918772876262665,-0.8252341747283936,21.71396446228028,18.29136848449707,0.0689655172413793,1.0,1.780350923538208
7125703838497131781,18.827634811401367,20.517114639282227,16.262922286987305,-0.6007103323936462,-0.7703192234039307,18.77998924255371,20.0630111694336,0.8333333333333334,1.0,0.7424845695495605
7115325407318052102,16.004497528076172,16.98017692565918,14.730754852294922,-0.224671334028244,-1.5375983715057373,15.00917148590088,16.210355758666992,0.2941176470588235,1.0,0.6819571256637573
7114675214583155973,15.560440063476562,19.38655471801757,13.967226028442385,0.9158275127410888,0.2063171863555908,16.34754753112793,14.869312286376951,0.2083333333333333,1.0,0.4418306350708008
7114309168302984454,18.854541778564453,20.40715980529785,17.365541458129883,0.0707175210118293,-1.2522106170654297,20.166648864746094,18.25322151184082,0.08,1.0,0.4034717082977295
7110099088661548293,17.26496124267578,19.629568099975582,14.448110580444336,-0.1606919169425964,-0.7184898853302002,16.47190284729004,19.27723693847656,0.8620689655172413,1.0,1.052776336669922
7107863534549110022,19.818035125732425,21.22251319885254,18.35572624206543,-0.3298824429512024,-0.8433747291564941,19.862207412719727,20.01705741882324,0.52,1.0,0.8101739287376404
7096387117462359302,17.721651077270508,20.31523323059082,14.629528045654297,0.0102659044787287,-0.9998321533203124,18.43508720397949,17.64029884338379,0.1666666666666666,1.0,1.2046066522598269
7094149805496159494,18.64055824279785,20.539520263671875,16.044879913330078,-0.1594487428665161,-0.861701488494873,17.88623809814453,20.27276611328125,0.2,1.0,0.8154110312461853
7091569180054490373,16.9298038482666,21.92654609680176,13.196317672729492,0.4781462848186493,-0.6417827606201172,16.01365852355957,17.176748275756836,0.2727272727272727,1.0,2.4742181301116943
7085631257542954246,17.68967628479004,19.89372062683105,15.28915786743164,-0.0501325875520706,-1.2645107507705688,19.469873428344727,17.165550231933594,0.1428571428571428,1.0,0.9673133492469788
7080545682058169605,19.508174896240234,25.34225082397461,16.564699172973633,1.0296651124954224,0.678415060043335,19.89884376525879,23.5679988861084,0.9,1.0,1.258366346359253
7076134412487855366,20.5500602722168,22.525754928588867,17.441295623779297,-0.710591197013855,-0.3206560611724853,21.89242553710937,21.463781356811523,0.8666666666666667,1.0,1.111918807029724
7072774694214044934,18.74612236022949,25.69576835632324,15.873008728027344,1.669448733329773,3.0921783447265625,19.1798095703125,17.738378524780273,0.8,1.0,1.525459051132202
7070176633931549958,17.149812698364258,19.37926483154297,15.06466293334961,0.2074012756347656,-1.0541876554489136,17.62899398803711,17.837156295776367,0.8235294117647058,1.0,1.2371501922607422
7069805338601606406,17.051443099975586,20.333324432373047,14.550592422485352,0.5109379887580872,-0.4437742233276367,17.342864990234375,19.972883224487305,0.9583333333333334,1.0,1.0415267944335938
7067959925141474565,18.004051208496094,20.28173446655273,16.392671585083008,0.4772831201553345,-0.1239020824432373,18.12478446960449,19.157724380493164,0.88,1.0,0.8945334553718567
7067578500101803269,18.81912422180176,21.021709442138672,16.601726531982422,0.1173399090766906,-0.7884869575500488,18.9454288482666,19.269834518432617,0.6,1.0,1.2218009233474731
7057846707651939590,20.3173828125,22.046018600463867,18.236196517944336,0.057251714169979,-1.2595927715301514,20.26857566833496,19.171857833862305,0.1578947368421052,1.0,0.5362603068351746
7051617295818362117,17.3019962310791,20.51881980895996,14.09814167022705,-0.4440864026546478,-0.0263495445251464,16.58562660217285,17.65575408935547,0.4285714285714285,1.0,1.0913411378860474
7040071170363788550,17.016679763793945,21.07637596130371,14.343899726867676,0.2361797392368316,-1.0377321243286133,16.483503341674805,15.040499687194824,0.1153846153846153,1.0,1.1077377796173096
7036282180816932102,18.40812873840332,21.51529121398925,14.79364013671875,-0.1254319995641708,-0.3513510227203369,17.874969482421875,17.25018310546875,0.1428571428571428,1.0,1.498540282249451
6944298636553604358,19.12084197998047,23.1032943725586,16.414871215820312,0.6515077948570251,1.1517596244812012,18.95488929748535,18.008331298828125,0.7692307692307693,1.0,1.2509996891021729
6943534360066804998,17.756542205810547,19.47547721862793,15.71147918701172,-0.2647377848625183,-1.190545916557312,18.35405921936035,18.796958923339844,0.2352941176470588,1.0,1.1186637878417969
6940187794534960389,21.96023178100586,22.78612518310547,20.44178771972656,-1.0143101215362549,0.0948402881622314,22.15459632873535,22.096227645874023,0.0476190476190476,1.0,0.5119562149047852
6919872357288971521,18.31717300415039,22.69761848449707,15.715460777282717,0.5714353919029236,-0.5774433612823486,16.259323120117188,17.43535041809082,0.5333333333333333,1.0,1.408898949623108
7597370054556011798,17.870264053344727,18.31991004943848,16.962120056152344,-1.0778601169586182,-0.3348696231842041,18.075454711914062,18.21589469909668,0.8181818181818182,1.0,0.3207162320613861
7591860205567151382,18.31050682067871,22.537256240844727,14.033563613891602,0.0186012629419565,-1.203649640083313,16.316015243530273,15.64323902130127,0.5833333333333334,1.0,1.2335896492004397
7590299923803884803,18.768028259277344,21.88348197937012,14.922508239746094,-0.3605565726757049,-0.445035457611084,16.274423599243164,16.429136276245117,0.5555555555555556,1.0,0.8704452514648438
7587833111010954518,20.268293380737305,23.747146606445312,18.00661849975586,0.6423685550689697,-0.982795476913452,20.20052719116211,18.23953056335449,0.3,1.0,0.5900824666023254
7587702184708558102,19.803163528442383,22.643524169921875,16.55035972595215,-0.2111940681934356,-1.183448076248169,17.559911727905273,20.7200927734375,0.6818181818181818,1.0,1.0874242782592771
7586610643130764566,17.642000198364258,18.55658721923828,16.821809768676758,0.0850948244333267,-1.7779356241226196,16.985015869140625,18.410362243652344,0.9545454545454546,1.0,0.1971940547227859
7580401530428394775,19.110843658447266,21.717443466186523,15.005093574523926,-1.076449632644653,0.9182558059692384,19.09935760498047,19.56984519958496,0.5925925925925926,1.0,1.2013976573944092
7579238923172547842,15.856682777404783,18.20751571655273,11.315255165100098,-1.2969372272491455,1.2947568893432615,13.908211708068848,15.991302490234377,0.7096774193548387,0.935483870967742,0.672283947467804
7572235624627899670,18.2128963470459,21.868364334106445,13.285472869873049,-0.1650141328573227,-0.6525321006774902,15.922892570495604,17.56698989868164,0.5151515151515151,1.0,2.3345847129821777
7572223162520177942,17.172103881835938,19.40950393676757,14.606279373168944,0.0108444606885313,-1.414011001586914,16.1210880279541,17.878873825073242,0.631578947368421,1.0,0.7572805881500244
7572210786991344918,17.293973922729492,21.01526641845703,14.27643585205078,0.5281784534454346,0.2068824768066406,15.98912525177002,16.328903198242188,0.7333333333333333,1.0,1.1854486465454102
7572210750937107734,17.356250762939453,21.590763092041016,14.554654121398926,0.7896895408630371,0.3749110698699951,17.525487899780273,17.674009323120117,0.7,1.0,1.404815435409546
7569964600523853078,15.748921394348145,18.49836158752441,13.37139129638672,0.1999041885137558,-0.2232723236083984,15.390151023864746,15.016087532043455,0.5238095238095238,1.0,0.682228684425354
7565230748026899734,20.49477195739746,23.69133377075196,15.556139945983888,-0.1971474140882492,-1.0816650390625,18.489727020263672,20.09905242919922,0.3461538461538461,1.0,0.9649725556373596
7558085942557347094,18.54087829589844,20.798370361328125,16.77582359313965,0.5072982311248779,-0.9021272659301758,19.76020240783692,18.76445579528809,0.75,1.0,0.5103392601013184
7556260834817723670,18.067657470703125,18.64034652709961,16.58087921142578,-1.3683449029922483,0.8325850963592529,16.763376235961914,17.79878807067871,0.4166666666666667,1.0,0.2105108350515365
7555760932794764566,18.813873291015625,21.83526992797852,15.75361156463623,0.5391323566436768,-0.3349604606628418,17.354257583618164,18.857078552246094,0.4782608695652174,1.0,1.3773603439331057
7554403190200945942,17.840517044067383,19.232574462890625,16.809856414794922,0.7101431488990784,-0.7063381671905518,17.69773292541504,17.298303604125977,0.4090909090909091,1.0,0.3137290477752685
7553663983383858454,15.287467002868652,17.513748168945312,10.349494934082031,-1.4728928804397583,3.076068878173828,13.642901420593262,15.85480499267578,0.52,0.96,0.7482808232307434
7549175046128831766,17.512359619140625,18.63722801208496,16.39297866821289,0.2629589140415191,-0.9491324424743652,17.729219436645508,17.81797218322754,0.2,1.0,0.6574440002441406
7547707789863406870,17.87516212463379,22.19371032714844,9.43608856201172,-1.0490742921829224,0.2371914386749267,20.59980583190918,16.515748977661133,0.2,0.9,1.6640853881835938
7542515768215211286,16.546283721923828,19.798002243041992,14.692248344421388,1.0377178192138672,1.308527946472168,18.442094802856445,16.298093795776367,0.0,1.0,0.7181326746940613
7538370537211432214,16.657258987426758,18.707305908203125,12.03750705718994,-1.143402934074402,0.0447876453399658,18.36329460144043,14.236371040344238,0.0416666666666666,0.9166666666666666,0.6815921068191528
7538076349500689666,17.118640899658203,20.53536605834961,13.412031173706056,-0.2042696624994278,-1.0316630601882937,15.870834350585938,17.33881950378418,0.3928571428571428,1.0,2.0105843544006348
7535840388725378306,18.60994529724121,20.97244453430176,17.091371536254883,0.8777474761009216,0.5198824405670166,17.414499282836914,18.596330642700195,0.3333333333333333,1.0,0.4208321869373321
7529912051498552598,18.38192749023437,20.762348175048828,15.941990852355955,0.005828816909343,-1.0992374420166016,20.160818099975582,17.86444854736328,0.1481481481481481,1.0,0.9892638921737672
7528398053666016534,17.864986419677734,19.177743911743164,15.207674026489258,-1.4311392307281494,2.069664478302002,18.51627540588379,17.6173152923584,0.2962962962962963,1.0,0.5003483295440674
7523190975850679554,17.329113006591797,21.656557083129883,12.093831062316896,-0.134335771203041,-1.5588728189468384,13.51715087890625,19.27837371826172,0.6,0.9333333333333332,1.0571482181549072
7518400955877199127,16.95475959777832,19.17022705078125,14.79923152923584,-0.0630557984113693,-1.020695447921753,17.874608993530273,15.481518745422363,0.5384615384615384,1.0,0.9539581537246704
7517305745210232086,16.207489013671875,17.97739028930664,15.057432174682615,0.4489584565162658,-1.064867615699768,17.74201774597168,15.96737575531006,0.0416666666666666,1.0,0.5467134714126587
7516934430083091734,17.684677124023438,20.57784652709961,13.505986213684082,-0.4863108098506927,-0.617525577545166,16.5971736907959,19.555652618408203,0.217391304347826,1.0,0.9823997616767884
7515834191922072854,16.872005462646484,18.54959487915039,14.639995574951172,-0.5568394064903259,1.348379135131836,17.56925392150879,17.178298950195312,0.1052631578947368,1.0,0.8281271457672119
7514700901009886486,17.993371963500977,22.001220703125,16.036354064941406,1.4254779815673828,1.0416741371154783,20.177574157714844,17.502058029174805,0.1538461538461538,1.0,1.193376898765564
7512478582627732758,18.510717391967773,19.73232078552246,17.408565521240234,-0.0856443345546722,-0.0747742652893066,18.491188049316406,18.22867012023925,0.4736842105263157,1.0,0.4796769917011261
7508723396641852694,16.970542907714844,19.938465118408203,14.550537109375,0.2013430148363113,-0.3628425598144531,17.935434341430664,15.481593132019045,0.238095238095238,1.0,1.0629583597183228
7506824474902433026,16.486909866333008,18.97195625305176,15.03580379486084,0.746091902256012,0.6661081314086914,16.764436721801758,15.797698974609377,0.625,1.0,0.8909558057785034
7500939642972212502,17.79397964477539,19.593582153320312,14.838912963867188,-0.6873993873596191,-0.5133717060089111,15.414546012878418,17.336416244506836,0.25,1.0,0.7334269285202026
7491219464474856727,12.69825839996338,13.88882541656494,11.474722862243652,-0.1764724552631378,-0.9955925941467284,12.721450805664062,11.643168449401855,0.4,0.4,0.3599238991737366
7486043762590895382,19.028318405151367,21.640480041503903,14.535120010375977,-0.5258640050888062,-0.8184022903442383,15.290176391601562,17.36048698425293,0.48,1.0,0.5162045359611511
7483888039303843094,14.048174858093262,15.44313621520996,11.847211837768556,-0.8986408710479736,-0.7653093338012695,14.626171112060549,13.930947303771973,0.2857142857142857,0.75,0.8027262091636658
7483430893965626646,18.322322845458984,18.4124813079834,18.22173309326172,-0.0063464078120887,-1.8259702920913696,18.30177116394043,18.260541915893555,0.7,1.0,0.0302566736936569
7479068329584364823,18.13849449157715,21.142810821533203,15.37277889251709,-0.0026530344039201,-1.3750357627868652,19.193613052368164,16.023942947387695,0.1666666666666666,1.0,0.710871160030365
7477287305078934786,19.1213436126709,23.428089141845703,16.7237548828125,0.6900025606155396,-0.7674417495727539,17.64955711364746,20.46540260314941,0.7333333333333333,1.0,1.0803126096725464
7475273206497086742,18.28951835632324,20.682870864868164,14.294595718383787,-0.718609631061554,0.1964540481567382,19.304275512695312,19.286630630493164,0.9310344827586208,1.0,1.5200284719467163
7474850979473640726,17.434934616088867,21.3774356842041,13.883143424987791,0.0019702240824699,-1.4139939546585083,19.317102432250977,19.26850128173828,0.8823529411764706,1.0,1.589161992073059
7473874393719000342,18.802366256713867,19.54400062561035,17.818878173828125,-0.192297875881195,-1.2250608205795288,18.93659210205078,18.376144409179688,0.3333333333333333,1.0,0.2581287920475006
7467999174936644886,18.15844917297364,18.955698013305664,16.982118606567383,-0.6884867548942566,-0.3251111507415771,18.77742958068848,18.527496337890625,0.0,1.0,0.2588069438934326
7467185543240109345,17.29819107055664,18.081743240356445,16.681795120239258,0.3546505570411682,-0.4753322601318359,17.379179000854492,17.254411697387695,0.3181818181818182,1.0,0.4293621480464935
7466084820825787680,16.283226013183594,20.05027961730957,12.508349418640137,0.2919077575206756,1.3675198554992676,15.76791000366211,14.529547691345217,0.4137931034482758,0.9655172413793104,0.8830851316452026
7465291116045208865,17.06774139404297,21.826719284057617,13.846625328063965,1.0359984636306765,1.5162315368652344,16.89422607421875,15.617191314697266,0.2666666666666666,1.0,1.4665064811706543
7464875419959921952,19.08307647705078,22.1323471069336,16.9007568359375,0.4521829485893249,-1.310349702835083,21.33329963684082,18.00860023498535,0.1666666666666666,1.0,0.6047675013542175
7459384907962305825,15.960659980773926,16.515213012695312,15.1686429977417,-0.1760473549365997,-0.427509069442749,15.89490032196045,16.37135124206543,0.8421052631578947,1.0,0.381253719329834
7447515391426825504,18.84577178955078,22.78524398803711,15.65099048614502,0.2447951734066009,-1.2502660751342771,16.74578857421875,21.49284172058105,0.9230769230769232,1.0,1.4600396156311035
7444957131670949142,18.667335510253903,20.16556930541992,16.57781982421875,-0.7105147838592529,-0.0386459827423095,19.8237361907959,17.81439971923828,0.0,1.0,0.7439310550689697
7444192177149742358,17.824913024902344,18.332704544067383,17.347972869873047,0.1891381591558456,-0.8146162033081055,17.57417869567871,18.19904518127441,0.9047619047619048,1.0,0.2088595330715179
7439254923365059873,19.13138008117676,23.34199523925781,15.92721462249756,0.1174976676702499,-1.3284542560577393,19.700420379638672,21.066938400268555,0.4,1.0,0.9700445532798768
7437476740533865761,15.847355842590332,19.27471351623535,13.44745635986328,0.3473642468452453,0.1068582534790039,14.026405334472656,15.324311256408691,0.5833333333333334,1.0,0.8916392922401428
7431201197672975648,22.652585983276367,24.40878677368164,20.79289436340332,-0.1576708406209945,-0.690706729888916,22.63414001464844,22.93193244934082,0.2857142857142857,1.0,0.5476624369621277
7429721456851864864,16.44666862487793,18.684131622314453,14.742353439331056,0.3616385757923126,-1.0777662992477417,17.513883590698242,16.178319931030273,0.6842105263157895,1.0,1.3274487257003784
7426709076924484897,16.058452606201172,18.69012451171875,13.320633888244627,0.0835537835955619,-0.2283923625946045,18.083023071289062,14.685162544250488,0.0434782608695652,1.0,1.0098471641540527
7425904564697632032,16.82058334350586,21.235763549804688,11.141359329223633,-0.2902058959007263,-0.6076433658599854,18.411943435668945,20.18180274963379,0.0,0.90625,2.032623052597046
7415546238927523104,17.559093475341797,18.88676643371582,16.17888069152832,0.3043991923332214,-0.5327999591827393,17.104352951049805,17.61353874206543,0.3333333333333333,1.0,0.43319833278656
7402923905754746145,18.083017349243164,20.24150657653809,15.759529113769531,-0.1233273446559906,-1.4332096576690674,17.974273681640625,19.51174736022949,0.7222222222222222,1.0,0.5374258756637573
7401059521860209952,17.27915382385254,19.60655403137207,15.290397644042969,0.3702876567840576,-0.0130431652069091,16.967880249023438,17.761268615722656,0.2142857142857142,1.0,0.8863933682441711
7400010201476123937,18.313127517700195,21.01621437072754,15.951563835144045,0.326602578163147,-0.850609540939331,20.67806434631348,16.320945739746094,0.05,1.0,0.7596377730369568
7396981634572078369,17.3438663482666,19.549135208129883,13.028810501098633,-0.804530143737793,0.4885411262512207,16.98101806640625,19.28558158874512,0.8235294117647058,1.0,1.010671854019165
7396708038398266656,18.48773002624512,20.13554954528809,16.231121063232422,-0.5590932965278625,-0.2056074142456054,18.90108108520508,18.87331962585449,0.9666666666666668,1.0,0.8586483597755432
7394757283214806305,16.779430389404297,19.7675838470459,13.28571319580078,-0.1233582571148872,-1.2753219604492188,17.6938419342041,14.778446197509766,0.4285714285714285,1.0,1.1692687273025513
7393953054967581985,13.902887344360352,16.009143829345703,12.17752742767334,0.4409528076648712,-0.3659899234771728,13.951762199401855,15.35510540008545,0.9230769230769232,0.8461538461538461,0.5851922035217285
7393260705048268065,15.419022560119627,15.5289888381958,15.086041450500488,-1.401514172554016,0.0019059181213378,15.1067476272583,15.502192497253418,0.2857142857142857,1.0,0.0422090366482734
7392879054988397856,15.724328994750977,18.84551048278809,12.476215362548828,0.1165438443422317,-1.197097897529602,13.82436466217041,18.135177612304688,0.96,0.96,0.9427273869514464
7388136382436281633,17.549243927001953,21.139631271362305,13.042441368103027,-0.442030668258667,-0.8663687705993652,18.3458309173584,16.25257110595703,0.3043478260869565,1.0,1.4258880615234375
7385258008760028448,15.340631484985352,17.040321350097656,13.924243927001951,0.2221028357744217,-0.5802569389343262,16.041685104370117,15.704681396484377,0.7619047619047619,1.0,0.8176566958427429
7382840415893998880,13.914225578308104,17.2758731842041,10.667398452758787,0.0637951046228408,-1.41036057472229,16.58831214904785,12.55797290802002,0.0,0.5555555555555556,0.7715415358543396
7381446389819018529,18.12946891784668,18.90336036682129,17.571043014526367,0.5334857702255249,-0.843472957611084,17.92305564880371,18.75743293762207,0.8421052631578947,1.0,0.3255826234817505
7369943098031443233,15.814839363098145,16.600387573242188,14.896878242492676,-0.4077399373054504,-0.4537029266357422,15.949267387390137,15.195055961608888,0.5652173913043478,1.0,0.1818408071994781
7357327030335114528,20.40406036376953,21.43320083618164,18.555614471435547,-1.1001930236816406,0.4995875358581543,19.50993537902832,20.62327766418457,0.25,1.0,0.5441002249717712
7355500880721939744,16.996063232421875,20.20711326599121,13.29251194000244,-0.0568991526961326,-1.3486618995666504,17.6805477142334,15.186901092529297,0.1818181818181818,1.0,0.8544491529464722
7354375095868984608,20.758604049682617,23.57660675048828,16.803897857666016,-0.4161306321620941,-1.3343486785888672,22.50666236877441,19.98275184631348,0.3333333333333333,1.0,0.9907910227775574
7350265065762819360,18.26656723022461,21.48345947265625,15.710437774658203,0.2190784066915512,-1.3902441263198853,15.83245086669922,20.96008682250977,0.85,1.0,0.4792429208755493
7348433044216253729,15.20945930480957,17.868562698364258,13.166115760803224,0.3115474879741668,-1.1215885877609253,14.283084869384766,15.315750122070312,0.84,1.0,0.7930450439453125
7345082142235413793,15.07089138031006,16.623491287231445,13.8272705078125,0.4003267884254455,-0.6085820198059082,15.551411628723145,15.700523376464844,0.8518518518518519,1.0,0.474623829126358
7344271684406349088,17.237552642822266,22.32309341430664,14.732239723205566,0.9220523238182068,1.4700312614440918,17.85076332092285,16.196393966674805,0.2857142857142857,1.0,0.917102038860321
7342531903209114913,16.31143569946289,18.51589775085449,14.7954683303833,0.4900020658969879,-0.7846460342407227,17.724679946899414,16.33228302001953,0.0,1.0,0.4252736866474151
7342403362714914080,16.101898193359375,20.940723419189453,11.321633338928224,0.5007322430610657,0.5509181022644043,16.158090591430664,19.1980037689209,0.96,0.96,1.5573803186416626
7340682108735671584,17.93113899230957,20.219676971435547,16.28645896911621,0.3915235996246338,-1.011635184288025,16.5512752532959,17.903528213500977,0.3333333333333333,1.0,0.6571555137634277
7338384626773216545,16.844572067260742,20.847301483154297,13.187193870544434,0.110213927924633,-1.251753807067871,14.84179401397705,18.550111770629883,0.7391304347826086,1.0,1.4832534790039062
7337687297132973344,15.13746166229248,18.461654663085938,12.610594749450684,0.2562400698661804,-0.9605953693389891,17.222293853759766,13.03709888458252,0.1666666666666666,0.9166666666666666,0.929495096206665
7337328365147295009,19.43174171447754,21.29964828491211,16.63227653503418,-0.5686475038528442,-0.5941145420074463,19.321224212646484,20.98112678527832,0.9047619047619048,1.0,0.7390958666801453
7336662438282120481,17.80413055419922,20.375465393066406,16.116601943969727,0.6837432384490967,-0.4047803878784179,19.80073356628418,16.795005798339844,0.0,1.0,0.4588363170623779
7336480513269583136,18.463468551635746,22.56399154663086,15.088531494140623,0.5047417879104614,-0.8757274150848389,14.874337196350098,18.24872779846192,0.0714285714285714,0.9285714285714286,3.072737216949463
7336193209883839776,18.96796989440918,21.288782119750977,16.531064987182617,0.3333846926689148,0.3302760124206543,18.595069885253903,18.91722679138184,0.7368421052631579,1.0,0.8349660038948059
7335348681832418593,13.659628868103027,16.724443435668945,11.87091827392578,0.6175050139427185,-0.8759362697601318,13.69158935546875,16.406126022338867,0.9545454545454546,0.5909090909090909,0.4545114934444427
7335020484637068576,18.0722770690918,23.75282287597656,14.913959503173828,0.5440161228179932,-0.907384157180786,15.35996913909912,18.5969295501709,0.5666666666666667,1.0,0.8177179098129272
7333604507793853728,13.711675643920898,15.43563175201416,11.68635082244873,-0.1254497468471527,-0.5548911094665527,14.498040199279783,13.477730751037598,0.52,0.84,0.8685337901115417
7332775399883033888,14.940119743347168,15.62347412109375,14.163923263549805,-0.2103966474533081,0.8438117504119873,14.941851615905762,14.996188163757324,0.36,1.0,0.2933686673641205
7332156358902500640,19.2461051940918,20.712230682373047,17.67119026184082,-0.1223131492733955,0.4222745895385742,18.557985305786133,19.37734603881836,0.6,1.0,0.6037272214889526
7331017914612567329,13.612967491149902,16.36272621154785,8.744829177856445,-0.4259655773639679,-1.2356135845184326,14.616368293762209,11.306572914123535,0.3809523809523809,0.5714285714285714,0.7044302225112915
7329087770905840928,16.552854537963867,18.178089141845703,13.634215354919434,-0.5669395923614502,-0.8098611831665039,17.822641372680664,15.37384033203125,0.0,1.0,0.4544095695018768
7327632037437820193,8.171640396118164,10.99567413330078,5.857327461242676,0.1235379427671432,-1.3241298198699951,6.198415279388428,9.177020072937012,0.12,0.0,0.9316112399101256
7326887540705873185,15.621504783630373,19.78385162353516,13.278238296508787,0.7459534406661987,-0.6293771266937256,13.410144805908203,15.581870079040527,0.3214285714285714,1.0,1.741409420967102
7324339550283664672,18.92880630493164,23.840805053710938,16.615036010742188,1.0519671440124512,2.188349723815918,21.688194274902344,17.305877685546875,0.0,1.0,1.236685276031494
7323194315415588129,18.13874244689941,20.0085678100586,15.360650062561035,-0.1745631694793701,-1.352263331413269,18.23826026916504,19.77570152282715,0.7142857142857143,1.0,0.7397162318229675
7322866542985710881,16.667190551757812,18.3572998046875,15.590513229370115,0.5248782634735107,-0.087116003036499,16.923582077026367,17.774938583374023,0.8947368421052632,1.0,0.3770008087158203
7321969929564065057,15.741143226623535,16.971887588500977,14.36655330657959,0.2567183673381805,-0.6347084045410156,16.32990074157715,15.421175956726074,0.3666666666666666,1.0,0.603816568851471
7318769443222359329,14.178017616271973,16.147216796875,12.123316764831545,0.1676003485918045,-0.9654483795166016,14.06024932861328,13.448471069335938,0.2666666666666666,0.8,1.045239806175232
7318026666939256096,19.463733673095703,22.023334503173828,17.421045303344727,0.2870503962039947,-0.9364750385284424,18.28119659423828,20.16032218933105,0.8,1.0,0.7691750526428223
7317653042533305633,16.35032844543457,23.49959373474121,8.133209228515625,-0.5057509541511536,-0.6575446128845215,17.233415603637695,12.9597749710083,0.5454545454545454,0.8181818181818182,3.094112634658813
7317290713673190688,14.594797134399414,18.26836585998535,10.53978157043457,-0.1583270132541656,-0.7603895664215088,14.755366325378418,11.72742748260498,0.5909090909090909,0.7272727272727273,1.1970384120941162
7316431760194096416,19.25732612609864,22.29258728027344,16.667869567871094,0.0564832985401153,-0.9444892406463624,18.655038833618164,18.87166404724121,0.28,1.0,1.8808566331863403
7314335987033738528,17.203022003173828,19.66061210632324,13.343880653381348,-0.4839385449886322,-1.486084222793579,19.27731132507324,13.505331993103027,0.1875,1.0,0.4789846539497375
7314256868556213537,18.4915828704834,21.664018630981445,15.802136421203612,0.3259957730770111,-0.3915131092071533,17.441076278686523,19.80413246154785,0.6,1.0,1.0681511163711548
7310606511775026464,13.7285795211792,15.876441955566406,12.490767478942873,0.8150964975357056,-0.2747128009796142,15.088330268859863,14.372735023498535,0.0,0.7083333333333334,0.6845795512199402
7308389510113512737,18.473312377929688,20.976947784423828,16.3314266204834,0.1773327440023422,0.0143370628356933,18.42234992980957,17.605789184570312,0.5909090909090909,1.0,1.447266697883606
7306457226254781729,17.139986038208008,18.1412353515625,15.83248233795166,-0.4087899327278137,-1.0151647329330444,17.549558639526367,17.67205238342285,0.125,1.0,0.4131459593772888
7304693853758491936,18.559595108032227,21.404991149902344,15.295465469360352,-0.0136289568617939,-1.6377416849136353,19.547452926635746,16.760452270507812,0.2962962962962963,1.0,0.5329472422599792
7302352085796916513,15.76506233215332,17.779115676879883,14.621970176696776,0.6017574071884155,1.8257923126220703,15.81585693359375,16.599838256835938,0.9130434782608696,1.0,0.6805185675621033
7297157611294706976,19.69904899597168,20.974958419799805,17.698734283447266,-0.5898237228393555,-1.0805057287216189,20.388994216918945,18.646528244018555,0.4666666666666667,1.0,0.4340650141239166
7296501143700606241,18.778959274291992,20.346433639526367,16.557376861572266,-0.5654574036598206,-0.8379261493682861,19.657808303833008,16.864225387573242,0.32,1.0,0.3286372721195221
7277906809787059489,17.291746139526367,18.852384567260746,16.526403427124023,0.8613667488098145,-0.4682021141052246,17.835481643676758,16.792936325073242,0.3809523809523809,1.0,0.6929665803909302
7261564389075995930,17.37008285522461,22.825138092041016,15.317251205444336,1.4878605604171753,1.1393108367919922,16.396657943725586,21.02077293395996,0.76,1.0,1.0091928243637085
7261562285791956251,19.78493881225586,22.31355667114257,17.545379638671875,0.0489043816924095,-1.0358284711837769,19.8695125579834,20.47077369689941,0.6551724137931034,1.0,0.8697840571403503
7261499359819336986,17.199331283569336,20.15773582458496,14.291925430297852,0.0444276295602321,-0.3752727508544922,17.56378936767578,16.133222579956055,0.6428571428571429,1.0,1.1774766445159912
7215238321247751430,18.67994880676269,21.67415809631348,15.172715187072754,-0.1490757465362548,-0.6769752502441406,18.26443672180176,19.31555938720703,0.59375,1.0,1.3293513059616089
7211565992852475141,16.784740447998047,20.354724884033203,13.844103813171388,-0.0988183096051216,-1.374687433242798,14.060219764709473,16.811376571655273,0.4375,1.0,1.1982307434082031
7202617948983315717,18.02467155456543,21.74862289428711,12.195039749145508,-0.4380412101745605,-0.6400923728942871,15.207377433776855,20.897363662719727,0.4333333333333333,0.9666666666666668,1.6303032636642456
7199586123952311557,18.29295539855957,19.21480941772461,17.088930130004883,-0.1617233604192733,-1.138514757156372,18.15707969665528,18.712644577026367,0.6923076923076923,1.0,0.5690217018127441
7195225752541875462,17.197084426879883,20.55240249633789,14.201238632202148,0.173797070980072,-1.4390236139297483,14.932011604309082,15.15529727935791,0.72,1.0,0.6675555109977722
7193338808870456582,12.262136459350586,16.723573684692383,8.927325248718262,0.5374676585197449,-1.2604427337646484,16.053770065307617,10.954283714294434,0.04,0.36,1.1462812423706057
7192237337412177157,15.605083465576172,18.154071807861328,13.72981071472168,0.7944451570510864,-0.4068238735198974,17.672025680541992,15.617802619934082,0.04,1.0,0.5867959856987
7182218891702127877,18.32258033752441,22.870241165161133,14.373570442199709,0.084139809012413,-1.4929813146591189,18.63397026062012,14.962176322937012,0.5,1.0,1.2148948907852173
7179637090932509958,17.18845558166504,21.847455978393555,13.631521224975586,0.6978183388710022,-0.0798687934875488,15.251075744628906,16.83441734313965,0.6666666666666666,1.0,1.0580240488052368
7173707401302920453,18.28230094909668,22.275222778320312,15.837651252746582,0.5542253255844116,-0.7051224708557129,18.597257614135746,17.19801902770996,0.6956521739130435,1.0,1.513309359550476
7169948893805825285,16.54963493347168,18.612594604492188,13.77568817138672,-0.3537304401397705,-1.0097341537475586,16.97966766357422,17.4976749420166,0.7096774193548387,1.0,0.527540385723114
7164769032430767365,16.386945724487305,20.296804428100582,12.90127182006836,-0.0127149857580661,-0.8863389492034912,17.33387565612793,9.76309871673584,0.4,0.9333333333333332,1.562514066696167
7163552631053503749,14.972862243652344,18.44792938232422,11.120386123657228,-0.1232072636485099,-0.5499114990234375,17.93278694152832,12.282241821289062,0.0,0.7916666666666666,0.6032681465148926
7162174902865251589,16.935815811157227,20.415328979492188,13.120182991027832,-0.0885474011301994,-1.3551921844482422,19.444231033325195,14.463353157043455,0.0689655172413793,1.0,0.8430710434913635
7155814731897376006,18.3741455078125,20.566211700439453,16.6247615814209,0.3339798152446747,-1.124943494796753,18.2620792388916,18.638242721557617,0.1724137931034483,1.0,0.6814767718315125
7146479472022277381,17.85291862487793,19.005022048950195,14.626678466796877,-2.160814046859741,4.628537178039551,17.801801681518555,17.95771026611328,0.7741935483870968,1.0,0.5164748430252075
7145813168818900229,16.20571517944336,18.17511367797852,13.666213989257812,-0.399017184972763,-0.3979830741882324,14.893978118896484,17.333417892456055,0.6153846153846154,1.0,0.7040960192680359
7130620750842678533,16.184568405151367,18.795307159423828,15.166775703430176,1.296072483062744,0.928147554397583,15.71419906616211,18.33665657043457,0.896551724137931,1.0,0.2531169056892395
7088705916027063557,17.3474063873291,21.93635368347168,14.448690414428713,0.646161675453186,-1.001227617263794,15.457778930664062,18.8818416595459,0.7142857142857143,1.0,1.0432411432266235
7087822626005060870,18.342575073242188,20.825056076049805,14.815984725952148,-0.2530468702316284,-0.0069658756256103,17.4577693939209,19.76218605041504,0.6785714285714286,1.0,1.0960757732391355
7084890005491010821,11.369760513305664,14.806265830993652,9.75267219543457,0.9959725737571716,0.4736380577087402,13.630465507507324,9.887433052062988,0.0,0.1875,0.4042714536190033
7081140277083213062,16.73234748840332,19.39336585998535,14.99208927154541,0.8692720532417297,0.3662774562835693,15.799430847167969,17.35199546813965,0.7368421052631579,1.0,1.4216383695602417
7079069070078889221,17.47365951538086,21.18291282653809,15.22832489013672,0.4819677770137787,-0.4417481422424316,16.174209594726562,17.576269149780273,0.4117647058823529,1.0,1.898754000663757
7077597820538146053,16.32868194580078,20.410539627075195,14.007203102111816,0.97245591878891,0.1237835884094238,14.59285831451416,15.129408836364746,0.8461538461538461,1.0,0.9405271410942078
7076423248698690822,16.630386352539062,21.104835510253903,11.1201810836792,-0.4317499697208404,-0.8366045951843262,18.893320083618164,13.304242134094238,0.25,0.8333333333333334,1.90943706035614
7075788593930816773,13.113688468933104,14.17063045501709,11.89388370513916,-0.2969462871551513,-1.2898532152175903,13.483184814453123,12.238247871398926,0.0526315789473684,0.631578947368421,0.4632524847984314
7073510812542913798,16.650293350219727,18.181699752807617,15.656423568725586,0.7043845653533936,-0.3689970970153808,16.63569450378418,16.046358108520508,0.64,1.0,0.3903628885746002
7073157554024566021,12.389809608459473,13.541190147399902,10.373700141906738,-1.000853419303894,0.6664822101593018,13.192042350769045,13.032508850097656,0.0,0.2,0.5538597106933594
7071521897082621189,17.366281509399414,22.409687042236328,12.297764778137209,-0.0350670218467712,-0.7896163463592529,22.341344833374023,15.306644439697266,0.0416666666666666,0.875,1.594948172569275
7070550742880292101,16.23228645324707,19.93083572387696,13.571870803833008,0.5442336201667786,-0.4548623561859131,15.213763236999512,16.929336547851562,0.9642857142857144,1.0,1.3918660879135132
7067217215925275910,15.17238426208496,18.7824764251709,13.226391792297363,0.7439646124839783,-0.7209370136260986,17.045852661132812,14.283272743225098,0.1379310344827586,1.0,0.5061221718788147
7064489288125189382,16.801965713500977,18.723880767822266,13.465473175048828,-1.283722162246704,0.5983901023864746,13.907493591308594,16.76848602294922,0.3888888888888889,1.0,0.6804097890853882
7063459529668742406,17.993417739868164,21.60643196105957,14.381298065185549,0.1147495061159133,-0.8112390041351318,16.924318313598633,19.554473876953125,0.9,1.0,1.3675183057785034
7062023531764256006,15.78391456604004,20.947704315185547,12.68608283996582,0.5398830771446228,-0.5836100578308105,15.269278526306152,12.91405200958252,0.1923076923076923,0.8846153846153846,0.6991069316864014
7061519229182315781,16.959367752075195,20.796363830566406,14.936563491821287,0.923474133014679,0.5266270637512207,16.926725387573242,16.6163330078125,0.1904761904761904,1.0,1.0925495624542236
7060887870688529670,17.296232223510742,22.284088134765625,13.724310874938965,0.2153643369674682,-1.5845798254013062,14.308171272277832,21.42672538757324,0.9545454545454546,1.0,0.6220517754554749
7059414649581604102,15.349029541015623,19.16486167907715,11.374363899230955,-0.2191734910011291,-0.8642532825469971,11.925430297851562,18.35919761657715,0.85,0.85,1.394452691078186
7057560274424958214,20.16458320617676,22.74004173278809,18.09140968322754,0.2186136990785598,-1.2658780813217163,18.637670516967773,18.580604553222656,0.4761904761904761,1.0,0.506805419921875
7055714634526969093,17.648637771606445,20.92218780517578,14.16301441192627,-0.2376086562871933,-0.5683400630950928,16.1845760345459,15.089314460754396,0.7368421052631579,1.0,0.9243602752685548
7055321327174946054,20.67192268371582,23.069259643554688,17.474260330200195,-0.4337552189826965,-0.7184436321258545,21.60734367370605,18.394859313964844,0.1538461538461538,1.0,1.0544798374176023
7054948838716493061,18.56992530822754,22.740482330322266,15.757756233215332,0.168795570731163,1.0358076095581057,18.506635665893555,18.4825439453125,0.7333333333333333,1.0,1.3059667348861694
7053545705868152069,19.0166244506836,20.220813751220703,17.336929321289062,-0.4567333459854126,-1.0088212490081787,18.1976261138916,18.93391227722168,0.6470588235294118,1.0,0.9232553243637084
7052727837165505797,15.274827003479004,20.73179244995117,11.342384338378906,0.3508069217205047,-0.8738536834716797,17.503835678100586,16.687646865844727,0.8076923076923077,0.8076923076923077,1.218537449836731
7045558641969073414,18.330320358276367,21.096895217895508,16.205184936523438,0.4050241112709045,-1.0194817781448364,18.287975311279297,20.332115173339844,0.3214285714285714,1.0,0.7306039333343506
7039259712038112518,16.425762176513672,22.46020126342773,12.02989387512207,0.0258467253297567,0.4543724060058594,18.239103317260746,14.46275234222412,0.7,0.9,1.6825029850006104
7038189746484563205,16.791292190551758,18.562931060791016,15.775736808776855,1.111305832862854,1.022911548614502,18.314537048339844,16.74330711364746,0.0,1.0,0.3137699067592621
7019307301299424518,15.452526092529297,21.67302894592285,11.57456111907959,0.7430249452590942,0.2413945198059082,19.851179122924805,14.18462085723877,0.0,0.925925925925926,1.1999508142471311
7014030961486630149,17.86517906188965,22.522384643554688,14.918938636779783,0.7181011438369751,-0.3470473289489746,17.648733139038086,20.054079055786133,0.72,1.0,1.3176389932632446
7001083090462346501,17.569843292236328,21.91668510437012,13.776437759399414,-0.0631632208824157,-1.5588674545288086,21.29765892028809,14.616748809814451,0.0,1.0,1.15974223613739
6994481888182144262,18.09296989440918,20.661964416503903,16.356298446655273,0.006945960689336,-0.8616013526916504,17.302433013916016,19.077232360839844,0.6129032258064516,1.0,0.541846513748169
6982843678305897734,17.932024002075195,20.495508193969727,15.453653335571287,-0.1239712312817573,0.0153851509094238,18.405521392822266,17.03059196472168,0.1071428571428571,1.0,1.1274174451828003
6972416280762649861,17.03346061706543,21.134992599487305,14.195396423339844,0.2986253798007965,-0.5465042591094971,16.991729736328125,18.884565353393555,0.7037037037037037,1.0,1.923678517341613
6963197595422346502,16.613737106323242,20.707740783691406,12.0951566696167,-0.3203236758708954,-0.5604584217071533,14.135050773620604,15.413291931152344,0.5,0.9583333333333334,2.155738592147827
6959192993014287622,17.068206787109375,20.64439582824707,10.79196548461914,-0.8702363967895508,0.7266051769256592,12.487075805664062,19.01967430114746,0.9333333333333332,0.9666666666666668,1.7204744815826416
6952049416425590022,19.45032501220703,20.82034111022949,17.621782302856445,-0.4668558835983276,-1.2669373750686646,20.647123336791992,17.78717613220215,0.0,1.0,0.2093374282121658
6921227616347327749,16.107044219970703,18.47172164916992,13.391925811767578,-0.4867214262485504,-0.984776735305786,16.222875595092773,15.166999816894531,0.1,1.0,0.9789838194847108
6919824999914245381,17.886938095092773,20.802026748657227,16.138471603393555,0.5342317223548889,-0.0056929588317871,17.030168533325195,11.737677574157717,0.5833333333333334,0.9583333333333334,2.1547579765319824
7597116010528902422,19.80428695678711,21.782865524291992,18.478759765625,0.7365735769271851,0.0978524684906005,20.12480735778809,20.22433280944824,0.5,1.0,0.4483817815780639
7548437152137350422,16.747074127197266,18.11221504211425,15.587200164794922,0.3075597286224365,-0.2656664848327636,16.358625411987305,16.530879974365234,0.238095238095238,1.0,0.66722571849823
7545851939586723094,17.59653091430664,18.257471084594727,17.21139907836914,0.5620563626289368,-0.8853597640991211,17.560623168945312,17.76198387145996,0.3333333333333333,1.0,0.3540407121181488
7537717748512705814,16.184246063232422,17.497631072998047,14.53216552734375,-0.259267121553421,-0.2700147628784179,15.51689910888672,16.59838104248047,0.8076923076923077,1.0,0.5266361832618713
7530943991257386262,17.658588409423828,19.761558532714844,16.572673797607422,0.6865535974502563,-1.1759856939315796,16.693920135498047,19.34691047668457,0.9333333333333332,1.0,0.3601050972938537
7528439846218550550,18.966041564941406,19.043621063232425,18.8878231048584,0.3436256349086761,-0.956996202468872,18.963930130004883,18.981842041015625,0.84375,1.0,0.0249468274414539
7524285666692271382,17.540536880493164,22.844087600708008,13.63354778289795,0.7800830006599426,3.989870548248291,17.747194290161133,16.255029678344727,0.68,1.0,1.4047261476516724
7519058140860583190,19.90618705749512,20.748157501220703,18.3646297454834,-0.5720164179801941,-0.3944611549377441,20.006898880004883,18.96760940551757,0.5294117647058824,1.0,0.3882180452346802
7515407893357759766,20.779682159423828,22.519311904907227,18.821043014526367,-0.5805565118789673,-0.6551878452301025,21.29218101501465,19.179990768432617,0.2083333333333333,1.0,0.3925616145133972
7511669950990290198,23.24341583251953,25.94064712524414,19.34880256652832,-0.6360304355621338,-1.1054447889328003,23.76323509216309,23.92720603942871,0.3333333333333333,1.0,0.9966039061546326
7496845046814166294,17.2022762298584,22.230030059814453,12.806934356689451,0.0555022284388542,-0.4622855186462402,14.220097541809082,18.40338516235352,0.6,0.96,2.1725666522979736
7475687308797299990,15.367562294006348,18.02043533325196,12.676758766174316,-0.0750172287225723,-1.2189767360687256,13.636454582214355,17.32921028137207,0.8148148148148148,0.925925925925926,0.6512957215309143
7470159373935856918,18.450613021850582,19.03968811035156,17.400503158569336,-0.7181121706962585,-1.0917015075683594,18.34684562683105,18.958879470825195,0.8947368421052632,1.0,0.2192283272743225
7459403430122097942,17.837360382080078,20.695117950439453,16.831933975219727,1.8616602420806885,3.1314444541931152,17.73248863220215,17.89029884338379,0.75,1.0,0.7637251615524292
7458331354212666646,19.263731002807617,22.57913017272949,9.309600830078123,-2.927661895751953,9.85382843017578,21.17310333251953,15.426898002624512,0.0952380952380952,0.9523809523809524,1.1815470457077026
7455305851092389142,16.901260375976562,20.308874130249023,15.015074729919434,0.6182839274406433,-1.279147028923035,17.754480361938477,15.567126274108888,0.2272727272727272,1.0,0.9051470756530762
7451629003380755734,18.40608787536621,24.370826721191406,14.77969455718994,0.9039221405982972,-0.0054922103881835,16.95643424987793,22.267501831054688,0.9333333333333332,1.0,2.67714524269104
7450432979526012182,16.735614776611328,17.784395217895508,15.322894096374512,-0.689712643623352,0.1254260540008545,15.47276782989502,16.917848587036133,0.7142857142857143,1.0,0.4916626513004303
7439731424854379809,16.34796142578125,19.38562393188477,8.292043685913086,-1.149704933166504,-0.449063777923584,11.687019348144531,19.228849411010746,0.7222222222222222,0.7777777777777778,1.372383952140808
7438288130567949601,18.43065643310547,19.665088653564453,16.689228057861328,-0.419131875038147,-0.5531468391418457,18.27075958251953,18.75662040710449,0.4666666666666667,1.0,0.8546639680862427
7434514141697625377,16.624595642089844,18.74055290222168,13.92833423614502,-0.3075166046619415,-0.4863045215606689,17.383596420288086,17.825965881347656,0.0344827586206896,1.0,1.2439535856246948
7433411068988280097,17.40091896057129,21.48697853088379,14.524907112121582,0.5152239799499512,0.4846186637878418,16.753019332885742,16.856491088867188,0.4642857142857143,1.0,1.1638785600662231
7414109220523511073,17.756624221801758,22.785303115844727,12.732876777648926,-0.4484866559505462,-0.6977109909057617,18.281129837036133,20.82738304138184,0.9615384615384616,0.9615384615384616,1.8920891284942627
7410754655682153761,17.76515007019043,18.36835289001465,16.42141342163086,-1.1642481088638306,1.4402623176574707,17.4937744140625,17.979360580444336,0.7647058823529411,1.0,0.3859682083129883
7407843953539583265,21.40567779541016,23.28455352783203,19.59793472290039,0.4920030832290649,-0.8964617252349854,23.282882690429688,20.705202102661133,0.0555555555555555,0.9444444444444444,3.0281999111175537
7400379104962284832,20.195430755615234,21.29412078857422,18.80169105529785,-0.2842215895652771,-0.6932876110076904,19.1855411529541,20.03876686096192,0.2,1.0,0.5711714029312134
7395950056001572128,15.887568473815918,16.578845977783203,15.282026290893556,0.0756102129817009,-0.8919241428375244,16.017446517944336,15.713793754577637,0.2083333333333333,1.0,0.2647284269332886
7393316600922885409,19.01504135131836,24.5920467376709,16.908784866333008,1.0014725923538208,0.5220000743865967,19.97148323059082,17.110523223876953,0.4210526315789473,1.0,1.2629902362823486
7372168611449900321,19.119314193725582,20.329614639282227,17.819393157958984,0.0011899765813723,-1.2259153127670288,19.67169952392578,19.786664962768555,0.1333333333333333,1.0,0.7419837713241577
7358820174952172832,18.175825119018555,19.98377990722656,16.434110641479492,0.3781237304210663,-0.2718863487243652,19.255434036254883,17.401273727416992,0.1666666666666666,1.0,0.951443612575531
7356608348030012704,20.295042037963867,21.603403091430664,19.371931076049805,0.7313436269760132,0.1607120037078857,20.4377498626709,20.14588928222656,0.4090909090909091,1.0,0.4016948938369751
7354350552693656864,21.559066772460938,23.846267700195312,18.60054397583008,-0.2969928383827209,0.2121052742004394,21.15200424194336,21.837629318237305,0.375,1.0,1.4735636711120603
7350310562586283297,18.58866500854492,20.22374725341797,16.555347442626953,-0.7960553169250488,1.6295161247253418,17.33888053894043,19.556108474731445,0.95,1.0,0.4935912191867828
7343666836812123424,15.717679977416992,20.56074905395508,14.212974548339844,1.507321000099182,2.1030383110046387,18.42817497253418,16.433897018432617,0.0,1.0,0.577228307723999
7332509276432289057,17.841472625732422,19.30586624145508,12.558563232421877,-2.038606643676758,3.2419352531433105,15.69991397857666,18.10440444946289,0.1428571428571428,0.9285714285714286,0.9481251239776612
7325862287540096289,20.001420974731445,22.6287841796875,16.93988609313965,0.1926444917917251,-0.923581838607788,19.98501777648925,18.91900062561035,0.3181818181818182,1.0,1.254919409751892
7324725007391804705,21.80095100402832,25.02802276611328,16.723379135131836,-0.8015335202217102,-0.1665880680084228,24.53296089172364,21.3486270904541,0.074074074074074,1.0,0.9588358402252196
7309107806202842400,19.69525146484375,20.921464920043945,17.431446075439453,-1.1021136045455933,1.7879371643066406,19.020750045776367,19.54539680480957,0.1875,1.0,0.4773302972316742
7306559173217488160,17.60384178161621,20.50533103942871,11.609176635742188,-1.201058030128479,1.5504164695739746,18.93395233154297,16.70075035095215,0.5,0.9666666666666668,1.7620012760162354
7261996739446590753,18.34556579589844,22.493125915527344,13.84135913848877,-0.1510607004165649,1.122781753540039,16.906187057495117,18.60540580749512,0.7619047619047619,1.0,1.6481428146362305
7260814503728696602,16.360233306884766,17.896106719970703,14.104944229125977,-0.3251796066761017,-1.2101452350616455,16.10883331298828,17.015138626098633,0.238095238095238,1.0,0.8603730201721191
7254588789559938330,16.90646743774414,21.02605056762696,12.03442668914795,-0.3748816847801208,-1.0100440979003906,19.81070899963379,18.14664649963379,0.7272727272727273,0.8181818181818182,2.347157716751098
7606001119243881750,20.01939582824707,23.44090461730957,15.438008308410645,-0.2751191556453705,-0.7331974506378174,23.179931640625,19.971837997436523,0.0526315789473684,1.0,1.3982691764831543
7604886753471761686,19.525775909423828,20.447986602783203,18.98541831970215,0.8808028697967529,-0.2754039764404297,20.296480178833008,19.200040817260746,0.1333333333333333,1.0,0.2608406841754913
7601164093910715670,13.715797424316406,18.77078628540039,10.083703994750977,0.1111757457256317,-0.82430100440979,17.058137893676758,14.9025239944458,0.0,0.5789473684210527,0.8818257451057434
7587442936376233238,11.240614891052246,15.702080726623535,6.9541096687316895,0.22572922706604,-1.64643657207489,13.901019096374512,9.046797752380373,0.25,0.4,0.8549764752388
7578256886286322966,18.23004531860352,20.827579498291016,16.13493537902832,0.428265780210495,-1.0292611122131348,16.605249404907227,17.90870475769043,0.7666666666666667,1.0,0.9533767104148864
7566676756199951638,20.29940414428711,21.474985122680664,18.881820678710938,-0.241942897439003,-0.8560488224029541,19.96021842956543,19.85081672668457,0.9285714285714286,1.0,0.5207717418670654
7560707094018542870,13.419694900512695,14.878826141357422,12.176772117614746,0.291741669178009,-1.288935661315918,12.942416191101074,12.29881763458252,0.7241379310344828,0.5517241379310345,0.3675476014614105
7545046455229205782,17.06817054748535,19.572887420654297,14.827940940856934,-0.0153538258746266,-0.7068877220153809,15.222046852111816,18.28972816467285,0.84,1.0,0.4475710093975067
7529427220335496450,16.008474349975586,21.01591110229492,11.733107566833496,0.25450399518013,-1.2640366554260254,12.65468692779541,19.431520462036133,0.7058823529411765,0.8235294117647058,1.1042752265930176
7516624091097337110,18.68752861022949,22.872817993164062,14.392786979675291,-0.0366317443549633,-0.9669551849365234,19.815343856811523,19.330245971679688,0.0,1.0,3.1393208503723145
7504627479449963798,15.750968933105469,18.360809326171875,9.409088134765623,-1.0731412172317505,0.9857635498046876,13.463961601257324,17.473344802856445,0.5,0.9166666666666666,1.853121042251587
7494230009050139926,21.6328353881836,23.209117889404297,18.611236572265625,-0.996592104434967,0.3439469337463379,22.90891456604004,19.776735305786133,0.125,1.0,0.7075226902961731
7491322585624349974,16.678518295288086,19.304323196411133,12.22865104675293,-0.6230201125144958,0.2888481616973877,18.476118087768555,17.130647659301758,0.0434782608695652,0.9565217391304348,1.8221958875656128
7486129539827928342,17.772397994995117,23.74834632873535,13.481587409973145,0.5723187923431396,-0.5191314220428467,22.70855140686035,18.54244041442871,0.1111111111111111,1.0,1.304656982421875
7485773090555956503,17.198497772216797,21.4625186920166,10.299288749694824,-0.6791881918907166,0.5433821678161621,19.88441467285156,15.290902137756348,0.4,0.9333333333333332,2.0282468795776367
7484928854029634838,13.705669403076172,13.991440773010254,13.50204372406006,0.6540032029151917,0.2526593208312988,13.66706085205078,13.810364723205566,0.7692307692307693,1.0,0.12819504737854
7481596789448117526,19.03610610961914,20.890275955200195,17.224218368530273,-0.0424660481512546,-0.8037238121032715,19.65229034423828,18.42716407775879,0.2857142857142857,1.0,1.109565258026123
7478735064881237270,18.83275985717773,22.258628845214844,15.056313514709473,-0.6534919142723083,-0.6668543815612793,19.80432891845703,20.670095443725582,0.2758620689655172,1.0,1.7917684316635132
7348766265927814432,18.34402656555176,21.361417770385746,16.29775619506836,0.5986310243606567,-0.844092607498169,16.597654342651367,20.11498069763184,0.3333333333333333,1.0,0.823447048664093
7346541062267079968,18.748891830444336,21.73319625854492,15.46345043182373,-0.2643894255161285,-0.7436861991882324,19.393156051635746,17.2997989654541,0.238095238095238,1.0,1.0458842515945437
7343923844316548384,17.35183334350586,23.45449447631836,14.405875205993652,1.0628315210342407,0.958810806274414,19.0920467376709,17.696889877319336,0.76,1.0,1.3330453634262085
7303884823578397984,20.41883087158203,21.988157272338867,18.153366088867188,-0.2192304283380508,-0.8907592296600342,21.035436630249023,20.434425354003903,0.0769230769230769,1.0,1.5231493711471558
7291237498506743072,20.236207962036133,20.475860595703125,20.02329444885254,-0.0323011875152587,-0.3527467250823974,20.25580596923828,20.12981986999512,0.7857142857142857,1.0,0.1159211620688438
7263733416292617505,16.523439407348633,20.68886947631836,13.596437454223633,0.2524235546588897,-1.2858128547668457,14.348889350891112,17.638656616210938,0.6923076923076923,1.0,0.7513903975486755
7256464845132827931,19.580196380615234,22.409442901611328,16.732629776000977,0.0054947417229413,-1.184882640838623,20.812280654907227,21.07500267028809,0.3333333333333333,1.0,1.761808156967163
7219294434465238298,17.7529239654541,20.508813858032227,14.502416610717772,-0.2855631411075592,-1.0561052560806274,18.761886596679688,18.496198654174805,0.3333333333333333,1.0,1.663758397102356
7217888414631283995,18.79185104370117,20.93944931030273,14.883597373962402,-0.7416796684265137,-0.2584326267242431,20.21943092346192,19.297521591186523,0.1818181818181818,1.0,1.3508573770523071
7215515219164990746,15.607784271240234,19.33394432067871,12.741975784301758,0.5038974285125732,-0.5036535263061523,13.420672416687012,14.884907722473145,0.5333333333333333,0.9333333333333332,0.7178114652633667
7212344637523283205,16.04979133605957,20.424917221069336,11.25226879119873,0.3310951888561249,0.1411085128784179,18.969985961914062,15.461692810058594,0.2592592592592592,0.925925925925926,1.7017003297805786
7211165738957163782,17.559642791748047,24.499971389770508,13.213272094726562,0.6276541948318481,-0.179121732711792,13.361175537109377,19.3936824798584,0.4545454545454545,1.0,1.5299925804138184
7207862806899592453,18.99766731262207,22.22243309020996,13.2130708694458,-0.8912703394889832,1.0337467193603516,17.5660457611084,17.963970184326172,0.7692307692307693,1.0,1.390836477279663
7206682386531110149,18.199695587158203,21.762954711914062,15.075521469116213,-0.0127381272614002,-1.1258059740066528,16.94386100769043,19.551267623901367,0.76,1.0,1.7167996168136597
7206680972555750661,18.378387451171875,20.650495529174805,16.88985824584961,0.3798487782478332,-0.2987706661224365,17.54696273803711,18.40205955505371,0.2592592592592592,1.0,0.6731745600700378
7040810874281479430,17.053464889526367,19.176727294921875,13.67371654510498,-0.9617107510566713,-0.284905195236206,17.954622268676758,16.51966094970703,0.56,1.0,1.0530248880386353
7039252769894616326,17.678497314453125,21.011520385742188,11.179143905639648,-1.1215808391571045,1.023818016052246,17.778915405273438,17.927888870239258,0.5909090909090909,0.9545454545454546,2.198036193847656
7039005707844308229,16.959177017211914,20.54493522644043,15.042750358581545,1.0215637683868408,-0.5233798027038574,19.98615264892578,15.643441200256348,0.15,1.0,0.6611244082450867
7038707297396198661,19.153640747070312,22.29817008972168,16.689123153686523,0.2973227798938751,-0.8665633201599121,19.492542266845703,18.405014038085938,0.5357142857142857,1.0,0.866125226020813
7036326405155638533,18.18781280517578,19.843111038208008,15.639087677001951,-0.6800944209098816,0.3887441158294678,17.06101417541504,18.69441795349121,0.2592592592592592,1.0,0.8187597990036011
7033466696245497093,19.77504539489746,21.44548225402832,18.368894577026367,0.5015340447425842,0.6753203868865967,20.022676467895508,19.487287521362305,0.5625,1.0,0.5788809657096863
7026774067223055621,18.801305770874023,20.312950134277344,17.047714233398438,-0.11932273209095,-1.0709573030471802,19.269590377807617,19.04661750793457,0.3571428571428571,1.0,0.5678754448890686
7022596866374192390,14.424440383911133,17.257719039916992,12.450950622558594,0.2586333751678467,-0.736454963684082,15.427050590515137,15.960090637207031,0.9473684210526316,0.8421052631578947,0.7990424036979675
7007863408129215749,18.190624237060547,21.74140739440918,15.506620407104492,0.3015558123588562,-0.7648837566375732,17.868127822875977,20.306486129760746,0.9,1.0,2.020126819610596
7004414493086240006,14.959484100341797,18.14529228210449,12.3782377243042,0.6431333422660828,-0.5120973587036133,13.857799530029297,17.066116333007812,0.9090909090909092,0.9090909090909092,1.0793397426605225
6821547365887905030,17.014694213867188,19.355619430541992,14.970922470092772,0.3470886945724487,-0.1169726848602294,18.42186737060547,16.925647735595703,0.2592592592592592,1.0,0.9305838346481324
6814175723704683782,16.133834838867188,18.853391647338867,11.833545684814451,-0.6467186212539673,-0.4112980365753174,10.562779426574709,13.90106201171875,0.6296296296296297,0.8518518518518519,1.8725008964538568
7584519298459176214,18.07374382019043,20.004234313964844,14.539429664611816,-0.7408469319343567,-0.034402847290039,17.79207992553711,18.56472969055176,0.4814814814814814,1.0,1.009627103805542
7579293926796922134,17.996118545532227,22.31656074523925,13.924800872802734,-0.3557079136371612,-0.7895710468292236,15.11546802520752,19.780851364135746,0.6296296296296297,1.0,0.8403100371360779
7540185950714875158,18.802133560180664,22.722097396850582,15.450064659118652,0.0121167041361331,-0.2169647216796875,21.377382278442383,15.929125785827637,0.0,1.0,0.8567163348197937
7533680078866238742,17.096582412719727,20.27534294128418,14.228667259216309,-0.1167229041457176,-0.4733822345733642,15.87651538848877,19.184967041015625,0.9,1.0,1.162293553352356
7529820615637847318,17.935571670532227,20.25818634033203,15.03598690032959,-0.2127158492803573,-0.1622781753540039,18.78515625,17.872892379760742,0.84,1.0,1.3942488431930542
7517676181366295830,17.448049545288086,18.325550079345703,15.636067390441896,-1.0819741487503052,0.6344442367553711,17.16842269897461,17.6700382232666,0.4090909090909091,1.0,0.6867320537567139
7490984274049469718,17.666288375854492,21.44769287109375,14.483258247375488,0.2686691880226135,-0.9275987148284912,15.718178749084473,18.80483055114746,0.7222222222222222,1.0,1.010602951049805
7490119511731965206,16.412731170654297,19.966197967529297,12.002680778503418,-0.4895250201225281,0.094660997390747,17.727760314941406,17.54131507873535,0.1923076923076923,0.9230769230769232,1.3015272617340088
7481977420220779798,17.47995376586914,21.66335678100586,13.399344444274902,0.1219100877642631,-0.7667462825775146,14.013327598571776,16.617849349975586,0.4,1.0,1.422613501548767
7479081271746989334,19.456581115722656,23.13829040527344,16.40155029296875,0.1634480655193328,-0.4899768829345703,18.19922065734864,17.73346710205078,0.3478260869565217,1.0,1.3971548080444336
7478417820376812822,17.058475494384766,20.67465782165528,13.364108085632324,0.2054315209388733,-0.7229833602905273,14.399500846862791,16.708757400512695,0.3333333333333333,1.0,1.672237992286682
7475816575975623958,20.006807327270508,22.609468460083008,13.206783294677734,-1.4497745037078855,2.3922252655029297,20.54513359069824,18.46637535095215,0.52,1.0,1.111134648323059
7471349532496842006,18.656221389770508,20.56871223449707,15.71282196044922,-0.5836057662963867,1.036357879638672,18.827363967895508,19.81692695617676,0.2777777777777778,1.0,1.1260833740234375
7471348371962334486,17.78560447692871,21.61762046813965,15.09129810333252,0.6449739933013916,0.1486248970031738,18.20142364501953,17.510709762573242,0.6666666666666666,1.0,1.828073501586914
7470212560399109398,15.665519714355469,20.332040786743164,9.169692993164062,-0.785637378692627,2.268217086791992,17.20747184753418,10.32366943359375,0.0416666666666666,0.875,3.0000710487365723
7468313844230704406,19.960193634033203,21.741355895996094,17.663253784179688,-0.3787297010421753,-1.0151402950286863,19.82792091369629,18.855222702026367,0.4117647058823529,1.0,0.8626816272735596
7438966885879696662,18.54139709472656,21.77225875854492,15.179912567138672,0.067263513803482,-0.4839704036712646,20.270959854125977,16.361970901489258,0.1764705882352941,1.0,0.7735552787780762
7418133778406657313,17.404983520507812,18.342363357543945,16.27889060974121,-0.2607798278331756,-0.7049086093902588,17.21910858154297,17.122983932495117,0.7619047619047619,1.0,0.4001505970954895
7415589341981986080,18.435380935668945,20.310523986816406,16.823139190673828,0.4525405764579773,-0.3817975521087646,18.473031997680664,18.90557861328125,0.3571428571428571,1.0,0.7790015935897827
7415541670361500961,18.238672256469727,19.40571975708008,17.19717788696289,0.2826758325099945,-0.4509761333465576,17.51396369934082,18.129972457885746,0.3571428571428571,1.0,0.4787839651107788
7414059508630031648,18.75946807861328,21.85199928283692,16.814010620117188,0.7651812434196472,0.1576809883117675,20.05652618408203,17.547447204589844,0.6296296296296297,1.0,0.9647634029388428
7413699830469397793,15.655669212341309,17.66767692565918,14.329795837402344,0.4420191943645477,-0.7918612957000732,16.03649139404297,14.607159614562988,0.4666666666666667,1.0,0.8710318207740784
7413269884840267040,16.23927116394043,20.604541778564453,11.734992980957031,-0.2120490074157714,-1.414698600769043,13.615306854248049,18.68827247619629,0.56,0.84,0.8250561356544495
7412939421089090849,17.15909767150879,21.08515930175781,12.936237335205078,-0.1582605391740799,-1.6384276151657104,13.627020835876465,20.638872146606445,0.9375,0.9375,1.0637753009796145
7410359060681297184,17.80131721496582,20.03973960876465,15.076520919799805,-0.3058499693870544,-1.3685508966445925,15.875584602355955,19.42066192626953,0.9615384615384616,1.0,0.7511548399925232
7400784701633416481,19.455398559570312,23.8049373626709,13.822805404663086,-0.2367041558027267,-0.6908860206604004,15.4415864944458,23.35023498535156,0.9523809523809524,1.0,0.9883184432983398
7379167807679761697,14.441868782043455,15.813140869140623,12.688563346862791,-0.4156428575515747,-0.4411187171936035,15.07421588897705,13.0950927734375,0.28,0.96,0.557310938835144
7353226118662589728,16.329030990600586,20.67892265319824,12.321985244750977,0.093022733926773,-1.2816152572631836,20.06427574157715,15.923138618469238,0.0,0.9375,0.9844989776611328
7344802060019256609,20.00383758544922,22.832826614379883,16.795673370361328,-0.003762578126043,-1.5296168327331543,18.33816909790039,20.22677230834961,0.6451612903225806,1.0,1.0541224479675293
7326857703958105376,14.93577003479004,15.35539436340332,14.412672996520996,-0.3350013196468353,-0.5763154029846191,14.866592407226562,14.464207649230955,0.4137931034482758,1.0,0.1615415662527084
7324421973612825889,17.296680450439453,23.856279373168945,13.313007354736328,1.028229832649231,0.0885112285614013,22.92665100097656,17.485708236694336,0.04,1.0,1.140355944633484
7315824288173493536,20.359094619750977,22.64269256591797,17.722187042236328,-0.3879769444465637,-0.973745822906494,20.449281692504883,19.29841995239257,0.3684210526315789,1.0,0.8444021940231323
7296417264591441185,16.442447662353516,16.58914566040039,16.131595611572266,-1.2890138626098633,3.38870620727539,16.46774673461914,16.462730407714844,0.0,1.0,0.0803283900022506
7296124478130572577,17.82398223876953,20.099300384521484,14.727062225341797,-0.0659693777561187,-0.9545011520385742,17.977331161499023,19.76020240783692,0.9047619047619048,1.0,0.990615725517273
7296075013734616353,16.55654525756836,19.040048599243164,14.151975631713867,0.2797383964061737,-0.7617242336273193,17.699979782104492,15.0589017868042,0.3,1.0,1.5466934442520142
7295785443528920352,16.863975524902344,19.425817489624023,14.276862144470217,0.1572050005197525,-0.6641116142272949,15.855430603027344,16.28959846496582,0.6666666666666666,1.0,1.2543489933013916
7294200756586958113,20.879301071166992,25.556167602539062,16.040122985839844,-0.1398294866085052,-0.4944138526916504,21.72183418273925,18.972532272338867,0.7083333333333334,1.0,2.1354820728302
7288261263757446433,19.516027450561523,22.656652450561523,16.36345672607422,-0.2099339067935943,-0.7924044132232666,20.431900024414062,21.436220169067383,0.967741935483871,1.0,1.5281957387924194
7278716528839626016,18.934038162231445,21.93241500854492,14.641759872436523,-0.4422936141490936,-0.1241834163665771,19.261857986450195,19.12535285949707,0.5263157894736842,1.0,2.1639366149902344
7255981234374069530,18.45774269104004,22.13715171813965,13.989639282226562,-0.418024331331253,-0.6667795181274414,15.08867645263672,18.48554992675781,0.5,1.0,1.5691742897033691
7246825881904139546,17.738014221191406,20.97408676147461,14.418092727661133,-0.0345613472163677,-0.5404539108276367,16.076576232910156,18.912826538085938,0.8,1.0,1.1122397184371948
7238904736253054234,16.494646072387695,22.789270401000977,11.797897338867188,0.3992646634578705,1.7869653701782229,16.402610778808594,15.55170726776123,0.7619047619047619,0.9047619047619048,2.029335021972656
7219646733901450502,17.46030044555664,22.07329750061035,12.227840423583984,0.2018160372972488,-0.4839615821838379,16.329423904418945,17.443435668945312,0.6,0.95,2.11840558052063
7214862934139260166,19.40487098693848,25.40409278869629,14.751320838928224,0.3402371406555176,-0.607799768447876,24.12200927734375,16.85057258605957,0.0666666666666666,1.0,1.848084568977356
7214113271018753285,18.72927665710449,21.215051651000977,14.882637977600098,-0.5750522613525391,-0.7432601451873779,18.77831649780273,16.378103256225586,0.3888888888888889,1.0,1.453923583030701
7213795540574735621,17.917997360229492,20.64595603942871,12.484973907470703,-1.2620716094970703,1.5043859481811523,19.26513671875,18.630661010742188,0.0,0.9523809523809524,1.988045692443848
7210834532591963398,17.727954864501953,20.056974411010746,14.74026870727539,-0.6880670785903931,0.6066555976867676,17.42631721496582,18.95561790466309,0.9047619047619048,1.0,1.1888659000396729
7208933349933452550,19.04325294494629,21.90491485595703,15.049336433410645,-0.5718414783477783,-1.0205270051956177,21.52430534362793,18.138822555541992,0.0909090909090909,1.0,0.9978854060173036
7208551637869268230,17.743757247924805,24.44942092895508,14.316034317016602,0.8958488702774048,1.2443885803222656,18.408662796020508,16.126012802124023,0.1666666666666666,1.0,1.572425365447998
7203684040606633222,18.273744583129883,20.78516387939453,15.907546997070312,-0.1942483186721801,-0.5698544979095459,18.955644607543945,18.0888729095459,0.25,1.0,1.042092204093933
7183332234605268250,15.207601547241213,17.923343658447266,12.110071182250977,-0.2895804345607757,1.004349708557129,15.276705741882324,16.41448402404785,0.9230769230769232,0.9230769230769232,0.877629816532135
7175881254233967878,19.652862548828125,21.33001136779785,18.57316398620605,0.4807509481906891,-1.7332568168640137,21.295015335083008,18.71826934814453,0.0555555555555555,1.0,0.1731486618518829
7171408287785782533,17.345727920532227,21.08669662475586,11.942693710327148,-0.5214933753013611,0.0308306217193603,16.9788818359375,19.307735443115234,0.9473684210526316,0.9473684210526316,1.4748616218566897
7168426884852747526,18.82141494750977,20.42964744567871,17.281368255615234,-0.061125960201025,-0.5955731868743896,19.046661376953125,17.686845779418945,0.24,1.0,0.4040315151214599
7158057918431120645,18.062150955200195,20.90222930908203,16.18794822692871,0.6126750111579895,-1.1285659074783323,20.52336311340332,12.443599700927734,0.1111111111111111,0.9444444444444444,1.850641727447509
7146624079615790341,16.681753158569336,20.83865165710449,13.528100967407228,-0.0355776771903038,0.1871147155761718,16.773372650146484,18.426069259643555,0.9473684210526316,1.0,1.5160553455352783
7123931386964184326,18.32786750793457,21.364011764526367,16.037261962890625,0.2115671783685684,0.0034139156341552,18.566614151000977,17.89566993713379,0.6785714285714286,1.0,1.1249992847442627
7120944943270530309,17.641721725463867,20.65614128112793,16.07087516784668,0.9253764152526855,-0.0154497623443603,16.38949203491211,17.144895553588867,0.6428571428571429,1.0,1.0506123304367063
7116158724288400645,19.02808380126953,20.19986343383789,17.3751163482666,-0.475924402475357,-0.4016346931457519,18.910858154296875,19.616662979125977,0.9333333333333332,1.0,0.8646654486656189
7081711774084484358,17.249345779418945,22.17786979675293,14.83008861541748,1.1832431554794312,1.306596279144287,15.429266929626465,17.402164459228516,0.2727272727272727,1.0,1.346360445022583
7079095510904229126,18.811378479003903,22.368059158325195,16.603761672973633,0.4076904058456421,-0.2769341468811035,17.407054901123047,17.9012393951416,0.1666666666666666,1.0,0.8117168545722961
7073916316566031622,15.70554542541504,18.47358131408692,9.964860916137695,-1.0009658336639404,-0.3767786026000976,15.10027313232422,13.328145027160645,0.7931034482758621,0.7931034482758621,1.2792590856552124
7065372841423801605,18.254657745361328,20.303998947143555,15.54061508178711,-0.5998232960700989,0.0205225944519042,18.92840385437012,18.536096572875977,0.9473684210526316,1.0,1.3227849006652832
7064507087086161157,16.63300323486328,21.26009559631348,13.637876510620115,0.3855078816413879,-1.1729395389556885,18.80888557434082,18.9307804107666,0.9655172413793104,1.0,1.102339267730713
7060539961459641605,20.22185707092285,22.138914108276367,16.893068313598633,-0.6180930733680725,-0.3174514770507812,20.033811569213867,17.739206314086914,0.3157894736842105,1.0,1.031623601913452
7050043192732912901,14.329415321350098,17.6934871673584,10.148188591003418,-0.8188154101371765,6.791919708251953,13.84697437286377,13.812286376953123,0.9655172413793104,0.9655172413793104,0.585110604763031
7042694987141745926,19.24691200256348,23.300561904907227,14.131744384765623,-0.4652885794639587,-1.1735916137695312,20.76456642150879,16.735994338989258,0.3043478260869565,1.0,1.0359152555465698
7012661937477537030,17.447290420532227,21.599998474121094,13.640048027038574,-0.1528665572404861,-0.95112943649292,21.33065795898437,16.90288734436035,0.0666666666666666,1.0,0.5536633133888245
6994839726846971142,17.62887191772461,20.99740600585937,12.274818420410156,-1.0718860626220703,1.443356990814209,16.9002628326416,11.694209098815918,0.5,0.8928571428571429,2.003268480300904
6979673025503366405,17.744508743286133,22.114490509033203,13.809955596923828,-0.0865635126829147,-1.4194642305374146,14.496421813964844,20.63473320007324,0.9629629629629628,1.0,1.1002339124679563
6963263758630194437,17.25630760192871,22.032146453857425,13.036606788635254,0.0731000900268554,-0.6041994094848633,13.874412536621094,20.79682350158692,0.88,1.0,2.101246118545532
6958424996964355334,20.6387882232666,22.279857635498047,19.04810905456543,-0.20731121301651,-1.367720127105713,20.09254264831543,20.078351974487305,0.32,1.0,0.6489129066467285
6922868220890254597,15.922039031982422,19.33260536193848,11.830642700195312,-0.3926251828670501,-1.2692095041275024,16.3662052154541,17.961044311523438,0.3666666666666666,0.8333333333333334,1.4272449016571045
6899015791086210306,16.865842819213867,22.41761016845703,13.33434009552002,0.7324929237365723,-0.7035841941833496,13.903800964355469,16.60175895690918,0.391304347826087,1.0,1.0214747190475464
6896055761982639362,17.98356819152832,19.765701293945312,15.652307510375977,-0.1567256450653076,0.6024653911590576,18.81110382080078,17.403940200805664,0.1538461538461538,1.0,0.8061917424201965
6895747396404284674,19.1094913482666,22.40797233581543,17.35359764099121,1.6331034898757937,2.7776265144348145,18.779470443725582,20.210594177246094,0.875,1.0,0.9006794095039368
6895292772857826562,18.12639808654785,19.66841125488281,15.08322525024414,-1.1276464462280271,1.7320709228515625,17.476789474487305,16.768083572387695,0.3333333333333333,1.0,0.7700463533401489
6887883845954178305,18.38667297363281,23.93231010437012,14.23825454711914,0.5064746737480164,-0.3722803592681885,21.14883613586425,17.19878387451172,0.3,1.0,2.0978434085845947
6883876793380572417,19.92593002319336,21.35185432434082,18.769271850585938,0.2189903706312179,-1.0991034507751465,20.269670486450195,20.5168514251709,0.782608695652174,1.0,0.6955128312110901
6883389583271185666,15.725655555725098,17.4752140045166,13.069799423217772,-0.9544883966445924,-0.2031388282775879,13.225825309753418,16.970109939575195,0.9047619047619048,1.0,0.3710831701755523
6876369843591941377,23.790428161621094,24.62759590148925,13.869327545166016,-3.4315688610076904,10.910374641418455,18.41812324523925,24.57267570495605,0.96,1.0,0.47310471534729
6869621825035357441,14.604098320007324,21.147113800048828,11.44924545288086,1.5688494443893433,1.987316608428955,13.889110565185549,20.1242790222168,0.9565217391304348,0.8695652173913043,0.6880534291267395
6864806467329903878,16.173324584960938,17.5423526763916,13.980409622192385,-0.3244658708572387,-1.1993590593338013,16.059579849243164,16.314149856567383,0.5833333333333334,1.0,2.194451332092285
6834056379355991301,18.37963104248047,23.442089080810547,14.825399398803713,0.6900209188461304,-0.5498013496398926,20.85972785949707,17.56639289855957,0.2,1.0,1.1193732023239136
6798648871401819398,19.78764533996582,22.299060821533203,17.21454429626465,0.0987542793154716,-1.1501437425613403,22.00624656677246,21.5480899810791,0.925925925925926,1.0,1.095134973526001
6798641094109269253,16.305334091186523,19.3977279663086,13.767359733581545,0.1920757591724395,-0.7500295639038086,14.199456214904783,15.140828132629396,0.3793103448275862,1.0,1.051018476486206
7551820830615899414,18.09469985961914,19.31354331970215,15.300176620483398,-1.5433253049850464,1.2483205795288086,15.396862983703612,18.122297286987305,0.1379310344827586,1.0,0.4301781058311462
7330293520395275553,15.637582778930664,19.95174789428711,9.308801651000977,-0.5235195755958557,-0.7281074523925781,17.74515724182129,19.29546546936035,0.92,0.76,1.6713355779647827
7323224822169750816,18.680742263793945,21.57362937927246,15.72698211669922,0.1200310736894607,-0.8097050189971924,16.653196334838867,20.71942710876465,0.7857142857142857,1.0,0.8712692260742188
7309113734360780064,14.3588285446167,17.17559242248535,10.934783935546877,-0.4338619709014892,-0.8082292079925537,15.504624366760254,11.681681632995604,0.3333333333333333,0.7083333333333334,0.5344792008399963
7307663369090207009,14.506460189819336,14.670944213867188,14.346551895141602,0.243466630578041,-0.9364278316497804,14.530579566955566,14.45681381225586,0.0869565217391304,1.0,0.0859214588999748
7306870694137187616,19.83245277404785,22.303741455078125,16.894468307495117,-0.4791619181632995,-0.8510391712188721,20.78426551818848,18.749162673950195,0.2,1.0,0.9713616371154784
7306460792310877472,18.249759674072266,23.138790130615234,16.182395935058594,0.839286744594574,-0.7300124168395996,20.30390357971192,16.79155158996582,0.1333333333333333,1.0,1.1982123851776123
7305781724238105889,19.76047134399414,23.30825996398925,16.302413940429688,0.0523756965994834,-0.8379166126251221,19.67601203918457,21.3912410736084,0.7272727272727273,1.0,1.3726520538330078
7299777182828645664,11.400516510009766,12.121170997619627,10.94020652770996,0.5775333642959595,-0.3202786445617676,11.425148010253906,11.902362823486328,0.9333333333333332,0.0,0.167017325758934
7297256040544931105,15.030081748962402,18.38113594055176,12.222492218017578,0.4792352616786957,-0.3886177539825439,14.028053283691406,14.396316528320312,0.3333333333333333,0.9166666666666666,1.7703920602798462
7279078872455384352,18.10177993774414,21.45936393737793,15.90738296508789,0.5181615948677063,-0.933051824569702,19.10103416442871,17.101600646972656,0.2105263157894736,1.0,1.5150524377822876
7272402191233584417,16.043020248413086,17.56610870361328,14.82121467590332,0.3738232553005218,-0.3800816535949707,16.84771156311035,16.525182723999023,0.0,1.0,0.5013876557350159
7265677943228075296,14.157148361206056,18.07520866394043,11.364256858825684,0.3877246677875519,-1.1493871212005615,12.207755088806152,17.34734344482422,0.9285714285714286,0.6428571428571429,0.9701265692710876
7265242959048723745,20.61896705627441,22.175901412963867,18.461708068847656,-0.1385407149791717,-0.6596429347991943,20.816150665283203,21.52712821960449,0.3,1.0,0.9261000156402588
7264519435086466336,18.61053466796875,21.109018325805664,17.05852508544922,0.4568943083286285,-0.8764879703521729,17.776744842529297,17.30635643005371,0.5714285714285714,1.0,0.8019985556602478
7262363967157226785,16.301843643188477,17.571060180664062,15.60871124267578,1.014523983001709,0.4210503101348877,16.343345642089844,15.970492362976074,0.0,1.0,0.2948519885540008
7261965250864467232,20.70768928527832,21.438634872436523,19.45303726196289,-0.5681300163269043,-0.4081766605377197,20.8781795501709,20.0203914642334,0.2,1.0,0.4184320271015167
7260420548553887002,16.96086311340332,20.82717704772949,11.328883171081545,-0.6649816632270813,1.425581932067871,18.706642150878903,14.892495155334473,0.1428571428571428,0.9523809523809524,1.4311587810516355
7225641498249891099,15.484920501708984,16.61090087890625,14.785893440246582,0.8092316389083862,-0.2891206741333008,15.185508728027344,15.245163917541504,0.7333333333333333,1.0,0.3029148876667022
7225245362678762779,18.26755714416504,21.20284652709961,15.428911209106444,0.2399062365293502,0.8112220764160156,18.23714637756348,19.90779685974121,0.9047619047619048,1.0,1.0879313945770264
7224177146263063835,20.11883354187012,21.607177734375,17.959877014160156,-0.6364669799804688,-0.4730355739593506,18.782093048095703,18.75750541687012,0.4516129032258064,1.0,0.622702419757843
7221550036172213509,19.01150894165039,32.28390121459961,16.79216766357422,3.562605142593384,13.995311737060549,20.780000686645508,17.3044490814209,0.7931034482758621,1.0,1.5980618000030518
7214886818368490758,18.61631774902344,20.03406143188477,17.35780143737793,-0.071912869811058,-0.5649454593658447,18.35029029846192,18.76052665710449,0.75,1.0,0.7516065239906311
7213794863630912773,16.204631805419922,19.88123321533203,14.264483451843262,1.230252981185913,0.7355403900146484,16.67997932434082,15.484795570373535,0.3846153846153846,1.0,1.849181056022644
7210067304095173893,18.140146255493164,22.21852302551269,15.423718452453612,0.6923205852508545,-0.8311922550201416,21.70174598693848,17.381887435913086,0.0434782608695652,1.0,0.9397436380386353
7209259784263060742,17.76456642150879,22.668169021606445,13.518171310424805,0.3480523824691772,-0.6605885028839111,20.15900611877441,17.489017486572266,0.238095238095238,1.0,1.55674147605896
7208590550348434694,16.71976661682129,18.796586990356445,13.199335098266602,-0.7940621972084045,-0.9070184230804444,18.59991455078125,13.58849811553955,0.0769230769230769,1.0,0.7584359049797058
7204870147855748357,18.92504501342773,22.457162857055664,15.642542839050291,0.0631307065486908,-0.5230557918548584,20.586400985717773,20.2087459564209,0.0,1.0,1.17233145236969
7200418269629582597,21.16921043395996,21.80614852905273,20.672637939453125,0.4756332635879516,-0.2420804500579834,21.06248664855957,21.114652633666992,0.7083333333333334,1.0,0.1959928423166275
7197448084119506182,17.870729446411133,24.27272224426269,14.235198974609377,0.3744572103023529,-0.6072802543640137,14.455122947692873,19.3554630279541,0.5416666666666666,1.0,1.6511845588684082
7197086542479854854,17.766464233398438,19.47754669189453,16.494606018066406,0.499884158372879,-0.639920711517334,18.01024055480957,18.89675712585449,0.64,1.0,0.5979191660881042
7195607365813636357,20.93951797485352,24.232601165771484,18.000347137451172,0.0749847665429115,-0.6495094299316406,19.297340393066406,21.750959396362305,0.8571428571428571,1.0,1.419744610786438
7193751547749223685,17.39214515686035,22.406024932861328,15.091851234436035,0.7646014094352722,-0.8091871738433838,19.48564338684082,18.68505859375,0.0,1.0,1.3626630306243896
7192254185969044742,15.325393676757812,18.94744682312012,13.41838836669922,0.7156006097793579,-1.0032628774642944,13.585299491882324,15.156795501708984,0.6,1.0,0.633819043636322
7191515883330669830,17.068002700805664,21.48784446716309,14.535738945007324,0.696556031703949,0.6671271324157715,16.84065818786621,15.109123229980469,0.1851851851851851,1.0,1.1511493921279907
7189927984172666118,19.553560256958008,23.53448867797852,16.21232032775879,0.2521695792675018,-0.6590745449066162,19.04359245300293,18.574892044067383,0.6875,1.0,2.44850492477417
7185200340310969605,17.690555572509766,18.834827423095703,16.801855087280273,0.3792004287242889,-0.7355728149414062,17.422639846801758,18.116117477416992,0.6923076923076923,1.0,0.3563666343688965
7184831364422814981,20.11913108825684,21.54401016235352,15.371929168701172,-1.7100814580917358,1.342628002166748,20.883516311645508,16.24422264099121,0.3333333333333333,1.0,0.6255855560302734
7184457014217657606,14.883992195129396,20.795021057128903,9.027135848999023,0.4204243421554565,-0.6613407135009766,20.191041946411133,13.888134956359863,0.0952380952380952,0.7142857142857143,1.3733240365982056
7174022295978003717,15.475946426391602,19.24588203430176,9.589431762695312,-0.5116083025932312,0.0394971370697021,17.643402099609375,10.995837211608888,0.3548387096774194,0.8709677419354839,1.091693639755249
7161523791154236677,17.677310943603516,24.98663902282715,12.945974349975586,1.1342045068740845,1.4182071685791016,17.81623077392578,16.45977020263672,0.6363636363636364,0.9545454545454546,2.1343488693237305
7130169267454070021,17.75631332397461,20.55799674987793,16.307170867919922,0.8539897799491882,1.820742130279541,18.01324462890625,17.622642517089844,0.2333333333333333,1.0,0.8781862854957581
7125392158063955205,16.026168823242188,17.904630661010742,13.065788269042969,-0.5204623937606812,-0.7917182445526123,15.861340522766112,16.518678665161133,0.8,1.0,1.3474183082580566
7113472331917298949,15.676188468933104,17.849206924438477,14.507905006408691,1.030473232269287,0.332146406173706,15.387774467468262,16.62266731262207,0.85,1.0,0.8665494322776794
7078216427131473157,23.298324584960938,24.63670921325684,22.136016845703125,0.6156496405601501,0.5116090774536133,22.449636459350582,23.33479881286621,0.631578947368421,1.0,0.5127049684524536
7070486062182731013,24.63272476196289,25.16748809814453,23.30608940124512,-1.6088088750839231,2.583360195159912,24.63371467590332,24.85395240783692,0.3793103448275862,1.0,0.3756053745746612
7050156581652106502,16.678043365478516,20.47574234008789,14.341989517211914,0.5038365125656128,-1.1700305938720703,16.730886459350586,19.546592712402344,0.896551724137931,1.0,1.2940186262130735
6927547229486058757,16.762279510498047,18.239032745361328,15.681925773620604,0.4428654313087463,-0.7277801036834717,17.290952682495117,15.908706665039062,0.064516129032258,1.0,0.3499286770820617
6913929490305420545,16.020692825317383,19.519161224365234,11.934531211853027,0.0396026186645031,0.8637337684631348,15.431925773620604,15.739349365234377,0.3870967741935484,0.967741935483871,0.9714587926864624
6896455617523813633,16.50014305114746,17.28579330444336,15.488592147827148,-0.4215140044689178,-1.1118632555007937,16.902206420898438,15.743494987487791,0.4285714285714285,1.0,0.3642104268074035
6894530886105042178,18.21652603149414,20.17705535888672,16.722110748291016,0.0590521283447742,-0.7696146965026855,18.580934524536133,19.744626998901367,0.9523809523809524,1.0,0.3364535272121429
6886076315288554754,17.79339027404785,18.15138816833496,17.412033081054688,0.0019789442885667,-0.6802215576171875,17.6505069732666,18.02395439147949,0.8888888888888888,1.0,0.1473306715488433
6885984385670122753,19.68227767944336,22.12103843688965,17.37434196472168,0.5443402528762817,-0.9346275329589844,21.765714645385746,19.53335762023925,0.064516129032258,1.0,0.9474713802337646
6885735124013550850,15.863978385925291,16.63410186767578,15.279182434082031,0.303263396024704,-1.0145835876464844,15.839512825012209,15.78936004638672,0.2777777777777778,1.0,0.3994295597076416
6880792115329142018,19.50760269165039,21.707469940185547,17.69809913635254,0.5339314937591553,-0.6144568920135498,19.491708755493164,19.03900718688965,0.2857142857142857,1.0,1.4235656261444092
6880117942432959746,13.623611450195312,16.95087432861328,9.91396713256836,0.0809667855501174,-0.6532909870147705,13.888442993164062,13.096190452575684,0.5833333333333334,0.5833333333333334,1.1757513284683228
6875699019520298242,14.785861015319824,18.95286750793457,10.948715209960938,0.1269039660692215,-0.6726071834564209,14.393355369567873,16.21303367614746,0.1666666666666666,0.7666666666666667,2.088473081588745
6875610422578351362,17.736539840698242,18.88783836364746,15.46286964416504,-0.7730500102043152,-0.9611406326293944,15.643010139465332,18.005449295043945,0.3846153846153846,1.0,0.3787416815757751
6860766213992090886,15.960875511169434,17.235240936279297,14.556804656982422,-0.2947710454463959,1.0015487670898438,16.48925018310547,16.53520393371582,0.9629629629629628,1.0,0.4341259598731994
6834420537545084166,17.18095588684082,21.59224510192871,13.7465181350708,0.3253930807113647,-0.5118169784545898,19.0804443359375,16.787796020507812,0.0333333333333333,1.0,1.9662140607833865
6825975879940820230,16.88259506225586,17.132648468017578,16.420026779174805,-1.2449932098388672,1.2302465438842771,16.657560348510742,16.788789749145508,0.25,1.0,0.1210824027657508
6750983141873224966,17.00819206237793,21.97369956970215,12.307788848876951,0.1565764397382736,-0.054741621017456,13.983650207519531,18.62737274169922,0.5454545454545454,0.9545454545454546,1.4964386224746704
6739804771013774597,18.507617950439453,22.80673789978028,10.112531661987305,-1.2058979272842407,2.290891170501709,19.101083755493164,17.13433074951172,0.5769230769230769,0.9615384615384616,1.6282497644424438
7606360801234013462,18.35675621032715,20.64295768737793,10.055720329284668,-2.173391103744507,4.763421535491943,16.79767417907715,19.679101943969727,0.55,0.95,1.3293803930282593
7603412461068291350,16.346559524536133,23.44558906555176,13.97590160369873,1.8979471921920776,4.790821552276611,15.85855197906494,18.28444099426269,0.875,1.0,1.3398916721343994
7602968538319539478,16.937053680419922,20.57571792602539,13.800591468811035,0.0625287070870399,-0.1889617443084716,18.07218360900879,15.29468059539795,0.45,1.0,1.5887136459350586
7594911702613773590,16.768829345703125,19.14900588989257,15.399930000305176,0.5305664539337158,-0.6134033203125,16.295236587524414,16.278160095214844,0.125,1.0,1.1531474590301514
7593727684606168342,15.465261459350586,16.49209976196289,13.851872444152832,-0.4100320637226105,-1.2696428298950195,15.945303916931152,14.19432544708252,0.35,1.0,0.3310047388076782
7593661214027156758,13.091617584228516,17.09653091430664,1.5613305568695068,-3.152219295501709,10.482959747314451,15.122817039489746,12.885283470153809,0.1,0.7,1.8129680156707764
7593403675297467651,17.543493270874023,18.78260040283203,16.46257972717285,0.3444899022579193,-1.4190503358840942,17.161069869995117,18.076068878173828,0.8125,1.0,0.5866925716400146
7592281951206133014,17.3882999420166,20.20162582397461,13.502849578857422,-0.4708411991596222,-1.572039246559143,13.852516174316406,18.02605628967285,0.75,1.0,0.7106958627700806
7592263862284586263,15.822961807250977,17.157485961914062,14.882919311523438,0.4658164083957672,-0.4005088806152344,15.617280006408691,16.12264060974121,0.4482758620689655,1.0,0.3768832981586456
7590184087122660630,15.293126106262209,17.19175148010254,9.973201751708984,-1.8440660238265991,4.848741054534912,14.83159637451172,15.206619262695312,0.36,0.96,1.031716227531433
7587134900852100374,15.923372268676758,22.019895553588867,10.484689712524414,0.2284411191940307,-1.0466898679733276,13.812373161315918,12.266402244567873,0.4482758620689655,0.7931034482758621,1.2227736711502075
7587070120556580118,18.756406784057617,20.44786071777344,17.1061954498291,0.0516110025346279,-0.6735036373138428,19.378416061401367,18.538877487182617,0.8181818181818182,1.0,0.7824641466140747
7584105481719844118,20.43896102905273,21.741416931152344,19.341815948486328,0.4960889220237732,-0.5312840938568115,20.37081718444824,20.58524513244629,0.9285714285714286,1.0,0.6860910058021545
7583420207629225238,17.967044830322266,19.799766540527344,16.195453643798828,0.2062667161226272,-0.7035567760467529,19.388647079467773,16.74728775024414,0.0,1.0,0.5208096504211426
7581507576219618582,17.164766311645508,19.066301345825195,7.884073257446289,-2.9742648601531982,9.421231269836426,18.80111122131348,18.4920597076416,0.0476190476190476,0.9523809523809524,1.379158616065979
7580065942730738966,17.89377784729004,19.899288177490234,15.793444633483888,-0.2397805750370025,-0.1627993583679199,17.97791290283203,18.13372802734375,0.7391304347826086,1.0,1.0017918348312378
7579287270092459286,22.347877502441406,23.421743392944336,21.17402648925781,0.136820986866951,-0.9465937614440918,22.817296981811523,21.71840476989746,0.5,1.0,0.4018146395683288
7577374333048196374,13.517529487609863,14.44906997680664,12.713376998901367,0.5229847431182861,-0.045320987701416,13.409167289733888,14.361723899841309,0.935483870967742,0.935483870967742,0.2500571012496948
7577096797580053782,18.257118225097656,25.269832611083984,13.598654747009276,0.1670176535844802,0.0644185543060302,14.902968406677246,15.646029472351074,0.2608695652173913,1.0,1.4727925062179563
7577088828171734294,17.90709686279297,21.770109176635746,15.17942714691162,0.2863782346248626,-0.1124958992004394,16.523923873901367,19.9947509765625,0.9444444444444444,1.0,1.3989903926849363
7575170897451945238,18.8768367767334,22.653432846069336,15.000410079956056,-0.0571404434740543,-0.8367352485656738,17.387380599975586,21.44349479675293,0.8947368421052632,1.0,1.3073779344558716
7575105754374458646,18.165407180786133,22.591840744018555,13.675622940063477,-0.2639581859111786,-0.7352516651153564,20.55745315551757,14.878857612609863,0.12,1.0,1.1280566453933716
7574759080368114966,16.654239654541016,20.170164108276367,14.188854217529297,0.5852814316749573,-0.2517135143280029,14.388781547546388,17.1916561126709,0.4444444444444444,1.0,0.8689225912094116
7572605667299708182,16.41705322265625,18.83695411682129,14.418113708496094,0.3065065443515777,-0.6615438461303711,18.205846786499023,14.76684284210205,0.0,1.0,0.5704725384712219
7571893908754451734,16.201025009155273,19.35591506958008,11.434856414794922,-0.6309939622879028,-0.0044879913330078,16.42046546936035,14.07043743133545,0.7666666666666667,0.9,1.295182228088379
7571134268403895574,16.752735137939453,19.46815490722656,12.279077529907228,-0.7350096106529236,-0.6754453182220459,13.648585319519045,17.752614974975586,0.45,0.85,1.4399926662445068
7566941841996647702,18.517166137695312,25.92430686950684,11.184131622314451,-0.07791618257761,1.667890548706055,19.19488525390625,19.39031982421875,0.5,0.9583333333333334,1.913702368736267
7566313596351778070,18.08656883239746,20.887556076049805,15.874101638793944,0.3466070890426636,-1.0479110479354858,18.127485275268555,16.249086380004883,0.4666666666666667,1.0,1.0265051126480105
7565953021411216662,19.78252220153809,20.311508178710938,19.127416610717773,-0.7450865507125854,0.700141191482544,19.97958946228028,19.764066696166992,0.0,1.0,0.1925486624240875
7564069366606679318,21.62812042236328,24.280929565429688,19.67742729187012,0.4458689093589782,-1.4710209369659424,20.24991226196289,23.61015892028809,0.7222222222222222,1.0,0.6774373054504395
7494193739187916054,22.34702110290528,22.934864044189453,21.449386596679688,-0.6782777309417725,-0.383976936340332,21.648193359375,22.492979049682617,0.3333333333333333,1.0,0.205650195479393
7493955664008498454,18.87173652648925,20.569089889526367,14.659416198730469,-1.300018548965454,0.7501606941223145,18.80167388916016,19.196622848510746,0.217391304347826,1.0,0.9947887063026428
7493248933460741378,16.383501052856445,20.7160701751709,12.45682430267334,0.1085841208696365,-1.3272475004196167,13.999553680419922,17.764053344726562,0.7407407407407407,0.925925925925926,1.045417308807373
7485818484723567894,18.494997024536133,21.355100631713867,15.379260063171388,-0.1623710542917251,-1.1442595720291138,20.35013771057129,20.18387794494629,0.0869565217391304,1.0,1.2810267210006714
7484305196332436758,20.18082618713379,21.35540771484375,18.83462142944336,-0.077179916203022,-1.5571805238723757,21.19663047790528,19.04343605041504,0.0714285714285714,1.0,0.3564830124378204
7483220883759303959,18.91690826416016,21.52293968200684,14.613777160644531,-0.4293437302112579,-0.8232207298278809,21.014347076416016,18.993539810180664,0.0,1.0,1.6719833612442017
7482898265906646294,18.60675621032715,23.27616310119629,13.414244651794434,-0.2754425406455993,-0.3307926654815674,21.462533950805664,18.809022903442383,0.0416666666666666,1.0,2.337956666946411
7480938335133863190,15.15115737915039,18.4575424194336,13.48104190826416,0.8791021704673767,-0.0869736671447753,14.854039192199709,13.946491241455078,0.25,1.0,1.5721697807312012
7480244111207976214,20.711101531982425,22.002685546875,18.147573471069336,-1.18559467792511,0.4190211296081543,18.940065383911133,21.127927780151367,0.3846153846153846,1.0,0.461954116821289
7476157177149803798,17.64141082763672,19.18824005126953,16.166526794433594,-0.0617449395358562,-1.20693838596344,17.181129455566406,17.004636764526367,0.7894736842105263,1.0,0.9172604084014891
7463500754318347542,17.568042755126953,19.921743392944336,13.658350944519045,-0.3898809254169464,-0.6423869132995605,16.56935691833496,19.6689682006836,0.6428571428571429,1.0,0.9101195931434632
7459503727737687318,18.41901588439941,23.387067794799805,13.9590482711792,0.2517498731613159,-0.5420637130737305,20.75026512145996,17.600709915161133,0.2631578947368421,1.0,1.1117262840270996
7458336545490193686,18.995189666748047,23.155420303344727,15.232812881469728,-0.1909977793693542,-0.3007452487945556,18.67194557189941,19.89018440246582,0.7931034482758621,1.0,1.4520727396011353
7451599218545970454,18.319551467895508,19.56708526611328,17.041404724121094,-0.1235884726047515,-1.2272157669067385,17.80236053466797,19.39228630065918,0.925925925925926,1.0,0.4152294993400574
7429021024517229857,19.424842834472656,21.588747024536133,16.82382583618164,-0.4668699502944946,-0.718264102935791,21.157968521118164,18.32806968688965,0.0384615384615384,1.0,1.236293911933899
7421927684965502240,19.28509330749512,20.62083625793457,17.64915657043457,-0.2093040347099304,-0.8843235969543457,19.410154342651367,18.65942573547364,0.3076923076923077,1.0,0.966980755329132
7421838132624002336,18.066545486450195,19.58188438415528,16.626379013061523,-0.0730039775371551,-1.423693060874939,19.03648376464844,16.7933349609375,0.2777777777777778,1.0,0.6226500272750854
7418230327207939360,18.290979385375977,19.29900932312012,17.170724868774414,-0.0524066053330898,-0.7865104675292969,17.713869094848633,17.860652923583984,0.6666666666666666,1.0,0.6107466816902161
7348413567797841185,14.342418670654297,17.658470153808594,11.696844100952148,0.4372885823249817,-1.3462162017822266,12.309052467346191,13.335765838623049,0.4705882352941176,0.6470588235294118,0.8635422587394714
7345515480288922912,17.637027740478516,22.37387657165528,13.951483726501465,0.5927104949951172,-0.6988487243652344,16.913576126098633,16.688966751098633,0.3809523809523809,1.0,1.836923241615296
7345144791094660384,10.688329696655272,14.746448516845703,8.784513473510742,1.1979845762252808,1.029813289642334,11.783154487609863,13.359126091003418,0.9565217391304348,0.0869565217391304,0.7380802035331726
7342536344561896737,17.6084041595459,20.65641212463379,15.334905624389648,0.4923183023929596,-0.8711802959442139,18.23399543762207,17.483306884765625,0.0,1.0,1.2733030319213867
7340684346040290593,21.918216705322266,22.593067169189453,21.32690048217773,0.1714088916778564,-0.0978462696075439,21.78536033630371,21.773176193237305,0.4736842105263157,1.0,0.2294774651527404
7338070752501026081,21.753734588623047,22.895856857299805,20.345252990722656,-0.4683344960212707,-0.3415651321411133,21.864397048950195,21.99835777282715,0.64,1.0,0.4368376731872558
7329560864518901024,16.8272647857666,22.65971946716309,7.86155366897583,-0.7411754727363586,-0.8169412612915039,9.684184074401855,18.124839782714844,0.6538461538461539,0.7692307692307693,1.717146635055542
7327333280297127201,15.251212120056152,17.866113662719727,13.811497688293455,1.1509013175964355,0.6692333221435547,17.026662826538086,14.860861778259276,0.1428571428571428,1.0,0.6245663166046143
7324741085438397729,19.337461471557617,24.01762962341309,17.6729679107666,1.904541254043579,4.083664417266846,18.67033195495605,22.016342163085938,0.925925925925926,1.0,0.619634747505188
7319902152686718241,14.748051643371582,19.159900665283203,11.608854293823242,0.5222188830375671,-0.8934073448181152,18.381311416625977,12.155558586120604,0.1666666666666666,0.625,1.1884682178497314
7312851563037330721,19.06682777404785,20.916961669921875,17.185813903808594,-0.3184035420417785,-1.375910401344299,17.393829345703125,19.23257637023925,0.3888888888888889,1.0,0.6076169013977051
7302473271067397409,17.23610496520996,19.381818771362305,13.158315658569336,-0.999358594417572,0.0724306106567382,14.33698272705078,18.415184020996094,0.4736842105263157,1.0,1.245482087135315
7301350531325365537,17.299802780151367,21.12991142272949,14.903680801391602,0.9131459593772888,0.2559216022491455,18.380922317504883,16.132680892944336,0.217391304347826,1.0,1.2762207984924316
7298393830204640545,18.896759033203125,21.56206512451172,16.88863754272461,0.1998089104890823,0.0042603015899658,18.580018997192383,18.038692474365234,0.1304347826086956,1.0,0.994830846786499
7296889866002910497,17.823936462402344,19.620206832885746,15.391746520996094,-0.4843072295188904,-1.1405597925186155,19.18232727050781,15.971455574035645,0.125,1.0,0.755364716053009
7296154996683410720,17.694440841674805,21.980297088623047,12.16452693939209,-0.1693587452173233,-0.6845319271087646,17.640939712524414,19.52034568786621,0.9032258064516128,0.967741935483871,3.164154529571533
7294659855434911008,17.20972442626953,22.95160675048828,11.493169784545898,-0.3627151548862457,0.5734071731567383,19.07420921325684,14.5574951171875,0.5882352941176471,0.8823529411764706,2.24245023727417
7294284376454532384,17.52939796447754,21.024084091186523,11.806564331054688,-1.076793193817139,0.1100106239318847,17.822362899780273,20.02316093444824,0.7619047619047619,0.8571428571428571,1.588971734046936
7293541624359996704,18.08263397216797,20.16399002075196,15.944957733154297,-0.1257110983133316,-1.0917683839797974,19.766895294189453,17.79619598388672,0.0588235294117647,1.0,0.7275310754776001
7293173989143366945,18.347949981689453,21.155248641967773,16.641021728515625,0.6331388354301453,-0.858527660369873,16.729087829589844,19.376989364624023,0.8461538461538461,1.0,1.1423087120056152
7291678102948810016,14.437333106994627,20.202938079833984,11.154372215270996,0.8872495889663696,-0.4976465702056885,14.2529878616333,15.069786071777344,0.5238095238095238,0.5714285714285714,1.381144881248474
7290947930108857633,13.99594497680664,18.641014099121094,9.770755767822266,0.0502686500549316,-1.1906590461730957,16.258317947387695,10.53089427947998,0.3125,0.6875,0.8993339538574219
7287983702959869217,17.615528106689453,21.18156623840332,13.93584442138672,0.1684585809707641,-1.6172603368759155,17.040494918823242,14.86469554901123,0.4230769230769231,1.0,1.015406370162964
7286863155026808096,16.177095413208008,19.268442153930664,13.31834316253662,-0.2268065214157104,-1.172477126121521,16.741436004638672,18.169612884521484,0.5357142857142857,1.0,1.198033094406128
7278768931857354016,15.588783264160156,19.18581771850586,12.526987075805664,-0.1593232601881027,-0.7078554630279541,15.203914642333984,17.031320571899414,0.125,0.8333333333333334,1.1609547138214111
7264884699636469025,14.524916648864746,18.67253494262696,12.031730651855469,0.915657877922058,2.6553173065185547,14.692848205566406,14.411026000976562,0.24,0.92,1.138866901397705
7262465807949647136,17.79253578186035,20.40509033203125,16.38878059387207,1.2949705123901367,2.373915195465088,17.698890686035156,17.624248504638672,0.5625,1.0,0.7187871336936951
7239729661788359962,19.72394752502441,22.88147735595703,16.564250946044922,0.1356558054685592,0.4973452091217041,18.802759170532227,18.667280197143555,0.4583333333333333,1.0,0.9073256850242616
7228976565445512475,17.926044464111328,27.28388023376465,13.304715156555176,0.8149759769439697,0.4670782089233398,16.5487003326416,20.140565872192383,0.8823529411764706,1.0,4.033507347106934
7221177538855423258,17.253440856933594,20.526371002197266,12.14809226989746,-0.5971555709838867,-0.1736543178558349,19.0784969329834,17.345489501953125,0.1538461538461538,0.9230769230769232,2.9915573596954346
7216365794093976838,14.737403869628906,16.093994140625,13.122802734375,-0.2029651552438736,-1.1056257486343384,15.801468849182127,15.156929969787598,0.1,1.0,0.6660528182983398
7215252214514715909,14.311715126037598,18.79541015625,10.316483497619627,0.3662528395652771,-1.2557942867279053,18.61399269104004,12.456256866455078,0.0,0.5555555555555556,1.5645897388458252
7210817231368785158,15.412091255187988,18.80418968200684,12.037830352783203,-0.2758420705795288,-0.8080554008483887,17.753341674804688,16.20035743713379,0.0416666666666666,0.8333333333333334,1.6452643871307373
7210074063765638406,18.40548515319824,18.781343460083008,18.11980438232422,0.0629327967762947,-1.032063603401184,18.38605499267578,18.58979034423828,0.9,1.0,0.1407933533191681
7208952610336820485,19.008983612060547,20.25726318359375,16.55617904663086,-0.897516667842865,0.5026040077209473,17.954185485839844,18.573959350585938,0.5625,1.0,0.7096338868141174
7207842110316268805,17.00971031188965,19.13674545288086,14.61392307281494,0.1690231561660766,-0.6813302040100098,16.166149139404297,18.82407569885254,0.8571428571428571,1.0,0.8382918834686279
7204874673367125254,16.040687561035156,19.53365135192871,13.505586624145508,0.3135614991188049,0.6560423374176025,17.594175338745117,15.59826946258545,0.3448275862068966,1.0,1.4447532892227173
7204395621468392709,17.80392074584961,19.565336227416992,15.842272758483888,-0.1725038886070251,-0.9997167587280272,16.172523498535156,17.430673599243164,0.84,1.0,0.7481502890586853
7203763760538897669,16.594079971313477,20.99802589416504,10.98790454864502,-0.5408860445022583,0.2659070491790771,17.1192569732666,17.53814125061035,0.2692307692307692,0.9230769230769232,1.6064889430999756
7203019203857665286,16.361299514770508,17.064119338989258,16.15953826904297,1.9954458475112915,2.418656349182129,16.210420608520508,16.77388572692871,0.9285714285714286,1.0,0.0739589110016822
7202277032938540294,17.038423538208008,19.69392967224121,13.53635311126709,-0.2070639580488205,-0.4531142711639404,16.439233779907227,16.024667739868164,0.4444444444444444,1.0,1.1336125135421753
7199677935949778181,17.56903076171875,21.44232940673828,14.33847713470459,-0.0929323211312294,-1.231582760810852,18.91771697998047,19.07130622863769,0.5909090909090909,1.0,1.7863733768463137
7198558888940113158,17.616939544677734,21.315128326416016,14.587165832519531,0.2754406034946441,-0.3112220764160156,18.030405044555664,17.75154685974121,0.4242424242424242,1.0,0.9896019697189332
7198194674354457861,18.153669357299805,20.23936653137207,13.934625625610352,-0.9795745611190796,-0.2939150333404541,19.23927879333496,18.12857246398925,0.3809523809523809,1.0,0.8406808972358704
7197080264625966341,17.198135375976562,23.141958236694336,13.750977516174316,0.8381664156913757,-0.5761497020721436,20.84468078613281,14.644458770751951,0.1875,1.0,1.1016502380371094
7194859372227480838,18.257678985595703,21.97569274902344,14.056292533874512,-0.1318866461515426,-0.6666109561920166,17.961904525756836,21.076078414916992,0.9285714285714286,1.0,1.5947085618972778
7192617192850984198,18.67465782165528,20.377010345458984,17.76200294494629,0.6862400770187378,-0.0787792205810546,18.074281692504883,18.01502227783203,0.7142857142857143,1.0,0.5706584453582764
7190456972418862342,15.33116626739502,17.463884353637695,12.649093627929688,-0.1417158246040344,-0.0216667652130126,14.951759338378906,16.203092575073242,0.7058823529411765,0.9411764705882352,1.021165132522583
7188189006851575046,14.592899322509766,16.72749137878418,12.801888465881348,0.3586084544658661,-0.8999214172363281,16.090749740600586,14.738639831542969,0.9375,0.9375,0.5081126093864441
7187436390131453190,20.10573959350586,22.921167373657227,17.462093353271484,0.1160608455538749,-1.4188921451568604,17.59343719482422,19.158905029296875,0.3846153846153846,1.0,1.2444899082183838
7184459390143974662,16.74169158935547,18.795473098754883,14.477992057800291,0.0685273632407188,0.0287153720855712,15.75251007080078,17.78827476501465,0.8181818181818182,1.0,0.6758545637130737
7183477138249485594,14.656224250793455,16.508167266845703,12.608766555786133,-0.1883523762226104,-1.4512580633163452,16.11467170715332,12.937663078308104,0.0,0.8095238095238095,0.8172101974487305
7182978974253944069,20.042808532714844,21.16456413269043,18.195220947265625,-0.680480420589447,-0.6525652408599854,20.861083984375,20.333637237548828,0.0,1.0,0.4931914210319519
7177417414542429445,12.67263126373291,17.810483932495117,9.391860961914062,0.4943476021289825,-1.331460952758789,16.408401489257812,9.679377555847168,0.2142857142857142,0.3571428571428571,0.8939563035964966
7173695147639655686,17.52312469482422,20.86508178710937,14.604743003845217,0.0589934848248958,-0.902273178100586,17.892656326293945,19.78106689453125,0.2413793103448276,1.0,1.20856773853302
7172507378498260229,20.30618095397949,23.32497787475586,17.706130981445312,0.3337005972862243,-0.9628071784973145,22.286901473999023,20.351694107055664,0.0,1.0,0.9145969152450562
7170730138965970181,16.383913040161133,20.15228843688965,13.708088874816896,0.4108254611492157,-0.9323434829711914,18.90794944763184,14.058306694030762,0.064516129032258,1.0,1.2537041902542114
7168935772777614597,17.754650115966797,19.86872673034668,14.43338680267334,-0.5640366077423096,-1.109968900680542,18.860803604125977,15.430039405822754,0.5,1.0,1.1572842597961426
7165165100075093253,17.658035278320312,21.07969665527344,13.290975570678713,-0.0750843808054924,-0.6557512283325195,16.144838333129883,14.632530212402344,0.5769230769230769,1.0,0.8901988863945007
7162123924233358598,18.332250595092773,20.600345611572266,16.061378479003906,-0.0577165484428405,-1.6268285512924194,20.16821479797364,20.17796516418457,0.8235294117647058,1.0,0.6195544004440308
7150676745937587462,18.208589553833008,19.9695987701416,14.359220504760742,-1.2470492124557495,0.2354927062988281,19.61087989807129,17.904434204101562,0.0,1.0,0.580427885055542
7145110811000835333,17.895978927612305,19.949392318725582,13.785902976989746,-0.5681043863296509,-0.6855874061584473,19.93399238586425,16.510099411010742,0.0714285714285714,1.0,1.6304032802581787
7142874586755976454,16.39454460144043,18.36374855041504,6.593327045440674,-3.096950054168701,10.379948616027832,16.972253799438477,15.786635398864746,0.5833333333333334,0.9583333333333334,1.466045379638672
7141029212244233478,19.746335983276367,23.10572052001953,16.480234146118164,-0.049301840364933,-1.339218258857727,18.332677841186523,17.3321475982666,0.4545454545454545,1.0,1.3310418128967283
7125076892729756933,17.852771759033203,19.75205612182617,16.34134292602539,-0.0249501019716262,0.5741217136383057,18.047748565673828,18.026927947998047,0.7586206896551724,1.0,0.5981321930885315
7122480993948159238,17.437084197998047,20.606365203857425,14.337380409240724,0.0940830186009407,-1.5431376695632937,19.61610221862793,15.95440673828125,0.3076923076923077,1.0,0.797603964805603
7095777172513721605,18.177873611450195,19.60498046875,15.71290683746338,-0.9170698523521424,-0.5560312271118164,15.775894165039062,18.44664192199707,0.4285714285714285,1.0,0.4687788188457489
7094187420819803398,20.31826972961425,22.334028244018555,18.92402458190918,0.4216980934143066,-0.7159304618835449,19.580307006835938,20.7587947845459,0.96,1.0,0.616961658000946
7093581650163944709,15.761765480041504,17.01435661315918,14.223917007446287,-0.4352438151836395,-1.1847072839736938,15.948498725891112,16.36311149597168,0.8235294117647058,1.0,0.4639410376548767
7090931568486763781,17.624069213867188,20.23334312438965,14.279502868652344,-0.3691815435886383,-0.9706716537475586,14.691271781921388,18.055316925048828,0.6428571428571429,1.0,1.6027165651321411
7083155569812589829,15.217801094055176,19.342023849487305,12.350980758666992,0.4452299773693084,-1.2900819778442385,16.578384399414062,17.0544490814209,0.782608695652174,0.7391304347826086,1.3124171495437622
7082286078417259782,18.95405960083008,20.13964080810547,17.6354923248291,-0.0238246452063322,-1.525399684906006,19.90957832336425,17.796524047851562,0.0,1.0,0.2786580622196197
7078325137698770181,18.478858947753903,23.834190368652344,14.906951904296877,0.8827536106109619,1.5292634963989258,18.284809112548828,19.46124267578125,0.7142857142857143,1.0,1.5371776819229126
7076526059344104709,15.663204193115234,18.86532211303711,12.3124418258667,-0.1343726813793182,-0.7320723533630371,14.992920875549316,16.817787170410156,0.7692307692307693,0.9230769230769232,1.5691248178482056
7075734573933530373,19.27257537841797,22.99102020263672,17.512815475463867,0.930085837841034,-0.062885046005249,18.69686317443848,17.869543075561523,0.25,1.0,1.100055694580078
7073511726888635653,17.00054359436035,20.27688980102539,13.308760643005373,0.0810493975877761,-0.639683723449707,15.617877006530762,16.1475887298584,0.7741935483870968,1.0,1.5398690700531006
7073146702995279110,17.30235481262207,21.120086669921875,14.323247909545898,0.0779551640152931,-0.4736020565032959,15.073027610778809,18.85452461242676,0.96,1.0,1.0864315032958984
7069799098576112901,17.56402015686035,17.78059959411621,17.422298431396484,0.5789417624473572,0.028658390045166,17.55974769592285,17.49821662902832,0.6666666666666666,1.0,0.0855999961495399
7068682786437139718,16.551618576049805,19.387903213500977,14.06356716156006,0.0337240658700466,-0.3963539600372314,16.67011260986328,15.292338371276855,0.3333333333333333,1.0,1.1868091821670532
7068298283386506502,12.604312896728516,17.903043746948242,11.13600254058838,1.7968028783798218,2.499319076538086,11.51658535003662,15.474102973937988,0.8125,0.3125,1.1552796363830566
7065713702833638662,19.049617767333984,22.81110191345215,15.433518409729004,-0.0298056565225124,-1.6802148818969729,15.90802001953125,21.841955184936523,0.8846153846153846,1.0,0.7754122018814087
7063127157068844294,18.877077102661133,21.726242065429688,16.747770309448242,0.8279207944869995,-0.3604798316955566,18.34800910949707,18.366851806640625,0.5,1.0,0.6186558604240417
7062740749992971526,18.475236892700195,20.87617301940918,16.719980239868164,0.3351331651210785,-1.045590043067932,16.905920028686523,18.02921867370605,0.5454545454545454,1.0,0.7427415251731873
7061974363939261701,18.42612266540528,21.84813690185547,15.138933181762695,0.0364776998758316,-0.6080303192138672,18.36202049255371,17.880834579467773,0.5806451612903226,1.0,1.861705183982849
7059302103713402117,13.70030117034912,20.295997619628903,10.580119132995604,0.8620038628578186,-0.1750967502593994,14.470791816711426,11.67327117919922,0.1666666666666666,0.5,0.8632814884185791
7058313871718714629,17.71866226196289,20.837684631347656,15.570730209350586,0.649468719959259,-0.4242205619812011,17.720407485961914,18.23124122619629,0.8,1.0,1.730715274810791
7057548200625917190,18.354463577270508,20.294109344482425,16.077571868896484,0.0008345468668267,-0.9159624576568604,17.41905403137207,18.840017318725582,0.6086956521739131,1.0,1.0753144025802612
7057200753470950661,20.42390251159668,20.69330406188965,19.979297637939453,-0.8766027092933655,1.8435349464416504,20.356576919555664,20.3702449798584,0.0714285714285714,1.0,0.1741613298654556
7055610539749199109,17.023300170898438,19.057186126708984,12.578022003173828,-1.4970471858978271,2.180126667022705,17.14933967590332,17.886613845825195,0.4285714285714285,0.9523809523809524,1.3296574354171753
7054582233989958917,19.33588981628418,21.485774993896484,17.27703857421875,0.0898251608014106,-1.4451884031295776,20.494165420532227,18.037736892700195,0.2916666666666667,1.0,0.7189240455627441
7054222416247000325,18.48958969116211,20.096921920776367,17.21588706970215,0.158466637134552,-1.0519843101501465,17.485382080078125,18.003198623657227,0.5333333333333333,1.0,0.5985345840454102
7051571825989422342,16.43855094909668,20.296342849731445,13.499138832092283,0.3579160869121551,-0.5712385177612305,18.211240768432617,18.809608459472656,0.8888888888888888,1.0,1.2198035717010498
7046370407758286085,15.42107391357422,17.402761459350586,12.499951362609863,-0.476537674665451,-0.6079628467559814,15.0621337890625,13.434467315673828,0.25,0.9,0.5337947607040405
7043834307458141446,18.940074920654297,21.88797378540039,17.150493621826172,0.8175137042999268,-0.8518390655517578,18.577104568481445,21.820587158203125,0.925925925925926,1.0,0.2811397314071655
7043009038623329541,17.56678009033203,20.42179298400879,13.90336799621582,-0.546445369720459,-1.4603562355041504,19.52461814880371,14.0741548538208,0.2352941176470588,1.0,0.6244324445724487
7042347189179403525,17.78281021118164,20.008319854736328,14.466136932373049,-0.5672100186347961,-0.9418439865112304,14.870216369628906,18.95425033569336,0.5454545454545454,1.0,0.8718823790550232
7041969079246245126,17.992143630981445,20.36220932006836,15.742789268493652,-0.3836780488491058,-1.1024903059005735,18.71605491638184,15.86352252960205,0.1428571428571428,1.0,0.6950787305831909
7041603482742230278,16.299522399902344,20.2939453125,13.45201301574707,0.6504548192024231,-0.404834508895874,19.4451847076416,15.934388160705566,0.1290322580645161,1.0,0.8799846768379211
7040105390410960133,17.412132263183594,22.151752471923828,10.75722312927246,-0.4267725348472595,-0.2572758197784424,19.17612266540528,12.570770263671877,0.0,0.9090909090909092,2.3451974391937256
7039780337739730181,13.683667182922363,16.230806350708008,10.905805587768556,-0.0870149955153465,0.7995955944061279,13.320836067199709,13.853858947753906,0.2631578947368421,0.7894736842105263,1.1627660989761353
7038638363686997254,18.34601211547852,20.42329978942871,13.028685569763184,-1.902880907058716,3.4671311378479004,18.396913528442383,15.09765911102295,0.68,1.0,0.849606990814209
7037974894553894150,14.075672149658203,15.96352481842041,11.81204891204834,-0.174096941947937,-1.2122451066970823,15.183350563049316,12.977478981018066,0.0,0.7894736842105263,0.7124506235122681
7037757089799818502,19.91947555541992,25.651247024536133,14.51590633392334,0.7453434467315674,0.5575647354125977,4.838635444641113,25.15721321105957,0.8695652173913043,0.9130434782608696,1.8418471813201904
7037532518978964741,18.79787254333496,21.05566024780273,17.079280853271484,0.2450395673513412,-0.8084225654602051,18.763307571411133,18.77593040466309,0.4482758620689655,1.0,1.1344822645187378
7036807584111709445,16.541963577270508,19.259315490722656,12.124398231506348,-0.5231116414070129,-0.3213913440704345,18.65902709960937,15.036285400390623,0.0434782608695652,0.9565217391304348,1.278565526008606
7028978217117682949,18.70279312133789,21.196006774902344,16.09220314025879,0.0709120109677314,-0.6691939830780029,17.30074119567871,18.679340362548828,0.4,1.0,0.6694288849830627
7026756047805205766,19.378019332885746,22.41940116882324,16.52436065673828,0.3555657267570495,-0.7891075611114502,19.580480575561523,17.990341186523438,0.7727272727272727,1.0,1.143797755241394
7025927416061250821,18.13633728027344,20.02763938903809,14.821375846862791,-0.5017176270484924,-0.4827451705932617,15.91330623626709,18.70868873596192,0.6451612903225806,1.0,0.8353319764137268
7020800251950927109,15.783608436584473,17.495901107788086,12.25687026977539,-1.1645609140396118,0.2947189807891845,16.1578311920166,13.11015796661377,0.4666666666666667,0.9333333333333332,0.7561923861503601
7018826174767942918,15.24806785583496,19.079429626464844,12.75345230102539,0.5152433514595032,1.156644344329834,15.12991428375244,16.22105598449707,0.0,0.9,0.8709664344787598
7018383080205356293,19.94076538085937,21.17378807067871,19.04855728149414,0.1156676411628723,-0.6458325386047363,19.794586181640625,20.751649856567383,0.9523809523809524,1.0,0.3326894640922546
7001054542804667653,17.62380027770996,19.4354190826416,15.226761817932127,-0.3273411393165588,-0.0608019828796386,17.481882095336914,17.026565551757812,0.217391304347826,1.0,1.0703030824661257
6943540424141491461,19.30009651184082,22.038768768310547,15.213662147521973,-0.5243350863456726,0.0379335880279541,18.19244956970215,20.552942276000977,0.6363636363636364,1.0,0.9832236766815186
6935817751898426629,18.19645118713379,21.0550479888916,14.928174018859863,-0.06782978028059,-1.1723778247833252,18.753793716430664,17.870515823364258,0.1666666666666666,1.0,2.256378173828125
6927665892457237765,15.991621017456056,19.96870994567871,10.758881568908691,-0.7396028637886047,0.4002168178558349,15.02806568145752,18.87435913085937,0.9642857142857144,0.8928571428571429,1.511876106262207
6796364077095472389,18.67118263244629,21.73735618591309,16.6557674407959,0.3718807995319366,-0.0985023975372314,19.528703689575195,17.28562355041504,0.0,1.0,1.1478204727172852
6796363351816555782,21.28807830810547,24.412521362304688,17.012210845947266,-0.1914827525615692,-1.5913779735565186,21.741830825805664,19.01215171813965,0.4583333333333333,1.0,0.7893375158309937
6795606002222796037,14.348984718322754,15.979252815246582,11.451644897460938,-0.6911492347717285,-0.4268498420715332,15.245097160339355,13.928467750549316,0.7894736842105263,0.8947368421052632,1.4520238637924194
6794470373212589317,18.50408935546875,21.74275588989257,16.171913146972656,0.9476667046546936,0.1564540863037109,19.42723846435547,18.267013549804688,0.1764705882352941,1.0,0.9595924615859984
6793765694619143430,18.13958549499512,21.334943771362305,15.798351287841797,0.4302367866039276,-0.7952702045440674,19.00449180603028,18.75424766540528,0.2142857142857142,1.0,1.3529142141342163
6793347939294072069,15.241564750671388,17.432912826538086,12.499902725219728,-0.7533280253410339,-0.1717004776000976,15.479694366455078,16.617624282836914,0.9130434782608696,0.8695652173913043,0.8532268404960632
6792133610360065285,14.890490531921388,18.952852249145508,11.925113677978516,0.715639591217041,0.0954928398132324,17.44770622253418,15.09579086303711,0.8,0.92,1.3793935775756836
6792131260543225094,16.19353485107422,20.542312622070312,13.786904335021973,0.8729926347732544,0.0664539337158203,17.38456153869629,15.784160614013672,0.1923076923076923,1.0,0.600384533405304
7597437745258073400,18.47780990600586,22.74907112121582,15.361828804016112,0.5345999002456665,-0.8859095573425293,16.734336853027344,21.206756591796875,0.8928571428571429,1.0,1.15998113155365
7595900789546044684,17.786348342895508,22.008594512939453,11.416259765625,-0.3831649422645569,-1.2917522192001345,13.568294525146484,20.93195152282715,0.8,0.9,1.2670083045959473
7593820955810598156,16.06635856628418,22.8808650970459,10.722832679748535,0.4043514430522918,-0.9659154415130616,17.593420028686523,18.53336334228516,0.7241379310344828,0.7931034482758621,1.8536559343338013
7593673061476420920,17.119043350219727,21.41625213623047,12.965231895446776,0.0528094954788684,-0.9722576141357422,19.993486404418945,15.255261421203612,0.16,0.96,1.262097954750061
7586689516153343288,16.420793533325195,18.460294723510746,12.934775352478027,-0.6127654314041138,-1.1673918962478638,17.483274459838867,13.30594539642334,0.4230769230769231,0.9615384615384616,0.7812747359275818
7584927758497697035,16.762998580932617,22.240692138671875,8.647324562072754,-0.3889084756374359,0.1035394668579101,14.210597038269045,20.29197883605957,0.9230769230769232,0.9230769230769232,1.6423544883728027
7580037763580415244,18.26712226867676,19.37360382080078,16.284475326538086,-1.026409387588501,-0.0779333114624023,18.50389862060547,17.57537841796875,0.3571428571428571,1.0,0.8172398805618286
7578641094464867595,17.87299346923828,20.8585262298584,14.452970504760742,-0.1301220655441284,-0.8639392852783203,18.66908264160156,15.892817497253418,0.1153846153846153,1.0,1.5588070154190063
7577087400501857592,17.949176788330078,20.4305419921875,15.17789363861084,0.1333643198013305,-0.9171724319458008,18.664108276367188,18.63751602172852,0.1153846153846153,1.0,0.9383931756019592
7575902535349816588,17.639118194580078,20.749248504638672,15.296249389648438,0.4352061748504638,-0.4580326080322265,17.967458724975586,16.695581436157227,0.0909090909090909,1.0,2.091028451919556
7570044496004533516,18.496971130371094,20.882753372192383,15.336421012878418,-0.2508293986320495,-0.9032437801361084,17.0638427734375,17.584320068359375,0.52,1.0,1.1959655284881592
7569526874024512780,19.749731063842773,20.2305965423584,19.314910888671875,0.0187348965555429,-1.7396087646484375,19.41423225402832,20.127487182617188,0.7142857142857143,1.0,0.0587510019540786
7565955844764863755,14.932188034057615,19.421772003173828,12.057994842529297,0.5948497653007507,-0.8550469875335693,13.944087028503418,12.811808586120604,0.3703703703703703,0.7777777777777778,0.6800798773765564
7559134249731853579,14.065820693969728,16.738994598388672,12.973167419433594,1.3178287744522097,0.6185972690582275,16.12445831298828,13.253260612487791,0.0,0.875,0.4443523287773132
7553173878785297720,17.77322769165039,19.788637161254883,16.241411209106445,0.6490610241889954,-1.092829942703247,16.99260139465332,19.54048728942871,0.7727272727272727,1.0,0.334223598241806
7545528304237841720,19.745758056640625,23.18550491333008,15.45729637145996,-0.3889859318733215,-0.9904732704162598,20.923025131225582,22.19466209411621,0.9642857142857144,1.0,1.1825881004333496
7537787296209259782,15.341275215148926,16.91832733154297,13.951333045959473,0.1756155341863632,-1.154179930686951,15.343785285949709,14.30123805999756,0.2631578947368421,1.0,0.6028216481208801
7527665793501318456,14.108070373535156,15.433409690856934,12.273364067077637,-0.0542628839612007,-0.7132589817047119,15.393882751464844,13.85056209564209,0.0526315789473684,0.8947368421052632,0.5758833885192871
7524995526518000901,17.060453414916992,19.2153434753418,12.023491859436035,-1.4785763025283811,1.325059413909912,18.081684112548828,17.911258697509766,0.25,0.9166666666666666,0.8675001263618469
7520150754858896645,16.76683807373047,21.042865753173828,12.963642120361328,0.0975018590688705,-0.7390646934509277,15.095593452453612,18.34710121154785,0.8,0.95,1.1032936573028564
7517644986310020408,16.376012802124023,18.83664894104004,14.555944442749023,0.4234696924686432,-1.1050031185150146,15.285162925720217,18.124780654907227,0.5384615384615384,1.0,0.8887276649475098
7488241037907905797,17.03363609313965,18.134769439697266,15.73826789855957,-0.1178159639239311,-0.2427122592926025,18.024564743041992,16.79145622253418,0.0,1.0,0.3243329226970672
7479794065983147269,18.349082946777344,20.54749298095703,16.684268951416016,0.0162581410259008,-1.4657771587371826,19.60517692565918,16.888559341430664,0.5909090909090909,1.0,0.6609216332435608
7470863926922579205,16.601654052734375,20.31122779846192,14.280559539794922,0.7607073783874512,-0.6409175395965576,14.992058753967283,15.701014518737791,0.6,1.0,0.8486364483833313
7463089844516965637,19.760473251342773,22.03803253173828,17.776962280273438,-0.0053954380564391,-1.1430293321609497,18.87200927734375,20.386587142944336,0.6666666666666666,1.0,0.5173760652542114
7461940902890605829,18.28686141967773,20.986064910888672,13.097651481628418,-1.505654215812683,2.190757751464844,18.22210121154785,20.32920837402344,0.8947368421052632,1.0,0.9523198008537292
7426721230721453318,11.096137046813965,14.341280937194824,8.42593002319336,0.5309064984321594,-0.9102563858032228,11.675514221191406,10.186267852783203,0.5714285714285714,0.2142857142857142,1.8694572448730469
7415576931577433349,18.60267639160156,21.11893653869629,15.52085304260254,-0.3794338405132293,-0.526928186416626,19.212953567504883,18.90909194946289,0.72,1.0,1.4154871702194214
7349173304613162246,16.706960678100586,21.02360343933105,12.723931312561035,0.1534757167100906,-0.1259338855743408,16.934356689453125,15.583422660827637,0.1428571428571428,0.9642857142857144,1.8735295534133911
7348384350297165061,19.09653663635254,21.50247383117676,16.066051483154297,-0.333620935678482,-1.4773057699203491,17.07830810546875,20.98407745361328,0.4210526315789473,1.0,1.4381250143051147
7346623546229099781,16.628355026245117,21.05721664428711,13.697009086608888,0.4145823717117309,-0.8667235374450684,19.31935691833496,15.475250244140623,0.0526315789473684,1.0,1.0709549188613892
7345477638619778309,18.20935440063477,22.947162628173828,14.665116310119627,0.4003213346004486,-0.2256727218627929,16.35433006286621,18.835187911987305,0.8709677419354839,1.0,2.385668992996216
7341020687345192197,17.968631744384766,19.99684333801269,15.545979499816896,-0.0375457517802715,-0.3681955337524414,17.98882484436035,18.697904586791992,0.1785714285714285,1.0,0.7172006964683533
7333701921573850374,17.555282592773438,24.18438720703125,13.503005981445312,0.7482236623764038,1.3560194969177246,18.68281555175781,18.116586685180664,0.2121212121212121,1.0,2.47728967666626
7332928025517903109,17.985410690307617,20.02340316772461,15.611672401428224,-0.3812621533870697,-1.1330653429031372,16.629972457885742,16.236072540283203,0.8333333333333334,1.0,0.8114007115364075
7329985883539541253,16.616695404052734,19.27449417114257,14.3382568359375,0.4789749681949615,-0.2679066658020019,11.935147285461426,15.24903392791748,0.1666666666666666,0.9666666666666668,1.4708495140075684
7329596850804100358,16.51895523071289,20.56661033630371,12.9118070602417,0.1375932842493057,-0.3500666618347168,16.612634658813477,16.043676376342773,0.1034482758620689,0.9655172413793104,1.6413533687591553
7328066217929985286,21.439861297607425,25.470542907714844,18.365591049194336,0.0624150596559047,-0.6497318744659424,20.942354202270508,18.444175720214844,0.6,1.0,0.551027774810791
7325861199604665606,16.82962417602539,24.64537239074707,15.050214767456056,2.242085218429565,3.465597629547119,21.93902015686035,15.17790985107422,0.0555555555555555,1.0,0.6832591891288757
7323237610665544966,20.049190521240234,22.076679229736328,16.154129028320312,-1.0538948774337769,1.2525911331176758,20.25905036926269,19.485685348510746,0.5555555555555556,1.0,1.033433198928833
7320606856995523846,15.885713577270508,19.62142562866211,11.860743522644045,-0.2482833266258239,-0.8242969512939453,18.58187294006348,12.825871467590332,0.0,0.7647058823529411,1.5508699417114258
7319511492888366342,16.49152183532715,20.27265167236328,12.993896484375,0.0689534693956375,-0.4459013938903808,16.67073631286621,15.561668395996094,0.1034482758620689,0.9655172413793104,1.6493743658065796
7267229404584037638,18.042274475097656,19.486854553222656,16.383764266967773,-0.0248058028519153,-1.1730608940124512,16.709182739257812,17.294170379638672,0.4444444444444444,1.0,0.3391990661621094
7221953102184779013,16.937959671020508,22.66752815246582,13.351119995117188,0.4908502697944641,-0.7223348617553711,19.02371025085449,17.33124351501465,0.05,1.0,2.612943649291992
7217463144069844230,18.154380798339844,21.463043212890625,13.544668197631836,-0.3531337082386017,-0.3776853084564209,16.153291702270508,17.400632858276367,0.3636363636363636,1.0,2.107452392578125
7214396955810680069,17.722562789916992,20.70166206359864,15.073968887329102,0.2454937994480133,-1.701136589050293,16.31773567199707,20.120153427124023,0.6923076923076923,1.0,0.6604962348937988
7207818125402852613,21.653324127197266,24.44355010986328,20.04071998596192,0.6795059442520142,-0.0287506580352783,20.17841339111328,22.830263137817383,0.4666666666666667,1.0,0.764487624168396
7201892299112992005,14.632702827453612,20.108131408691406,11.093185424804688,0.4847521185874939,-1.1301491260528564,11.22408390045166,19.26913452148437,0.9333333333333332,0.6,0.6439247131347656
7199338065867934982,16.523242950439453,25.45248031616211,2.4349148273468018,-0.7909366488456726,1.1026434898376465,8.893310546875,11.40368938446045,0.5,0.7692307692307693,4.637386322021484
7198947136300403974,18.078632354736328,20.81807327270508,14.089618682861328,-0.7201545834541321,0.2213697433471679,20.20367431640625,18.95383644104004,0.04,1.0,1.1992753744125366
7197470706416815365,19.889604568481445,22.1489200592041,18.35728454589844,0.4527153670787811,-0.7462446689605713,20.02172470092773,21.107301712036133,0.7857142857142857,1.0,1.375918745994568
7189955800851320070,17.77475929260254,19.48483085632324,13.950127601623535,-1.4564108848571775,0.9058573246002196,18.141714096069336,14.547728538513184,0.6666666666666666,1.0,0.5106443166732788
7189175939098561798,18.35967063903809,19.22402000427246,17.658018112182617,0.1918302625417709,-0.5761837959289551,18.34988212585449,18.01938438415528,0.4285714285714285,1.0,0.3678254187107086
7187448552354794758,15.476720809936523,18.49425506591797,13.282825469970703,0.1837470382452011,-1.183854579925537,17.04831886291504,14.021328926086426,0.1428571428571428,1.0,0.5151939392089844
7185872343988702470,18.56160926818848,21.12447738647461,9.513006210327148,-2.183135509490967,4.940147876739502,12.436091423034668,13.61895751953125,0.4166666666666667,0.9166666666666666,2.1264126300811768
7184475894335950085,20.160045623779297,21.89093971252441,16.027524948120117,-1.0949159860610962,0.0223879814147949,19.87138938903809,21.25187492370605,0.9615384615384616,1.0,0.6100027561187744
7182983364293430533,18.766185760498047,21.739479064941406,14.671741485595703,-0.6649009585380554,-0.2793238162994385,17.23704719543457,18.412805557250977,0.7,1.0,1.8650014400482176
7179319229924084997,19.220577239990234,24.81974983215332,13.573554039001465,0.3888351917266845,-0.8858940601348877,19.041015625,19.10579872131348,0.5,1.0,0.9519852995872498
7176635190469512453,17.662458419799805,22.33513069152832,14.262022018432615,0.3468843996524811,-0.7952554225921631,18.729267120361328,15.5880765914917,0.3076923076923077,1.0,0.8944209218025208
7175864609029491974,18.815433502197266,21.47437286376953,16.43000602722168,0.0730926766991615,-0.9005863666534424,19.88289833068848,19.65415382385254,0.5,1.0,1.2144019603729248
7174823379453644037,18.14083671569824,20.20098114013672,15.580503463745115,-0.0477712117135524,-1.3461116552352903,12.03076171875,12.94109344482422,0.625,0.9375,1.8136649131774905
7087984641864502534,19.446760177612305,24.763145446777344,15.101194381713867,0.3475122153759002,-1.155788779258728,16.522550582885742,20.43942070007324,0.4347826086956521,1.0,3.3577210903167725
7087653844863208709,17.84874725341797,20.49927520751953,15.268917083740234,0.2597347199916839,-0.8756682872772217,16.978960037231445,19.63213539123535,0.8823529411764706,1.0,1.6306394338607788
7087592356664315141,18.371234893798828,21.099653244018555,14.48824977874756,-0.5085292458534241,-0.2725312709808349,16.161466598510742,19.85497283935547,0.9642857142857144,1.0,1.5052640438079834
7086527236471311622,17.65580940246582,21.962278366088867,11.210015296936035,-0.782599925994873,-0.0391075611114501,19.5139217376709,11.53592586517334,0.625,0.875,1.3756170272827148
7086144769222511877,18.2458553314209,22.9793701171875,14.973004341125488,0.5038317441940308,-1.2782000303268433,17.345033645629883,15.321048736572266,0.5714285714285714,1.0,1.5798282623291016
7086111451965869317,17.613628387451172,19.76251792907715,14.554315567016602,-0.5825478434562683,-0.8714046478271484,19.689512252807617,17.748842239379883,0.0,1.0,0.7370851635932922
7085748815449312517,18.64550018310547,21.97440719604492,14.923628807067873,-0.2175784409046173,-1.3318886756896973,15.134896278381348,21.07008552551269,0.9090909090909092,1.0,1.0703519582748413
7085404371671846150,17.57737922668457,22.207395553588867,10.706402778625488,-0.381500095129013,-0.8777527809143066,16.46592140197754,19.41997528076172,0.7083333333333334,0.9166666666666666,2.012587070465088
7085367737178000646,18.362701416015625,20.83672523498535,15.170160293579102,-0.2297035753726959,0.2615716457366943,18.9912109375,16.82588005065918,0.7407407407407407,1.0,1.0422743558883667
7084552539126926597,17.85527801513672,20.56607246398925,14.396363258361816,-0.5459636449813843,-0.7593631744384766,17.411043167114258,18.035449981689453,0.25,1.0,2.0847904682159424
7083526112558517510,17.540372848510742,20.838308334350582,12.345467567443848,-1.14256489276886,0.0738608837127685,17.38094139099121,17.678485870361328,0.0434782608695652,0.8260869565217391,1.2802654504776
7083159832185933061,17.499521255493164,23.587709426879883,14.141890525817873,1.475178599357605,1.5179390907287598,16.689184188842773,17.176549911499023,0.7777777777777778,1.0,1.6110230684280396
7082386924677205253,14.748723030090332,17.52142333984375,12.756797790527344,0.3303571045398712,-0.4874203205108642,13.665600776672363,14.032336235046388,0.3333333333333333,0.9333333333333332,1.3562681674957275
7082037036730813701,19.05489921569824,22.448768615722656,14.729433059692385,-0.2678622305393219,-0.5905559062957764,16.4892578125,20.974166870117188,0.7333333333333333,1.0,1.9313596487045288
7081701013891157253,18.74625396728516,21.424680709838867,17.448772430419922,1.0068888664245603,0.2372767925262451,19.016746520996094,18.29469490051269,0.5,1.0,0.81709223985672
7081323710442917125,17.53205680847168,21.744495391845703,14.628074645996094,0.7017551064491272,0.0679647922515869,17.17839813232422,17.29924964904785,0.4583333333333333,1.0,1.741045594215393
7081276473687985413,14.94564723968506,17.370697021484375,12.377056121826172,-0.5358181595802307,-1.2522783279418943,12.678096771240234,15.881701469421388,0.5454545454545454,0.7272727272727273,0.5840527415275574
7080583186522098949,11.67953872680664,12.52589988708496,9.856563568115234,-1.629122018814087,3.076345443725586,11.653037071228027,11.09055233001709,0.5384615384615384,0.0,0.5495703220367432
7080535307816291589,18.778600692749023,20.513607025146484,15.193324089050291,-0.9734665751457214,-0.2590169906616211,20.02266502380371,19.78477478027344,0.5882352941176471,1.0,1.0863183736801147
7079836018203020549,21.939105987548828,23.32278251647949,20.782495498657227,0.5805981159210205,1.2271337509155271,21.402624130249023,21.83984375,0.56,1.0,0.4763923585414886
7079418950315969798,19.38390350341797,22.246789932250977,14.879173278808594,-0.8514808416366577,1.2768793106079102,19.94306373596192,19.56207847595215,0.3684210526315789,1.0,1.3104760646820068
7079071645771500806,17.88710594177246,21.22023582458496,16.09890365600586,0.7827010154724121,-0.6027669906616211,18.468435287475582,16.864133834838867,0.2666666666666666,1.0,0.682490348815918
7078352231413697797,18.3775691986084,20.833112716674805,16.026947021484375,-0.0429862812161445,-0.8492991924285889,18.86455345153809,19.93185234069824,0.9375,1.0,0.9406794309616088
7077597321667546373,17.50920295715332,22.44254302978516,12.102703094482422,0.0759925097227096,-1.1136817932128906,21.04634666442871,16.009532928466797,0.7142857142857143,0.9642857142857144,1.5992287397384644
7076502785742720261,17.94268226623535,20.93922996520996,14.58620548248291,-0.1553405672311782,-1.2640018463134766,14.59809398651123,20.704404830932617,0.48,1.0,1.1392301321029663
7076131060420988165,17.95691680908203,21.829105377197266,14.678997993469238,0.1089239418506622,-0.8367025852203369,20.043790817260746,20.73152732849121,0.2413793103448276,1.0,1.5222803354263306
7074644027190103302,17.77054214477539,19.38066673278809,16.152610778808594,-0.1763912886381149,-0.476236343383789,18.054428100585938,17.432825088500977,0.2,1.0,0.5153372883796692
7073906588079246598,17.686534881591797,20.746198654174805,14.315159797668455,-0.0177858788520097,-1.2102407217025757,17.4212703704834,17.631797790527344,0.3333333333333333,1.0,1.309867024421692
7073547434244328709,19.048803329467773,22.380069732666016,12.1386137008667,-1.1880139112472534,0.7248079776763916,18.92859268188477,21.458227157592773,0.9411764705882352,0.9411764705882352,1.6646764278411863
7073513732395044102,16.622217178344727,20.18094062805176,12.137160301208496,-0.4524697363376617,-0.6800699234008789,17.93123435974121,15.006268501281738,0.4736842105263157,0.8947368421052632,1.5708552598953247
7072780188018380038,18.426645278930664,23.41994857788086,14.847556114196776,0.5420641899108887,0.2163760662078857,19.80426788330078,17.66765022277832,0.125,1.0,1.4902353286743164
7072060893818899717,16.065372467041016,22.80768394470215,5.360841751098633,-1.1986093521118164,0.0694868564605712,17.999414443969727,17.080738067626953,0.6666666666666666,0.8095238095238095,3.349717617034912
7071272326746230021,17.384479522705078,22.975961685180664,12.450130462646484,0.049701489508152,1.2831268310546875,17.732040405273438,19.103666305541992,0.9090909090909092,0.9545454545454546,2.5127902030944824
7070907935722917126,17.743648529052734,21.719676971435547,13.900849342346191,-0.160213440656662,0.6934895515441895,17.417972564697266,17.872838973999023,0.4347826086956521,1.0,1.5897997617721558
7070569241413422342,19.2833194732666,21.563533782958984,16.887582778930664,-0.2177426069974899,-0.8211922645568848,19.194917678833008,17.707717895507812,0.5833333333333334,1.0,1.2713614702224731
7070218376328563973,21.77506446838379,24.634174346923828,16.93496322631836,-1.0490845441818235,-0.0206110477447509,22.9837703704834,22.91260528564453,0.7333333333333333,1.0,1.2677873373031616
7069844079122599173,18.797616958618164,23.07667732238769,14.912433624267578,0.6485168933868408,-0.8278326988220215,17.585840225219727,17.81574058532715,0.5333333333333333,1.0,1.5906089544296265
7068731699701484806,17.56487464904785,20.699195861816406,14.159557342529297,-0.0041723912581801,-1.169057011604309,16.097835540771484,20.08431434631348,0.85,1.0,1.8404810428619385
7067985901011373317,16.26723861694336,19.32699012756348,11.509233474731444,-0.3741563856601715,-0.7788193225860596,18.03563690185547,14.167530059814451,0.1578947368421052,0.9473684210526316,2.0164437294006348
7067623396279930117,17.9619140625,18.84526824951172,14.43545627593994,-1.9912784099578853,3.334071636199951,18.316484451293945,18.572168350219727,0.4,1.0,0.8273524045944214
7066474035613388037,19.111474990844727,29.68662452697754,14.522679328918455,1.169375777244568,0.389406681060791,27.59149169921875,14.844721794128418,0.1111111111111111,1.0,1.6412512063980105
7065769954695564550,23.4892578125,24.183876037597656,22.913957595825195,0.1588662266731262,-0.5915284156799316,23.20387840270996,23.608423233032227,0.5,1.0,0.4228326678276062
7064650116321250566,11.07986068725586,20.92023658752441,7.447154998779297,1.076047658920288,-0.2413299083709716,17.917774200439453,8.762856483459473,0.0555555555555555,0.3333333333333333,1.765497803688049
7064585014561754373,17.803255081176758,20.330610275268555,12.908105850219728,-0.9481757879257202,-0.341965913772583,17.740570068359375,18.98118782043457,0.4444444444444444,0.9444444444444444,1.4552569389343262
7064244808700726533,19.93885803222656,22.373271942138672,15.848274230957031,-0.8231558203697205,1.0885367393493652,20.65297508239746,18.71637916564941,0.3157894736842105,1.0,0.950750768184662
7063505399307144454,18.983095169067383,21.458816528320312,16.764083862304688,0.0503259859979152,-1.2031394243240356,20.661062240600582,20.45311164855957,0.0,1.0,0.9784735441207886
7062046390570061061,18.87505340576172,21.427494049072266,16.32677459716797,-0.2011289149522781,-0.0272328853607177,19.44392967224121,18.48292732238769,0.4615384615384615,1.0,0.8257585167884827
7061663961090936070,14.192400932312012,19.62407112121582,10.790724754333496,0.6899285912513733,-0.7822859287261963,13.00295352935791,13.039588928222656,0.7391304347826086,0.5652173913043478,1.4541914463043213
7061273234259610885,18.382957458496094,22.10848999023437,16.131298065185547,0.8767935633659363,1.018531322479248,18.32868766784668,18.72246360778809,0.6,1.0,1.3046847581863403
7060513660975844614,18.390840530395508,20.17650985717773,15.111414909362791,-0.8276902437210083,0.2821168899536133,19.208393096923828,17.159507751464844,0.5333333333333333,1.0,0.820219874382019
7060191695681375493,18.652143478393555,22.381685256958008,11.271368980407717,-0.7508540749549866,0.1318941116333007,19.949886322021484,17.3795166015625,0.2962962962962963,0.9629629629629628,2.4684648513793945
7059832468412583173,19.19087791442871,21.879308700561523,16.687450408935547,0.0057312748394906,-0.6200847625732422,19.31326484680176,17.351852416992188,0.0833333333333333,1.0,1.174869179725647
7059747853035441414,21.40456199645996,23.80834007263184,17.727176666259766,-0.5658186674118042,0.1744956970214843,20.080554962158203,20.884321212768555,0.238095238095238,1.0,1.366202712059021
7059442492080491781,18.696144104003903,24.692062377929688,15.955135345458984,1.359223484992981,1.7630529403686523,17.799663543701172,22.395492553710938,0.92,1.0,1.333120822906494
7059081815985818886,18.914627075195312,24.95647430419922,15.575160026550291,1.4381312131881714,2.0400285720825195,20.905048370361328,19.019325256347656,0.0714285714285714,1.0,1.734148621559143
7058348964306783493,17.489168167114258,18.485515594482425,16.530960083007812,0.0579098463058471,-1.3108289241790771,17.510698318481445,17.466962814331055,0.7222222222222222,1.0,0.512276828289032
7057221943623306501,20.99043273925781,24.177165985107425,18.237123489379883,0.070442296564579,-0.7020468711853027,23.144906997680664,19.816381454467773,0.0869565217391304,1.0,1.03709614276886
7056858947935915270,14.732038497924805,17.471132278442383,13.518555641174316,1.3273206949234009,0.2772388458251953,16.2508487701416,14.22419261932373,0.0,1.0,0.6419346928596497
7056423267564899590,20.63957023620605,23.68399429321289,17.766376495361328,-0.0918682515621185,-1.3630427122116089,22.60433006286621,18.029356002807617,0.0,1.0,1.1355611085891724
7054964457310539013,18.430908203125,19.70275115966797,16.353954315185547,-0.6297402381896973,1.2328648567199707,17.174510955810547,19.40372657775879,0.9583333333333334,1.0,0.2712199091911316
7054255399968476422,18.72152709960937,21.29073715209961,16.878128051757812,0.2985022068023681,0.0698583126068115,17.46240234375,19.763227462768555,0.8888888888888888,1.0,1.0769283771514893
7053886455805955333,18.18189239501953,23.4637451171875,9.579477310180664,-0.7815403342247009,2.345669746398926,22.349225997924805,16.147432327270508,0.0416666666666666,0.9583333333333334,2.020813226699829
7053136217717607686,17.732881546020508,20.98435401916504,15.362204551696776,0.6172271966934204,-1.159074306488037,16.687171936035156,18.231895446777344,0.4782608695652174,1.0,1.281482458114624
7041160388334980357,17.349395751953125,21.356033325195312,14.582361221313477,0.2570211887359619,-0.6820740699768066,16.87213134765625,15.836520195007324,0.25,1.0,1.730799913406372
7038692809985051909,17.957714080810547,20.918317794799805,14.189621925354004,-0.460669606924057,-0.6680929660797119,19.317014694213867,19.024890899658203,0.0625,1.0,1.4766188859939575
6980696986135710981,15.445768356323242,18.928125381469727,14.687731742858888,2.2453396320343018,3.6240663528442383,12.404574394226074,15.502903938293455,0.0526315789473684,0.9473684210526316,2.0902695655822754
6946128715000663301,16.38980484008789,19.99489402770996,13.676831245422363,0.3880805075168609,-0.3603646755218506,16.418598175048828,14.926334381103516,0.4137931034482758,1.0,1.673595666885376
6945377653587266822,17.792165756225586,21.40256690979004,13.116765022277832,-0.510117769241333,-0.1639583110809326,19.374197006225582,17.728050231933594,0.2,1.0,2.086017608642578
6934012329067597061,19.36442756652832,22.58148193359375,16.5618839263916,0.2144623696804046,-1.8486247062683103,16.774946212768555,22.04254150390625,0.6666666666666666,1.0,0.5074366331100464
6926459852134845701,16.864246368408203,18.81048583984375,14.60275650024414,-0.0737492591142654,-1.3977128267288208,15.958758354187012,18.43294143676757,0.8,1.0,0.6416553854942322
6921676134212029701,18.202348709106445,19.90021705627441,14.350263595581056,-1.4775439500808716,1.7567710876464844,15.480320930480955,19.19576072692871,0.8571428571428571,1.0,1.1843136548995972
6918691694791691525,18.951190948486328,21.64135360717773,16.591135025024414,0.1199502721428871,-0.9869821071624756,17.797311782836914,18.85179710388184,0.5625,1.0,1.3100485801696775
6897900291631402242,18.91907119750977,22.86404609680176,15.456849098205566,0.5207408666610718,-1.0291683673858645,22.82501792907715,16.35494041442871,0.037037037037037,1.0,0.8795192241668701
6895288761354112258,18.812211990356445,20.42302703857422,15.980974197387695,-0.818223774433136,-0.2365732192993164,18.71637916564941,18.346792221069336,0.1851851851851851,1.0,0.6523077487945557
6876847536938749185,20.58092498779297,22.62558555603028,18.94830322265625,0.417255163192749,-0.0296206474304199,21.26848602294922,19.981733322143555,0.782608695652174,1.0,0.672201931476593
7598953535165959426,19.397294998168945,22.59607696533203,16.60302734375,0.4686906933784485,-0.8250992298126221,22.29794883728028,20.03670310974121,0.0555555555555555,1.0,1.7397704124450684
7598574537407548694,20.360275268554688,23.78048515319824,15.784615516662598,-0.4711771011352539,0.4626951217651367,20.48583030700684,20.509326934814453,0.84,1.0,1.784009337425232
7597422827196763414,18.75514793395996,21.69882202148437,16.35539436340332,0.3125143945217132,-0.7121615409851074,17.053770065307617,19.12042617797852,0.3,1.0,0.967376708984375
7596412614402460950,17.663415908813477,20.30287742614746,14.869236946105955,-0.3237960934638977,0.8976466655731201,16.641172409057617,17.904170989990234,0.8947368421052632,1.0,1.2825102806091309
7594160012247797014,17.208608627319336,20.537214279174805,13.11485195159912,-0.5757421851158142,0.2260975837707519,15.196850776672363,17.691314697265625,0.4814814814814814,1.0,1.3985472917556765
7593664206210157827,18.099971771240234,18.94720458984375,17.657304763793945,0.8878109455108643,-0.442624568939209,18.44687461853028,17.967750549316406,0.0,1.0,0.3549437522888183
7591891163175554326,14.590171813964844,17.868446350097656,12.044876098632812,0.3804106712341308,-0.4565918445587158,14.062777519226074,15.29212474822998,0.4736842105263157,0.8421052631578947,1.3725517988204956
7587478416618736918,17.345827102661133,21.210298538208008,12.70007038116455,-0.2857679724693298,-1.358912706375122,13.36486530303955,19.253293991088867,0.4444444444444444,0.9629629629629628,1.4262536764144895
7586630099286510870,18.5337028503418,19.93498039245605,15.2196626663208,-0.9128732085227966,-0.0977804660797119,16.138978958129883,19.552833557128903,0.5,1.0,0.4314393103122711
7580000663845850390,18.6955509185791,21.828357696533203,13.966094970703123,-0.3203113377094269,-0.6550958156585693,15.909346580505373,17.46917724609375,0.3076923076923077,1.0,1.0264972448349
7578151818585328918,16.16264533996582,23.489648818969727,9.65916919708252,0.1400781422853469,-1.2605488300323486,18.6273136138916,20.03852653503418,0.5384615384615384,0.7692307692307693,2.096818447113037
7576319921030827286,17.085233688354492,19.66554069519043,14.193625450134276,0.0777384117245674,-1.481252670288086,15.740699768066406,14.759769439697266,0.65,1.0,0.6499184370040894
7575110522522144022,15.7186279296875,18.66058349609375,7.009479999542236,-1.5712318420410156,1.9623231887817385,16.947858810424805,16.353628158569336,0.3,0.9,1.633872628211975
7570012092829748502,16.181026458740234,21.367263793945312,7.37702465057373,-0.9918021559715272,-0.1950454711914062,13.00649642944336,20.362342834472656,0.9090909090909092,0.7727272727272727,2.138100862503052
7566632651352853782,19.76987075805664,21.202129364013672,17.43098258972168,-0.4628351032733917,-0.1743369102478027,18.38661193847656,19.60932731628418,0.217391304347826,1.0,0.6512792706489563
7553223847730777346,19.75914764404297,23.450300216674805,16.449331283569336,0.1602742075920105,-1.6080727577209473,20.40194129943848,17.050344467163086,0.1538461538461538,1.0,1.34074068069458
7523154104273915158,18.3022403717041,20.75230026245117,14.532913208007812,-0.7341129779815674,0.3383328914642334,12.229358673095703,17.595443725585938,0.40625,0.96875,1.4375489950180054
7520582757412556054,19.503646850585938,20.7619571685791,18.022855758666992,-0.6067594885826111,0.1794869899749755,20.04875946044922,18.51925277709961,0.1052631578947368,1.0,0.6746533513069153
7495368561821535510,17.239171981811523,20.594314575195312,11.328947067260742,-0.6347329020500183,-1.043882131576538,18.401817321777344,18.91426658630371,0.3809523809523809,0.8095238095238095,2.384978771209717
7493891893026180374,18.31266593933105,21.504356384277344,15.258622169494627,-0.0422381684184074,-0.6977851390838623,17.208932876586914,19.80204200744629,0.5172413793103449,1.0,0.908132255077362
7491632736105450774,18.12347221374512,21.318344116210938,15.612152099609377,0.2088713496923446,-0.2736036777496338,19.03374671936035,17.1247615814209,0.16,1.0,1.3550416231155396
7486822725684792599,16.0881404876709,19.84898567199707,7.547817230224609,-0.8783471584320068,0.0613548755645751,19.422264099121094,14.776898384094238,0.9545454545454546,0.7727272727272727,1.9250401258468628
7483098002547100950,15.558059692382812,18.292312622070312,9.79921817779541,-1.141920566558838,0.4215006828308105,15.2846040725708,16.838903427124023,0.3571428571428571,0.8571428571428571,2.590605497360229
7481624954484690198,18.230451583862305,20.910791397094727,13.132421493530272,-0.9793429970741272,0.7354679107666016,17.91136932373047,15.01374340057373,0.2222222222222222,1.0,1.1148383617401123
7477935287646063894,18.64224433898925,21.692371368408203,14.277799606323242,-0.4677110910415649,-1.0521708726882937,19.12806701660156,17.44719886779785,0.1875,1.0,1.3509395122528076
7473224176086584598,17.897356033325195,19.54054450988769,15.50271224975586,-0.9635781049728394,0.5022261142730713,15.973941802978516,18.14912414550781,0.2692307692307692,1.0,0.4621517658233642
7471566242168491286,17.309833526611328,20.251861572265625,14.518433570861816,-0.1364837288856506,-1.484707951545715,19.44227409362793,17.862451553344727,0.0,1.0,0.811151385307312
7471289820795374870,19.17509078979492,21.633451461791992,17.466136932373047,0.9031834602355956,-0.0976715087890625,18.26704978942871,18.52622032165528,0.25,1.0,0.8011394739151001
7470495287212084503,16.603702545166016,21.17169570922852,12.242647171020508,0.2720502018928528,-1.2179771661758425,20.375003814697266,13.2715425491333,0.3103448275862069,0.9310344827586208,1.2236852645874023
7469067273794456854,16.916133880615234,22.1431884765625,12.531861305236816,-0.0810476690530777,-0.7349991798400879,17.574676513671875,17.110137939453125,0.5714285714285714,0.9047619047619048,2.058476686477661
7466514918137728278,16.565393447875977,18.6146297454834,13.85214900970459,-0.4137984216213226,-0.7544727325439453,16.29559898376465,16.074556350708008,0.3809523809523809,1.0,0.8856382369995117
7466106459403701526,17.963319778442383,19.165138244628903,13.023677825927734,-2.7411928176879883,7.547008514404297,16.870576858520508,18.5086612701416,0.0588235294117647,1.0,1.0896172523498535
7465714414814137623,16.220090866088867,18.932342529296875,11.976872444152832,-0.8892228007316589,0.3404343128204345,13.48159122467041,17.477054595947266,0.2592592592592592,0.8888888888888888,1.178446650505066
7453069595327384865,13.236257553100586,14.879425048828123,11.130434036254885,-0.5565192699432373,-0.7806458473205566,14.5731840133667,14.201266288757324,0.08,0.72,0.6225022673606873
7447538385993895201,18.94101333618164,21.27300262451172,16.400070190429688,-0.1300870329141616,-0.5408477783203125,21.186494827270508,19.064128875732425,0.0833333333333333,1.0,0.7211897373199463
7447184186034654496,18.884737014770508,21.217605590820312,16.264419555664062,0.0682387799024581,0.2807247638702392,17.3834171295166,19.52926254272461,0.6666666666666666,1.0,0.9406333565711976
7446341554735828256,16.84276008605957,20.125459671020508,14.007072448730469,0.3284563720226288,-1.4367040395736694,18.53481101989746,19.63853645324707,0.0476190476190476,1.0,1.1855448484420776
7399975638112783649,17.467050552368164,19.195655822753903,14.070563316345217,-1.1191028356552124,-0.0922355651855468,18.14698028564453,17.88419532775879,0.3684210526315789,1.0,0.6710878014564514
7390334004001639713,16.430131912231445,18.210649490356445,14.633027076721191,-0.0231176577508449,-1.3193435668945312,17.727312088012695,15.076507568359377,0.0416666666666666,1.0,0.5992020964622498
7372132003078032672,18.90250396728516,20.88961601257324,16.05965232849121,-0.5057661533355713,-0.7462270259857178,18.130126953125,20.46434593200684,0.9655172413793104,1.0,0.6642052531242371
7351073088601148704,17.947887420654297,20.859359741210938,16.293649673461914,0.7986098527908325,-1.3023850917816162,20.5263671875,16.83098793029785,0.25,1.0,0.4112613797187805
7343970143497653537,17.377561569213867,19.19160842895508,15.881519317626951,0.0280515328049659,-1.127253532409668,16.247291564941406,17.73575782775879,0.8214285714285714,1.0,0.7030619382858276
7341738165746634017,16.86750602722168,20.86239624023437,14.88461685180664,1.0658584833145142,2.011073589324951,16.318811416625977,17.0069637298584,0.8387096774193549,1.0,1.2190673351287842
7340356860299496736,15.641797065734863,19.29528045654297,11.622014999389648,0.2698123157024383,-0.4993293285369873,15.07919979095459,18.04297065734864,0.125,0.9166666666666666,1.6661287546157837
7333562774750088480,18.21426582336425,20.3207950592041,14.994214057922363,-0.9051001071929932,0.3104677200317383,18.426742553710938,18.79206275939941,0.7916666666666666,1.0,1.328222393989563
7327710709201014049,18.5274600982666,22.0685977935791,15.56023406982422,-0.049934159964323,-1.529874324798584,21.08269691467285,18.810752868652344,0.0,1.0,0.9666959643363952
7323667240933444896,14.1014404296875,15.230329513549805,12.93685245513916,-0.247886449098587,-1.38494074344635,14.669447898864746,13.13202953338623,0.1304347826086956,0.9565217391304348,0.2237173914909362
7321012358594235681,18.10144805908203,21.285789489746094,10.991255760192873,-0.993347704410553,-0.1544408798217773,20.424320220947266,20.66780662536621,0.875,0.9375,1.5191000699996948
7319919643378912544,13.930808067321776,16.188486099243164,12.347887992858888,0.2660276889801025,-1.2612426280975342,15.542808532714844,13.961318969726562,0.6428571428571429,0.6428571428571429,0.8350792527198792
7318832237842156832,18.276853561401367,22.644481658935547,15.988924026489258,1.4169528484344482,2.0094027519226074,17.97165870666504,19.544893264770508,0.7333333333333333,1.0,1.0894054174423218
7315822267781467424,15.202247619628906,17.074960708618164,13.965627670288086,0.91557377576828,0.1718792915344238,14.520160675048828,15.79318141937256,0.5789473684210527,1.0,0.4416851997375488
7309133635578236192,17.97743034362793,21.62411880493164,16.385149002075195,1.3915783166885376,0.8352839946746826,20.987625122070312,17.538169860839844,0.0,1.0,0.4458370208740234
7307971449870994720,16.178958892822266,22.12662696838379,9.456388473510742,-0.0203995797783136,-1.5005353689193726,21.881027221679688,10.709579467773438,0.1875,0.625,1.5193265676498413
7303968237966904609,17.252744674682617,19.23799514770508,14.370346069335938,-0.4858917593955993,-0.6340756416320801,17.627958297729492,14.876215934753418,0.5625,1.0,0.7140750885009766
7297205575501270304,19.002233505249023,22.101226806640625,14.129408836364746,-0.7124629616737366,-1.1850745677947998,21.382965087890625,19.37523651123047,0.2222222222222222,1.0,1.145127296447754
7291228337123511585,19.61471939086914,22.530000686645508,14.026994705200195,-1.859444260597229,5.103251457214356,13.43329620361328,19.416128158569336,0.1724137931034483,0.9655172413793104,2.0439600944519043
7286830586478578976,18.34609603881836,23.69611930847168,16.06760025024414,1.2362117767333984,1.368112087249756,18.066856384277344,20.44161796569824,0.8235294117647058,1.0,2.209050178527832
7283105183352016160,17.529613494873047,20.44789695739746,14.473387718200684,-0.1444421857595443,-1.384272813796997,18.140172958374023,19.82413673400879,0.5555555555555556,1.0,1.8212891817092896
7274897399045246241,17.023900985717773,20.317216873168945,13.588237762451172,-0.2933077812194824,-0.911445140838623,17.194433212280273,17.271644592285156,0.1764705882352941,1.0,2.425053119659424
7267879991004761376,16.67232894897461,18.468578338623047,15.08067226409912,0.0705141574144363,-1.4215993881225586,16.35983657836914,16.945964813232422,0.9,1.0,1.929624438285828
7261958198775532832,17.197933197021484,18.3151969909668,14.680642127990724,-1.212594747543335,0.4710192680358886,16.453344345092773,17.577043533325195,0.6111111111111112,1.0,0.8218460083007812
7568823330518748438,18.57442092895508,22.95374870300293,10.459129333496094,-0.7243475317955017,-0.6110005378723145,21.781578063964844,18.012845993041992,0.4117647058823529,0.8823529411764706,1.9993667602539065
7546523294489414934,18.22561454772949,23.27252197265625,14.575994491577148,0.3151292204856872,-1.1740928888320925,19.994600296020508,18.05452919006348,0.1290322580645161,1.0,1.804494023323059
7504292781637127446,20.299259185791016,22.14064216613769,17.92279624938965,-0.2373081147670745,-1.4004112482070925,21.47365379333496,21.728355407714844,0.8076923076923077,1.0,0.9382578134536744
7462655968522931478,18.06342506408692,20.00562286376953,16.27832794189453,-0.0203393846750259,-1.0632957220077517,19.435447692871094,18.38399314880371,0.0,1.0,0.5235203504562378
7442737337525669142,16.767215728759766,19.095117568969727,15.414212226867676,0.5676687359809875,-0.90984845161438,17.100168228149414,16.030614852905273,0.2941176470588235,1.0,0.7349295616149902
7348097820320173344,18.42361068725586,23.690757751464844,8.1812744140625,-1.2045873403549194,0.9878792762756348,19.9644832611084,20.521379470825195,0.8125,0.875,1.7174904346466064
7335847049495203104,19.46598625183105,21.703760147094727,17.183063507080078,0.1190423965454101,-1.1164562702178955,18.439416885375977,18.12900733947754,0.782608695652174,1.0,1.046549677848816
7289470545270279456,14.451142311096191,17.23216438293457,12.639633178710938,0.805465042591095,-0.2032830715179443,14.300326347351074,15.79261302947998,0.7777777777777778,0.925925925925926,0.6343323588371277
7286486663910542625,17.292865753173828,24.32364273071289,10.1438570022583,0.1943735927343368,-0.0526750087738037,16.266263961791992,14.392848014831545,0.53125,0.9375,1.8008997440338137
7185555102487416070,21.55850982666016,25.86216926574707,16.974489212036133,-0.0568280555307865,1.6097159385681152,20.230897903442383,22.45246696472168,0.9615384615384616,1.0,1.4098007678985596
7166637213604678917,18.589948654174805,20.80153465270996,15.057555198669434,-0.794399619102478,1.244304656982422,19.056381225585938,18.20846366882324,0.1363636363636363,1.0,0.8364696502685547
7156608613346184454,17.131895065307617,21.492618560791016,13.781246185302734,0.3426176905632019,-0.528184175491333,15.97852611541748,17.094560623168945,0.3793103448275862,1.0,1.609262466430664
7093894381794512133,17.369464874267578,18.77549362182617,15.8949613571167,-0.0881794542074203,-0.8740708827972412,16.68428611755371,17.65807342529297,0.6875,1.0,0.5884363651275635
6980342168535846149,19.02983856201172,20.154821395874023,16.402040481567383,-1.287960648536682,1.351362705230713,13.414921760559082,19.936851501464844,0.0714285714285714,0.9642857142857144,1.2752007246017456
6936943102523378950,18.534412384033203,22.259992599487305,16.499542236328125,1.1132323741912842,3.044520378112793,18.43847274780273,18.775251388549805,0.4,1.0,1.1529744863510132
6923969706332327174,15.215622901916504,17.879207611083984,14.17108154296875,1.827833890914917,2.140763759613037,15.067879676818848,14.758381843566896,0.3125,1.0,0.644716203212738
6904609211431357698,17.377452850341797,22.491527557373047,11.707999229431152,-0.0805844068527221,0.7517247200012207,16.485061645507812,16.956628799438477,0.1666666666666666,0.9666666666666668,1.8074393272399905
6800982671657880837,17.627962112426758,21.665149688720703,12.621407508850098,-0.1680874824523925,-1.0736083984375,16.429378509521484,17.73048210144043,0.5454545454545454,0.9545454545454546,0.9638428688049316
7605548189332016406,15.960564613342283,18.89463996887207,13.610026359558104,0.3157038390636444,-1.390026569366455,16.473203659057617,15.53801727294922,0.3888888888888889,1.0,1.2001773118972778
7582631962330893570,19.660343170166016,22.51704406738281,17.194629669189453,0.1714163273572921,-1.109974026679993,18.44056701660156,19.675922393798828,0.5384615384615384,1.0,1.1787928342819214
7568852433271590146,19.05590438842773,21.9975643157959,15.240682601928713,-0.3523126542568207,1.3984432220458984,18.868627548217773,19.20003700256348,0.4137931034482758,1.0,1.062353253364563
7567372771060124950,18.41904640197754,21.57069969177246,15.652531623840332,0.1542375534772873,-0.9458556175231934,18.957225799560547,16.21624183654785,0.6111111111111112,1.0,1.1774426698684692
7564663320058285334,17.263111114501953,20.624845504760746,9.595027923583984,-1.6856954097747805,2.403204917907715,16.385725021362305,15.72039031982422,0.1538461538461538,0.9230769230769232,1.6508508920669556
7564379905971178755,16.401981353759766,18.951642990112305,14.114347457885742,0.1529668718576431,-1.2848848104476929,17.364187240600586,15.139243125915527,0.2631578947368421,1.0,0.5799627304077148
7557004748973559043,17.288698196411133,19.590789794921875,13.98776912689209,-0.4974069595336914,-0.3967933654785156,19.16752815246582,15.045074462890623,0.1176470588235294,1.0,0.8167609572410583
7557014347273276694,14.71824550628662,19.055885314941406,11.100265502929688,0.244082361459732,-1.302146077156067,12.007601737976074,13.019692420959473,0.3478260869565217,0.6521739130434783,0.9236363768577576
7555412968511425814,19.69438743591309,22.052928924560547,14.78012466430664,-0.937081217765808,0.798973560333252,20.08018684387207,18.39980697631836,0.64,1.0,1.9158998727798464
7543218614866906390,17.11813735961914,20.986555099487305,12.452788352966309,-0.2073848694562912,-1.8125457763671875,20.14508819580078,13.794154167175291,0.3,0.85,0.7709323763847351
7522511822893616406,17.239744186401367,20.353302001953125,15.142108917236328,0.6231490969657898,1.187638759613037,16.975793838500977,17.349716186523438,0.1379310344827586,1.0,0.7031364440917969
7517939109512449302,17.147924423217773,20.43708038330078,10.402941703796388,-0.9287523627281188,1.7745099067687988,19.025049209594727,16.31522560119629,0.8,0.96,1.7717390060424805
7512836614834474262,16.718795776367188,19.35820198059082,13.248163223266602,-0.1393241733312606,-1.1191493272781372,16.68622398376465,16.469947814941406,0.56,1.0,1.4805364608764648
7495849453228657942,18.69994354248047,23.764249801635746,14.91228199005127,0.374775618314743,-1.42185640335083,16.51895523071289,20.95405387878418,0.6666666666666666,1.0,0.9666808247566224
7489499424884821270,17.502389907836914,19.897794723510746,13.878840446472168,-1.020924687385559,1.0823349952697754,18.045488357543945,17.515058517456055,0.45,1.0,1.290194034576416
7478999877444226326,17.41218376159668,20.555383682250977,15.989941596984863,0.8830431699752808,0.1806719303131103,19.253461837768555,18.18426322937012,0.0,1.0,0.6142491698265076
7476765597204860182,14.22303867340088,15.436453819274902,13.520600318908691,0.946035087108612,-0.2347559928894043,15.209210395812988,13.91891860961914,0.0,1.0,0.3728838562965393
7474331497533836566,18.72803497314453,23.64365768432617,15.441018104553224,0.4383690953254699,-0.9751749038696288,18.40846061706543,15.713826179504396,0.5,1.0,1.4434003829956057
7454218208648727840,15.827574729919434,20.71849822998047,10.4188232421875,-0.315642386674881,-1.5382596254348757,18.282182693481445,16.856969833374023,0.217391304347826,0.6086956521739131,1.5186817646026611
7441976604730936609,17.829679489135742,22.749486923217773,6.5934882164001465,-1.1123367547988892,2.15494155883789,20.53022193908692,16.897056579589844,0.3666666666666666,0.9333333333333332,2.362590074539185
7440066420332924192,18.197139739990234,20.99376678466797,15.404891967773438,0.1953734904527664,-1.0286743640899658,20.859655380249023,17.121246337890625,0.0833333333333333,1.0,1.0551044940948486
7325049996682759456,19.18295860290528,22.86359024047852,15.997895240783691,-0.0807353034615516,-0.8359134197235107,18.83880043029785,16.035470962524414,0.217391304347826,1.0,1.253090739250183
7224426315074522395,18.783483505249023,23.112680435180664,16.036956787109375,0.5285441279411316,0.3624491691589355,18.94782829284668,18.16807556152344,0.3928571428571428,1.0,1.787991642951965
7176199071177215237,15.87949275970459,16.981184005737305,14.706939697265623,-0.2298389971256256,-0.620734691619873,15.951945304870604,15.571255683898926,0.2857142857142857,1.0,0.5553677082061768
7174339271141100806,15.029417991638184,16.82657814025879,13.059859275817873,-0.3594737946987152,0.0499491691589355,13.972763061523438,15.262831687927246,0.3076923076923077,1.0,0.7844574451446533
7165886702580403462,18.0427188873291,20.337566375732425,14.045942306518556,-0.8364211320877075,-0.1799371242523193,15.058978080749512,17.71806526184082,0.5925925925925926,1.0,1.110120177268982
7156562442829466886,19.688486099243164,24.05240631103516,16.315847396850586,0.3796174824237823,-1.01222026348114,17.568565368652344,21.3056640625,0.3333333333333333,1.0,1.940852403640747
7140222885389536517,17.982257843017578,20.21984100341797,15.280251502990724,-0.1932747662067413,-1.835388422012329,15.856457710266112,19.83723258972168,0.5,1.0,0.8971030712127686
7128353863966444806,17.65113639831543,23.69164657592773,14.118432998657228,0.3632053732872009,-0.8146817684173584,14.398838996887209,19.93608283996582,0.36,1.0,1.7873740196228027
7099406976437718278,18.62666702270508,22.17023468017578,11.306888580322266,-1.2181857824325562,2.608448028564453,17.41808319091797,17.71135139465332,0.7222222222222222,0.9444444444444444,2.551584005355835
7093804812864670981,19.87882804870605,21.18511009216309,17.92352294921875,-0.6495344042778015,-0.6312286853790283,18.92242431640625,19.987462997436523,0.5,1.0,0.437051773071289
7018111226760776966,19.61136245727539,22.771446228027344,17.0612850189209,0.4839077293872833,-0.4424159526824951,19.45098304748535,20.09383583068848,0.2142857142857142,1.0,0.7632336616516113
6920160579424488710,18.61808013916016,22.57625770568848,16.283130645751953,0.6344161033630371,-1.043368220329285,20.16209983825684,19.416215896606445,0.65,1.0,1.7220627069473269
7447512835350859040,16.49494171142578,20.79667854309082,12.602092742919922,0.0914526954293251,-0.5964667797088623,14.7324857711792,19.55204200744629,0.4,0.9,1.3421913385391235
7546473791115791638,17.543195724487305,18.98398971557617,16.078311920166016,0.1297473460435867,-0.1475608348846435,16.576631546020508,17.276105880737305,0.6,1.0,0.5162041783332825
7485301680930688278,18.49225234985352,21.596874237060547,15.0011568069458,-0.4446239769458771,-1.0489790439605713,16.691862106323242,19.963563919067383,0.6190476190476191,1.0,1.085512399673462
7469703437299551510,16.980199813842773,20.744823455810547,13.697836875915527,0.0019119433127343,-1.1835743188858032,17.73217010498047,14.512030601501465,0.52,1.0,1.1257479190826416
7457582868370296096,16.65537452697754,19.016223907470703,13.31877899169922,-0.4551317989826202,-1.1825966835021973,14.444645881652832,18.532201766967773,0.8,1.0,1.163373947143555
7456310839121874198,17.9287166595459,18.56650924682617,17.3173828125,-0.0168035347014665,-0.9618337154388428,17.978191375732422,17.52459716796875,0.074074074074074,1.0,0.275278240442276
7442349120498519329,17.408966064453125,19.922042846679688,14.3389253616333,-0.2858094573020935,-0.1841323375701904,19.06706428527832,16.971237182617188,0.0714285714285714,1.0,1.06038498878479
7441997259060825377,18.077491760253903,20.91169548034668,15.755987167358398,0.3046706318855285,-1.0795621871948242,20.54674530029297,17.11435890197754,0.125,1.0,0.9111494421958924
7440142040542825760,17.703292846679688,20.71378898620605,13.465279579162598,-0.1451222449541092,-0.8836169242858887,18.64975547790528,16.354948043823242,0.2352941176470588,1.0,1.99273419380188
7431962598909791521,16.720205307006836,20.34894561767578,12.481755256652832,-0.2593705654144287,0.3220891952514648,17.418535232543945,16.509733200073242,0.4074074074074074,0.9629629629629628,1.455163836479187
7403329560554523936,15.369582176208496,22.28403663635254,11.786564826965332,0.9829778671264648,-0.4016461372375488,14.154502868652344,22.283353805541992,0.92,0.64,1.0250730514526367
7401388090830359841,18.36541557312012,21.40011405944824,15.248812675476074,0.425688236951828,-0.8971455097198486,18.84505271911621,21.383031845092773,0.8095238095238095,1.0,1.544379472732544
7391756601100651809,21.04499244689941,21.76953315734864,20.33104515075684,0.1552168130874633,-1.3654112815856934,20.871788024902344,21.688920974731445,0.875,1.0,0.3170225024223327
7375160946618076449,17.85212516784668,21.92939567565918,14.784889221191406,0.1850092113018036,-1.229227066040039,18.0709228515625,15.076289176940918,0.5333333333333333,1.0,0.8721856474876404
7372534191776386336,16.625852584838867,19.021181106567383,13.035540580749512,-0.2806853353977203,-1.0250592231750488,15.636326789855955,18.22142219543457,0.4285714285714285,1.0,1.5625687837600708
7371791896622173473,15.724090576171877,20.11180877685547,13.33177375793457,1.1039849519729614,1.1637554168701172,14.32160472869873,15.41667938232422,0.32,1.0,0.7905405163764954
7369613653626113313,14.428037643432615,17.693572998046875,12.352018356323242,0.3644790351390838,-1.3173584938049316,12.846056938171388,14.603716850280762,0.55,0.75,0.6391968131065369
7368427984539127073,18.50141716003418,24.291400909423828,14.064112663269045,0.4991669654846191,-1.1264921426773071,17.37334632873535,19.013410568237305,0.6666666666666666,1.0,3.0250279903411865
7362544046675447073,18.12649917602539,21.524337768554688,12.335755348205566,-0.8655654191970825,0.5811154842376709,16.541994094848633,16.82950782775879,0.5769230769230769,0.9615384615384616,1.88482666015625
7360309213765045536,19.372833251953125,22.489490509033203,15.393667221069336,-0.443234235048294,-0.6699471473693848,17.163450241088867,19.25589179992676,0.5714285714285714,1.0,0.8839404582977295
7357646734354304289,17.103614807128906,25.09233856201172,11.108989715576172,0.2253288328647613,0.0654423236846923,19.31688690185547,20.510072708129883,0.9230769230769232,0.9615384615384616,2.568467617034912
7341290377858567456,14.485804557800291,16.17755126953125,13.26130199432373,0.4506192505359649,-0.2205479145050048,13.464247703552246,14.236285209655762,0.4375,1.0,0.7177779674530029
7334381637586652448,20.24975776672364,20.90166664123535,19.552249908447266,-0.1837699711322784,2.6450653076171875,20.088064193725582,20.33785820007324,0.8235294117647058,1.0,0.2464230060577392
7325097832015203617,15.50158977508545,17.67268180847168,15.081639289855955,3.298354148864746,10.83454418182373,15.360394477844238,16.290176391601562,0.95,1.0,0.2128743082284927
7322488817968041249,18.47520637512207,22.46152687072754,14.929313659667969,-0.0509322918951511,-1.1399308443069458,19.93867301940918,15.44339370727539,0.0714285714285714,1.0,1.5756787061691284
7319074307202616609,17.70770263671875,19.4199447631836,14.954622268676758,-0.59060138463974,-1.3241853713989258,15.841473579406738,18.3275146484375,0.4782608695652174,1.0,0.5590417385101318
7309856299632676129,20.593826293945312,22.067869186401367,19.059101104736328,-0.2278005480766296,-0.8805487155914307,20.230615615844727,20.56905937194824,0.5,1.0,0.7522517442703247
7305093445926915361,19.0650634765625,21.106857299804688,15.80631160736084,-0.6552149653434753,-0.8781783580780029,16.381433486938477,20.886564254760746,0.9411764705882352,1.0,0.652184009552002
7304376408191683872,18.72830390930176,20.21861457824707,17.313087463378906,0.0394517593085765,-1.242856502532959,19.06976890563965,18.749908447265625,0.0769230769230769,1.0,1.0223430395126345
7302809103150206241,18.646699905395508,24.016502380371094,15.067524909973145,0.6843613982200623,-0.7313201427459717,18.84014320373535,23.054845809936523,0.875,1.0,1.2642191648483276
7297529063785123104,14.492934226989746,15.67391586303711,13.266317367553713,0.0927597358822822,2.223241806030273,14.234238624572754,14.29110050201416,0.5714285714285714,1.0,0.4259312748908996
7293822418068442400,17.853666305541992,21.994216918945312,13.728116035461426,0.0819959118962287,-1.3408238887786863,14.606371879577637,17.56548500061035,0.8260869565217391,1.0,1.7678526639938354
7289368885390806304,17.10125160217285,20.76513862609864,12.49510383605957,-0.3982860743999481,-1.292351484298706,19.2491455078125,13.655423164367676,0.64,0.96,1.4792879819869995
7286488221893020960,18.782617568969727,20.45835304260254,16.649459838867188,-0.3708577752113342,-0.5815391540527344,19.76398658752441,17.70933723449707,0.6,1.0,0.7858248949050903
7285720218360368417,13.851836204528809,21.61019897460937,11.000085830688477,2.3695268630981445,8.795223236083984,13.86112117767334,14.15658950805664,0.5555555555555556,0.8148148148148148,1.1895548105239868
7281651537124871456,16.926000595092773,20.017765045166016,14.93511962890625,0.4151345193386078,-0.4130871295928955,15.270442962646484,15.948619842529297,0.1538461538461538,1.0,0.7023254632949829
7277097435090930977,17.820362091064453,21.46092796325684,13.639305114746094,-0.1345005929470062,-1.2688038349151611,16.679443359375,20.899831771850582,0.9615384615384616,1.0,0.7485923767089844
7275592243086478624,17.282207489013672,21.65722274780273,15.166807174682615,1.5738023519515991,3.961241245269776,18.017621994018555,16.952499389648438,0.48,1.0,1.0263807773590088
7271545826923531552,17.687740325927734,20.0395450592041,15.71611213684082,-0.0133777530863881,-1.1541049480438232,15.815648078918455,16.47054672241211,0.6296296296296297,1.0,0.9575371146202089
7270778269899722016,16.28675651550293,19.247947692871094,12.01968479156494,-0.8081566095352173,-0.6150913238525391,12.802383422851562,17.789377212524414,0.8,0.85,1.703826665878296
7263464155540147489,18.82813262939453,19.74298095703125,17.356430053710938,-0.8333486914634705,-0.0367653369903564,19.442251205444336,17.875349044799805,0.0833333333333333,1.0,0.4827875792980194
7262720109133794592,16.35079002380371,19.373254776000977,12.260592460632324,-0.4190491437911987,-1.3786622285842896,17.584775924682617,13.344616889953612,0.25,0.9166666666666666,0.8869834542274475
7257181704241024282,17.030906677246094,20.9915714263916,11.706868171691896,-0.5667257905006409,-0.6734118461608887,16.241846084594727,19.018531799316406,0.84375,0.90625,1.009416937828064
7257040734174465307,17.0223445892334,24.102903366088867,7.773420333862305,-0.0467750132083892,-0.255450963973999,14.356890678405762,13.673011779785156,0.4074074074074074,0.925925925925926,1.4454386234283447
7255302948413099290,17.305021286010742,20.125356674194336,15.67787265777588,1.0951294898986816,0.3136491775512695,16.937082290649414,19.692472457885746,0.9473684210526316,1.0,0.8769056797027588
7250555651993160987,14.539276123046877,20.889707565307617,11.027565956115724,0.7683402895927429,-0.2812747955322265,16.292654037475586,12.573695182800291,0.6551724137931034,0.5517241379310345,1.326190710067749
7250141865645788443,18.027830123901367,20.76146697998047,14.953282356262209,0.017348563298583,-1.0019400119781494,19.20240592956543,16.649784088134766,0.6296296296296297,1.0,1.3500018119812012
7249004039688572186,16.07855987548828,20.986656188964844,14.332803726196287,1.8275498151779173,2.114909648895264,15.407642364501951,15.468195915222168,0.76,1.0,0.7754549980163574
7248301740670323995,15.194958686828612,18.436561584472656,8.159987449645996,-1.5814580917358398,1.6832771301269531,8.23874568939209,17.30567741394043,0.76,0.88,0.7225772738456726
7238653863794887962,13.714616775512695,18.185108184814453,11.412711143493652,0.7037557363510132,-1.3067867755889893,12.332351684570312,17.86528968811035,0.9523809523809524,0.3333333333333333,0.4617639482021332
7234190958772882715,18.830007553100582,20.142562866210938,11.31762981414795,-3.3953166007995605,12.117630958557127,19.86699867248535,19.875429153442383,0.0,0.9583333333333334,1.0197407007217407
7231978849448381722,17.34988021850586,18.60609436035156,16.0333251953125,-0.1335713118314743,-1.1352767944335938,17.716920852661133,17.551525115966797,0.8,1.0,0.7129354476928711
7231163731080711450,18.59439277648925,19.36726188659668,17.987930297851562,0.2792205810546875,-0.544034481048584,0.0,18.31239891052246,0.2666666666666666,0.8,1.6462087631225586
7228647012009282842,16.022127151489258,18.330554962158203,12.940030097961426,-0.3206131160259247,-1.731545090675354,15.557454109191896,17.876676559448242,0.7222222222222222,0.8888888888888888,0.6609786748886108
7222319662787202310,13.295577049255373,16.16669464111328,12.429361343383787,1.7448636293411257,4.254457950592041,12.751978874206545,13.96917724609375,0.28125,0.5625,0.5477295517921448
7220765448000900357,20.329849243164062,21.09347915649414,19.511947631835938,0.1523635387420654,-0.0475518703460693,20.04614448547364,20.787004470825195,0.8695652173913043,1.0,0.3543928265571594
7220074643086904581,11.433220863342283,11.833063125610352,11.051836967468262,0.4533887505531311,-0.2898163795471191,11.495295524597168,11.27249526977539,0.5294117647058824,0.0,0.2045358419418335
7212710657672678661,19.38718032836914,28.66897964477539,11.593356132507324,-0.2246804237365722,-1.0960111618041992,16.00562286376953,4.9481072425842285,0.2666666666666666,0.7666666666666667,6.619272232055664
7205658829403458821,18.53747940063477,20.383331298828125,16.2489013671875,-0.1105264350771904,-1.0921400785446167,18.09041404724121,19.56395721435547,0.5909090909090909,1.0,1.2894845008850098
7200056336321613062,20.92910385131836,22.2042293548584,19.88594436645508,0.2470675110816955,-1.1304278373718262,19.99926376342773,21.674217224121094,0.6923076923076923,1.0,0.4927900731563568
7193034087660031237,14.533014297485352,16.54895782470703,13.220996856689451,0.5752502083778381,-1.1016215085983276,16.448209762573242,13.766376495361328,0.0,1.0,0.1815786361694336
7191012677869702405,17.216773986816406,20.167484283447266,15.099227905273438,0.4761920571327209,-1.2809292078018188,17.97075080871582,15.793937683105469,0.2,1.0,0.6599481701850891
7187830945658031365,19.80054473876953,23.295562744140625,17.805341720581055,0.9412044286727904,-0.0573725700378418,21.444488525390625,18.882957458496094,0.2,1.0,1.0535175800323486
7180437054843538693,19.622095108032227,22.65971946716309,16.252031326293945,0.1109862551093101,-1.3555203676223757,22.28118133544922,19.00029563903809,0.1,1.0,1.1607402563095093
7178804187403259142,13.07578468322754,14.624701499938965,11.801156044006348,0.3349460363388061,1.331779956817627,13.27671718597412,13.645159721374512,0.9230769230769232,0.6153846153846154,0.5200989842414856
7140150980246719750,18.86008644104004,19.87862205505371,17.9147891998291,0.0929485782980918,-0.5974462032318115,18.190284729003903,19.1051082611084,0.7058823529411765,1.0,0.5028557777404785
7128322715894729989,16.13511085510254,18.7082462310791,14.145689964294434,0.3623814582824707,-1.4167639017105105,17.741592407226562,15.399627685546877,0.1666666666666666,1.0,0.8222824335098267
7111254884971744518,18.1687240600586,23.12908935546875,12.151118278503418,-0.0397947095334529,-0.7247140407562256,17.73892593383789,21.25885009765625,0.75,0.9285714285714286,1.4514979124069214
7080140185001938181,17.012287139892578,18.963552474975582,15.366077423095703,0.3077784478664398,-0.6539649963378906,15.568921089172363,17.190441131591797,0.72,1.0,0.3268798887729645
7044841251262237958,18.386173248291016,20.08270263671875,16.991783142089844,0.3286692798137665,-1.1441524028778076,19.73534393310547,17.81674575805664,0.1904761904761904,1.0,0.56654292345047
6956567938891599109,17.728633880615234,21.198001861572266,15.766890525817873,0.9712796211242676,-0.1316003799438476,16.284652709960938,20.821212768554688,0.8888888888888888,1.0,0.6167331337928772
7564461685881179414,19.55045509338379,25.79986953735352,13.495491027832031,0.2669883370399475,0.4394118785858154,20.127927780151367,18.69279670715332,0.3793103448275862,1.0,1.7524728775024414
7557772009510358294,16.32166862487793,20.79389762878418,13.173787117004396,0.7862870097160339,0.0982675552368164,15.322547912597656,19.986373901367188,0.9473684210526316,1.0,0.966389536857605
7555487310297533718,17.44232940673828,19.877073287963867,15.448075294494627,0.2342476397752761,-1.604141354560852,15.553181648254396,19.869155883789062,0.9230769230769232,1.0,0.3905696868896484
7549615777326877974,15.493575096130373,18.04753494262696,13.852087020874023,0.6510118246078491,-0.6474685668945312,15.82174301147461,17.988304138183594,0.8333333333333334,0.9444444444444444,2.312257766723633
7526570162976328982,14.946097373962402,16.564125061035156,12.601269721984863,-0.3202491700649261,-0.9256575107574464,10.867573738098145,13.524676322937012,0.72,0.92,1.3741365671157837
7504006062559776022,19.333904266357425,20.2292709350586,17.8687686920166,-0.1804991364479065,-1.7936404943466189,20.20962905883789,18.516128540039062,0.1764705882352941,1.0,0.1948198080062866
7487276696215817494,19.27334785461425,23.436304092407227,13.428828239440918,-0.3623169064521789,-0.9704689979553224,15.654494285583496,22.115196228027344,0.5555555555555556,1.0,1.3733054399490356
7474265267783208214,20.872901916503903,22.41774559020996,20.030628204345703,0.6930791139602661,0.1408462524414062,20.24028968811035,21.03885269165039,0.6666666666666666,1.0,0.3466474115848541
7447956995182759190,16.043956756591797,17.125446319580078,14.699304580688477,-0.3074656724929809,-0.8275673389434814,16.634977340698242,16.09157371520996,0.44,1.0,0.6400548815727234
7446821670133845270,19.905744552612305,21.1138916015625,17.674686431884766,-0.7389301657676697,-1.0641273260116575,20.586225509643555,20.93454933166504,0.3448275862068966,1.0,0.3269564211368561
7442685576798604566,17.412363052368164,18.29256820678711,15.369928359985352,-1.1880427598953247,0.1707546710968017,16.283729553222656,17.853612899780273,0.6842105263157895,1.0,0.649825930595398
7441958558054337825,16.862035751342773,20.13093948364257,14.270432472229004,0.1774200052022934,-0.4167578220367431,17.196996688842773,15.331711769104004,0.3157894736842105,1.0,0.8330892324447632
7189528219425590534,14.622480392456056,17.962583541870117,11.20346450805664,-0.1257595717906952,-0.5908801555633545,14.534500122070312,11.749913215637209,0.25,0.8125,1.5823990106582642
7169218120916208902,19.711498260498047,21.88037872314453,17.838485717773438,-0.0886117592453956,-0.5421333312988281,20.836179733276367,20.33121490478516,0.3333333333333333,1.0,0.8575340509414673
7156614323194875141,17.666963577270508,20.04460525512696,15.134593963623049,-0.2536023557186126,-1.265538454055786,16.62470054626465,18.300024032592773,0.2142857142857142,1.0,1.481921672821045
7141371845248437510,17.015714645385742,19.857608795166016,13.411683082580566,-0.2251289933919906,-0.506338357925415,16.839675903320312,17.11786651611328,0.4444444444444444,1.0,1.776077389717102
7141370905153850629,19.19595527648925,20.63828086853028,17.753875732421875,-0.1308306753635406,-1.4654980897903442,17.833009719848633,18.571924209594727,0.3478260869565217,1.0,0.4685201644897461
7511357874082286870,20.23772621154785,21.69293975830078,17.44501495361328,-0.8293163776397705,-0.6416175365447998,17.497678756713867,19.840391159057617,0.7058823529411765,1.0,0.7328814268112183
7446804107312008470,15.74335479736328,17.220922470092773,14.584440231323242,0.5036137104034424,-0.9155175685882568,14.843971252441406,15.230308532714844,0.7083333333333334,1.0,0.3761316835880279
7440140885246971169,18.169797897338867,21.493288040161133,13.20643711090088,-0.6077955365180969,0.8132522106170654,18.04054450988769,16.95943260192871,0.125,1.0,1.3732160329818726
7391879654983912736,18.76206016540528,21.145973205566406,16.882856369018555,0.4817728996276855,-1.055026888847351,20.883298873901367,19.10065650939941,0.04,1.0,0.4641207158565521
7391169699821669665,18.32330322265625,20.75640869140625,15.39770793914795,-0.3012446761131286,-1.194256067276001,20.6114444732666,17.72109603881836,0.1176470588235294,1.0,1.2856898307800293
7391036925550906657,17.567184448242188,19.307865142822266,15.656176567077637,-0.2767471969127655,-0.4721848964691162,17.955881118774414,16.623376846313477,0.5263157894736842,1.0,0.6327967047691345
7372567531258727712,18.52385902404785,20.71142578125,14.327873229980469,-0.9671878218650818,0.0311307907104492,15.728283882141112,19.72113609313965,0.8571428571428571,1.0,1.117809534072876
7369623012087172384,19.121356964111328,21.62191200256348,17.286550521850586,0.4876111447811126,-0.9360721111297609,21.3436222076416,17.764183044433594,0.0625,1.0,0.735761284828186
7366182227119525152,18.96891212463379,21.822265625,15.738900184631348,0.2873373329639435,-1.2271958589553833,17.900299072265625,20.983617782592773,0.8214285714285714,1.0,0.7328320145606995
7289115441602088225,18.88235092163086,21.56885528564453,15.42225742340088,-0.4594818651676178,-0.5761609077453613,20.920473098754883,19.06435775756836,0.0714285714285714,1.0,0.8476569056510925
7205617494143339782,19.16889381408692,20.70753669738769,16.82662010192871,-0.2832333743572235,-0.5991580486297607,18.32422637939453,19.8672103881836,0.7307692307692307,1.0,0.9060672521591188
7166666264092413190,16.676265716552734,17.77598762512207,15.34939670562744,-0.330838143825531,-1.4959778785705566,17.509706497192383,16.636075973510742,0.6428571428571429,1.0,0.5913927555084229
7128317775524777222,17.955341339111328,20.048513412475582,16.253318786621094,0.0497587211430072,-0.5503535270690918,18.0432186126709,16.81005859375,0.2307692307692307,1.0,0.7905330657958984
7124683160218029317,19.59864997863769,23.071807861328125,17.289913177490234,0.674399733543396,-0.2175049781799316,19.62129783630371,19.413454055786133,0.7931034482758621,1.0,1.2598249912261963
7108626212104178949,22.075422286987305,24.961462020874023,18.250879287719727,-0.4546628594398498,-0.6589951515197754,20.445688247680664,24.64084815979004,0.9230769230769232,1.0,1.6591850519180298
7082772534126513414,17.85014533996582,19.183406829833984,17.094558715820312,0.7006570100784302,-0.9518425464630128,12.3883695602417,17.323152542114258,0.6,0.96,1.1900925636291504
7072437259127098630,16.89011573791504,19.065168380737305,14.121675491333008,-0.1059394553303718,-0.7883832454681396,16.964941024780273,18.93795585632324,0.8888888888888888,1.0,0.7971335649490356
6955020730140544261,17.398359298706055,20.11518859863281,11.682558059692385,-0.9436193108558656,-0.2408077716827392,16.539257049560547,19.031530380249023,0.8571428571428571,0.9285714285714286,1.3430167436599731
7462409528211033366,19.35857009887696,20.746841430664062,18.220064163208008,0.1494200080633163,-0.9505436420440674,19.564416885375977,19.111007690429688,0.0,1.0,0.5701953768730164
7582501864428604694,18.37184333801269,19.27124786376953,17.70187759399414,0.0367916487157344,-1.1287411451339722,18.60647392272949,17.84413719177246,0.4137931034482758,1.0,0.3253572285175323
7567318876392901910,20.45556831359864,21.49771881103516,18.90746307373047,-0.34108567237854,-1.711228609085083,19.260194778442383,19.388341903686523,0.1666666666666666,1.0,0.499669462442398
7550653411583102230,16.27459144592285,17.123727798461914,13.937230110168455,-1.3546037673950195,2.155395984649658,17.01799964904785,15.782791137695312,0.7894736842105263,1.0,0.4418405294418335
7546552028168719638,15.761902809143066,18.104063034057617,13.365199089050291,0.2064540833234787,-0.3070130348205566,16.547571182250977,15.939372062683104,0.4137931034482758,1.0,0.8198004961013794
7543616748017241366,16.12180519104004,18.73590850830078,13.067005157470703,-0.4679401814937591,-0.4154784679412842,17.597824096679688,16.044099807739258,0.5714285714285714,1.0,0.913443684577942
7514333529551949078,17.148935317993164,19.22728157043457,12.629354476928713,-1.4590530395507812,1.1246399879455566,18.46336936950684,18.078975677490234,0.0,0.9523809523809524,1.1233818531036377
7476738167522053398,14.314098358154297,14.383748054504396,14.121198654174805,-1.1229606866836548,-0.1766901016235351,14.308817863464355,14.240735054016112,0.0,1.0,0.0466124229133129
7462724279965125920,20.88417625427246,21.91539192199707,17.181392669677734,-2.2561135292053223,4.196327209472656,21.18378257751465,20.615440368652344,0.5,1.0,0.4382112920284271
7461582150937169174,23.00873374938965,25.48986053466797,21.29663848876953,0.5532759428024292,-1.092353582382202,22.509048461914062,21.92018318176269,0.3928571428571428,1.0,0.6003674268722534
7457889721201577248,14.70621395111084,17.814220428466797,13.165029525756836,1.5040405988693235,1.441817283630371,14.788958549499512,16.4238224029541,0.9333333333333332,1.0,0.7228368520736694
7447835163444235552,17.134090423583984,19.313060760498047,13.646464347839355,-0.4572380781173706,-1.7120505571365356,19.16057586669922,19.257476806640625,0.9090909090909092,1.0,0.876783013343811
7446787674863684886,17.071870803833008,19.94449234008789,14.988869667053224,0.1049441844224929,-0.6193749904632568,15.620463371276855,17.99577522277832,0.75,1.0,0.8057600259780884
7391769807764458784,17.35348129272461,21.753528594970703,13.91758918762207,0.2148573100566864,-0.4268577098846435,17.79448127746582,21.751928329467773,0.8846153846153846,1.0,1.1259859800338743
7383600515478736161,18.74437713623047,20.462417602539062,17.292673110961914,0.2883951067924499,-1.5595680475234983,20.39116668701172,17.385513305664062,0.0,1.0,0.2144425958395004
7345850735894072609,15.812518119812012,16.73223876953125,14.684155464172363,-0.229443073272705,-0.8962674140930176,16.444211959838867,15.248827934265137,0.1764705882352941,1.0,0.3651647567749023
7345753568462261537,17.370712280273438,19.874914169311523,15.70432472229004,0.0939007624983787,-0.7584400177001953,16.392366409301758,18.13386344909668,0.1724137931034483,1.0,0.7628870010375977
7338875309913017633,16.706552505493164,19.01628875732422,12.522920608520508,-0.8001259565353394,-0.2256834506988525,14.30224609375,18.469926834106445,0.65,0.95,1.1436026096343994
7338777101547490593,18.30140495300293,21.05569076538086,14.104272842407228,-0.5830918550491333,-0.937880277633667,19.187589645385746,18.3987979888916,0.6666666666666666,1.0,2.170285940170288
7338699162768149792,16.217769622802734,17.562328338623047,14.925320625305176,0.3607143759727478,0.013808250427246,17.34025001525879,16.171859741210938,0.0833333333333333,1.0,0.5594438314437866
7334752917439712545,16.006532669067383,18.468647003173828,12.315834045410156,-0.7272303700447083,-1.0428664684295654,12.733860969543455,17.533950805664062,0.45,0.9,0.6055337190628052
7334339873127632161,15.151729583740234,18.24409866333008,10.672890663146973,-1.071361780166626,0.694244384765625,15.625377655029297,14.714141845703123,0.7777777777777778,0.8333333333333334,1.8491495847702024
7322495223089712416,15.697347640991213,20.33176612854004,11.07903003692627,0.1098409593105316,0.0705492496490478,17.66123390197754,13.598284721374512,0.1818181818181818,0.9090909090909092,1.2888165712356567
7319092525329829153,15.738232612609863,17.950347900390625,11.734460830688477,-0.8823752403259277,-0.468235969543457,7.996908187866211,16.505990982055664,0.6333333333333333,0.8333333333333334,0.9865920543670654
7312547480120380705,18.929866790771484,22.42494201660156,16.461069107055664,0.5295403599739075,-0.8424646854400635,18.13190460205078,16.756370544433594,0.65,1.0,0.6996024250984192
7309783088618409248,16.395965576171875,17.359355926513672,15.921815872192385,1.0160832405090332,0.4277565479278564,16.958553314208984,16.04253578186035,0.0,1.0,0.2523792386054992
7231544878478445850,22.11953353881836,23.98907852172852,19.6182861328125,-0.1321002840995788,-0.774777889251709,23.128646850585938,20.28668785095215,0.125,1.0,0.4328242838382721
7229679892399426842,15.753740310668944,19.789840698242188,11.587028503417969,0.2453183829784393,-0.9349286556243896,14.365124702453612,12.16773509979248,0.3181818181818182,0.8636363636363636,2.9763712882995605
7196211164093631749,16.070697784423828,18.637283325195312,12.494976997375488,-0.5543059706687927,0.0651566982269287,18.279136657714844,12.957367897033691,0.0666666666666666,0.9666666666666668,0.4273752868175506
7178872221375548677,17.468032836914062,19.45429992675781,13.456220626831056,-0.8549343347549438,0.1228160858154296,18.58426284790039,18.577699661254883,0.4193548387096774,1.0,1.145763278007507
7168038506772679942,19.899333953857425,24.43577003479004,14.189258575439451,0.101341888308525,-0.7662935256958008,20.467172622680664,18.340845108032227,0.125,1.0,3.87112021446228
7163303756447223045,19.03696060180664,22.07184219360352,16.798200607299805,0.4856381416320801,-0.976395845413208,21.02131462097168,18.12953186035156,0.1428571428571428,1.0,0.7094477415084839
7158447069152300293,16.425716400146484,18.665447235107425,13.626771926879885,-0.3557434976100921,-0.6474590301513672,17.02987289428711,17.56876564025879,0.8518518518518519,1.0,1.1716901063919067
7156881114106170630,18.930614471435547,20.417051315307617,15.56703758239746,-0.8063182234764099,-1.1354578733444214,17.20293617248535,20.23656845092773,0.75,1.0,0.6324801445007324
7075005822228499717,18.023136138916016,21.08479690551757,14.888876914978027,-0.0254032760858535,-0.7870523929595947,16.512306213378906,18.29509925842285,0.8095238095238095,1.0,1.2235209941864014
7069326966159084806,13.309542655944824,15.54872703552246,11.751731872558594,0.7991907596588135,1.0787224769592283,12.66287899017334,15.103157997131348,0.9166666666666666,0.6666666666666666,0.6361711621284485
6980260193653378309,19.73258209228516,22.12166404724121,16.11163330078125,-0.4430859684944153,-0.3095471858978271,16.75088119506836,21.65214729309082,0.8387096774193549,1.0,0.6603583693504333
6978753193882832133,18.63153076171875,21.02046203613281,15.02222728729248,-0.3117712438106537,-1.1872944831848145,15.155647277832031,20.92119407653809,0.7407407407407407,1.0,0.4440040588378906
7488659236717628694,20.20891189575196,21.31996726989746,19.38421630859375,0.157225415110588,-0.9465346336364746,20.99771308898925,19.45127487182617,0.0,1.0,0.206154003739357
7462683592603340054,18.20441627502441,21.96101951599121,15.653671264648438,0.5021038055419922,0.1878349781036377,20.40900421142578,17.593490600585938,0.0,1.0,0.8723659515380859
7447927530448915735,17.316789627075195,19.448835372924805,12.5990571975708,-1.3591806888580322,-0.0072658061981201,12.694422721862791,18.18744850158692,0.8,0.7666666666666667,1.3531136512756348
7407351220127419681,16.92331314086914,19.417186737060547,13.928670883178713,-0.3538265526294708,0.2255787849426269,16.59105110168457,14.31365203857422,0.8,1.0,0.7221925854682922
7391864864840387872,17.9374942779541,19.25292587280273,15.995227813720703,-0.4854789674282074,-0.3529794216156006,16.566118240356445,18.297813415527344,0.4285714285714285,1.0,0.5566258430480957
7335855508873694496,16.48624038696289,18.69125938415528,15.111207962036133,0.5253185033798218,-0.3585855960845947,15.75158977508545,17.79046630859375,0.9629629629629628,1.0,0.5741916298866272
7315068001533840672,17.53985595703125,21.01694869995117,13.782475471496582,-0.2433571815490722,-0.55776047706604,15.714088439941406,19.1216983795166,0.7241379310344828,1.0,1.180108666419983
7307282681899896096,14.15481185913086,19.658992767333984,6.190316200256348,-0.6219385862350464,-0.997666358947754,19.36448097229004,16.066204071044922,0.1304347826086956,0.6956521739130435,4.488775253295898
7259698322791795995,18.39902114868164,19.66696548461914,17.442855834960938,0.4878738522529602,-0.2489502429962158,18.6843318939209,18.15180397033692,0.3571428571428571,1.0,0.6276732087135315
7605520662588902678,14.315176010131836,17.797636032104492,11.806608200073242,0.371275246143341,0.0258946418762207,15.706517219543455,14.102566719055176,0.8181818181818182,0.8181818181818182,0.9631335139274596
7564704328649428246,17.555742263793945,20.86762428283692,13.770315170288086,0.1446421593427658,-1.682439208030701,20.760507583618164,15.463996887207031,0.0909090909090909,1.0,1.328972101211548
7550598568415874326,16.128807067871094,18.617807388305664,13.559066772460938,0.1171052232384681,0.6689667701721191,16.23392677307129,17.566871643066406,0.8518518518518519,1.0,0.7780282497406006
7495704452696116503,18.106340408325195,22.622425079345703,14.34017276763916,0.2288899272680282,-0.7566742897033691,17.088315963745117,17.662527084350586,0.5238095238095238,1.0,3.184208631515503
7441982856659815713,18.42544174194336,22.2331600189209,14.74571704864502,0.5209100842475891,-0.4731993675231933,17.132688522338867,21.55463218688965,0.9642857142857144,1.0,0.9547147154808044
7431510658845379872,18.53238105773925,23.90496635437012,15.98507022857666,1.3464516401290894,3.894895553588867,16.087257385253906,18.80272674560547,0.3333333333333333,1.0,1.0964405536651611
7299062448965946657,15.969770431518556,17.521257400512695,14.665776252746582,0.2231696099042892,-1.0000981092453003,16.69114112854004,14.962517738342283,0.2,1.0,0.442502349615097
7262807521008635168,18.470516204833984,21.05192756652832,16.221006393432617,0.2529062032699585,-1.4582486152648926,17.931930541992188,16.46735954284668,0.2857142857142857,1.0,0.5561269521713257
7044982077288189190,15.723149299621582,18.13808250427246,12.607977867126465,-0.2724289000034332,-1.2415117025375366,17.724393844604492,15.184557914733888,0.2307692307692307,0.8461538461538461,1.3062353134155271
7027511633060695301,19.63151359558105,22.3470458984375,16.440567016601562,-0.283803790807724,-0.6774485111236572,21.62666320800781,21.25993156433105,0.935483870967742,1.0,1.0602900981903076
7022925491963481349,17.76306915283203,20.823915481567383,15.35521411895752,0.4339438080787658,-0.3735034465789795,18.25709724426269,16.78236198425293,0.5714285714285714,1.0,1.5289838314056396
7022178037378731270,21.788066864013672,22.69209098815918,19.92483901977539,-1.048987627029419,0.2294008731842041,22.29109001159668,21.85906219482422,0.1034482758620689,1.0,0.6404209136962891
7014868849635904773,14.581287384033203,16.822952270507812,12.606568336486816,0.2085144966840744,0.8241779804229736,14.072510719299316,13.455245971679688,0.4705882352941176,0.9411764705882352,0.6448712944984436
7011522309198515462,18.48737144470215,21.233732223510746,14.869303703308104,-0.2733705937862396,-1.0875630378723145,20.77018928527832,17.25362205505371,0.0714285714285714,1.0,1.881476163864136
7479481184100044054,23.06590843200684,23.82927894592285,22.17122840881348,-0.0971310213208198,-1.124024510383606,22.72905540466309,22.76698112487793,0.5714285714285714,1.0,0.4357820749282837
7456392986897730838,19.39129066467285,22.24857711791992,16.887187957763672,0.0802239552140235,-0.9607951641082764,18.38240623474121,17.95366096496582,0.3928571428571428,1.0,1.2509161233901978
7442009228555930913,16.64259147644043,20.655385971069336,13.08939266204834,0.1277430355548858,-1.0946159362792969,16.471450805664062,19.96183013916016,0.875,1.0,0.9609428644180298
7341346159023246624,18.570045471191406,21.01921272277832,16.141319274902344,0.0437100119888782,-1.139589786529541,17.007410049438477,20.353879928588867,0.875,1.0,1.0219087600708008
7325106846744743200,18.603361129760746,24.3391342163086,13.062045097351074,0.3755216002464294,-0.4891641139984131,18.76270866394043,16.927749633789062,0.7407407407407407,1.0,1.3516587018966677
7270891504346942753,17.766700744628906,19.40503120422364,16.389259338378906,0.3097397983074188,-1.171388864517212,17.121793746948242,19.188356399536133,0.96,1.0,0.288508653640747
7254929536557567259,19.48421859741211,23.503463745117188,15.61324405670166,0.2343781292438507,-1.516174077987671,17.432722091674805,21.64287376403809,0.7083333333333334,1.0,1.245830535888672
7187762825270463750,16.014013290405273,17.387144088745117,14.114357948303224,-0.6849378943443298,0.8200936317443848,16.96124839782715,16.190088272094727,0.0625,1.0,0.6455357670783997
7167309818519227653,18.53008270263672,21.8912353515625,14.776288986206056,0.079618863761425,-0.6821191310882568,17.87872886657715,17.17775535583496,0.34375,1.0,0.961831033229828
7167292362857794821,20.18474197387696,24.081254959106445,10.829936027526855,-0.7776826620101929,-0.0258238315582275,16.852296829223633,23.736297607421875,0.6363636363636364,0.9545454545454546,1.2441152334213257
7167014945626787078,18.33512306213379,19.9072322845459,17.1029052734375,0.0112868128344416,-0.5023190975189209,19.16771125793457,18.572153091430664,0.0909090909090909,1.0,0.6831868290901184
7162439514428919046,18.16914367675781,21.50647735595703,15.612009048461914,0.175071582198143,-1.1289273500442505,15.79942226409912,18.122467041015625,0.5555555555555556,1.0,1.1030882596969604
7161744414979771653,15.73395538330078,22.664325714111328,11.580185890197754,1.0209437608718872,0.4054088592529297,14.694560050964355,14.621037483215332,0.75,0.85,2.149207353591919
7159544328061275397,18.57236289978028,19.95376205444336,17.327951431274414,0.1174252554774284,-0.8224952220916748,18.34670066833496,18.50640869140625,0.4705882352941176,1.0,0.8843132257461548
7111379317900332293,14.725930213928224,18.68227195739746,12.820323944091797,1.0039445161819458,-0.5556256771087646,18.51459312438965,13.064501762390137,0.0,0.9333333333333332,0.7083037495613098
6964763152974187781,17.346763610839844,18.611894607543945,15.925920486450195,-0.3393345475196838,-0.7619280815124512,16.92392921447754,17.821279525756836,0.1481481481481481,1.0,0.5065590739250183
6936835146301672709,18.37925720214844,21.889310836791992,13.623398780822754,-0.3375819325447082,-0.8832745552062988,15.789937019348145,20.43125915527344,0.7,1.0,1.835973024368286
6930236006654364934,18.043846130371094,21.910457611083984,15.336026191711426,0.1582762598991394,-0.8828556537628174,17.525089263916016,15.865200996398926,0.52,1.0,1.7143486738204956
6923976137928445190,17.147668838500977,19.701004028320312,13.689216613769531,-0.4309953451156616,-1.0825543403625488,16.93876075744629,19.512432098388672,0.9130434782608696,1.0,1.2270241975784302
6923235061999373574,18.3994197845459,22.659832000732425,14.74912929534912,-0.258607268333435,-0.989863395690918,20.34959602355957,15.212173461914062,0.3214285714285714,1.0,1.1496189832687378
6891319697220898050,18.7243766784668,21.3303337097168,14.585945129394531,-0.566226601600647,-0.084726333618164,18.96508979797364,16.978290557861328,0.1,1.0,1.0045955181121826
6879407335484214530,20.625741958618164,22.700586318969727,16.392723083496094,-1.0935250520706177,-0.3433325290679931,16.43570899963379,18.684972763061523,0.391304347826087,1.0,0.726423978805542
6864458828012899589,19.53430557250977,22.583383560180664,17.851688385009766,0.893656849861145,0.680612325668335,19.94178581237793,19.36233901977539,0.7777777777777778,1.0,1.0957973003387451
7457876496447819030,17.325334548950195,18.78306198120117,15.68315315246582,0.1245285794138908,-1.0191129446029663,16.826539993286133,16.803255081176758,0.5238095238095238,1.0,0.6538165807723999
7299132149167361312,15.59217643737793,17.242374420166016,13.610331535339355,-0.3233469426631927,0.2420923709869384,15.561568260192873,15.324368476867676,0.8333333333333334,1.0,0.9661129117012024
7285669773030001953,13.9442138671875,15.622252464294434,12.989397048950195,0.9207170605659484,-0.3003292083740234,14.63515567779541,13.45721435546875,0.2352941176470588,0.9411764705882352,0.485619843006134
7263460179461688609,18.867565155029297,21.751190185546875,17.256641387939453,1.0888259410858154,0.9850633144378662,17.83197593688965,18.48238182067871,0.6666666666666666,1.0,1.1242289543151855
7262728753778822433,19.03266716003418,21.14031219482422,14.699692726135254,-1.021268010139465,0.5232369899749756,19.68268394470215,18.405086517333984,0.3888888888888889,1.0,1.3888146877288818
7223410372462611738,15.007767677307127,18.06795692443848,11.783045768737791,0.178191989660263,-0.5456938743591309,12.746853828430176,15.624571800231934,0.2413793103448276,0.896551724137931,1.2144203186035156
7208220006314773765,17.92803192138672,21.064186096191406,15.535731315612791,0.230842188000679,-0.1080760955810546,17.57390785217285,16.516469955444336,0.631578947368421,1.0,1.32654869556427
7200112331873897733,24.593212127685547,26.056549072265625,22.82351493835449,-0.7321654558181763,2.7383928298950195,25.02396583557129,24.1227970123291,0.9545454545454546,1.0,0.3568006157875061
7194501630111272197,14.939048767089844,16.417293548583984,13.901056289672852,0.7498579025268555,-0.548377275466919,14.2830228805542,15.2005033493042,0.2142857142857142,1.0,0.6443626880645752
7185555796443270405,16.051605224609375,18.563995361328125,13.12554931640625,-0.1551996022462844,-0.7417862415313721,17.46698760986328,14.384865760803224,0.1538461538461538,1.0,1.2717716693878174
7159621444312288517,19.231124877929688,23.458765029907227,15.680342674255373,-0.221099779009819,-0.5515737533569336,18.42562866210937,17.019189834594727,0.5185185185185185,1.0,1.3924729824066162
7157021341361753349,16.308656692504883,21.62591361999512,10.227757453918455,0.235748142004013,-0.5266199111938477,16.16914939880371,21.459701538085938,0.8518518518518519,0.8888888888888888,1.4697426557540894
6923258085528112390,18.559375762939453,21.070703506469727,13.89267921447754,-1.098867654800415,-0.0272142887115478,17.676908493041992,18.449432373046875,0.6923076923076923,1.0,0.9071328639984132
6915045654997912833,21.14372634887696,22.83409881591797,15.614779472351074,-2.163523435592652,5.4931230545043945,21.48866844177246,21.09987449645996,0.4814814814814814,1.0,0.8112121820449829
6878219367390268673,19.52099227905273,21.882543563842773,16.976919174194336,-0.1192743480205535,-1.5074232816696167,17.361116409301758,21.096879959106445,0.6333333333333333,1.0,0.3537258207798004
6768860777525824773,13.995171546936035,14.837850570678713,12.825965881347656,-0.656825840473175,-0.5051939487457275,14.133193969726562,13.01123046875,0.6428571428571429,0.9285714285714286,0.2853786647319793
6764678537346616582,17.123876571655273,19.968280792236328,15.682069778442385,0.7515898942947388,-0.2033605575561523,18.921947479248047,16.573575973510742,0.1428571428571428,1.0,0.9380950927734376
7582921759985356054,15.91346263885498,21.53772354125977,10.90698528289795,0.0290651358664035,-1.0250129699707031,21.22099876403809,11.07821273803711,0.0,0.75,0.7647928595542908
7581205344420924694,13.58933925628662,18.7219181060791,10.808067321777344,0.611066997051239,-1.3311309814453125,16.688016891479492,11.046442985534668,0.125,0.375,0.7908516526222229
7579578853308337430,18.26663398742676,24.064472198486328,12.619466781616213,-0.0831189677119255,-0.6194150447845459,17.660247802734375,18.381162643432617,0.4736842105263157,0.9473684210526316,2.854045152664185
7564712687565802774,17.67435646057129,23.19780921936035,13.825925827026367,0.605830192565918,-0.1128983497619628,18.8847713470459,19.57016563415528,0.8,1.0,1.176458477973938
7487328540497628438,16.91722869873047,21.080293655395508,12.45860195159912,-0.2822168171405792,-0.5323641300201416,15.025901794433594,18.06817626953125,0.7307692307692307,0.9615384615384616,1.8371281623840328
7461615118414073110,19.56245422363281,22.061723709106445,17.529142379760742,0.6943225264549255,-0.0698029994964599,19.15496635437012,18.16890525817871,0.4,1.0,0.9570884704589844
7454233566264855831,20.810834884643555,22.15781593322754,17.354223251342773,-1.1629256010055542,0.6963536739349365,21.51496124267578,19.84270477294922,0.5294117647058824,1.0,0.8466589450836182
7442235405757336864,18.68024253845215,24.26709747314453,12.218690872192385,-0.3475554287433624,1.1144647598266602,16.106340408325195,19.20891571044922,0.6428571428571429,0.9285714285714286,2.4726674556732178
7403421764769926432,19.753292083740234,21.043581008911133,17.642154693603516,-0.8963324427604675,-0.7395346164703369,18.487733840942383,20.23469352722168,0.4,1.0,1.0604021549224854
7377811070636920096,15.965635299682615,16.76692771911621,14.43027687072754,-0.9057628512382508,-0.0209391117095947,16.33753776550293,14.84559726715088,0.3333333333333333,1.0,0.2998480200767517
7335861253551787297,16.65329360961914,20.459117889404297,7.903356075286865,-1.4317646026611328,2.7504100799560547,17.063264846801758,11.58286190032959,0.8076923076923077,0.9615384615384616,1.9226272106170648
7322502255616314656,16.520360946655273,17.994672775268555,13.915124893188477,-0.4923685193061828,-0.4779138565063476,16.812158584594727,16.654443740844727,0.238095238095238,1.0,0.9314676523208618
7312484712440745249,18.28572654724121,21.15256690979004,14.05350112915039,-1.079800367355347,-0.5074985027313232,19.31171607971192,19.371732711791992,0.5294117647058824,1.0,1.0793622732162476
7305435593499086112,17.582670211791992,18.466243743896484,15.491795539855955,-1.3830550909042358,0.6094894409179688,18.16193199157715,18.19032859802246,0.1052631578947368,1.0,0.4959361851215362
7304326742255209761,15.37721347808838,20.916423797607425,9.39915943145752,-0.3696425855159759,-0.926945686340332,20.15179252624512,17.61220932006836,0.0,0.7307692307692307,2.888355016708374
7300112308179701025,16.235137939453125,19.70931625366211,13.89622402191162,0.5212381482124329,-0.7657933235168457,16.042512893676758,17.64975357055664,0.9444444444444444,1.0,1.2020105123519895
7289092371030002977,14.2930326461792,19.23046112060547,11.35899829864502,1.0140912532806396,-0.0024268627166748,17.956022262573242,12.837994575500488,0.0526315789473684,0.631578947368421,1.057984471321106
7288720379772800288,16.974401473999023,19.1202392578125,14.200757026672363,-0.4581358432769775,-0.156883955001831,14.9419584274292,18.441579818725582,0.4444444444444444,1.0,0.601662278175354
7280925746183408928,14.39568042755127,16.565330505371094,11.383588790893556,-0.2961138486862182,-1.4684083461761477,14.259713172912598,16.285249710083008,0.9130434782608696,0.6956521739130435,1.7396382093429563
7223430604547837210,17.27288246154785,19.99698066711425,14.512983322143556,0.0017429558793082,-0.983863115310669,15.874671936035156,15.9266939163208,0.25,1.0,0.958540976047516
7206342637316607237,16.945266723632812,21.22989654541016,14.586078643798828,0.8697859644889832,-0.7838637828826904,15.28330135345459,17.273496627807617,0.625,1.0,0.8089416027069092
7197824225988726021,16.115859985351562,20.28200912475586,13.083810806274414,0.304557204246521,-1.387751579284668,19.558958053588867,14.145523071289062,0.0,1.0,0.7767667174339294
7194484239583284486,17.113849639892578,18.91998863220215,14.817907333374023,-0.1494920551776886,-0.3816511631011963,17.079099655151367,17.387365341186523,0.1904761904761904,1.0,1.135945200920105
7181124364987895046,12.997657775878906,19.06123352050781,9.656331062316896,0.4881201684474945,-1.3875248432159424,16.64366340637207,17.655508041381836,0.9655172413793104,0.4137931034482758,0.8537941575050354
7180392341839105286,19.08785057067871,22.57399177551269,12.53693389892578,-1.0004700422286987,0.5062828063964844,20.353591918945312,19.921533584594727,0.9642857142857144,0.9285714285714286,1.4928879737854004
7178897418107358469,18.25410842895508,24.156463623046875,15.506304740905762,0.9344277381896972,0.7949743270874023,20.0026912689209,17.612661361694336,0.0869565217391304,1.0,1.1865862607955933
7169238545779952902,20.442380905151367,24.323570251464844,17.106351852416992,0.0070849624462425,-0.7953996658325195,19.5254020690918,18.41189765930176,0.3666666666666666,1.0,1.2941696643829346
7167386112040684805,15.08351993560791,18.797775268554688,11.26046371459961,0.0477960705757141,-1.5455650091171265,12.678118705749512,17.301286697387695,0.7777777777777778,0.7777777777777778,0.8813162446022034
7165908407793372422,16.771718978881836,18.874406814575195,15.392171859741213,0.9622225761413574,0.0245602130889892,17.94954490661621,16.079322814941406,0.375,1.0,0.9282676577568054
7158468268074749189,14.68388843536377,18.74242210388184,14.016606330871582,1.9038782119750977,2.433305263519287,14.037518501281738,17.344724655151367,0.875,1.0,0.4291157126426697
7080915608727997701,19.8238582611084,20.391992568969727,18.54490089416504,-1.011072278022766,-0.5078825950622559,18.67085075378418,20.13726234436035,0.5789473684210527,1.0,0.1340761184692382
7074987594026700038,18.876434326171875,21.66950416564941,14.48957347869873,-0.2815223932266235,0.0246007442474365,19.00382804870605,19.035707473754883,0.8928571428571429,1.0,1.7181439399719238
7050500563045338374,17.39655303955078,20.919227600097656,13.759267807006836,0.1905422955751419,0.1122875213623046,19.07234764099121,17.911725997924805,0.032258064516129,1.0,1.3999606370925903
7049689395460312326,20.19551467895508,22.54059219360352,18.76679039001465,0.6114372611045837,-0.0097162723541259,21.609498977661133,19.229467391967773,0.6666666666666666,1.0,0.5866164565086365
6937251547290045701,15.130663871765137,20.40114021301269,10.87150764465332,0.8142880797386169,-0.2322793006896972,11.81225299835205,13.814839363098145,0.52,0.88,1.6514949798583984
6797039273053850886,17.374494552612305,20.22853279113769,14.168098449707031,-0.3562540709972381,-0.485034704208374,18.34062957763672,15.007878303527832,0.25,1.0,1.2718948125839231
7582952363116268812,19.11385536193848,20.592071533203125,17.435016632080078,-0.4940596222877502,-0.7374229431152344,19.910053253173828,19.56068992614746,0.0344827586206896,1.0,0.6161115765571594
7561497104322022667,23.890810012817383,24.185121536254883,23.62959289550781,0.3448482453823089,-0.9277150630950928,23.670610427856445,23.876813888549805,0.6363636363636364,1.0,0.1314448416233062
7540672667704118533,18.82232093811035,20.859743118286133,12.320113182067873,-1.986493468284607,3.135394096374512,14.518113136291504,18.89689064025879,0.1785714285714285,0.9642857142857144,0.7976252436637878
7457617290348072197,18.865562438964844,20.948606491088867,13.233442306518556,-1.6221824884414673,1.1941757202148438,15.583518981933594,19.494287490844727,0.2777777777777778,1.0,0.8520155549049377
7339952469901970693,16.5711727142334,22.06032943725586,12.410365104675291,0.3942408561706543,-0.5811676979064941,14.40628147125244,20.387914657592773,0.9565217391304348,0.9565217391304348,1.6056549549102783
7338825965419662598,17.991973876953125,21.190326690673828,14.034314155578612,-0.2068225741386413,-1.5110585689544678,15.518375396728516,20.230613708496094,0.625,1.0,0.8518881797790527
7334734613429882117,20.288005828857425,23.381616592407227,17.720012664794922,0.0789104923605918,-1.6500729322433472,22.04945945739746,21.734350204467773,0.84,1.0,0.9542309641838074
7334309352062405893,17.169574737548828,19.00909423828125,14.56951904296875,-0.6266444325447083,-0.5836210250854492,18.50264549255371,17.62627601623535,0.1764705882352941,1.0,0.5284386873245239
7325113581249301766,18.98390007019043,21.353561401367188,16.26736068725586,-0.3895055949687958,-0.7068045139312744,18.59980583190918,19.80245780944824,0.8,1.0,1.000674605369568
7206417246502046981,20.585102081298828,25.29233169555664,15.474635124206545,-0.0681869834661483,-1.905649781227112,19.23436546325684,16.564882278442383,0.4782608695652174,1.0,1.0772961378097534
7186344254921280773,19.20590209960937,25.08870315551757,13.22044563293457,0.8546990752220154,2.6199679374694824,18.779142379760746,18.81427001953125,0.3333333333333333,1.0,1.7556662559509275
7180432290151959814,17.525978088378906,22.344757080078125,6.473118782043457,-1.861225724220276,3.751334190368652,15.261614799499512,18.36320877075196,0.65625,0.9375,2.724961519241333
7175115192966106374,18.493288040161133,19.746065139770508,16.498703002929688,-0.5491615533828735,-1.1189192533493042,17.22691535949707,19.39496612548828,0.7916666666666666,1.0,0.3330622017383575
7083930192657353990,17.799551010131836,24.939329147338867,11.951688766479492,0.307636559009552,-0.2466790676116943,18.28862953186035,13.518719673156738,0.5555555555555556,0.8888888888888888,2.803744316101074
7083882172154645765,16.104707717895508,18.99814224243164,13.35867977142334,0.1495782881975174,-1.2203364372253418,17.742433547973633,16.47889518737793,0.6521739130434783,1.0,0.8797345757484436
7082815811529805062,16.8828067779541,22.817955017089844,13.109622955322266,0.5241196155548096,-1.5992188453674316,21.684799194335938,13.792393684387209,0.1764705882352941,1.0,0.882330060005188
7080188060561837318,17.713165283203125,23.63724899291992,10.957568168640137,-0.1926791965961456,-0.4009938240051269,17.380041122436523,20.698871612548828,0.8947368421052632,0.8947368421052632,3.299455404281616
7075406881111444742,19.69658470153809,21.32536697387696,16.713815689086914,-0.6906085014343262,-0.7002215385437012,18.773962020874023,19.171463012695312,0.2142857142857142,1.0,1.3513805866241455
7072415750589254918,14.092658042907717,18.7991886138916,9.974595069885254,0.0549514591693878,-1.36944842338562,17.519739151000977,10.41958236694336,0.3043478260869565,0.6086956521739131,1.0510258674621582
7066872454249073925,20.351184844970703,24.25323486328125,17.526809692382812,0.4445539712905884,-0.6329150199890137,21.77813720703125,19.364131927490234,0.3529411764705882,1.0,1.5846786499023438
7064977105032858885,18.76601791381836,21.201416015625,16.024728775024414,0.0179216284304857,-1.5465619564056396,16.49811363220215,17.481550216674805,0.3333333333333333,1.0,1.1402872800827026
7062415851231677702,16.752531051635742,18.262338638305664,14.96442413330078,-0.337908536195755,0.2818706035614013,16.463787078857422,17.07257652282715,0.9333333333333332,1.0,0.4677269756793976
7058664802880589062,20.680503845214844,22.36002540588379,19.052047729492188,0.0757606774568557,-1.1354050636291504,21.5982723236084,20.49457359313965,0.7777777777777778,1.0,0.7695046663284302
6980319450687868166,16.668834686279297,18.65546417236328,14.494998931884766,-0.424500048160553,-0.1869356632232666,15.468302726745604,16.68073844909668,0.6,1.0,0.7317789196968079
6942166804311575814,18.534412384033203,20.99081802368164,13.7388277053833,-0.5059411525726318,-1.0347360372543335,20.64751243591309,20.84326934814453,0.92,1.0,1.2104932069778442
6923874728902003973,15.95681095123291,18.07599449157715,14.054201126098633,-0.0679206475615501,-1.3304144144058228,17.341516494750977,16.40218162536621,0.1538461538461538,1.0,0.7277693748474121
7606743080678591766,18.94765281677246,19.090972900390625,18.788175582885746,0.1843360662460327,-0.8145945072174072,18.937650680541992,18.98530578613281,0.6190476190476191,1.0,0.0981325134634971
7604101089775865110,17.684497833251953,21.894908905029297,12.072065353393556,-0.4856563806533813,-0.2064909934997558,13.88265609741211,15.934822082519531,0.3666666666666666,0.9666666666666668,1.7364795207977295
7582254546236230934,18.570465087890625,22.60344314575196,15.900175094604492,0.3726055324077606,-0.7552309036254883,14.585795402526855,17.297006607055664,0.0344827586206896,0.9655172413793104,1.6136552095413208
7559557230903774486,13.934005737304688,17.40658950805664,10.766084671020508,-0.0609850883483886,-1.705621600151062,11.042022705078123,15.74835205078125,0.6666666666666666,0.5333333333333333,1.010572075843811
7546567057056353558,17.102962493896484,20.6618881225586,14.818870544433594,1.0480281114578247,-0.3051931858062744,16.0875186920166,20.207813262939453,0.9,1.0,0.6296405792236328
7517987561692794134,19.123119354248047,19.962682723999023,18.5299129486084,0.870367169380188,0.6541194915771484,19.689252853393555,18.978899002075195,0.0625,1.0,0.2036869078874588
7507578375586712854,15.59355354309082,20.35526657104492,11.58742618560791,0.2167373895645141,-1.2859299182891846,11.658279418945312,13.7357759475708,0.2307692307692307,0.8076923076923077,1.4002635478973389
7476865863409257750,18.165401458740234,21.98250961303711,12.829819679260254,-0.505195677280426,0.2353887557983398,12.342684745788574,17.215980529785156,0.25,0.9,3.5850696563720703
7457587495031606560,19.242158889770508,22.869951248168945,15.767394065856934,0.4763713479042053,-0.0839755535125732,22.275278091430664,19.255931854248047,0.1333333333333333,1.0,1.2406316995620728
7450183993355488545,17.065263748168945,18.74220848083496,13.871939659118652,-1.0565818548202517,0.0680329799652099,16.37099838256836,18.41705894470215,0.9130434782608696,1.0,0.6628713607788086
7442354645382532385,19.01944351196289,23.0363998413086,17.1092472076416,0.9517470002174376,-0.5166013240814209,17.27362632751465,22.59821319580078,0.96,1.0,0.4475167691707611
7338778286597655840,14.981893539428713,19.054258346557617,11.175307273864746,0.2229855358600616,-0.2906684875488281,15.102421760559082,18.8741455078125,0.9565217391304348,0.8260869565217391,1.3887852430343628
7325457714312727840,15.307019233703612,19.114072799682617,12.526206970214844,0.3057883083820343,-1.0967787504196167,17.278432846069336,15.328591346740724,0.1363636363636363,0.8181818181818182,1.5354955196380615
7322420132649749793,17.11247444152832,20.19398307800293,13.869964599609377,0.0496462471783161,-0.7890543937683105,16.782346725463867,14.360755920410156,0.7272727272727273,1.0,0.8686051368713379
7321436866287373600,14.899386405944824,18.17214775085449,7.099660396575928,-1.251278042793274,0.6739916801452637,16.916006088256836,16.127038955688477,0.4210526315789473,0.7894736842105263,2.58558988571167
7312523032025730337,17.818418502807617,21.885093688964844,13.565317153930664,0.1354066729545593,-0.2399988174438476,17.61567497253418,18.85395240783692,0.4117647058823529,1.0,2.277352809906006
7305425778076880161,18.39881134033203,22.02788352966309,16.916431427001953,1.5330805778503418,2.15407133102417,18.835468292236328,18.61305427551269,0.8148148148148148,1.0,0.5188095569610596
7304272406548319520,17.501800537109375,21.688655853271484,12.513388633728027,-0.2967208325862884,-0.54720139503479,16.150346755981445,19.40333366394043,0.5882352941176471,0.9411764705882352,1.7241098880767822
