video_id,aspect_ratio,video_duration,release_year,text_len,nb_hashtags,nb_emojis,hashtag_density,emoji_density,sentiment_score,sentiment_abs,lang_lang_detected_en,up_uploader_alpedhuez,up_uploader_avoriaz,up_uploader_baqueiraberetoficial,up_uploader_chamonix_montblanc_off,up_uploader_crans_montana,up_uploader_davosklosters,up_uploader_grandvalira_andorra,up_uploader_kitzbuehel_official,up_uploader_lech_zuers,up_uploader_megeve_officiel,up_uploader_stanton_arlberg_official,up_uploader_tignesofficiel,up_uploader_val_thorens
7602656035161050390,0.56,13,2026,64,5,1,0.0769230769230769,0.0153846153846153,0.0,0.0,1.0,0.0,0.0,0.0,0.0,0.0,1.0,0.0,0.0,0.0,0.0,0.0,0.0,0.0
7590718903144287510,0.56,12,2026,68,5,1,0.072463768115942,0.0144927536231884,-0.2,0.2,1.0,0.0,0.0,0.0,0.0,0.0,1.0,0.0,0.0,0.0,0.0,0.0,0.0,0.0
7571821778746592534,0.56,13,2025,61,5,2,0.0806451612903225,0.032258064516129,0.0,0.0,1.0,0.0,0.0,0.0,0.0,0.0,1.0,0.0,0.0,0.0,0.0,0.0,0.0,0.0
7569927329154190614,0.56,7,2025,67,4,2,0.0588235294117647,0.0294117647058823,0.0,0.0,1.0,0.0,0.0,0.0,0.0,0.0,1.0,0.0,0.0,0.0,0.0,0.0,0.0,0.0
7566270741134462230,0.56,8,2025,66,5,1,0.0746268656716417,0.0149253731343283,0.0,0.0,1.0,0.0,0.0,0.0,0.0,0.0,1.0,0.0,0.0,0.0,0.0,0.0,0.0,0.0
7536170254989315350,0.56,12,2025,78,6,3,0.0759493670886076,0.0379746835443038,0.0,0.0,1.0,0.0,0.0,0.0,0.0,0.0,1.0,0.0,0.0,0.0,0.0,0.0,0.0,0.0
7520640970199698710,0.56,10,2025,86,6,2,0.0689655172413793,0.0229885057471264,0.0,0.0,1.0,0.0,0.0,0.0,0.0,0.0,1.0,0.0,0.0,0.0,0.0,0.0,0.0,0.0
7496799936558796054,0.56,14,2025,75,5,1,0.0657894736842105,0.0131578947368421,0.0,0.0,1.0,0.0,0.0,0.0,0.0,0.0,1.0,0.0,0.0,0.0,0.0,0.0,0.0,0.0
7487960173529582870,0.56,8,2025,120,5,3,0.0413223140495867,0.024793388429752,0.0,0.0,1.0,0.0,0.0,0.0,0.0,0.0,1.0,0.0,0.0,0.0,0.0,0.0,0.0,0.0
7478712216724802838,0.56,14,2025,92,7,2,0.075268817204301,0.021505376344086,0.0,0.0,1.0,0.0,0.0,0.0,0.0,0.0,1.0,0.0,0.0,0.0,0.0,0.0,0.0,0.0
7470850262840691990,0.56,8,2025,111,8,2,0.0714285714285714,0.0178571428571428,0.0,0.0,1.0,0.0,0.0,0.0,0.0,0.0,1.0,0.0,0.0,0.0,0.0,0.0,0.0,0.0
7424512450856357153,0.56,8,2024,82,7,2,0.0843373493975903,0.0240963855421686,0.0,0.0,1.0,0.0,0.0,0.0,0.0,0.0,1.0,0.0,0.0,0.0,0.0,0.0,0.0,0.0
7416286728513735968,0.56,7,2024,102,6,1,0.058252427184466,0.0097087378640776,0.0,0.0,1.0,0.0,0.0,0.0,0.0,0.0,1.0,0.0,0.0,0.0,0.0,0.0,0.0,0.0
7374727208394411297,0.56,8,2024,152,11,2,0.0718954248366013,0.0130718954248366,0.0,0.0,1.0,0.0,0.0,0.0,0.0,0.0,1.0,0.0,0.0,0.0,0.0,0.0,0.0,0.0
7361057454454508833,0.56,10,2024,88,5,2,0.0561797752808988,0.0224719101123595,0.0,0.0,1.0,0.0,0.0,0.0,0.0,0.0,1.0,0.0,0.0,0.0,0.0,0.0,0.0,0.0
7343975400122354977,0.56,9,2024,190,14,2,0.0732984293193717,0.0104712041884816,0.0,0.0,1.0,0.0,0.0,0.0,0.0,0.0,1.0,0.0,0.0,0.0,0.0,0.0,0.0,0.0
7322847358646078752,0.56,11,2024,268,13,2,0.0483271375464684,0.0074349442379182,-0.0714285714285714,0.0714285714285714,1.0,0.0,0.0,0.0,0.0,0.0,1.0,0.0,0.0,0.0,0.0,0.0,0.0,0.0
7311689753676533024,0.56,8,2023,204,17,2,0.0829268292682926,0.0097560975609756,-0.6,0.6,1.0,0.0,0.0,0.0,0.0,0.0,1.0,0.0,0.0,0.0,0.0,0.0,0.0,0.0
7307595143559859488,0.56,10,2023,221,15,3,0.0675675675675675,0.0135135135135135,0.0,0.0,1.0,0.0,0.0,0.0,0.0,0.0,1.0,0.0,0.0,0.0,0.0,0.0,0.0,0.0
7298756408994991393,0.56,9,2023,199,14,2,0.07,0.01,0.0,0.0,1.0,0.0,0.0,0.0,0.0,0.0,1.0,0.0,0.0,0.0,0.0,0.0,0.0,0.0
7272755309658098976,0.56,14,2023,201,12,5,0.0594059405940594,0.0247524752475247,-0.5,0.5,1.0,0.0,0.0,0.0,0.0,0.0,1.0,0.0,0.0,0.0,0.0,0.0,0.0,0.0
7226766521719213338,0.56,7,2023,198,13,2,0.0653266331658291,0.0100502512562814,0.0,0.0,1.0,0.0,0.0,0.0,0.0,0.0,1.0,0.0,0.0,0.0,0.0,0.0,0.0,0.0
7224139299594194203,0.56,13,2023,173,8,3,0.0459770114942528,0.0172413793103448,0.0,0.0,1.0,0.0,0.0,0.0,0.0,0.0,1.0,0.0,0.0,0.0,0.0,0.0,0.0,0.0
7208566584535764250,0.56,11,2023,172,13,3,0.0751445086705202,0.0173410404624277,0.0,0.0,1.0,0.0,0.0,0.0,0.0,0.0,1.0,0.0,0.0,0.0,0.0,0.0,0.0,0.0
7205976379370851589,0.56,9,2023,228,15,4,0.0655021834061135,0.0174672489082969,-0.7142857142857143,0.7142857142857143,1.0,0.0,0.0,0.0,0.0,0.0,1.0,0.0,0.0,0.0,0.0,0.0,0.0,0.0
7177404002508803334,0.56,8,2022,153,12,1,0.0779220779220779,0.0064935064935064,0.0,0.0,1.0,0.0,0.0,0.0,0.0,0.0,1.0,0.0,0.0,0.0,0.0,0.0,0.0,0.0
7164792237543394566,0.56,6,2022,88,3,2,0.0337078651685393,0.0224719101123595,0.0,0.0,1.0,0.0,0.0,0.0,0.0,0.0,1.0,0.0,0.0,0.0,0.0,0.0,0.0,0.0
7162183685423385862,0.56,14,2022,119,8,1,0.0666666666666666,0.0083333333333333,0.0,0.0,1.0,0.0,0.0,0.0,0.0,0.0,1.0,0.0,0.0,0.0,0.0,0.0,0.0,0.0
7153997940774882565,0.56,13,2022,122,8,2,0.065040650406504,0.016260162601626,0.0,0.0,1.0,0.0,0.0,0.0,0.0,0.0,1.0,0.0,0.0,0.0,0.0,0.0,0.0,0.0
7143619564775968006,0.56,7,2022,92,6,2,0.064516129032258,0.021505376344086,0.4333333333333333,0.4333333333333333,1.0,0.0,0.0,0.0,0.0,0.0,1.0,0.0,0.0,0.0,0.0,0.0,0.0,0.0
7138043316087606533,0.56,14,2022,130,7,2,0.0534351145038167,0.015267175572519,0.0,0.0,1.0,0.0,0.0,0.0,0.0,0.0,1.0,0.0,0.0,0.0,0.0,0.0,0.0,0.0
7114705253899029765,0.56,12,2022,179,10,1,0.0555555555555555,0.0055555555555555,0.0,0.0,1.0,0.0,0.0,0.0,0.0,0.0,1.0,0.0,0.0,0.0,0.0,0.0,0.0,0.0
7107270367303044358,0.56,12,2022,84,6,2,0.0705882352941176,0.0235294117647058,0.0,0.0,1.0,0.0,0.0,0.0,0.0,0.0,1.0,0.0,0.0,0.0,0.0,0.0,0.0,0.0
7101685930276293894,0.56,7,2022,128,3,3,0.0232558139534883,0.0232558139534883,0.25,0.25,1.0,0.0,0.0,0.0,0.0,0.0,1.0,0.0,0.0,0.0,0.0,0.0,0.0,0.0
7096121724990655749,0.56,10,2022,119,7,2,0.0583333333333333,0.0166666666666666,-0.4,0.4,1.0,0.0,0.0,0.0,0.0,0.0,1.0,0.0,0.0,0.0,0.0,0.0,0.0,0.0
7079814734664436998,0.56,14,2022,149,5,1,0.0333333333333333,0.0066666666666666,0.0,0.0,1.0,0.0,0.0,0.0,0.0,0.0,1.0,0.0,0.0,0.0,0.0,0.0,0.0,0.0
7071272731286834437,0.56,7,2022,104,6,1,0.0571428571428571,0.0095238095238095,0.0,0.0,1.0,0.0,0.0,0.0,0.0,0.0,1.0,0.0,0.0,0.0,0.0,0.0,0.0,0.0
7067569943449046278,0.56,9,2022,89,5,1,0.0555555555555555,0.0111111111111111,0.0,0.0,1.0,0.0,0.0,0.0,0.0,0.0,1.0,0.0,0.0,0.0,0.0,0.0,0.0,0.0
7063121025394855173,0.56,9,2022,110,7,2,0.063063063063063,0.018018018018018,0.2,0.2,1.0,0.0,0.0,0.0,0.0,0.0,1.0,0.0,0.0,0.0,0.0,0.0,0.0,0.0
7023313220278553862,0.56,13,2021,93,5,2,0.0531914893617021,0.0212765957446808,-0.5,0.5,1.0,0.0,0.0,0.0,0.0,0.0,1.0,0.0,0.0,0.0,0.0,0.0,0.0,0.0
7019559155425955077,0.56,13,2021,120,6,2,0.0495867768595041,0.0165289256198347,-0.2,0.2,1.0,0.0,0.0,0.0,0.0,0.0,1.0,0.0,0.0,0.0,0.0,0.0,0.0,0.0
6958797242429934854,0.56,11,2021,88,5,1,0.0561797752808988,0.0112359550561797,0.5,0.5,1.0,0.0,0.0,0.0,0.0,0.0,1.0,0.0,0.0,0.0,0.0,0.0,0.0,0.0
6940653001791130885,0.56,11,2021,99,8,1,0.08,0.01,0.0,0.0,1.0,0.0,0.0,0.0,0.0,0.0,1.0,0.0,0.0,0.0,0.0,0.0,0.0,0.0
6927911225066130693,0.56,8,2021,145,9,1,0.0616438356164383,0.0068493150684931,0.0,0.0,1.0,0.0,0.0,0.0,0.0,0.0,1.0,0.0,0.0,0.0,0.0,0.0,0.0,0.0
6896446483080482050,0.56,8,2020,148,6,2,0.0402684563758389,0.0134228187919463,0.0,0.0,1.0,0.0,0.0,0.0,0.0,0.0,1.0,0.0,0.0,0.0,0.0,0.0,0.0,0.0
6893888228848389377,0.56,8,2020,134,6,2,0.0444444444444444,0.0148148148148148,0.0,0.0,1.0,0.0,0.0,0.0,0.0,0.0,1.0,0.0,0.0,0.0,0.0,0.0,0.0,0.0
6891645296233794817,0.56,9,2020,106,6,1,0.0560747663551401,0.0093457943925233,0.0,0.0,1.0,0.0,0.0,0.0,0.0,0.0,1.0,0.0,0.0,0.0,0.0,0.0,0.0,0.0
6883561429727726850,0.56,8,2020,129,6,1,0.0461538461538461,0.0076923076923076,0.0,0.0,1.0,0.0,0.0,0.0,0.0,0.0,1.0,0.0,0.0,0.0,0.0,0.0,0.0,0.0
6876362124260691202,0.56,12,2020,77,5,1,0.0641025641025641,0.0128205128205128,0.0,0.0,1.0,0.0,0.0,0.0,0.0,0.0,1.0,0.0,0.0,0.0,0.0,0.0,0.0,0.0
6874890977631390978,0.56,14,2020,139,5,2,0.0357142857142857,0.0142857142857142,1.0,1.0,1.0,0.0,0.0,0.0,0.0,0.0,1.0,0.0,0.0,0.0,0.0,0.0,0.0,0.0
6855731886438763781,0.56,12,2020,121,6,1,0.0491803278688524,0.0081967213114754,0.0,0.0,1.0,0.0,0.0,0.0,0.0,0.0,1.0,0.0,0.0,0.0,0.0,0.0,0.0,0.0
6852640471013920006,0.56,9,2020,108,6,1,0.055045871559633,0.0091743119266055,0.0,0.0,1.0,0.0,0.0,0.0,0.0,0.0,1.0,0.0,0.0,0.0,0.0,0.0,0.0,0.0
6847902541095668997,0.56,13,2020,121,7,2,0.0573770491803278,0.0163934426229508,0.0,0.0,1.0,0.0,0.0,0.0,0.0,0.0,1.0,0.0,0.0,0.0,0.0,0.0,0.0,0.0
6802558843114114310,0.56,10,2020,149,3,1,0.02,0.0066666666666666,-0.6999999999999998,0.6999999999999998,1.0,0.0,0.0,0.0,0.0,0.0,1.0,0.0,0.0,0.0,0.0,0.0,0.0,0.0
7603743614157458710,0.57,7,2026,12,0,1,0.0,0.0769230769230769,0.0,0.0,1.0,0.0,0.0,0.0,0.0,1.0,0.0,0.0,0.0,0.0,0.0,0.0,0.0,0.0
7595972634450431254,0.56,9,2026,46,0,2,0.0,0.0425531914893617,0.0,0.0,1.0,0.0,0.0,0.0,0.0,1.0,0.0,0.0,0.0,0.0,0.0,0.0,0.0,0.0
7587402623129636118,0.57,11,2025,309,4,4,0.0129032258064516,0.0129032258064516,0.625,0.625,1.0,0.0,0.0,0.0,0.0,1.0,0.0,0.0,0.0,0.0,0.0,0.0,0.0,0.0
7587440240327937302,0.57,13,2025,297,4,3,0.0134228187919463,0.0100671140939597,0.2758333333333333,0.2758333333333333,1.0,0.0,0.0,0.0,0.0,1.0,0.0,0.0,0.0,0.0,0.0,0.0,0.0,0.0
7584845578429828375,0.57,13,2025,519,4,6,0.0076923076923076,0.0115384615384615,0.2428571428571428,0.2428571428571428,1.0,0.0,0.0,0.0,0.0,1.0,0.0,0.0,0.0,0.0,0.0,0.0,0.0,0.0
7581822570454879510,0.56,10,2025,204,4,1,0.0195121951219512,0.0048780487804878,0.5,0.5,1.0,0.0,0.0,0.0,0.0,1.0,0.0,0.0,0.0,0.0,0.0,0.0,0.0,0.0
7579299127637363990,0.56,8,2025,109,4,1,0.0363636363636363,0.009090909090909,0.0,0.0,1.0,0.0,0.0,0.0,0.0,1.0,0.0,0.0,0.0,0.0,0.0,0.0,0.0,0.0
7580305629634399510,0.56,7,2025,100,2,2,0.0198019801980198,0.0198019801980198,0.0,0.0,1.0,0.0,0.0,0.0,0.0,1.0,0.0,0.0,0.0,0.0,0.0,0.0,0.0,0.0
7578925701114481942,0.57,8,2025,477,4,3,0.00836820083682,0.006276150627615,0.25,0.25,1.0,0.0,0.0,0.0,0.0,1.0,0.0,0.0,0.0,0.0,0.0,0.0,0.0,0.0
7577797962017918230,0.57,9,2025,207,4,3,0.0192307692307692,0.0144230769230769,-0.0325757575757575,0.0325757575757575,1.0,0.0,0.0,0.0,0.0,1.0,0.0,0.0,0.0,0.0,0.0,0.0,0.0,0.0
7576309328584592643,0.57,6,2025,107,4,3,0.037037037037037,0.0277777777777777,0.0,0.0,1.0,0.0,0.0,0.0,0.0,1.0,0.0,0.0,0.0,0.0,0.0,0.0,0.0,0.0
7575167976853228822,0.56,8,2025,122,4,4,0.032520325203252,0.032520325203252,0.0,0.0,1.0,0.0,0.0,0.0,0.0,1.0,0.0,0.0,0.0,0.0,0.0,0.0,0.0,0.0
7574884067729050902,0.56,8,2025,158,4,2,0.0251572327044025,0.0125786163522012,0.0,0.0,1.0,0.0,0.0,0.0,0.0,1.0,0.0,0.0,0.0,0.0,0.0,0.0,0.0,0.0
7572598154063990038,0.57,9,2025,118,4,3,0.0336134453781512,0.0252100840336134,0.25,0.25,1.0,0.0,0.0,0.0,0.0,1.0,0.0,0.0,0.0,0.0,0.0,0.0,0.0,0.0
7567386738709073174,0.56,7,2025,127,4,2,0.03125,0.015625,0.0,0.0,1.0,0.0,0.0,0.0,0.0,1.0,0.0,0.0,0.0,0.0,0.0,0.0,0.0,0.0
7566939859156290838,0.56,9,2025,229,4,2,0.017391304347826,0.008695652173913,0.9,0.9,1.0,0.0,0.0,0.0,0.0,1.0,0.0,0.0,0.0,0.0,0.0,0.0,0.0,0.0
7565890573115165974,0.56,14,2025,143,4,4,0.0277777777777777,0.0277777777777777,0.1363636363636363,0.1363636363636363,1.0,0.0,0.0,0.0,0.0,1.0,0.0,0.0,0.0,0.0,0.0,0.0,0.0,0.0
7563265888623840534,0.56,7,2025,166,4,2,0.0239520958083832,0.0119760479041916,0.2,0.2,1.0,0.0,0.0,0.0,0.0,1.0,0.0,0.0,0.0,0.0,0.0,0.0,0.0,0.0
7556999098637880598,0.56,12,2025,316,4,3,0.0126182965299684,0.0094637223974763,-0.0888888888888888,0.0888888888888888,1.0,0.0,0.0,0.0,0.0,1.0,0.0,0.0,0.0,0.0,0.0,0.0,0.0,0.0
7551795663772798211,0.56,6,2025,164,4,3,0.0242424242424242,0.0181818181818181,0.35,0.35,1.0,0.0,0.0,0.0,0.0,1.0,0.0,0.0,0.0,0.0,0.0,0.0,0.0,0.0
7549089036447649046,0.56,8,2025,149,4,2,0.0266666666666666,0.0133333333333333,0.0,0.0,1.0,0.0,0.0,0.0,0.0,1.0,0.0,0.0,0.0,0.0,0.0,0.0,0.0,0.0
7547744113433627926,0.56,9,2025,160,4,0,0.0248447204968944,0.0,0.625,0.625,1.0,0.0,0.0,0.0,0.0,1.0,0.0,0.0,0.0,0.0,0.0,0.0,0.0,0.0
7542538735116684566,0.56,13,2025,114,4,2,0.0347826086956521,0.017391304347826,0.0,0.0,1.0,0.0,0.0,0.0,0.0,1.0,0.0,0.0,0.0,0.0,0.0,0.0,0.0,0.0
7541326779697564930,0.56,11,2025,386,4,6,0.0103359173126615,0.0155038759689922,0.0625,0.0625,1.0,0.0,0.0,0.0,0.0,1.0,0.0,0.0,0.0,0.0,0.0,0.0,0.0,0.0
7539973950877584662,0.56,7,2025,225,6,3,0.0265486725663716,0.0132743362831858,0.0,0.0,1.0,0.0,0.0,0.0,0.0,1.0,0.0,0.0,0.0,0.0,0.0,0.0,0.0,0.0
7535846854743821590,0.56,14,2025,181,4,2,0.0219780219780219,0.0109890109890109,0.8,0.8,1.0,0.0,0.0,0.0,0.0,1.0,0.0,0.0,0.0,0.0,0.0,0.0,0.0,0.0
7535846685101149462,0.56,11,2025,454,4,3,0.0087912087912087,0.0065934065934065,0.0,0.0,1.0,0.0,0.0,0.0,0.0,1.0,0.0,0.0,0.0,0.0,0.0,0.0,0.0,0.0
7535846060476976406,0.56,12,2025,174,4,1,0.0228571428571428,0.0057142857142857,0.625,0.625,1.0,0.0,0.0,0.0,0.0,1.0,0.0,0.0,0.0,0.0,0.0,0.0,0.0,0.0
7535476048444558614,0.56,8,2025,459,4,8,0.008695652173913,0.017391304347826,0.0,0.0,1.0,0.0,0.0,0.0,0.0,1.0,0.0,0.0,0.0,0.0,0.0,0.0,0.0,0.0
7535123405562006806,0.56,6,2025,422,4,3,0.0094562647754137,0.0070921985815602,0.0,0.0,1.0,0.0,0.0,0.0,0.0,1.0,0.0,0.0,0.0,0.0,0.0,0.0,0.0,0.0
7533124404062981398,0.56,8,2025,175,4,2,0.0227272727272727,0.0113636363636363,0.0,0.0,1.0,0.0,0.0,0.0,0.0,1.0,0.0,0.0,0.0,0.0,0.0,0.0,0.0,0.0
7532382235463339286,0.56,14,2025,192,4,1,0.0207253886010362,0.005181347150259,1.0,1.0,1.0,0.0,0.0,0.0,0.0,1.0,0.0,0.0,0.0,0.0,0.0,0.0,0.0,0.0
7528433357093358870,0.56,11,2025,762,4,5,0.0052424639580602,0.0065530799475753,0.3121428571428571,0.3121428571428571,1.0,0.0,0.0,0.0,0.0,1.0,0.0,0.0,0.0,0.0,0.0,0.0,0.0,0.0
7510479503592901910,0.56,14,2025,142,4,1,0.0279720279720279,0.0069930069930069,0.1,0.1,1.0,0.0,0.0,0.0,0.0,1.0,0.0,0.0,0.0,0.0,0.0,0.0,0.0,0.0
7509512878026788118,0.56,11,2025,543,4,8,0.0073529411764705,0.0147058823529411,-0.025,0.025,1.0,0.0,0.0,0.0,0.0,1.0,0.0,0.0,0.0,0.0,0.0,0.0,0.0,0.0
7504668782045039894,0.56,6,2025,286,4,3,0.0139372822299651,0.0104529616724738,0.2678571428571428,0.2678571428571428,1.0,0.0,0.0,0.0,0.0,1.0,0.0,0.0,0.0,0.0,0.0,0.0,0.0,0.0
7495322095065238806,0.56,7,2025,377,4,2,0.0105820105820105,0.0052910052910052,0.0,0.0,1.0,0.0,0.0,0.0,0.0,1.0,0.0,0.0,0.0,0.0,0.0,0.0,0.0,0.0
7494238893546474774,0.56,12,2025,124,4,1,0.032,0.008,0.0,0.0,1.0,0.0,0.0,0.0,0.0,1.0,0.0,0.0,0.0,0.0,0.0,0.0,0.0,0.0
7490222588883422486,0.56,8,2025,182,4,1,0.0218579234972677,0.0054644808743169,0.0,0.0,1.0,0.0,0.0,0.0,0.0,1.0,0.0,0.0,0.0,0.0,0.0,0.0,0.0,0.0
7488220279244623126,0.56,6,2025,290,4,3,0.0137457044673539,0.0103092783505154,0.0,0.0,1.0,0.0,0.0,0.0,0.0,1.0,0.0,0.0,0.0,0.0,0.0,0.0,0.0,0.0
7486138878026321174,0.56,13,2025,255,4,2,0.015625,0.0078125,0.125,0.125,1.0,0.0,0.0,0.0,0.0,1.0,0.0,0.0,0.0,0.0,0.0,0.0,0.0,0.0
7483898615803612418,0.56,6,2025,178,4,1,0.0223463687150838,0.0055865921787709,0.33125,0.33125,1.0,0.0,0.0,0.0,0.0,1.0,0.0,0.0,0.0,0.0,0.0,0.0,0.0,0.0
7480918194438278422,0.56,10,2025,178,5,2,0.0279329608938547,0.0111731843575419,0.0,0.0,1.0,0.0,0.0,0.0,0.0,1.0,0.0,0.0,0.0,0.0,0.0,0.0,0.0,0.0
7480563839319264534,0.56,11,2025,193,4,1,0.0206185567010309,0.0051546391752577,0.0,0.0,1.0,0.0,0.0,0.0,0.0,1.0,0.0,0.0,0.0,0.0,0.0,0.0,0.0,0.0
7471286673494527254,0.56,13,2025,161,3,1,0.0185185185185185,0.0061728395061728,0.0,0.0,1.0,0.0,0.0,0.0,0.0,1.0,0.0,0.0,0.0,0.0,0.0,0.0,0.0,0.0
7470532387223407904,0.56,11,2025,530,5,3,0.0094161958568738,0.0056497175141242,0.0,0.0,1.0,0.0,0.0,0.0,0.0,1.0,0.0,0.0,0.0,0.0,0.0,0.0,0.0,0.0
7468709057516326177,0.56,9,2025,341,6,2,0.0175438596491228,0.0058479532163742,-0.0125,0.0125,1.0,0.0,0.0,0.0,0.0,1.0,0.0,0.0,0.0,0.0,0.0,0.0,0.0,0.0
7468323433714126112,0.56,13,2025,235,5,2,0.0211864406779661,0.0084745762711864,0.0,0.0,1.0,0.0,0.0,0.0,0.0,1.0,0.0,0.0,0.0,0.0,0.0,0.0,0.0,0.0
7466109584952855840,0.56,7,2025,201,6,2,0.0297029702970297,0.0099009900990099,0.0,0.0,1.0,0.0,0.0,0.0,0.0,1.0,0.0,0.0,0.0,0.0,0.0,0.0,0.0,0.0
7463198577188146464,0.56,14,2025,574,6,0,0.0104347826086956,0.0,0.0,0.0,1.0,0.0,0.0,0.0,0.0,1.0,0.0,0.0,0.0,0.0,0.0,0.0,0.0,0.0
7458328611213298976,0.56,12,2025,162,5,1,0.0306748466257668,0.0061349693251533,0.0,0.0,1.0,0.0,0.0,0.0,0.0,1.0,0.0,0.0,0.0,0.0,0.0,0.0,0.0,0.0
7451579890048027937,0.56,9,2024,279,5,2,0.0178571428571428,0.0071428571428571,-1.0,1.0,1.0,0.0,0.0,0.0,0.0,1.0,0.0,0.0,0.0,0.0,0.0,0.0,0.0,0.0
7443846446362774817,0.56,12,2024,348,6,6,0.0171919770773638,0.0171919770773638,0.0,0.0,1.0,0.0,0.0,0.0,0.0,1.0,0.0,0.0,0.0,0.0,0.0,0.0,0.0,0.0
7436439641298865441,0.56,9,2024,48,3,2,0.0612244897959183,0.0408163265306122,0.0,0.0,1.0,0.0,0.0,0.0,0.0,1.0,0.0,0.0,0.0,0.0,0.0,0.0,0.0,0.0
7423318018853178657,0.56,11,2024,115,5,2,0.043103448275862,0.0172413793103448,0.0,0.0,1.0,0.0,0.0,0.0,0.0,1.0,0.0,0.0,0.0,0.0,0.0,0.0,0.0,0.0
7414073681992895776,0.56,11,2024,189,10,2,0.0526315789473684,0.0105263157894736,0.0,0.0,1.0,0.0,0.0,0.0,0.0,1.0,0.0,0.0,0.0,0.0,0.0,0.0,0.0,0.0
7397062762150513952,0.56,10,2024,92,2,4,0.021505376344086,0.043010752688172,0.0,0.0,1.0,0.0,0.0,0.0,0.0,1.0,0.0,0.0,0.0,0.0,0.0,0.0,0.0,0.0
7395189160081935649,0.56,14,2024,127,1,1,0.0078125,0.0078125,0.0,0.0,1.0,0.0,0.0,0.0,0.0,1.0,0.0,0.0,0.0,0.0,0.0,0.0,0.0,0.0
7350221322317761825,0.56,8,2024,141,2,0,0.0140845070422535,0.0,0.0,0.0,1.0,0.0,0.0,0.0,0.0,1.0,0.0,0.0,0.0,0.0,0.0,0.0,0.0,0.0
7343530174526377249,0.56,14,2024,81,4,3,0.048780487804878,0.0365853658536585,0.3,0.3,1.0,0.0,0.0,0.0,0.0,1.0,0.0,0.0,0.0,0.0,0.0,0.0,0.0,0.0
7336238126651706656,0.56,10,2024,60,5,1,0.081967213114754,0.0163934426229508,0.0,0.0,1.0,0.0,0.0,0.0,0.0,1.0,0.0,0.0,0.0,0.0,0.0,0.0,0.0,0.0
7329933240775527713,0.56,13,2024,287,4,1,0.0138888888888888,0.0034722222222222,0.0,0.0,1.0,0.0,0.0,0.0,0.0,1.0,0.0,0.0,0.0,0.0,0.0,0.0,0.0,0.0
7329526946751089953,0.56,12,2024,111,5,0,0.0446428571428571,0.0,0.0,0.0,1.0,0.0,0.0,0.0,0.0,1.0,0.0,0.0,0.0,0.0,0.0,0.0,0.0,0.0
7316851921288006944,0.56,13,2023,578,29,4,0.0500863557858376,0.006908462867012,0.0,0.0,1.0,0.0,0.0,0.0,0.0,1.0,0.0,0.0,0.0,0.0,0.0,0.0,0.0,0.0
7300927450463194400,0.56,14,2023,133,5,3,0.0373134328358208,0.0223880597014925,0.0,0.0,1.0,0.0,0.0,0.0,0.0,1.0,0.0,0.0,0.0,0.0,0.0,0.0,0.0,0.0
7297177472615861536,0.56,10,2023,128,7,2,0.0542635658914728,0.0155038759689922,0.0,0.0,1.0,0.0,0.0,0.0,0.0,1.0,0.0,0.0,0.0,0.0,0.0,0.0,0.0,0.0
7296855348714016033,0.56,8,2023,80,6,2,0.074074074074074,0.0246913580246913,0.0,0.0,1.0,0.0,0.0,0.0,0.0,1.0,0.0,0.0,0.0,0.0,0.0,0.0,0.0,0.0
7290823677195603233,0.56,7,2023,119,5,1,0.0416666666666666,0.0083333333333333,0.0,0.0,1.0,0.0,0.0,0.0,0.0,1.0,0.0,0.0,0.0,0.0,0.0,0.0,0.0,0.0
7261565962875358491,0.56,10,2023,150,5,1,0.0331125827814569,0.0066225165562913,0.0,0.0,1.0,0.0,0.0,0.0,0.0,1.0,0.0,0.0,0.0,0.0,0.0,0.0,0.0,0.0
7260104911830945051,0.56,13,2023,218,5,1,0.0228310502283105,0.0045662100456621,0.0,0.0,1.0,0.0,0.0,0.0,0.0,1.0,0.0,0.0,0.0,0.0,0.0,0.0,0.0,0.0
7257874855037586714,0.56,14,2023,151,6,2,0.0394736842105263,0.0131578947368421,0.0,0.0,1.0,0.0,0.0,0.0,0.0,1.0,0.0,0.0,0.0,0.0,0.0,0.0,0.0,0.0
7210751695771553030,0.56,10,2023,147,5,3,0.0337837837837837,0.0202702702702702,0.0,0.0,1.0,0.0,0.0,0.0,0.0,1.0,0.0,0.0,0.0,0.0,0.0,0.0,0.0,0.0
7193808719287766278,0.56,8,2023,123,3,2,0.0241935483870967,0.0161290322580645,0.0,0.0,1.0,0.0,0.0,0.0,0.0,1.0,0.0,0.0,0.0,0.0,0.0,0.0,0.0,0.0
7192709681280781574,0.56,9,2023,94,5,3,0.0526315789473684,0.031578947368421,0.0,0.0,1.0,0.0,0.0,0.0,0.0,1.0,0.0,0.0,0.0,0.0,0.0,0.0,0.0,0.0
7191884217595219206,0.56,9,2023,69,4,2,0.0571428571428571,0.0285714285714285,0.0,0.0,1.0,0.0,0.0,0.0,0.0,1.0,0.0,0.0,0.0,0.0,0.0,0.0,0.0,0.0
7190283346373610757,0.56,6,2023,123,5,2,0.0403225806451612,0.0161290322580645,0.0,0.0,1.0,0.0,0.0,0.0,0.0,1.0,0.0,0.0,0.0,0.0,0.0,0.0,0.0,0.0
7184460864404229381,0.56,7,2023,106,1,2,0.0093457943925233,0.0186915887850467,0.0,0.0,1.0,0.0,0.0,0.0,0.0,1.0,0.0,0.0,0.0,0.0,0.0,0.0,0.0,0.0
7183681305203330309,0.56,14,2023,111,2,1,0.0178571428571428,0.0089285714285714,0.0,0.0,1.0,0.0,0.0,0.0,0.0,1.0,0.0,0.0,0.0,0.0,0.0,0.0,0.0,0.0
7171449726158589189,0.56,6,2022,89,6,2,0.0666666666666666,0.0222222222222222,0.0,0.0,1.0,0.0,0.0,0.0,0.0,1.0,0.0,0.0,0.0,0.0,0.0,0.0,0.0,0.0
7168916057166597382,0.56,7,2022,96,3,3,0.0309278350515463,0.0309278350515463,0.0,0.0,1.0,0.0,0.0,0.0,0.0,1.0,0.0,0.0,0.0,0.0,0.0,0.0,0.0,0.0
7164397666472873222,0.56,7,2022,68,4,1,0.0579710144927536,0.0144927536231884,0.0,0.0,1.0,0.0,0.0,0.0,0.0,1.0,0.0,0.0,0.0,0.0,0.0,0.0,0.0,0.0
7161354120849427717,0.56,7,2022,66,4,3,0.0597014925373134,0.044776119402985,0.0,0.0,1.0,0.0,0.0,0.0,0.0,1.0,0.0,0.0,0.0,0.0,0.0,0.0,0.0,0.0
7143175958978186502,0.56,10,2022,85,3,5,0.0348837209302325,0.0581395348837209,0.0,0.0,1.0,0.0,0.0,0.0,0.0,1.0,0.0,0.0,0.0,0.0,0.0,0.0,0.0,0.0
7132514036276628742,0.56,9,2022,96,3,1,0.0309278350515463,0.0103092783505154,0.0,0.0,1.0,0.0,0.0,0.0,0.0,1.0,0.0,0.0,0.0,0.0,0.0,0.0,0.0,0.0
7124374690520419590,0.56,6,2022,83,7,1,0.0833333333333333,0.0119047619047619,0.0,0.0,1.0,0.0,0.0,0.0,0.0,1.0,0.0,0.0,0.0,0.0,0.0,0.0,0.0,0.0
7094270154275605765,0.56,9,2022,89,4,2,0.0444444444444444,0.0222222222222222,0.0,0.0,1.0,0.0,0.0,0.0,0.0,1.0,0.0,0.0,0.0,0.0,0.0,0.0,0.0,0.0
6958338154617228549,0.79,14,2021,123,7,0,0.0564516129032258,0.0,0.0,0.0,1.0,0.0,0.0,0.0,0.0,1.0,0.0,0.0,0.0,0.0,0.0,0.0,0.0,0.0
6955364241213771014,0.56,11,2021,96,5,2,0.0515463917525773,0.0206185567010309,0.5,0.5,1.0,0.0,0.0,0.0,0.0,1.0,0.0,0.0,0.0,0.0,0.0,0.0,0.0,0.0
6921604099553119494,0.56,14,2021,110,2,3,0.018018018018018,0.027027027027027,0.0,0.0,1.0,0.0,0.0,0.0,0.0,1.0,0.0,0.0,0.0,0.0,0.0,0.0,0.0,0.0
7604808799404264726,0.56,11,2026,74,5,3,0.0666666666666666,0.04,0.7,0.7,1.0,0.0,0.0,0.0,0.0,0.0,0.0,0.0,1.0,0.0,0.0,0.0,0.0,0.0
7603273994216738070,0.56,11,2026,515,5,6,0.0096899224806201,0.0116279069767441,0.3015625,0.3015625,1.0,0.0,0.0,0.0,0.0,0.0,0.0,0.0,1.0,0.0,0.0,0.0,0.0,0.0
7596993704146046230,0.56,9,2026,142,4,0,0.0279720279720279,0.0,0.3859375,0.3859375,1.0,0.0,0.0,0.0,0.0,0.0,0.0,0.0,1.0,0.0,0.0,0.0,0.0,0.0
7593041331174362390,0.56,13,2026,115,5,1,0.043103448275862,0.0086206896551724,0.1666666666666666,0.1666666666666666,1.0,0.0,0.0,0.0,0.0,0.0,0.0,0.0,1.0,0.0,0.0,0.0,0.0,0.0
7589754729350155542,0.56,14,2025,352,5,0,0.0141643059490084,0.0,0.356060606060606,0.356060606060606,1.0,0.0,0.0,0.0,0.0,0.0,0.0,0.0,1.0,0.0,0.0,0.0,0.0,0.0
7587308013363449121,0.56,12,2025,204,4,4,0.0195121951219512,0.0195121951219512,0.0,0.0,1.0,0.0,0.0,0.0,0.0,0.0,0.0,0.0,1.0,0.0,0.0,0.0,0.0,0.0
7583720650200730902,0.56,14,2025,125,3,0,0.0238095238095238,0.0,0.0,0.0,1.0,0.0,0.0,0.0,0.0,0.0,0.0,0.0,1.0,0.0,0.0,0.0,0.0,0.0
7577768828214512918,0.56,9,2025,98,3,0,0.0303030303030303,0.0,-0.25,0.25,1.0,0.0,0.0,0.0,0.0,0.0,0.0,0.0,1.0,0.0,0.0,0.0,0.0,0.0
7575831202117045526,0.56,7,2025,289,5,2,0.0172413793103448,0.0068965517241379,0.16875,0.16875,1.0,0.0,0.0,0.0,0.0,0.0,0.0,0.0,1.0,0.0,0.0,0.0,0.0,0.0
7574767270392532246,0.56,13,2025,178,5,3,0.0279329608938547,0.0167597765363128,0.3348214285714286,0.3348214285714286,1.0,0.0,0.0,0.0,0.0,0.0,0.0,0.0,1.0,0.0,0.0,0.0,0.0,0.0
7572922723836431638,0.56,9,2025,132,5,1,0.037593984962406,0.0075187969924812,0.0,0.0,1.0,0.0,0.0,0.0,0.0,0.0,0.0,0.0,1.0,0.0,0.0,0.0,0.0,0.0
7569206708090850582,0.56,13,2025,210,4,0,0.0189573459715639,0.0,0.2625,0.2625,1.0,0.0,0.0,0.0,0.0,0.0,0.0,0.0,1.0,0.0,0.0,0.0,0.0,0.0
7568382003330993430,0.56,8,2025,108,3,0,0.0275229357798165,0.0,0.35,0.35,1.0,0.0,0.0,0.0,0.0,0.0,0.0,0.0,1.0,0.0,0.0,0.0,0.0,0.0
7566297785914412310,0.56,6,2025,133,4,0,0.0298507462686567,0.0,0.3,0.3,1.0,0.0,0.0,0.0,0.0,0.0,0.0,0.0,1.0,0.0,0.0,0.0,0.0,0.0
7563724139240885526,0.56,8,2025,86,3,1,0.0344827586206896,0.0114942528735632,0.0,0.0,1.0,0.0,0.0,0.0,0.0,0.0,0.0,0.0,1.0,0.0,0.0,0.0,0.0,0.0
7556661292233379075,0.56,9,2025,277,4,1,0.014388489208633,0.0035971223021582,0.3080357142857143,0.3080357142857143,1.0,0.0,0.0,0.0,0.0,0.0,0.0,0.0,1.0,0.0,0.0,0.0,0.0,0.0
7553924193562266902,0.56,13,2025,168,3,2,0.0177514792899408,0.0118343195266272,0.6071428571428571,0.6071428571428571,1.0,0.0,0.0,0.0,0.0,0.0,0.0,0.0,1.0,0.0,0.0,0.0,0.0,0.0
7553554500972367107,0.56,9,2025,362,4,3,0.0110192837465564,0.0082644628099173,0.2666666666666666,0.2666666666666666,1.0,0.0,0.0,0.0,0.0,0.0,0.0,0.0,1.0,0.0,0.0,0.0,0.0,0.0
7545446733921209622,0.56,14,2025,443,5,2,0.0112612612612612,0.0045045045045045,0.3822916666666667,0.3822916666666667,1.0,0.0,0.0,0.0,0.0,0.0,0.0,0.0,1.0,0.0,0.0,0.0,0.0,0.0
7537707440142454038,0.56,12,2025,459,5,6,0.0108695652173913,0.0130434782608695,0.5578124999999999,0.5578124999999999,1.0,0.0,0.0,0.0,0.0,0.0,0.0,0.0,1.0,0.0,0.0,0.0,0.0,0.0
7480851478555659543,0.57,10,2025,88,5,0,0.0561797752808988,0.0,0.5,0.5,1.0,0.0,0.0,0.0,0.0,0.0,0.0,0.0,1.0,0.0,0.0,0.0,0.0,0.0
7478288153153916182,0.56,10,2025,61,4,2,0.064516129032258,0.032258064516129,0.0,0.0,1.0,0.0,0.0,0.0,0.0,0.0,0.0,0.0,1.0,0.0,0.0,0.0,0.0,0.0
7476404323317222658,0.56,10,2025,85,6,0,0.0697674418604651,0.0,0.0,0.0,1.0,0.0,0.0,0.0,0.0,0.0,0.0,0.0,1.0,0.0,0.0,0.0,0.0,0.0
7474625701350509846,0.56,8,2025,100,4,0,0.0396039603960396,0.0,0.0,0.0,1.0,0.0,0.0,0.0,0.0,0.0,0.0,0.0,1.0,0.0,0.0,0.0,0.0,0.0
7473095088948759830,0.56,9,2025,58,3,1,0.0508474576271186,0.0169491525423728,0.2,0.2,1.0,0.0,0.0,0.0,0.0,0.0,0.0,0.0,1.0,0.0,0.0,0.0,0.0,0.0
7471251146288418070,0.56,8,2025,54,3,1,0.0545454545454545,0.0181818181818181,0.8,0.8,1.0,0.0,0.0,0.0,0.0,0.0,0.0,0.0,1.0,0.0,0.0,0.0,0.0,0.0
7468715378743528736,0.56,8,2025,293,8,2,0.0272108843537414,0.0068027210884353,0.155,0.155,1.0,0.0,0.0,0.0,0.0,0.0,0.0,0.0,1.0,0.0,0.0,0.0,0.0,0.0
7467231080735690017,0.56,13,2025,316,8,2,0.0252365930599369,0.0063091482649842,0.4071428571428571,0.4071428571428571,1.0,0.0,0.0,0.0,0.0,0.0,0.0,0.0,1.0,0.0,0.0,0.0,0.0,0.0
7466117788898315552,0.56,12,2025,247,9,4,0.0362903225806451,0.0161290322580645,0.7375,0.7375,1.0,0.0,0.0,0.0,0.0,0.0,0.0,0.0,1.0,0.0,0.0,0.0,0.0,0.0
7465375886779403552,0.56,8,2025,0,0,0,0.0,0.0,0.0,0.0,1.0,0.0,0.0,0.0,0.0,0.0,0.0,0.0,1.0,0.0,0.0,0.0,0.0,0.0
7463520186876939552,0.56,14,2025,294,8,4,0.0271186440677966,0.0135593220338983,0.875,0.875,1.0,0.0,0.0,0.0,0.0,0.0,0.0,0.0,1.0,0.0,0.0,0.0,0.0,0.0
7458325240628661537,0.56,13,2025,432,11,2,0.0254041570438799,0.0046189376443418,0.4465909090909091,0.4465909090909091,1.0,0.0,0.0,0.0,0.0,0.0,0.0,0.0,1.0,0.0,0.0,0.0,0.0,0.0
7456840693982465312,0.56,9,2025,302,9,3,0.0297029702970297,0.0099009900990099,0.2963636363636363,0.2963636363636363,1.0,0.0,0.0,0.0,0.0,0.0,0.0,0.0,1.0,0.0,0.0,0.0,0.0,0.0
7454985264952266016,0.56,11,2025,384,11,3,0.0285714285714285,0.0077922077922077,0.4333333333333333,0.4333333333333333,1.0,0.0,0.0,0.0,0.0,0.0,0.0,0.0,1.0,0.0,0.0,0.0,0.0,0.0
7452758752337399073,0.56,9,2024,305,8,3,0.0261437908496732,0.0098039215686274,0.3228571428571428,0.3228571428571428,1.0,0.0,0.0,0.0,0.0,0.0,0.0,0.0,1.0,0.0,0.0,0.0,0.0,0.0
7452387800818666785,0.56,7,2024,313,8,3,0.0254777070063694,0.0095541401273885,0.025,0.025,1.0,0.0,0.0,0.0,0.0,0.0,0.0,0.0,1.0,0.0,0.0,0.0,0.0,0.0
7449430237114404128,0.56,9,2024,317,10,3,0.0314465408805031,0.0094339622641509,0.1541666666666666,0.1541666666666666,1.0,0.0,0.0,0.0,0.0,0.0,0.0,0.0,1.0,0.0,0.0,0.0,0.0,0.0
7444595106025442593,0.56,8,2024,354,10,3,0.028169014084507,0.0084507042253521,0.3875,0.3875,1.0,0.0,0.0,0.0,0.0,0.0,0.0,0.0,1.0,0.0,0.0,0.0,0.0,0.0
7441626192760884513,0.56,9,2024,518,11,4,0.0211946050096339,0.0077071290944123,0.3299999999999999,0.3299999999999999,1.0,0.0,0.0,0.0,0.0,0.0,0.0,0.0,1.0,0.0,0.0,0.0,0.0,0.0
7440465091817999649,0.56,11,2024,152,6,3,0.0392156862745098,0.0196078431372549,0.2,0.2,1.0,0.0,0.0,0.0,0.0,0.0,0.0,0.0,1.0,0.0,0.0,0.0,0.0,0.0
7437536576072125728,0.56,12,2024,283,9,1,0.0316901408450704,0.0035211267605633,0.3361111111111111,0.3361111111111111,1.0,0.0,0.0,0.0,0.0,0.0,0.0,0.0,1.0,0.0,0.0,0.0,0.0,0.0
7436650165861141792,0.56,10,2024,147,6,5,0.0405405405405405,0.0337837837837837,0.0,0.0,1.0,0.0,0.0,0.0,0.0,0.0,0.0,0.0,1.0,0.0,0.0,0.0,0.0,0.0
7436403924350864672,0.56,10,2024,178,8,2,0.0446927374301676,0.0111731843575419,0.0,0.0,1.0,0.0,0.0,0.0,0.0,0.0,0.0,0.0,1.0,0.0,0.0,0.0,0.0,0.0
7436044441170857249,0.56,11,2024,341,11,2,0.0321637426900584,0.0058479532163742,0.3035714285714286,0.3035714285714286,1.0,0.0,0.0,0.0,0.0,0.0,0.0,0.0,1.0,0.0,0.0,0.0,0.0,0.0
7434931188642352417,0.56,9,2024,357,11,2,0.0307262569832402,0.0055865921787709,0.665,0.665,1.0,0.0,0.0,0.0,0.0,0.0,0.0,0.0,1.0,0.0,0.0,0.0,0.0,0.0
7433817907278269729,0.56,11,2024,271,11,1,0.0404411764705882,0.0036764705882352,-0.2277777777777778,0.2277777777777778,1.0,0.0,0.0,0.0,0.0,0.0,0.0,0.0,1.0,0.0,0.0,0.0,0.0,0.0
7431168865142328608,0.56,12,2024,150,7,2,0.0463576158940397,0.0132450331125827,0.0,0.0,1.0,0.0,0.0,0.0,0.0,0.0,0.0,0.0,1.0,0.0,0.0,0.0,0.0,0.0
7429720640111791392,0.56,6,2024,377,11,3,0.0291005291005291,0.0079365079365079,0.15,0.15,1.0,0.0,0.0,0.0,0.0,0.0,0.0,0.0,1.0,0.0,0.0,0.0,0.0,0.0
7428251635102534945,0.56,14,2024,340,10,2,0.0293255131964809,0.0058651026392961,0.4666666666666667,0.4666666666666667,1.0,0.0,0.0,0.0,0.0,0.0,0.0,0.0,1.0,0.0,0.0,0.0,0.0,0.0
7425965869924142369,0.56,11,2024,175,6,2,0.034090909090909,0.0113636363636363,0.2,0.2,1.0,0.0,0.0,0.0,0.0,0.0,0.0,0.0,1.0,0.0,0.0,0.0,0.0,0.0
7423773390932135201,0.56,12,2024,332,6,2,0.018018018018018,0.006006006006006,0.5280952380952381,0.5280952380952381,1.0,0.0,0.0,0.0,0.0,0.0,0.0,0.0,1.0,0.0,0.0,0.0,0.0,0.0
7414443436134223137,0.57,8,2024,107,7,1,0.0648148148148148,0.0092592592592592,0.0,0.0,1.0,0.0,0.0,0.0,0.0,0.0,0.0,0.0,1.0,0.0,0.0,0.0,0.0,0.0
7412540786975231264,0.56,8,2024,140,7,2,0.0496453900709219,0.0141843971631205,1.0,1.0,1.0,0.0,0.0,0.0,0.0,0.0,0.0,0.0,1.0,0.0,0.0,0.0,0.0,0.0
7410298388022824225,0.56,10,2024,116,9,0,0.0769230769230769,0.0,0.0,0.0,1.0,0.0,0.0,0.0,0.0,0.0,0.0,0.0,1.0,0.0,0.0,0.0,0.0,0.0
7407736509996043553,0.56,7,2024,93,6,1,0.0638297872340425,0.0106382978723404,0.0,0.0,1.0,0.0,0.0,0.0,0.0,0.0,0.0,0.0,1.0,0.0,0.0,0.0,0.0,0.0
7399196283501628705,0.56,14,2024,115,6,2,0.0517241379310344,0.0172413793103448,0.0,0.0,1.0,0.0,0.0,0.0,0.0,0.0,0.0,0.0,1.0,0.0,0.0,0.0,0.0,0.0
7394351547376880929,0.56,14,2024,249,8,2,0.032,0.008,0.6,0.6,1.0,0.0,0.0,0.0,0.0,0.0,0.0,0.0,1.0,0.0,0.0,0.0,0.0,0.0
7392856168214957345,0.56,11,2024,172,8,2,0.0462427745664739,0.0115606936416184,0.8,0.8,1.0,0.0,0.0,0.0,0.0,0.0,0.0,0.0,1.0,0.0,0.0,0.0,0.0,0.0
7390632928780340512,0.56,11,2024,183,7,2,0.0380434782608695,0.0108695652173913,0.0,0.0,1.0,0.0,0.0,0.0,0.0,0.0,0.0,0.0,1.0,0.0,0.0,0.0,0.0,0.0
7388867149407849760,0.56,11,2024,120,7,2,0.0578512396694214,0.0165289256198347,0.0,0.0,1.0,0.0,0.0,0.0,0.0,0.0,0.0,0.0,1.0,0.0,0.0,0.0,0.0,0.0
7387308322162052385,0.56,10,2024,133,7,1,0.0522388059701492,0.0074626865671641,0.0,0.0,1.0,0.0,0.0,0.0,0.0,0.0,0.0,0.0,1.0,0.0,0.0,0.0,0.0,0.0
7386194546062839073,0.56,9,2024,194,9,2,0.0461538461538461,0.0102564102564102,0.0,0.0,1.0,0.0,0.0,0.0,0.0,0.0,0.0,0.0,1.0,0.0,0.0,0.0,0.0,0.0
7382166710029208865,0.56,12,2024,138,7,1,0.0503597122302158,0.0071942446043165,0.1704545454545454,0.1704545454545454,1.0,0.0,0.0,0.0,0.0,0.0,0.0,0.0,1.0,0.0,0.0,0.0,0.0,0.0
7381115594076146977,0.56,10,2024,209,7,2,0.0333333333333333,0.0095238095238095,0.0,0.0,1.0,0.0,0.0,0.0,0.0,0.0,0.0,0.0,1.0,0.0,0.0,0.0,0.0,0.0
7379227737271094561,0.56,14,2024,168,9,1,0.0532544378698224,0.0059171597633136,0.0,0.0,1.0,0.0,0.0,0.0,0.0,0.0,0.0,0.0,1.0,0.0,0.0,0.0,0.0,0.0
7379193504355978528,0.56,7,2024,120,6,2,0.0495867768595041,0.0165289256198347,0.1986111111111111,0.1986111111111111,1.0,0.0,0.0,0.0,0.0,0.0,0.0,0.0,1.0,0.0,0.0,0.0,0.0,0.0
7378467106636991777,0.56,11,2024,176,9,1,0.0508474576271186,0.0056497175141242,0.2875,0.2875,1.0,0.0,0.0,0.0,0.0,0.0,0.0,0.0,1.0,0.0,0.0,0.0,0.0,0.0
7377004580510436641,0.56,10,2024,100,6,2,0.0594059405940594,0.0198019801980198,0.0,0.0,1.0,0.0,0.0,0.0,0.0,0.0,0.0,0.0,1.0,0.0,0.0,0.0,0.0,0.0
7376630682824576289,0.56,13,2024,114,7,1,0.0608695652173913,0.008695652173913,0.0,0.0,1.0,0.0,0.0,0.0,0.0,0.0,0.0,0.0,1.0,0.0,0.0,0.0,0.0,0.0
7374412100833250593,0.56,13,2024,107,7,2,0.0648148148148148,0.0185185185185185,0.0,0.0,1.0,0.0,0.0,0.0,0.0,0.0,0.0,0.0,1.0,0.0,0.0,0.0,0.0,0.0
7374072615356353825,0.56,14,2024,125,7,3,0.0555555555555555,0.0238095238095238,0.0,0.0,1.0,0.0,0.0,0.0,0.0,0.0,0.0,0.0,1.0,0.0,0.0,0.0,0.0,0.0
7369936386000031009,0.56,13,2024,110,6,3,0.054054054054054,0.027027027027027,0.0,0.0,1.0,0.0,0.0,0.0,0.0,0.0,0.0,0.0,1.0,0.0,0.0,0.0,0.0,0.0
7367273018181160224,0.56,13,2024,92,6,2,0.064516129032258,0.021505376344086,0.0,0.0,1.0,0.0,0.0,0.0,0.0,0.0,0.0,0.0,1.0,0.0,0.0,0.0,0.0,0.0
7366603470272515361,0.56,11,2024,152,11,2,0.0718954248366013,0.0130718954248366,0.0,0.0,1.0,0.0,0.0,0.0,0.0,0.0,0.0,0.0,1.0,0.0,0.0,0.0,0.0,0.0
7365841944318086432,0.56,11,2024,138,7,2,0.0503597122302158,0.014388489208633,0.0,0.0,1.0,0.0,0.0,0.0,0.0,0.0,0.0,0.0,1.0,0.0,0.0,0.0,0.0,0.0
7365161137324805408,0.56,8,2024,117,7,4,0.059322033898305,0.0338983050847457,0.0,0.0,1.0,0.0,0.0,0.0,0.0,0.0,0.0,0.0,1.0,0.0,0.0,0.0,0.0,0.0
7363657122795490593,0.56,12,2024,119,7,3,0.0583333333333333,0.025,0.0,0.0,1.0,0.0,0.0,0.0,0.0,0.0,0.0,0.0,1.0,0.0,0.0,0.0,0.0,0.0
7361799258107841825,0.56,12,2024,117,7,2,0.059322033898305,0.0169491525423728,0.0,0.0,1.0,0.0,0.0,0.0,0.0,0.0,0.0,0.0,1.0,0.0,0.0,0.0,0.0,0.0
7361030582446378272,0.56,8,2024,154,7,3,0.0451612903225806,0.0193548387096774,0.0,0.0,1.0,0.0,0.0,0.0,0.0,0.0,0.0,0.0,1.0,0.0,0.0,0.0,0.0,0.0
7358723892992642336,0.56,6,2024,124,9,1,0.072,0.008,0.0,0.0,1.0,0.0,0.0,0.0,0.0,0.0,0.0,0.0,1.0,0.0,0.0,0.0,0.0,0.0
7356509644170333473,0.56,10,2024,111,7,3,0.0625,0.0267857142857142,0.0,0.0,1.0,0.0,0.0,0.0,0.0,0.0,0.0,0.0,1.0,0.0,0.0,0.0,0.0,0.0
7355765566625402144,0.56,10,2024,153,8,2,0.0519480519480519,0.0129870129870129,0.125,0.125,1.0,0.0,0.0,0.0,0.0,0.0,0.0,0.0,1.0,0.0,0.0,0.0,0.0,0.0
7354275810578140449,0.56,14,2024,141,10,1,0.0704225352112676,0.0070422535211267,0.0,0.0,1.0,0.0,0.0,0.0,0.0,0.0,0.0,0.0,1.0,0.0,0.0,0.0,0.0,0.0
7354009165796216097,0.56,11,2024,119,7,3,0.0583333333333333,0.025,0.7,0.7,1.0,0.0,0.0,0.0,0.0,0.0,0.0,0.0,1.0,0.0,0.0,0.0,0.0,0.0
7353535610641976609,0.56,9,2024,120,6,3,0.0495867768595041,0.024793388429752,0.2,0.2,1.0,0.0,0.0,0.0,0.0,0.0,0.0,0.0,1.0,0.0,0.0,0.0,0.0,0.0
7352233957276044577,0.56,14,2024,107,6,3,0.0555555555555555,0.0277777777777777,0.325,0.325,1.0,0.0,0.0,0.0,0.0,0.0,0.0,0.0,1.0,0.0,0.0,0.0,0.0,0.0
7351779832969104673,0.56,13,2024,149,8,3,0.0533333333333333,0.02,0.2,0.2,1.0,0.0,0.0,0.0,0.0,0.0,0.0,0.0,1.0,0.0,0.0,0.0,0.0,0.0
7350954462992682272,0.56,13,2024,138,8,3,0.0575539568345323,0.0215827338129496,0.3571428571428571,0.3571428571428571,1.0,0.0,0.0,0.0,0.0,0.0,0.0,0.0,1.0,0.0,0.0,0.0,0.0,0.0
7350708094302735649,0.56,13,2024,122,6,1,0.048780487804878,0.008130081300813,0.0,0.0,1.0,0.0,0.0,0.0,0.0,0.0,0.0,0.0,1.0,0.0,0.0,0.0,0.0,0.0
7350207537771220256,0.56,9,2024,129,8,3,0.0615384615384615,0.023076923076923,1.0,1.0,1.0,0.0,0.0,0.0,0.0,0.0,0.0,0.0,1.0,0.0,0.0,0.0,0.0,0.0
7348717316856712480,0.56,11,2024,90,6,2,0.0659340659340659,0.0219780219780219,0.0,0.0,1.0,0.0,0.0,0.0,0.0,0.0,0.0,0.0,1.0,0.0,0.0,0.0,0.0,0.0
7348379737519082784,0.56,12,2024,124,6,2,0.048,0.016,1.0,1.0,1.0,0.0,0.0,0.0,0.0,0.0,0.0,0.0,1.0,0.0,0.0,0.0,0.0,0.0
7346110636008475937,0.56,14,2024,116,7,2,0.0598290598290598,0.017094017094017,0.7,0.7,1.0,0.0,0.0,0.0,0.0,0.0,0.0,0.0,1.0,0.0,0.0,0.0,0.0,0.0
7345543122400726305,0.56,14,2024,111,7,2,0.0625,0.0178571428571428,0.85,0.85,1.0,0.0,0.0,0.0,0.0,0.0,0.0,0.0,1.0,0.0,0.0,0.0,0.0,0.0
7344270149593091361,0.56,10,2024,135,8,2,0.0588235294117647,0.0147058823529411,0.0,0.0,1.0,0.0,0.0,0.0,0.0,0.0,0.0,0.0,1.0,0.0,0.0,0.0,0.0,0.0
7343256943923858720,0.56,12,2024,116,7,2,0.0598290598290598,0.017094017094017,0.0,0.0,1.0,0.0,0.0,0.0,0.0,0.0,0.0,0.0,1.0,0.0,0.0,0.0,0.0,0.0
7340916267571858721,0.56,8,2024,115,6,2,0.0517241379310344,0.0172413793103448,0.5,0.5,1.0,0.0,0.0,0.0,0.0,0.0,0.0,0.0,1.0,0.0,0.0,0.0,0.0,0.0
7338052242651598112,0.56,9,2024,121,7,3,0.0573770491803278,0.0245901639344262,0.0,0.0,1.0,0.0,0.0,0.0,0.0,0.0,0.0,0.0,1.0,0.0,0.0,0.0,0.0,0.0
7337268516128591136,0.58,8,2024,154,8,2,0.0516129032258064,0.0129032258064516,-0.1458333333333333,0.1458333333333333,1.0,0.0,0.0,0.0,0.0,0.0,0.0,0.0,1.0,0.0,0.0,0.0,0.0,0.0
7335091592077856032,0.56,11,2024,121,8,2,0.0655737704918032,0.0163934426229508,1.0,1.0,1.0,0.0,0.0,0.0,0.0,0.0,0.0,0.0,1.0,0.0,0.0,0.0,0.0,0.0
7332835826579164449,0.56,14,2024,139,7,2,0.05,0.0142857142857142,0.0,0.0,1.0,0.0,0.0,0.0,0.0,0.0,0.0,0.0,1.0,0.0,0.0,0.0,0.0,0.0
7331811695360363809,0.56,9,2024,110,7,3,0.063063063063063,0.027027027027027,0.0,0.0,1.0,0.0,0.0,0.0,0.0,0.0,0.0,0.0,1.0,0.0,0.0,0.0,0.0,0.0
7331415350828911904,0.56,9,2024,115,6,2,0.0517241379310344,0.0172413793103448,0.0,0.0,1.0,0.0,0.0,0.0,0.0,0.0,0.0,0.0,1.0,0.0,0.0,0.0,0.0,0.0
7330883086684622112,0.56,12,2024,129,7,2,0.0538461538461538,0.0153846153846153,0.5,0.5,1.0,0.0,0.0,0.0,0.0,0.0,0.0,0.0,1.0,0.0,0.0,0.0,0.0,0.0
7329423244992236832,0.56,8,2024,113,8,3,0.0701754385964912,0.0263157894736842,0.0,0.0,1.0,0.0,0.0,0.0,0.0,0.0,0.0,0.0,1.0,0.0,0.0,0.0,0.0,0.0
7328709134126206241,0.56,8,2024,127,8,1,0.0625,0.0078125,0.5,0.5,1.0,0.0,0.0,0.0,0.0,0.0,0.0,0.0,1.0,0.0,0.0,0.0,0.0,0.0
7326123173311728929,0.56,10,2024,147,7,3,0.0472972972972973,0.0202702702702702,0.0,0.0,1.0,0.0,0.0,0.0,0.0,0.0,0.0,0.0,1.0,0.0,0.0,0.0,0.0,0.0
7325724813115346208,0.56,10,2024,130,7,4,0.0534351145038167,0.0305343511450381,0.0,0.0,1.0,0.0,0.0,0.0,0.0,0.0,0.0,0.0,1.0,0.0,0.0,0.0,0.0,0.0
7324696131143847201,0.56,12,2024,154,7,2,0.0451612903225806,0.0129032258064516,0.25,0.25,1.0,0.0,0.0,0.0,0.0,0.0,0.0,0.0,1.0,0.0,0.0,0.0,0.0,0.0
7324283735749266721,0.56,12,2024,147,6,1,0.0405405405405405,0.0067567567567567,0.35,0.35,1.0,0.0,0.0,0.0,0.0,0.0,0.0,0.0,1.0,0.0,0.0,0.0,0.0,0.0
7323972466445946145,0.56,11,2024,103,7,1,0.0673076923076923,0.0096153846153846,0.0,0.0,1.0,0.0,0.0,0.0,0.0,0.0,0.0,0.0,1.0,0.0,0.0,0.0,0.0,0.0
7323612868484631840,0.56,12,2024,137,11,0,0.0797101449275362,0.0,0.0,0.0,1.0,0.0,0.0,0.0,0.0,0.0,0.0,0.0,1.0,0.0,0.0,0.0,0.0,0.0
7323108113698147616,0.56,12,2024,141,7,2,0.0492957746478873,0.0140845070422535,0.0,0.0,1.0,0.0,0.0,0.0,0.0,0.0,0.0,0.0,1.0,0.0,0.0,0.0,0.0,0.0
7320909330314775840,0.56,6,2024,156,10,2,0.0636942675159235,0.0127388535031847,-0.1666666666666666,0.1666666666666666,1.0,0.0,0.0,0.0,0.0,0.0,0.0,0.0,1.0,0.0,0.0,0.0,0.0,0.0
7320159598290226464,0.56,11,2024,145,8,2,0.0547945205479452,0.0136986301369863,0.6428571428571428,0.6428571428571428,1.0,0.0,0.0,0.0,0.0,0.0,0.0,0.0,1.0,0.0,0.0,0.0,0.0,0.0
7319513643534568736,0.56,6,2024,127,9,2,0.0703125,0.015625,0.0,0.0,1.0,0.0,0.0,0.0,0.0,0.0,0.0,0.0,1.0,0.0,0.0,0.0,0.0,0.0
7318707614332849441,0.56,10,2023,137,7,2,0.0507246376811594,0.0144927536231884,0.0,0.0,1.0,0.0,0.0,0.0,0.0,0.0,0.0,0.0,1.0,0.0,0.0,0.0,0.0,0.0
7317664309432077600,0.56,13,2023,121,9,2,0.0737704918032786,0.0163934426229508,0.0,0.0,1.0,0.0,0.0,0.0,0.0,0.0,0.0,0.0,1.0,0.0,0.0,0.0,0.0,0.0
7317307650499251488,0.56,11,2023,140,8,2,0.0567375886524822,0.0141843971631205,0.0,0.0,1.0,0.0,0.0,0.0,0.0,0.0,0.0,0.0,1.0,0.0,0.0,0.0,0.0,0.0
7316470398261021985,0.56,11,2023,128,8,1,0.0620155038759689,0.0077519379844961,0.0,0.0,1.0,0.0,0.0,0.0,0.0,0.0,0.0,0.0,1.0,0.0,0.0,0.0,0.0,0.0
7316159323728661792,0.56,10,2023,122,8,2,0.065040650406504,0.016260162601626,0.0,0.0,1.0,0.0,0.0,0.0,0.0,0.0,0.0,0.0,1.0,0.0,0.0,0.0,0.0,0.0
7312076882822909217,0.56,14,2023,154,7,2,0.0451612903225806,0.0129032258064516,0.0,0.0,1.0,0.0,0.0,0.0,0.0,0.0,0.0,0.0,1.0,0.0,0.0,0.0,0.0,0.0
7311663059695570208,0.56,7,2023,117,8,1,0.0677966101694915,0.0084745762711864,0.0,0.0,1.0,0.0,0.0,0.0,0.0,0.0,0.0,0.0,1.0,0.0,0.0,0.0,0.0,0.0
7311263969220644129,0.56,14,2023,107,6,1,0.0555555555555555,0.0092592592592592,0.5,0.5,1.0,0.0,0.0,0.0,0.0,0.0,0.0,0.0,1.0,0.0,0.0,0.0,0.0,0.0
7310626433129270560,0.56,13,2023,102,6,1,0.058252427184466,0.0097087378640776,0.5,0.5,1.0,0.0,0.0,0.0,0.0,0.0,0.0,0.0,1.0,0.0,0.0,0.0,0.0,0.0
7310258308969991457,0.56,9,2023,119,7,2,0.0583333333333333,0.0166666666666666,0.0,0.0,1.0,0.0,0.0,0.0,0.0,0.0,0.0,0.0,1.0,0.0,0.0,0.0,0.0,0.0
7309427596553489696,0.56,10,2023,106,6,2,0.0560747663551401,0.0186915887850467,0.0,0.0,1.0,0.0,0.0,0.0,0.0,0.0,0.0,0.0,1.0,0.0,0.0,0.0,0.0,0.0
7309091598472727840,0.56,7,2023,124,7,1,0.056,0.008,0.0,0.0,1.0,0.0,0.0,0.0,0.0,0.0,0.0,0.0,1.0,0.0,0.0,0.0,0.0,0.0
7308758430318071072,0.56,8,2023,136,8,5,0.0583941605839416,0.0364963503649635,0.6000000000000001,0.6000000000000001,1.0,0.0,0.0,0.0,0.0,0.0,0.0,0.0,1.0,0.0,0.0,0.0,0.0,0.0
7306585450305555745,0.56,9,2023,110,7,2,0.063063063063063,0.018018018018018,0.0,0.0,1.0,0.0,0.0,0.0,0.0,0.0,0.0,0.0,1.0,0.0,0.0,0.0,0.0,0.0
7304665669872782625,0.56,12,2023,129,8,2,0.0615384615384615,0.0153846153846153,0.0,0.0,1.0,0.0,0.0,0.0,0.0,0.0,0.0,0.0,1.0,0.0,0.0,0.0,0.0,0.0
7303586993965960480,0.56,12,2023,107,6,2,0.0555555555555555,0.0185185185185185,0.0,0.0,1.0,0.0,0.0,0.0,0.0,0.0,0.0,0.0,1.0,0.0,0.0,0.0,0.0,0.0
7303174310259166497,0.56,6,2023,113,7,2,0.0614035087719298,0.0175438596491228,1.0,1.0,1.0,0.0,0.0,0.0,0.0,0.0,0.0,0.0,1.0,0.0,0.0,0.0,0.0,0.0
7302346370701118752,0.56,6,2023,118,7,2,0.0588235294117647,0.0168067226890756,0.2,0.2,1.0,0.0,0.0,0.0,0.0,0.0,0.0,0.0,1.0,0.0,0.0,0.0,0.0,0.0
7302041138670619936,0.56,9,2023,106,7,1,0.0654205607476635,0.0093457943925233,0.0,0.0,1.0,0.0,0.0,0.0,0.0,0.0,0.0,0.0,1.0,0.0,0.0,0.0,0.0,0.0
7301229129314159904,0.56,13,2023,113,7,1,0.0614035087719298,0.0087719298245614,0.0,0.0,1.0,0.0,0.0,0.0,0.0,0.0,0.0,0.0,1.0,0.0,0.0,0.0,0.0,0.0
7300846195444927776,0.56,6,2023,110,8,2,0.072072072072072,0.018018018018018,0.0,0.0,1.0,0.0,0.0,0.0,0.0,0.0,0.0,0.0,1.0,0.0,0.0,0.0,0.0,0.0
7300495910595808545,0.56,14,2023,132,8,3,0.0601503759398496,0.0225563909774436,0.0,0.0,1.0,0.0,0.0,0.0,0.0,0.0,0.0,0.0,1.0,0.0,0.0,0.0,0.0,0.0
7299732621825690912,0.56,6,2023,115,7,2,0.0603448275862069,0.0172413793103448,0.0,0.0,1.0,0.0,0.0,0.0,0.0,0.0,0.0,0.0,1.0,0.0,0.0,0.0,0.0,0.0
7298264093100674336,0.56,11,2023,93,7,1,0.0744680851063829,0.0106382978723404,0.0,0.0,1.0,0.0,0.0,0.0,0.0,0.0,0.0,0.0,1.0,0.0,0.0,0.0,0.0,0.0
7297134358689860896,0.56,10,2023,129,7,2,0.0538461538461538,0.0153846153846153,0.0,0.0,1.0,0.0,0.0,0.0,0.0,0.0,0.0,0.0,1.0,0.0,0.0,0.0,0.0,0.0
7296115605927644449,0.56,10,2023,147,8,3,0.054054054054054,0.0202702702702702,0.25,0.25,1.0,0.0,0.0,0.0,0.0,0.0,0.0,0.0,1.0,0.0,0.0,0.0,0.0,0.0
7294901504752782625,0.56,9,2023,124,8,1,0.064,0.008,0.2,0.2,1.0,0.0,0.0,0.0,0.0,0.0,0.0,0.0,1.0,0.0,0.0,0.0,0.0,0.0
7294149539781463328,0.56,11,2023,113,6,2,0.0526315789473684,0.0175438596491228,0.5,0.5,1.0,0.0,0.0,0.0,0.0,0.0,0.0,0.0,1.0,0.0,0.0,0.0,0.0,0.0
7293176268361665824,0.56,8,2023,145,8,1,0.0547945205479452,0.0068493150684931,0.0,0.0,1.0,0.0,0.0,0.0,0.0,0.0,0.0,0.0,1.0,0.0,0.0,0.0,0.0,0.0
7292048482456587553,0.56,11,2023,123,6,2,0.0483870967741935,0.0161290322580645,0.0,0.0,1.0,0.0,0.0,0.0,0.0,0.0,0.0,0.0,1.0,0.0,0.0,0.0,0.0,0.0
7291300657355689249,0.46,7,2023,130,7,0,0.0534351145038167,0.0,0.0,0.0,1.0,0.0,0.0,0.0,0.0,0.0,0.0,0.0,1.0,0.0,0.0,0.0,0.0,0.0
7290955653349133600,0.56,6,2023,99,6,3,0.06,0.03,0.0,0.0,1.0,0.0,0.0,0.0,0.0,0.0,0.0,0.0,1.0,0.0,0.0,0.0,0.0,0.0
7290457107726339360,0.56,9,2023,131,6,1,0.0454545454545454,0.0075757575757575,0.0,0.0,1.0,0.0,0.0,0.0,0.0,0.0,0.0,0.0,1.0,0.0,0.0,0.0,0.0,0.0
7289785625367153952,0.56,12,2023,90,6,1,0.0659340659340659,0.0109890109890109,0.0,0.0,1.0,0.0,0.0,0.0,0.0,0.0,0.0,0.0,1.0,0.0,0.0,0.0,0.0,0.0
7288326750243704096,0.56,6,2023,122,6,1,0.048780487804878,0.008130081300813,0.625,0.625,1.0,0.0,0.0,0.0,0.0,0.0,0.0,0.0,1.0,0.0,0.0,0.0,0.0,0.0
7287986771483282720,0.56,14,2023,93,6,2,0.0638297872340425,0.0212765957446808,0.0,0.0,1.0,0.0,0.0,0.0,0.0,0.0,0.0,0.0,1.0,0.0,0.0,0.0,0.0,0.0
7285256841158790433,0.56,11,2023,110,6,3,0.054054054054054,0.027027027027027,0.0,0.0,1.0,0.0,0.0,0.0,0.0,0.0,0.0,0.0,1.0,0.0,0.0,0.0,0.0,0.0
7284876929713442080,0.56,9,2023,134,7,2,0.0518518518518518,0.0148148148148148,0.1363636363636363,0.1363636363636363,1.0,0.0,0.0,0.0,0.0,0.0,0.0,0.0,1.0,0.0,0.0,0.0,0.0,0.0
7283524894585883936,0.56,12,2023,103,6,2,0.0576923076923076,0.0192307692307692,0.0,0.0,1.0,0.0,0.0,0.0,0.0,0.0,0.0,0.0,1.0,0.0,0.0,0.0,0.0,0.0
7283139399582240032,0.56,9,2023,105,7,2,0.0660377358490566,0.0188679245283018,0.0,0.0,1.0,0.0,0.0,0.0,0.0,0.0,0.0,0.0,1.0,0.0,0.0,0.0,0.0,0.0
7282663509505133856,0.56,11,2023,116,6,2,0.0512820512820512,0.017094017094017,0.0,0.0,1.0,0.0,0.0,0.0,0.0,0.0,0.0,0.0,1.0,0.0,0.0,0.0,0.0,0.0
7281279828307856673,0.56,7,2023,114,6,1,0.0521739130434782,0.008695652173913,0.0,0.0,1.0,0.0,0.0,0.0,0.0,0.0,0.0,0.0,1.0,0.0,0.0,0.0,0.0,0.0
7280571511138782496,0.56,13,2023,98,6,2,0.0606060606060606,0.0202020202020202,0.0,0.0,1.0,0.0,0.0,0.0,0.0,0.0,0.0,0.0,1.0,0.0,0.0,0.0,0.0,0.0
7280108212878200096,0.56,14,2023,125,7,1,0.0555555555555555,0.0079365079365079,0.0,0.0,1.0,0.0,0.0,0.0,0.0,0.0,0.0,0.0,1.0,0.0,0.0,0.0,0.0,0.0
7279032970286009632,0.56,8,2023,116,6,1,0.0512820512820512,0.0085470085470085,0.0,0.0,1.0,0.0,0.0,0.0,0.0,0.0,0.0,0.0,1.0,0.0,0.0,0.0,0.0,0.0
7277939332831251744,0.56,11,2023,121,7,1,0.0573770491803278,0.0081967213114754,0.0,0.0,1.0,0.0,0.0,0.0,0.0,0.0,0.0,0.0,1.0,0.0,0.0,0.0,0.0,0.0
7276041559500475680,0.56,9,2023,131,7,2,0.053030303030303,0.0151515151515151,0.15,0.15,1.0,0.0,0.0,0.0,0.0,0.0,0.0,0.0,1.0,0.0,0.0,0.0,0.0,0.0
7274647533002034465,0.56,14,2023,115,6,2,0.0517241379310344,0.0172413793103448,0.0,0.0,1.0,0.0,0.0,0.0,0.0,0.0,0.0,0.0,1.0,0.0,0.0,0.0,0.0,0.0
7271935381937884448,0.56,10,2023,161,9,1,0.0555555555555555,0.0061728395061728,0.0,0.0,1.0,0.0,0.0,0.0,0.0,0.0,0.0,0.0,1.0,0.0,0.0,0.0,0.0,0.0
7270111755886415137,0.56,9,2023,130,7,1,0.0534351145038167,0.0076335877862595,0.0,0.0,1.0,0.0,0.0,0.0,0.0,0.0,0.0,0.0,1.0,0.0,0.0,0.0,0.0,0.0
7269759073967525153,0.56,12,2023,210,6,1,0.0284360189573459,0.0047393364928909,0.0,0.0,1.0,0.0,0.0,0.0,0.0,0.0,0.0,0.0,1.0,0.0,0.0,0.0,0.0,0.0
7265326628274752801,0.56,6,2023,120,6,1,0.0495867768595041,0.0082644628099173,0.0,0.0,1.0,0.0,0.0,0.0,0.0,0.0,0.0,0.0,1.0,0.0,0.0,0.0,0.0,0.0
7264958192017362208,0.56,11,2023,125,7,2,0.0555555555555555,0.0158730158730158,0.0,0.0,1.0,0.0,0.0,0.0,0.0,0.0,0.0,0.0,1.0,0.0,0.0,0.0,0.0,0.0
7264173669612670240,0.56,14,2023,108,7,2,0.0642201834862385,0.018348623853211,0.0,0.0,1.0,0.0,0.0,0.0,0.0,0.0,0.0,0.0,1.0,0.0,0.0,0.0,0.0,0.0
7262342975752113441,0.56,9,2023,161,8,2,0.0493827160493827,0.0123456790123456,-0.5,0.5,1.0,0.0,0.0,0.0,0.0,0.0,0.0,0.0,1.0,0.0,0.0,0.0,0.0,0.0
7262001980095106337,0.56,7,2023,129,7,1,0.0538461538461538,0.0076923076923076,0.0,0.0,1.0,0.0,0.0,0.0,0.0,0.0,0.0,0.0,1.0,0.0,0.0,0.0,0.0,0.0
7259455690996075803,0.56,10,2023,143,6,1,0.0416666666666666,0.0069444444444444,0.0,0.0,1.0,0.0,0.0,0.0,0.0,0.0,0.0,0.0,1.0,0.0,0.0,0.0,0.0,0.0
7259047429796908315,0.56,8,2023,125,6,3,0.0476190476190476,0.0238095238095238,0.2857142857142857,0.2857142857142857,1.0,0.0,0.0,0.0,0.0,0.0,0.0,0.0,1.0,0.0,0.0,0.0,0.0,0.0
7258676118033599771,0.56,9,2023,152,7,2,0.0457516339869281,0.0130718954248366,0.0,0.0,1.0,0.0,0.0,0.0,0.0,0.0,0.0,0.0,1.0,0.0,0.0,0.0,0.0,0.0
7256066819247623450,0.56,9,2023,142,6,2,0.0419580419580419,0.0139860139860139,0.0,0.0,1.0,0.0,0.0,0.0,0.0,0.0,0.0,0.0,1.0,0.0,0.0,0.0,0.0,0.0
7254561581449612571,0.56,7,2023,139,7,1,0.05,0.0071428571428571,0.0,0.0,1.0,0.0,0.0,0.0,0.0,0.0,0.0,0.0,1.0,0.0,0.0,0.0,0.0,0.0
7253425216984976667,0.56,11,2023,131,8,2,0.0606060606060606,0.0151515151515151,0.0,0.0,1.0,0.0,0.0,0.0,0.0,0.0,0.0,0.0,1.0,0.0,0.0,0.0,0.0,0.0
7252685251112176922,0.56,13,2023,131,7,1,0.053030303030303,0.0075757575757575,0.0,0.0,1.0,0.0,0.0,0.0,0.0,0.0,0.0,0.0,1.0,0.0,0.0,0.0,0.0,0.0
7246768104922008858,0.56,10,2023,114,7,2,0.0608695652173913,0.017391304347826,0.0,0.0,1.0,0.0,0.0,0.0,0.0,0.0,0.0,0.0,1.0,0.0,0.0,0.0,0.0,0.0
7245708272181759258,0.56,8,2023,141,7,2,0.0492957746478873,0.0140845070422535,0.0,0.0,1.0,0.0,0.0,0.0,0.0,0.0,0.0,0.0,1.0,0.0,0.0,0.0,0.0,0.0
7245239505911893274,0.56,9,2023,107,7,2,0.0648148148148148,0.0185185185185185,0.0,0.0,1.0,0.0,0.0,0.0,0.0,0.0,0.0,0.0,1.0,0.0,0.0,0.0,0.0,0.0
7244550731141844251,0.56,14,2023,218,7,4,0.0319634703196347,0.0182648401826484,0.0,0.0,1.0,0.0,0.0,0.0,0.0,0.0,0.0,0.0,1.0,0.0,0.0,0.0,0.0,0.0
7242719682128530714,0.56,11,2023,112,6,1,0.0530973451327433,0.0088495575221238,0.0,0.0,1.0,0.0,0.0,0.0,0.0,0.0,0.0,0.0,1.0,0.0,0.0,0.0,0.0,0.0
7242348894435167514,0.56,12,2023,125,6,3,0.0476190476190476,0.0238095238095238,0.0,0.0,1.0,0.0,0.0,0.0,0.0,0.0,0.0,0.0,1.0,0.0,0.0,0.0,0.0,0.0
7241956873698577691,0.56,13,2023,122,6,2,0.048780487804878,0.016260162601626,0.0,0.0,1.0,0.0,0.0,0.0,0.0,0.0,0.0,0.0,1.0,0.0,0.0,0.0,0.0,0.0
7241209133540609307,0.56,9,2023,164,7,2,0.0424242424242424,0.0121212121212121,0.0,0.0,1.0,0.0,0.0,0.0,0.0,0.0,0.0,0.0,1.0,0.0,0.0,0.0,0.0,0.0
7239735340737498395,0.56,10,2023,112,6,1,0.0530973451327433,0.0088495575221238,0.0,0.0,1.0,0.0,0.0,0.0,0.0,0.0,0.0,0.0,1.0,0.0,0.0,0.0,0.0,0.0
7239344688006728986,0.56,13,2023,149,6,4,0.04,0.0266666666666666,0.0,0.0,1.0,0.0,0.0,0.0,0.0,0.0,0.0,0.0,1.0,0.0,0.0,0.0,0.0,0.0
7238235896724704538,0.56,6,2023,87,6,0,0.0681818181818181,0.0,0.0,0.0,1.0,0.0,0.0,0.0,0.0,0.0,0.0,0.0,1.0,0.0,0.0,0.0,0.0,0.0
7237872414581935386,0.56,7,2023,193,6,4,0.0309278350515463,0.0206185567010309,0.0,0.0,1.0,0.0,0.0,0.0,0.0,0.0,0.0,0.0,1.0,0.0,0.0,0.0,0.0,0.0
7237511650532773146,0.56,9,2023,106,6,1,0.0560747663551401,0.0093457943925233,0.0,0.0,1.0,0.0,0.0,0.0,0.0,0.0,0.0,0.0,1.0,0.0,0.0,0.0,0.0,0.0
7237120496020573467,0.53,8,2023,99,6,1,0.06,0.01,0.0,0.0,1.0,0.0,0.0,0.0,0.0,0.0,0.0,0.0,1.0,0.0,0.0,0.0,0.0,0.0
7236760874646637851,0.56,9,2023,104,6,1,0.0571428571428571,0.0095238095238095,0.0,0.0,1.0,0.0,0.0,0.0,0.0,0.0,0.0,0.0,1.0,0.0,0.0,0.0,0.0,0.0
7236382869650689306,0.56,12,2023,103,6,0,0.0576923076923076,0.0,0.0,0.0,1.0,0.0,0.0,0.0,0.0,0.0,0.0,0.0,1.0,0.0,0.0,0.0,0.0,0.0
7236043111128894747,0.56,11,2023,121,7,1,0.0573770491803278,0.0081967213114754,0.0,0.0,1.0,0.0,0.0,0.0,0.0,0.0,0.0,0.0,1.0,0.0,0.0,0.0,0.0,0.0
7235651777805290778,0.56,12,2023,120,6,2,0.0495867768595041,0.0165289256198347,0.0,0.0,1.0,0.0,0.0,0.0,0.0,0.0,0.0,0.0,1.0,0.0,0.0,0.0,0.0,0.0
7235266120414924058,0.56,6,2023,96,7,2,0.0721649484536082,0.0206185567010309,0.0,0.0,1.0,0.0,0.0,0.0,0.0,0.0,0.0,0.0,1.0,0.0,0.0,0.0,0.0,0.0
7234782434531839258,0.56,9,2023,163,7,6,0.0426829268292682,0.0365853658536585,0.0,0.0,1.0,0.0,0.0,0.0,0.0,0.0,0.0,0.0,1.0,0.0,0.0,0.0,0.0,0.0
7233784589523717402,1.78,13,2023,112,6,2,0.0530973451327433,0.0176991150442477,0.0,0.0,1.0,0.0,0.0,0.0,0.0,0.0,0.0,0.0,1.0,0.0,0.0,0.0,0.0,0.0
7233472157588753691,0.56,11,2023,115,6,1,0.0517241379310344,0.0086206896551724,0.0,0.0,1.0,0.0,0.0,0.0,0.0,0.0,0.0,0.0,1.0,0.0,0.0,0.0,0.0,0.0
7233097610821700890,0.56,8,2023,128,8,1,0.0620155038759689,0.0077519379844961,0.5,0.5,1.0,0.0,0.0,0.0,0.0,0.0,0.0,0.0,1.0,0.0,0.0,0.0,0.0,0.0
7230327665918512411,0.56,8,2023,149,6,2,0.04,0.0133333333333333,0.85,0.85,1.0,0.0,0.0,0.0,0.0,0.0,0.0,0.0,1.0,0.0,0.0,0.0,0.0,0.0
7229342870518385946,0.56,9,2023,112,7,3,0.0619469026548672,0.0265486725663716,0.0,0.0,1.0,0.0,0.0,0.0,0.0,0.0,0.0,0.0,1.0,0.0,0.0,0.0,0.0,0.0
7228975701066550554,0.56,10,2023,140,7,2,0.0496453900709219,0.0141843971631205,0.0,0.0,1.0,0.0,0.0,0.0,0.0,0.0,0.0,0.0,1.0,0.0,0.0,0.0,0.0,0.0
7227881339125583131,0.56,6,2023,134,7,2,0.0518518518518518,0.0148148148148148,0.33,0.33,1.0,0.0,0.0,0.0,0.0,0.0,0.0,0.0,1.0,0.0,0.0,0.0,0.0,0.0
7227547227005209882,0.56,8,2023,120,6,2,0.0495867768595041,0.0165289256198347,0.8,0.8,1.0,0.0,0.0,0.0,0.0,0.0,0.0,0.0,1.0,0.0,0.0,0.0,0.0,0.0
7227138868447923482,0.56,6,2023,105,7,1,0.0660377358490566,0.0094339622641509,0.0,0.0,1.0,0.0,0.0,0.0,0.0,0.0,0.0,0.0,1.0,0.0,0.0,0.0,0.0,0.0
7226734943869750555,0.56,11,2023,103,6,1,0.0576923076923076,0.0096153846153846,0.2,0.2,1.0,0.0,0.0,0.0,0.0,0.0,0.0,0.0,1.0,0.0,0.0,0.0,0.0,0.0
7226428593075752218,0.56,10,2023,127,7,2,0.0546875,0.015625,-0.0499999999999999,0.0499999999999999,1.0,0.0,0.0,0.0,0.0,0.0,0.0,0.0,1.0,0.0,0.0,0.0,0.0,0.0
7226043488738069787,0.56,6,2023,140,8,2,0.0567375886524822,0.0141843971631205,0.0,0.0,1.0,0.0,0.0,0.0,0.0,0.0,0.0,0.0,1.0,0.0,0.0,0.0,0.0,0.0
7225632323146943771,0.56,10,2023,119,7,2,0.0583333333333333,0.0166666666666666,0.0,0.0,1.0,0.0,0.0,0.0,0.0,0.0,0.0,0.0,1.0,0.0,0.0,0.0,0.0,0.0
7225296808900152603,0.56,11,2023,120,7,1,0.0578512396694214,0.0082644628099173,0.0,0.0,1.0,0.0,0.0,0.0,0.0,0.0,0.0,0.0,1.0,0.0,0.0,0.0,0.0,0.0
7224934115089370395,0.56,8,2023,129,7,1,0.0538461538461538,0.0076923076923076,0.0,0.0,1.0,0.0,0.0,0.0,0.0,0.0,0.0,0.0,1.0,0.0,0.0,0.0,0.0,0.0
7223080468101483781,0.56,9,2023,90,6,1,0.0659340659340659,0.0109890109890109,0.0,0.0,1.0,0.0,0.0,0.0,0.0,0.0,0.0,0.0,1.0,0.0,0.0,0.0,0.0,0.0
7221875155184733445,0.56,10,2023,133,7,1,0.0522388059701492,0.0074626865671641,0.85,0.85,1.0,0.0,0.0,0.0,0.0,0.0,0.0,0.0,1.0,0.0,0.0,0.0,0.0,0.0
7221552853356236037,0.75,13,2023,105,6,1,0.0566037735849056,0.0094339622641509,0.0,0.0,1.0,0.0,0.0,0.0,0.0,0.0,0.0,0.0,1.0,0.0,0.0,0.0,0.0,0.0
7219686321739123974,0.56,14,2023,98,5,1,0.0505050505050505,0.0101010101010101,0.0,0.0,1.0,0.0,0.0,0.0,0.0,0.0,0.0,0.0,1.0,0.0,0.0,0.0,0.0,0.0
7218857185764216069,0.56,6,2023,121,7,1,0.0573770491803278,0.0081967213114754,0.0,0.0,1.0,0.0,0.0,0.0,0.0,0.0,0.0,0.0,1.0,0.0,0.0,0.0,0.0,0.0
7218493650160897306,0.56,7,2023,105,6,1,0.0566037735849056,0.0094339622641509,0.1,0.1,1.0,0.0,0.0,0.0,0.0,0.0,0.0,0.0,1.0,0.0,0.0,0.0,0.0,0.0
7218219061707033882,0.56,8,2023,114,5,1,0.0434782608695652,0.008695652173913,0.0,0.0,1.0,0.0,0.0,0.0,0.0,0.0,0.0,0.0,1.0,0.0,0.0,0.0,0.0,0.0
7215656408069442822,0.56,8,2023,129,7,1,0.0538461538461538,0.0076923076923076,0.0,0.0,1.0,0.0,0.0,0.0,0.0,0.0,0.0,0.0,1.0,0.0,0.0,0.0,0.0,0.0
7215124561799449861,0.56,8,2023,117,8,1,0.0677966101694915,0.0084745762711864,0.0,0.0,1.0,0.0,0.0,0.0,0.0,0.0,0.0,0.0,1.0,0.0,0.0,0.0,0.0,0.0
7214767845383900421,0.56,13,2023,97,6,2,0.0612244897959183,0.0204081632653061,0.0,0.0,1.0,0.0,0.0,0.0,0.0,0.0,0.0,0.0,1.0,0.0,0.0,0.0,0.0,0.0
7213655175318211845,0.57,8,2023,81,6,1,0.073170731707317,0.0121951219512195,0.0,0.0,1.0,0.0,0.0,0.0,0.0,0.0,0.0,0.0,1.0,0.0,0.0,0.0,0.0,0.0
7213453348270378246,0.56,7,2023,96,6,1,0.0618556701030927,0.0103092783505154,0.0,0.0,1.0,0.0,0.0,0.0,0.0,0.0,0.0,0.0,1.0,0.0,0.0,0.0,0.0,0.0
7213053350290459910,0.56,7,2023,126,7,2,0.0551181102362204,0.0157480314960629,0.0,0.0,1.0,0.0,0.0,0.0,0.0,0.0,0.0,0.0,1.0,0.0,0.0,0.0,0.0,0.0
7211932492914298118,0.56,13,2023,90,6,2,0.0659340659340659,0.0219780219780219,-0.05,0.05,1.0,0.0,0.0,0.0,0.0,0.0,0.0,0.0,1.0,0.0,0.0,0.0,0.0,0.0
7211431817205878021,0.56,12,2023,134,6,2,0.0444444444444444,0.0148148148148148,0.6000000000000001,0.6000000000000001,1.0,0.0,0.0,0.0,0.0,0.0,0.0,0.0,1.0,0.0,0.0,0.0,0.0,0.0
7211130311667715334,0.56,9,2023,102,6,2,0.058252427184466,0.0194174757281553,0.0,0.0,1.0,0.0,0.0,0.0,0.0,0.0,0.0,0.0,1.0,0.0,0.0,0.0,0.0,0.0
7210434710646836485,0.56,7,2023,125,6,1,0.0476190476190476,0.0079365079365079,0.0,0.0,1.0,0.0,0.0,0.0,0.0,0.0,0.0,0.0,1.0,0.0,0.0,0.0,0.0,0.0
7209925340557348101,0.56,8,2023,104,6,0,0.0571428571428571,0.0,-0.2916666666666667,0.2916666666666667,1.0,0.0,0.0,0.0,0.0,0.0,0.0,0.0,1.0,0.0,0.0,0.0,0.0,0.0
7208839545989762309,0.56,10,2023,116,7,2,0.0598290598290598,0.017094017094017,0.0,0.0,1.0,0.0,0.0,0.0,0.0,0.0,0.0,0.0,1.0,0.0,0.0,0.0,0.0,0.0
7208539932422425861,0.56,6,2023,114,6,1,0.0521739130434782,0.008695652173913,0.0,0.0,1.0,0.0,0.0,0.0,0.0,0.0,0.0,0.0,1.0,0.0,0.0,0.0,0.0,0.0
7207350500419702022,0.56,10,2023,102,7,1,0.0679611650485436,0.0097087378640776,0.0,0.0,1.0,0.0,0.0,0.0,0.0,0.0,0.0,0.0,1.0,0.0,0.0,0.0,0.0,0.0
7204907848449527045,0.56,6,2023,94,6,1,0.0631578947368421,0.0105263157894736,0.0,0.0,1.0,0.0,0.0,0.0,0.0,0.0,0.0,0.0,1.0,0.0,0.0,0.0,0.0,0.0
7203810617180933382,0.56,13,2023,126,7,1,0.0551181102362204,0.0078740157480314,0.0,0.0,1.0,0.0,0.0,0.0,0.0,0.0,0.0,0.0,1.0,0.0,0.0,0.0,0.0,0.0
7203048812351327494,0.56,9,2023,123,9,2,0.0725806451612903,0.0161290322580645,0.0,0.0,1.0,0.0,0.0,0.0,0.0,0.0,0.0,0.0,1.0,0.0,0.0,0.0,0.0,0.0
7202313398300724485,0.56,7,2023,117,7,3,0.059322033898305,0.0254237288135593,0.0,0.0,1.0,0.0,0.0,0.0,0.0,0.0,0.0,0.0,1.0,0.0,0.0,0.0,0.0,0.0
7201579247616494853,0.56,10,2023,120,8,2,0.0661157024793388,0.0165289256198347,-0.4,0.4,1.0,0.0,0.0,0.0,0.0,0.0,0.0,0.0,1.0,0.0,0.0,0.0,0.0,0.0
7198831282984324358,0.56,10,2023,154,9,1,0.0580645161290322,0.0064516129032258,0.225,0.225,1.0,0.0,0.0,0.0,0.0,0.0,0.0,0.0,1.0,0.0,0.0,0.0,0.0,0.0
7198189694750838022,0.56,14,2023,126,8,1,0.0629921259842519,0.0078740157480314,0.0,0.0,1.0,0.0,0.0,0.0,0.0,0.0,0.0,0.0,1.0,0.0,0.0,0.0,0.0,0.0
7197445468585037062,0.56,6,2023,131,9,1,0.0681818181818181,0.0075757575757575,0.375,0.375,1.0,0.0,0.0,0.0,0.0,0.0,0.0,0.0,1.0,0.0,0.0,0.0,0.0,0.0
7196711667420384517,0.56,8,2023,129,7,3,0.0538461538461538,0.023076923076923,0.3666666666666667,0.3666666666666667,1.0,0.0,0.0,0.0,0.0,0.0,0.0,0.0,1.0,0.0,0.0,0.0,0.0,0.0
7195937456271691014,0.56,13,2023,141,8,2,0.056338028169014,0.0140845070422535,0.9,0.9,1.0,0.0,0.0,0.0,0.0,0.0,0.0,0.0,1.0,0.0,0.0,0.0,0.0,0.0
7195215450970606853,0.56,13,2023,125,8,1,0.0634920634920634,0.0079365079365079,0.0,0.0,1.0,0.0,0.0,0.0,0.0,0.0,0.0,0.0,1.0,0.0,0.0,0.0,0.0,0.0
7192298503878577413,0.56,8,2023,148,9,1,0.0604026845637583,0.0067114093959731,0.5,0.5,1.0,0.0,0.0,0.0,0.0,0.0,0.0,0.0,1.0,0.0,0.0,0.0,0.0,0.0
7191848035784117510,0.56,11,2023,127,8,3,0.0625,0.0234375,-0.5,0.5,1.0,0.0,0.0,0.0,0.0,0.0,0.0,0.0,1.0,0.0,0.0,0.0,0.0,0.0
7188587993752702213,0.46,10,2023,132,7,1,0.0526315789473684,0.0075187969924812,0.8333333333333334,0.8333333333333334,1.0,0.0,0.0,0.0,0.0,0.0,0.0,0.0,1.0,0.0,0.0,0.0,0.0,0.0
7184844462525287685,0.56,7,2023,117,8,0,0.0677966101694915,0.0,0.0,0.0,1.0,0.0,0.0,0.0,0.0,0.0,0.0,0.0,1.0,0.0,0.0,0.0,0.0,0.0
7184090635018784005,0.56,10,2023,131,9,2,0.0681818181818181,0.0151515151515151,0.0,0.0,1.0,0.0,0.0,0.0,0.0,0.0,0.0,0.0,1.0,0.0,0.0,0.0,0.0,0.0
7183009043407965445,0.56,8,2022,175,11,2,0.0625,0.0113636363636363,0.0,0.0,1.0,0.0,0.0,0.0,0.0,0.0,0.0,0.0,1.0,0.0,0.0,0.0,0.0,0.0
7181547992061676805,0.56,6,2022,132,9,1,0.0676691729323308,0.0075187969924812,0.6000000000000001,0.6000000000000001,1.0,0.0,0.0,0.0,0.0,0.0,0.0,0.0,1.0,0.0,0.0,0.0,0.0,0.0
7179688144382512390,0.56,7,2022,140,9,1,0.0638297872340425,0.0070921985815602,0.2,0.2,1.0,0.0,0.0,0.0,0.0,0.0,0.0,0.0,1.0,0.0,0.0,0.0,0.0,0.0
7177655896699325702,0.56,14,2022,157,9,1,0.0569620253164556,0.0063291139240506,0.0,0.0,1.0,0.0,0.0,0.0,0.0,0.0,0.0,0.0,1.0,0.0,0.0,0.0,0.0,0.0
7176917454893911301,0.56,7,2022,110,6,1,0.054054054054054,0.009009009009009,0.0,0.0,1.0,0.0,0.0,0.0,0.0,0.0,0.0,0.0,1.0,0.0,0.0,0.0,0.0,0.0
7172555111879757062,0.56,14,2022,163,7,2,0.0426829268292682,0.0121951219512195,0.5,0.5,1.0,0.0,0.0,0.0,0.0,0.0,0.0,0.0,1.0,0.0,0.0,0.0,0.0,0.0
7164772525006720262,0.56,11,2022,291,9,3,0.0308219178082191,0.0102739726027397,0.46875,0.46875,1.0,0.0,0.0,0.0,0.0,0.0,0.0,0.0,1.0,0.0,0.0,0.0,0.0,0.0
7143162692004482310,0.56,12,2022,164,7,3,0.0424242424242424,0.0181818181818181,0.85,0.85,1.0,0.0,0.0,0.0,0.0,0.0,0.0,0.0,1.0,0.0,0.0,0.0,0.0,0.0
7137227107456879877,0.56,9,2022,79,6,2,0.075,0.025,0.0,0.0,1.0,0.0,0.0,0.0,0.0,0.0,0.0,0.0,1.0,0.0,0.0,0.0,0.0,0.0
7135716231218318597,0.56,10,2022,93,7,1,0.0744680851063829,0.0106382978723404,0.7,0.7,1.0,0.0,0.0,0.0,0.0,0.0,0.0,0.0,1.0,0.0,0.0,0.0,0.0,0.0
7133481707449142533,0.56,12,2022,100,6,1,0.0594059405940594,0.0099009900990099,0.0,0.0,1.0,0.0,0.0,0.0,0.0,0.0,0.0,0.0,1.0,0.0,0.0,0.0,0.0,0.0
7130906655885102341,0.56,12,2022,109,9,1,0.0818181818181818,0.009090909090909,0.0,0.0,1.0,0.0,0.0,0.0,0.0,0.0,0.0,0.0,1.0,0.0,0.0,0.0,0.0,0.0
7130612533437762821,0.56,9,2022,83,5,2,0.0595238095238095,0.0238095238095238,0.0,0.0,1.0,0.0,0.0,0.0,0.0,0.0,0.0,0.0,1.0,0.0,0.0,0.0,0.0,0.0
7129505006046170373,0.56,6,2022,140,8,1,0.0567375886524822,0.0070921985815602,0.6,0.6,1.0,0.0,0.0,0.0,0.0,0.0,0.0,0.0,1.0,0.0,0.0,0.0,0.0,0.0
7127182082568113413,0.56,9,2022,101,7,1,0.0686274509803921,0.0098039215686274,0.0,0.0,1.0,0.0,0.0,0.0,0.0,0.0,0.0,0.0,1.0,0.0,0.0,0.0,0.0,0.0
7116439198285958405,0.56,14,2022,153,9,2,0.0584415584415584,0.0129870129870129,0.0,0.0,1.0,0.0,0.0,0.0,0.0,0.0,0.0,0.0,1.0,0.0,0.0,0.0,0.0,0.0
7113851055355596038,0.56,13,2022,152,7,1,0.0457516339869281,0.0065359477124183,0.5,0.5,1.0,0.0,0.0,0.0,0.0,0.0,0.0,0.0,1.0,0.0,0.0,0.0,0.0,0.0
7112440653350571269,0.56,9,2022,120,9,2,0.0743801652892562,0.0165289256198347,0.0,0.0,1.0,0.0,0.0,0.0,0.0,0.0,0.0,0.0,1.0,0.0,0.0,0.0,0.0,0.0
7108997263912979717,0.56,9,2022,122,7,1,0.056910569105691,0.008130081300813,0.4,0.4,1.0,0.0,0.0,0.0,0.0,0.0,0.0,0.0,1.0,0.0,0.0,0.0,0.0,0.0
7104552926231743749,0.56,11,2022,134,8,1,0.0592592592592592,0.0074074074074074,0.0,0.0,1.0,0.0,0.0,0.0,0.0,0.0,0.0,0.0,1.0,0.0,0.0,0.0,0.0,0.0
7103816728982916357,0.56,8,2022,164,9,2,0.0545454545454545,0.0121212121212121,0.0,0.0,1.0,0.0,0.0,0.0,0.0,0.0,0.0,0.0,1.0,0.0,0.0,0.0,0.0,0.0
7101649191662882053,0.56,6,2022,132,6,1,0.0451127819548872,0.0075187969924812,0.0722222222222222,0.0722222222222222,1.0,0.0,0.0,0.0,0.0,0.0,0.0,0.0,1.0,0.0,0.0,0.0,0.0,0.0
7100934148864494854,0.56,8,2022,150,11,1,0.0728476821192053,0.0066225165562913,0.0,0.0,1.0,0.0,0.0,0.0,0.0,0.0,0.0,0.0,1.0,0.0,0.0,0.0,0.0,0.0
7098701138203069702,0.56,11,2022,165,8,2,0.0481927710843373,0.0120481927710843,0.3958333333333333,0.3958333333333333,1.0,0.0,0.0,0.0,0.0,0.0,0.0,0.0,1.0,0.0,0.0,0.0,0.0,0.0
7095721528142155014,0.56,6,2022,114,9,1,0.0782608695652174,0.008695652173913,0.0,0.0,1.0,0.0,0.0,0.0,0.0,0.0,0.0,0.0,1.0,0.0,0.0,0.0,0.0,0.0
7088619536202648837,0.56,10,2022,99,6,2,0.06,0.02,0.0,0.0,1.0,0.0,0.0,0.0,0.0,0.0,0.0,0.0,1.0,0.0,0.0,0.0,0.0,0.0
7078227199463066886,0.56,9,2022,77,5,1,0.0641025641025641,0.0128205128205128,1.0,1.0,1.0,0.0,0.0,0.0,0.0,0.0,0.0,0.0,1.0,0.0,0.0,0.0,0.0,0.0
7077571361660521733,0.56,11,2022,115,5,1,0.043103448275862,0.0086206896551724,0.25,0.25,1.0,0.0,0.0,0.0,0.0,0.0,0.0,0.0,1.0,0.0,0.0,0.0,0.0,0.0
7070162555695615237,0.56,13,2022,102,6,1,0.058252427184466,0.0097087378640776,0.0,0.0,1.0,0.0,0.0,0.0,0.0,0.0,0.0,0.0,1.0,0.0,0.0,0.0,0.0,0.0
7068640088774741254,0.56,14,2022,128,6,1,0.0465116279069767,0.0077519379844961,-0.3583333333333333,0.3583333333333333,1.0,0.0,0.0,0.0,0.0,0.0,0.0,0.0,1.0,0.0,0.0,0.0,0.0,0.0
7067063225736580357,0.55,12,2022,100,5,1,0.0495049504950495,0.0099009900990099,0.0,0.0,1.0,0.0,0.0,0.0,0.0,0.0,0.0,0.0,1.0,0.0,0.0,0.0,0.0,0.0
7059301793574046982,0.56,12,2022,135,8,2,0.0588235294117647,0.0147058823529411,0.0,0.0,1.0,0.0,0.0,0.0,0.0,0.0,0.0,0.0,1.0,0.0,0.0,0.0,0.0,0.0
7041273346830454022,0.56,8,2021,70,4,0,0.056338028169014,0.0,0.0,0.0,1.0,0.0,0.0,0.0,0.0,0.0,0.0,0.0,1.0,0.0,0.0,0.0,0.0,0.0
7040300833019415813,0.56,8,2021,79,2,0,0.025,0.0,0.0,0.0,1.0,0.0,0.0,0.0,0.0,0.0,0.0,0.0,1.0,0.0,0.0,0.0,0.0,0.0
7036035511869246725,0.46,12,2021,70,4,0,0.056338028169014,0.0,0.5,0.5,1.0,0.0,0.0,0.0,0.0,0.0,0.0,0.0,1.0,0.0,0.0,0.0,0.0,0.0
7013121880366255365,0.56,6,2021,44,0,0,0.0,0.0,0.2,0.2,1.0,0.0,0.0,0.0,0.0,0.0,0.0,0.0,1.0,0.0,0.0,0.0,0.0,0.0
6969101040918465798,0.67,10,2021,126,8,1,0.0629921259842519,0.0078740157480314,0.0,0.0,1.0,0.0,0.0,0.0,0.0,0.0,0.0,0.0,1.0,0.0,0.0,0.0,0.0,0.0
7532594185912847638,0.56,8,2025,96,5,2,0.0515463917525773,0.0206185567010309,0.0,0.0,1.0,0.0,0.0,0.0,0.0,0.0,0.0,0.0,0.0,1.0,0.0,0.0,0.0,0.0
7524347836541046038,0.56,8,2025,120,7,2,0.0578512396694214,0.0165289256198347,0.0,0.0,1.0,0.0,0.0,0.0,0.0,0.0,0.0,0.0,0.0,1.0,0.0,0.0,0.0,0.0
7518292077080268054,0.56,8,2025,83,7,3,0.0833333333333333,0.0357142857142857,0.1,0.1,1.0,0.0,0.0,0.0,0.0,0.0,0.0,0.0,0.0,1.0,0.0,0.0,0.0,0.0
7508716246301510914,0.63,10,2025,109,7,1,0.0636363636363636,0.009090909090909,0.0,0.0,1.0,0.0,0.0,0.0,0.0,0.0,0.0,0.0,0.0,1.0,0.0,0.0,0.0,0.0
7506795063012232470,0.56,10,2025,133,7,5,0.0522388059701492,0.0373134328358208,0.0,0.0,1.0,0.0,0.0,0.0,0.0,0.0,0.0,0.0,0.0,1.0,0.0,0.0,0.0,0.0
7506217095441435926,0.75,8,2025,118,8,3,0.0672268907563025,0.0252100840336134,0.0,0.0,1.0,0.0,0.0,0.0,0.0,0.0,0.0,0.0,0.0,1.0,0.0,0.0,0.0,0.0
7505058159258504470,0.56,14,2025,197,7,8,0.0353535353535353,0.0404040404040404,0.0,0.0,1.0,0.0,0.0,0.0,0.0,0.0,0.0,0.0,0.0,1.0,0.0,0.0,0.0,0.0
7502082897935928598,0.56,12,2025,97,6,1,0.0612244897959183,0.010204081632653,0.0,0.0,1.0,0.0,0.0,0.0,0.0,0.0,0.0,0.0,0.0,1.0,0.0,0.0,0.0,0.0
7500926454671232278,0.56,7,2025,153,8,1,0.0519480519480519,0.0064935064935064,0.0,0.0,1.0,0.0,0.0,0.0,0.0,0.0,0.0,0.0,0.0,1.0,0.0,0.0,0.0,0.0
7495455289882184982,0.56,7,2025,167,8,4,0.0476190476190476,0.0238095238095238,0.0,0.0,1.0,0.0,0.0,0.0,0.0,0.0,0.0,0.0,0.0,1.0,0.0,0.0,0.0,0.0
7490268698918309142,0.56,13,2025,116,8,1,0.0683760683760683,0.0085470085470085,0.0,0.0,1.0,0.0,0.0,0.0,0.0,0.0,0.0,0.0,0.0,1.0,0.0,0.0,0.0,0.0
7486391346727537942,0.56,12,2025,197,8,7,0.0404040404040404,0.0353535353535353,0.3,0.3,1.0,0.0,0.0,0.0,0.0,0.0,0.0,0.0,0.0,1.0,0.0,0.0,0.0,0.0
7479158367873748246,0.56,13,2025,165,10,4,0.0602409638554216,0.0240963855421686,0.3,0.3,1.0,0.0,0.0,0.0,0.0,0.0,0.0,0.0,0.0,1.0,0.0,0.0,0.0,0.0
7478407463675481366,0.56,11,2025,163,9,8,0.0548780487804878,0.048780487804878,0.0,0.0,1.0,0.0,0.0,0.0,0.0,0.0,0.0,0.0,0.0,1.0,0.0,0.0,0.0,0.0
7472755159945252118,0.56,10,2025,129,10,3,0.0769230769230769,0.023076923076923,0.0,0.0,1.0,0.0,0.0,0.0,0.0,0.0,0.0,0.0,0.0,1.0,0.0,0.0,0.0,0.0
7467247804717550870,0.56,12,2025,136,11,1,0.0802919708029197,0.0072992700729927,0.0,0.0,1.0,0.0,0.0,0.0,0.0,0.0,0.0,0.0,0.0,1.0,0.0,0.0,0.0,0.0
7459483581803482390,0.56,12,2025,135,9,1,0.0661764705882353,0.0073529411764705,0.0,0.0,1.0,0.0,0.0,0.0,0.0,0.0,0.0,0.0,0.0,1.0,0.0,0.0,0.0,0.0
7457155091238259990,0.56,10,2025,135,11,1,0.0808823529411764,0.0073529411764705,0.0,0.0,1.0,0.0,0.0,0.0,0.0,0.0,0.0,0.0,0.0,1.0,0.0,0.0,0.0,0.0
7455422115802565910,0.56,12,2025,188,10,8,0.0529100529100529,0.0423280423280423,0.0,0.0,1.0,0.0,0.0,0.0,0.0,0.0,0.0,0.0,0.0,1.0,0.0,0.0,0.0,0.0
7450928915159190806,0.56,8,2024,113,11,8,0.0964912280701754,0.0701754385964912,0.3,0.3,1.0,0.0,0.0,0.0,0.0,0.0,0.0,0.0,0.0,1.0,0.0,0.0,0.0,0.0
7448354400998853910,0.56,10,2024,130,10,1,0.0763358778625954,0.0076335877862595,0.0,0.0,1.0,0.0,0.0,0.0,0.0,0.0,0.0,0.0,0.0,1.0,0.0,0.0,0.0,0.0
7447200750096223510,0.56,11,2024,114,8,2,0.0695652173913043,0.017391304347826,0.3,0.3,1.0,0.0,0.0,0.0,0.0,0.0,0.0,0.0,0.0,1.0,0.0,0.0,0.0,0.0
7446429495948594454,0.56,10,2024,196,10,3,0.0507614213197969,0.015228426395939,0.0,0.0,1.0,0.0,0.0,0.0,0.0,0.0,0.0,0.0,0.0,1.0,0.0,0.0,0.0,0.0
7444926040855661846,0.56,6,2024,136,10,3,0.072992700729927,0.0218978102189781,0.3,0.3,1.0,0.0,0.0,0.0,0.0,0.0,0.0,0.0,0.0,1.0,0.0,0.0,0.0,0.0
7443866656956255510,0.56,9,2024,190,9,6,0.0471204188481675,0.031413612565445,0.0,0.0,1.0,0.0,0.0,0.0,0.0,0.0,0.0,0.0,0.0,1.0,0.0,0.0,0.0,0.0
7440567441777757472,0.46,14,2024,94,8,4,0.0842105263157894,0.0421052631578947,0.0,0.0,1.0,0.0,0.0,0.0,0.0,0.0,0.0,0.0,0.0,1.0,0.0,0.0,0.0,0.0
7439661735742557472,0.56,14,2024,158,8,3,0.050314465408805,0.0188679245283018,0.0,0.0,1.0,0.0,0.0,0.0,0.0,0.0,0.0,0.0,0.0,1.0,0.0,0.0,0.0,0.0
7439269165111725345,0.56,9,2024,131,7,5,0.053030303030303,0.0378787878787878,0.0,0.0,1.0,0.0,0.0,0.0,0.0,0.0,0.0,0.0,0.0,1.0,0.0,0.0,0.0,0.0
7436892906801073441,0.46,9,2024,92,7,4,0.075268817204301,0.043010752688172,0.1,0.1,1.0,0.0,0.0,0.0,0.0,0.0,0.0,0.0,0.0,1.0,0.0,0.0,0.0,0.0
7421851827794152737,0.57,8,2024,80,6,1,0.074074074074074,0.0123456790123456,0.0,0.0,1.0,0.0,0.0,0.0,0.0,0.0,0.0,0.0,0.0,1.0,0.0,0.0,0.0,0.0
7418157210896698657,0.56,12,2024,75,6,2,0.0789473684210526,0.0263157894736842,0.0,0.0,1.0,0.0,0.0,0.0,0.0,0.0,0.0,0.0,0.0,1.0,0.0,0.0,0.0,0.0
7269755991049260320,0.56,6,2023,105,5,1,0.0471698113207547,0.0094339622641509,0.8,0.8,1.0,0.0,0.0,0.0,0.0,0.0,0.0,0.0,0.0,1.0,0.0,0.0,0.0,0.0
7253058884762537242,0.56,12,2023,164,7,2,0.0424242424242424,0.0121212121212121,0.5333333333333333,0.5333333333333333,1.0,0.0,0.0,0.0,0.0,0.0,0.0,0.0,0.0,1.0,0.0,0.0,0.0,0.0
7252274964206832923,0.56,7,2023,156,6,2,0.0382165605095541,0.0127388535031847,-0.0416666666666666,0.0416666666666666,1.0,0.0,0.0,0.0,0.0,0.0,0.0,0.0,0.0,1.0,0.0,0.0,0.0,0.0
7250832194392886554,0.56,10,2023,93,6,1,0.0638297872340425,0.0106382978723404,0.1666666666666666,0.1666666666666666,1.0,0.0,0.0,0.0,0.0,0.0,0.0,0.0,0.0,1.0,0.0,0.0,0.0,0.0
7245283945619655963,0.56,12,2023,188,8,1,0.0423280423280423,0.0052910052910052,0.4785714285714285,0.4785714285714285,1.0,0.0,0.0,0.0,0.0,0.0,0.0,0.0,0.0,1.0,0.0,0.0,0.0,0.0
7239748390974704922,0.56,7,2023,113,6,0,0.0526315789473684,0.0,0.5785714285714286,0.5785714285714286,1.0,0.0,0.0,0.0,0.0,0.0,0.0,0.0,0.0,1.0,0.0,0.0,0.0,0.0
7226711933150432538,0.56,8,2023,250,7,3,0.0278884462151394,0.0119521912350597,0.85,0.85,1.0,0.0,0.0,0.0,0.0,0.0,0.0,0.0,0.0,1.0,0.0,0.0,0.0,0.0
7202909898219326725,0.56,12,2023,145,8,3,0.0547945205479452,0.0205479452054794,0.75,0.75,1.0,0.0,0.0,0.0,0.0,0.0,0.0,0.0,0.0,1.0,0.0,0.0,0.0,0.0
7192172787723783430,0.56,13,2023,230,6,3,0.0259740259740259,0.0129870129870129,0.0,0.0,1.0,0.0,0.0,0.0,0.0,0.0,0.0,0.0,0.0,1.0,0.0,0.0,0.0,0.0
7148719596487363845,0.56,6,2022,82,5,3,0.0602409638554216,0.036144578313253,0.3,0.3,1.0,0.0,0.0,0.0,0.0,0.0,0.0,0.0,0.0,1.0,0.0,0.0,0.0,0.0
7510326060676975894,0.56,7,2025,142,4,5,0.0279720279720279,0.0349650349650349,0.0,0.0,1.0,0.0,0.0,0.0,0.0,0.0,0.0,0.0,0.0,0.0,1.0,0.0,0.0,0.0
7494590607797554454,0.56,9,2025,612,6,11,0.0097879282218597,0.0179445350734094,0.1916666666666666,0.1916666666666666,1.0,0.0,0.0,0.0,0.0,0.0,0.0,0.0,0.0,0.0,1.0,0.0,0.0,0.0
7494205664135236886,0.56,8,2025,116,5,1,0.0427350427350427,0.0085470085470085,0.1,0.1,1.0,0.0,0.0,0.0,0.0,0.0,0.0,0.0,0.0,0.0,1.0,0.0,0.0,0.0
7483554122663234838,0.56,11,2025,110,5,2,0.045045045045045,0.018018018018018,0.0,0.0,1.0,0.0,0.0,0.0,0.0,0.0,0.0,0.0,0.0,0.0,1.0,0.0,0.0,0.0
7475642830430522646,0.56,9,2025,86,5,1,0.057471264367816,0.0114942528735632,0.1,0.1,1.0,0.0,0.0,0.0,0.0,0.0,0.0,0.0,0.0,0.0,1.0,0.0,0.0,0.0
7471186366500539670,0.56,10,2025,169,4,3,0.0235294117647058,0.0176470588235294,0.0,0.0,1.0,0.0,0.0,0.0,0.0,0.0,0.0,0.0,0.0,0.0,1.0,0.0,0.0,0.0
7467520617160396054,0.56,6,2025,144,7,4,0.0482758620689655,0.0275862068965517,0.0,0.0,1.0,0.0,0.0,0.0,0.0,0.0,0.0,0.0,0.0,0.0,1.0,0.0,0.0,0.0
7464890614258158870,0.56,12,2025,117,6,4,0.0508474576271186,0.0338983050847457,0.1,0.1,1.0,0.0,0.0,0.0,0.0,0.0,0.0,0.0,0.0,0.0,1.0,0.0,0.0,0.0
7463516081081027862,0.56,11,2025,101,5,2,0.0490196078431372,0.0196078431372549,0.0,0.0,1.0,0.0,0.0,0.0,0.0,0.0,0.0,0.0,0.0,0.0,1.0,0.0,0.0,0.0
7460568175726398742,0.56,7,2025,359,9,3,0.025,0.0083333333333333,0.1,0.1,1.0,0.0,0.0,0.0,0.0,0.0,0.0,0.0,0.0,0.0,1.0,0.0,0.0,0.0
7458380266004843798,0.56,14,2025,114,7,3,0.0608695652173913,0.0260869565217391,0.125,0.125,1.0,0.0,0.0,0.0,0.0,0.0,0.0,0.0,0.0,0.0,1.0,0.0,0.0,0.0
7456101045601570070,0.56,9,2025,141,5,3,0.0352112676056338,0.0211267605633802,0.0,0.0,1.0,0.0,0.0,0.0,0.0,0.0,0.0,0.0,0.0,0.0,1.0,0.0,0.0,0.0
7453132168940915991,0.56,10,2024,126,0,2,0.0,0.0157480314960629,0.0,0.0,1.0,0.0,0.0,0.0,0.0,0.0,0.0,0.0,0.0,0.0,1.0,0.0,0.0,0.0
7453016788465454358,0.56,13,2024,201,10,3,0.0495049504950495,0.0148514851485148,0.0,0.0,1.0,0.0,0.0,0.0,0.0,0.0,0.0,0.0,0.0,0.0,1.0,0.0,0.0,0.0
7452742967695002902,0.56,13,2024,142,6,2,0.0419580419580419,0.0139860139860139,0.1,0.1,1.0,0.0,0.0,0.0,0.0,0.0,0.0,0.0,0.0,0.0,1.0,0.0,0.0,0.0
7444856032486116630,0.56,9,2024,152,7,3,0.0457516339869281,0.0196078431372549,0.0,0.0,1.0,0.0,0.0,0.0,0.0,0.0,0.0,0.0,0.0,0.0,1.0,0.0,0.0,0.0
7439301301864877344,0.56,12,2024,119,7,1,0.0583333333333333,0.0083333333333333,0.0,0.0,1.0,0.0,0.0,0.0,0.0,0.0,0.0,0.0,0.0,0.0,1.0,0.0,0.0,0.0
7397696022975188257,0.56,9,2024,79,4,1,0.05,0.0125,0.0,0.0,1.0,0.0,0.0,0.0,0.0,0.0,0.0,0.0,0.0,0.0,1.0,0.0,0.0,0.0
7395222817677085985,0.56,6,2024,102,5,1,0.0485436893203883,0.0097087378640776,0.0,0.0,1.0,0.0,0.0,0.0,0.0,0.0,0.0,0.0,0.0,0.0,1.0,0.0,0.0,0.0
7384844059896057120,0.56,6,2024,50,3,2,0.0588235294117647,0.0392156862745098,0.0,0.0,1.0,0.0,0.0,0.0,0.0,0.0,0.0,0.0,0.0,0.0,1.0,0.0,0.0,0.0
7384476119744974112,0.56,12,2024,106,6,2,0.0560747663551401,0.0186915887850467,0.0,0.0,1.0,0.0,0.0,0.0,0.0,0.0,0.0,0.0,0.0,0.0,1.0,0.0,0.0,0.0
7384098121715813664,0.56,14,2024,84,6,2,0.0705882352941176,0.0235294117647058,0.0,0.0,1.0,0.0,0.0,0.0,0.0,0.0,0.0,0.0,0.0,0.0,1.0,0.0,0.0,0.0
7379994182741429536,0.56,12,2024,96,6,1,0.0618556701030927,0.0103092783505154,0.0,0.0,1.0,0.0,0.0,0.0,0.0,0.0,0.0,0.0,0.0,0.0,1.0,0.0,0.0,0.0
7371436708778315041,0.56,12,2024,115,6,2,0.0517241379310344,0.0172413793103448,0.0,0.0,1.0,0.0,0.0,0.0,0.0,0.0,0.0,0.0,0.0,0.0,1.0,0.0,0.0,0.0
7369882061445926177,0.56,8,2024,98,7,2,0.0707070707070707,0.0202020202020202,0.0,0.0,1.0,0.0,0.0,0.0,0.0,0.0,0.0,0.0,0.0,0.0,1.0,0.0,0.0,0.0
7361717788299250976,0.56,9,2024,129,4,3,0.0307692307692307,0.023076923076923,0.0,0.0,1.0,0.0,0.0,0.0,0.0,0.0,0.0,0.0,0.0,0.0,1.0,0.0,0.0,0.0
7351084194061126945,0.56,13,2024,61,4,1,0.064516129032258,0.0161290322580645,0.0,0.0,1.0,0.0,0.0,0.0,0.0,0.0,0.0,0.0,0.0,0.0,1.0,0.0,0.0,0.0
7343665662876781856,0.56,11,2024,60,4,2,0.0655737704918032,0.0327868852459016,0.0,0.0,1.0,0.0,0.0,0.0,0.0,0.0,0.0,0.0,0.0,0.0,1.0,0.0,0.0,0.0
7333568243367431456,0.56,8,2024,60,4,0,0.0655737704918032,0.0,0.0,0.0,1.0,0.0,0.0,0.0,0.0,0.0,0.0,0.0,0.0,0.0,1.0,0.0,0.0,0.0
7332865581789629729,0.56,11,2024,157,5,1,0.0316455696202531,0.0063291139240506,0.0,0.0,1.0,0.0,0.0,0.0,0.0,0.0,0.0,0.0,0.0,0.0,1.0,0.0,0.0,0.0
7332521954538245408,0.56,10,2024,80,4,1,0.0493827160493827,0.0123456790123456,0.0,0.0,1.0,0.0,0.0,0.0,0.0,0.0,0.0,0.0,0.0,0.0,1.0,0.0,0.0,0.0
7325764964172467489,0.56,6,2024,94,7,2,0.0736842105263157,0.0210526315789473,0.0,0.0,1.0,0.0,0.0,0.0,0.0,0.0,0.0,0.0,0.0,0.0,1.0,0.0,0.0,0.0
7282668264617004321,0.56,14,2023,120,7,1,0.0578512396694214,0.0082644628099173,0.0,0.0,1.0,0.0,0.0,0.0,0.0,0.0,0.0,0.0,0.0,0.0,1.0,0.0,0.0,0.0
7273016085954317600,0.56,14,2023,210,5,1,0.0236966824644549,0.0047393364928909,0.0,0.0,1.0,0.0,0.0,0.0,0.0,0.0,0.0,0.0,0.0,0.0,1.0,0.0,0.0,0.0
7261658279900744987,0.56,6,2023,143,5,2,0.0347222222222222,0.0138888888888888,0.0,0.0,1.0,0.0,0.0,0.0,0.0,0.0,0.0,0.0,0.0,0.0,1.0,0.0,0.0,0.0
7259307845332602139,0.56,13,2023,133,5,1,0.0373134328358208,0.0074626865671641,0.0,0.0,1.0,0.0,0.0,0.0,0.0,0.0,0.0,0.0,0.0,0.0,1.0,0.0,0.0,0.0
7252374564108274970,0.56,6,2023,133,8,1,0.0597014925373134,0.0074626865671641,0.0,0.0,1.0,0.0,0.0,0.0,0.0,0.0,0.0,0.0,0.0,0.0,1.0,0.0,0.0,0.0
7252271385467161882,0.56,9,2023,130,5,3,0.0381679389312977,0.0229007633587786,0.0,0.0,1.0,0.0,0.0,0.0,0.0,0.0,0.0,0.0,0.0,0.0,1.0,0.0,0.0,0.0
7251996103178997018,0.56,10,2023,132,5,2,0.037593984962406,0.0150375939849624,0.0,0.0,1.0,0.0,0.0,0.0,0.0,0.0,0.0,0.0,0.0,0.0,1.0,0.0,0.0,0.0
7249813717225950490,0.56,9,2023,117,5,1,0.0423728813559322,0.0084745762711864,0.0,0.0,1.0,0.0,0.0,0.0,0.0,0.0,0.0,0.0,0.0,0.0,1.0,0.0,0.0,0.0
7249677053153283354,0.56,9,2023,108,6,0,0.055045871559633,0.0,0.0,0.0,1.0,0.0,0.0,0.0,0.0,0.0,0.0,0.0,0.0,0.0,1.0,0.0,0.0,0.0
7249312172956732698,0.56,12,2023,132,6,0,0.0451127819548872,0.0,0.0,0.0,1.0,0.0,0.0,0.0,0.0,0.0,0.0,0.0,0.0,0.0,1.0,0.0,0.0,0.0
7246805127942737178,0.56,6,2023,97,6,3,0.0612244897959183,0.0306122448979591,0.0,0.0,1.0,0.0,0.0,0.0,0.0,0.0,0.0,0.0,0.0,0.0,1.0,0.0,0.0,0.0
7246672390841715995,0.56,10,2023,146,6,1,0.0408163265306122,0.0068027210884353,0.0,0.0,1.0,0.0,0.0,0.0,0.0,0.0,0.0,0.0,0.0,0.0,1.0,0.0,0.0,0.0
7246343164108295450,0.56,8,2023,102,6,1,0.058252427184466,0.0097087378640776,0.0,0.0,1.0,0.0,0.0,0.0,0.0,0.0,0.0,0.0,0.0,0.0,1.0,0.0,0.0,0.0
7246301041979886875,0.56,10,2023,91,5,1,0.0543478260869565,0.0108695652173913,0.0,0.0,1.0,0.0,0.0,0.0,0.0,0.0,0.0,0.0,0.0,0.0,1.0,0.0,0.0,0.0
7245182525016935707,0.56,7,2023,73,5,5,0.0675675675675675,0.0675675675675675,0.0,0.0,1.0,0.0,0.0,0.0,0.0,0.0,0.0,0.0,0.0,0.0,1.0,0.0,0.0,0.0
7244559099352976666,0.56,6,2023,191,9,2,0.046875,0.0104166666666666,0.0,0.0,1.0,0.0,0.0,0.0,0.0,0.0,0.0,0.0,0.0,0.0,1.0,0.0,0.0,0.0
7242237385772240155,0.56,6,2023,159,8,1,0.05,0.00625,0.0,0.0,1.0,0.0,0.0,0.0,0.0,0.0,0.0,0.0,0.0,0.0,1.0,0.0,0.0,0.0
7241878874672385306,0.56,6,2023,119,5,2,0.0416666666666666,0.0166666666666666,0.0,0.0,1.0,0.0,0.0,0.0,0.0,0.0,0.0,0.0,0.0,0.0,1.0,0.0,0.0,0.0
7236674356540165402,0.56,10,2023,127,6,1,0.046875,0.0078125,0.0,0.0,1.0,0.0,0.0,0.0,0.0,0.0,0.0,0.0,0.0,0.0,1.0,0.0,0.0,0.0
7221070563538717957,0.56,6,2023,74,6,1,0.08,0.0133333333333333,0.15,0.15,1.0,0.0,0.0,0.0,0.0,0.0,0.0,0.0,0.0,0.0,1.0,0.0,0.0,0.0
7216240671097736454,0.56,8,2023,77,4,1,0.0512820512820512,0.0128205128205128,0.0,0.0,1.0,0.0,0.0,0.0,0.0,0.0,0.0,0.0,0.0,0.0,1.0,0.0,0.0,0.0
7216007272311344390,0.56,14,2023,170,7,1,0.0409356725146198,0.0058479532163742,1.0,1.0,1.0,0.0,0.0,0.0,0.0,0.0,0.0,0.0,0.0,0.0,1.0,0.0,0.0,0.0
7215611067286703366,0.56,13,2023,310,12,2,0.0385852090032154,0.0064308681672025,0.3,0.3,1.0,0.0,0.0,0.0,0.0,0.0,0.0,0.0,0.0,0.0,1.0,0.0,0.0,0.0
7210806075354811654,0.56,12,2023,196,5,2,0.0253807106598984,0.0101522842639593,0.0,0.0,1.0,0.0,0.0,0.0,0.0,0.0,0.0,0.0,0.0,0.0,1.0,0.0,0.0,0.0
7205961411942468870,0.56,11,2023,255,5,1,0.01953125,0.00390625,0.3,0.3,1.0,0.0,0.0,0.0,0.0,0.0,0.0,0.0,0.0,0.0,1.0,0.0,0.0,0.0
7205134218328902917,0.56,14,2023,126,5,1,0.0393700787401574,0.0078740157480314,0.0,0.0,1.0,0.0,0.0,0.0,0.0,0.0,0.0,0.0,0.0,0.0,1.0,0.0,0.0,0.0
7191896362630302981,0.56,10,2023,178,9,1,0.0502793296089385,0.0055865921787709,0.0,0.0,1.0,0.0,0.0,0.0,0.0,0.0,0.0,0.0,0.0,0.0,1.0,0.0,0.0,0.0
7190655063470116101,0.56,6,2023,169,8,1,0.0470588235294117,0.0058823529411764,0.0,0.0,1.0,0.0,0.0,0.0,0.0,0.0,0.0,0.0,0.0,0.0,1.0,0.0,0.0,0.0
7176549919933664517,0.56,7,2022,201,7,1,0.0346534653465346,0.0049504950495049,0.25,0.25,1.0,0.0,0.0,0.0,0.0,0.0,0.0,0.0,0.0,0.0,1.0,0.0,0.0,0.0
7164417550791494918,0.56,14,2022,194,6,2,0.0307692307692307,0.0102564102564102,0.0,0.0,1.0,0.0,0.0,0.0,0.0,0.0,0.0,0.0,0.0,0.0,1.0,0.0,0.0,0.0
7163942959916895493,0.56,6,2022,188,4,2,0.0211640211640211,0.0105820105820105,0.0,0.0,1.0,0.0,0.0,0.0,0.0,0.0,0.0,0.0,0.0,0.0,1.0,0.0,0.0,0.0
7161307348827426053,0.56,10,2022,178,7,2,0.0391061452513966,0.0111731843575419,0.0,0.0,1.0,0.0,0.0,0.0,0.0,0.0,0.0,0.0,0.0,0.0,1.0,0.0,0.0,0.0
7158890098770119942,0.56,6,2022,100,7,1,0.0693069306930693,0.0099009900990099,0.5,0.5,1.0,0.0,0.0,0.0,0.0,0.0,0.0,0.0,0.0,0.0,1.0,0.0,0.0,0.0
7152911692282809606,0.56,9,2022,118,6,2,0.0504201680672268,0.0168067226890756,0.0,0.0,1.0,0.0,0.0,0.0,0.0,0.0,0.0,0.0,0.0,0.0,1.0,0.0,0.0,0.0
7137955446320565510,0.56,14,2022,114,4,1,0.0347826086956521,0.008695652173913,0.0,0.0,1.0,0.0,0.0,0.0,0.0,0.0,0.0,0.0,0.0,0.0,1.0,0.0,0.0,0.0
7125703838497131781,0.56,11,2022,113,6,3,0.0526315789473684,0.0263157894736842,0.0,0.0,1.0,0.0,0.0,0.0,0.0,0.0,0.0,0.0,0.0,0.0,1.0,0.0,0.0,0.0
7115325407318052102,0.56,8,2022,160,10,1,0.062111801242236,0.0062111801242236,0.0,0.0,1.0,0.0,0.0,0.0,0.0,0.0,0.0,0.0,0.0,0.0,1.0,0.0,0.0,0.0
7114675214583155973,0.56,11,2022,90,6,1,0.0659340659340659,0.0109890109890109,0.1333333333333333,0.1333333333333333,1.0,0.0,0.0,0.0,0.0,0.0,0.0,0.0,0.0,0.0,1.0,0.0,0.0,0.0
7114309168302984454,0.56,11,2022,104,5,1,0.0476190476190476,0.0095238095238095,0.0,0.0,1.0,0.0,0.0,0.0,0.0,0.0,0.0,0.0,0.0,0.0,1.0,0.0,0.0,0.0
7110099088661548293,0.56,14,2022,111,6,1,0.0535714285714285,0.0089285714285714,0.0,0.0,1.0,0.0,0.0,0.0,0.0,0.0,0.0,0.0,0.0,0.0,1.0,0.0,0.0,0.0
7107863534549110022,0.56,12,2022,115,5,0,0.043103448275862,0.0,0.0,0.0,1.0,0.0,0.0,0.0,0.0,0.0,0.0,0.0,0.0,0.0,1.0,0.0,0.0,0.0
7096387117462359302,0.56,13,2022,58,4,1,0.0677966101694915,0.0169491525423728,0.0,0.0,1.0,0.0,0.0,0.0,0.0,0.0,0.0,0.0,0.0,0.0,1.0,0.0,0.0,0.0
7094149805496159494,0.56,14,2022,100,6,3,0.0594059405940594,0.0297029702970297,0.0,0.0,1.0,0.0,0.0,0.0,0.0,0.0,0.0,0.0,0.0,0.0,1.0,0.0,0.0,0.0
7091569180054490373,0.56,10,2022,116,4,1,0.0341880341880341,0.0085470085470085,0.0,0.0,1.0,0.0,0.0,0.0,0.0,0.0,0.0,0.0,0.0,0.0,1.0,0.0,0.0,0.0
7085631257542954246,0.57,6,2022,106,5,1,0.0467289719626168,0.0093457943925233,0.0,0.0,1.0,0.0,0.0,0.0,0.0,0.0,0.0,0.0,0.0,0.0,1.0,0.0,0.0,0.0
7080545682058169605,0.56,9,2022,78,4,1,0.050632911392405,0.0126582278481012,0.0,0.0,1.0,0.0,0.0,0.0,0.0,0.0,0.0,0.0,0.0,0.0,1.0,0.0,0.0,0.0
7076134412487855366,0.56,7,2022,83,5,1,0.0595238095238095,0.0119047619047619,0.0,0.0,1.0,0.0,0.0,0.0,0.0,0.0,0.0,0.0,0.0,0.0,1.0,0.0,0.0,0.0
7072774694214044934,0.56,14,2022,110,6,1,0.054054054054054,0.009009009009009,0.0,0.0,1.0,0.0,0.0,0.0,0.0,0.0,0.0,0.0,0.0,0.0,1.0,0.0,0.0,0.0
7070176633931549958,0.56,8,2022,111,6,0,0.0535714285714285,0.0,0.0,0.0,1.0,0.0,0.0,0.0,0.0,0.0,0.0,0.0,0.0,0.0,1.0,0.0,0.0,0.0
7069805338601606406,0.56,12,2022,82,6,2,0.072289156626506,0.0240963855421686,0.0,0.0,1.0,0.0,0.0,0.0,0.0,0.0,0.0,0.0,0.0,0.0,1.0,0.0,0.0,0.0
7067959925141474565,0.56,11,2022,115,7,0,0.0603448275862069,0.0,0.0,0.0,1.0,0.0,0.0,0.0,0.0,0.0,0.0,0.0,0.0,0.0,1.0,0.0,0.0,0.0
7067578500101803269,0.56,11,2022,67,5,2,0.0735294117647058,0.0294117647058823,0.0,0.0,1.0,0.0,0.0,0.0,0.0,0.0,0.0,0.0,0.0,0.0,1.0,0.0,0.0,0.0
7057846707651939590,0.56,9,2022,122,8,1,0.065040650406504,0.008130081300813,0.0,0.0,1.0,0.0,0.0,0.0,0.0,0.0,0.0,0.0,0.0,0.0,1.0,0.0,0.0,0.0
7051617295818362117,0.56,6,2022,132,8,1,0.0601503759398496,0.0075187969924812,0.4,0.4,1.0,0.0,0.0,0.0,0.0,0.0,0.0,0.0,0.0,0.0,1.0,0.0,0.0,0.0
7040071170363788550,0.56,12,2021,123,5,1,0.0403225806451612,0.0080645161290322,-0.6,0.6,1.0,0.0,0.0,0.0,0.0,0.0,0.0,0.0,0.0,0.0,1.0,0.0,0.0,0.0
7036282180816932102,0.56,13,2021,78,4,0,0.050632911392405,0.0,0.0,0.0,1.0,0.0,0.0,0.0,0.0,0.0,0.0,0.0,0.0,0.0,1.0,0.0,0.0,0.0
6944298636553604358,0.56,13,2021,128,5,2,0.0387596899224806,0.0155038759689922,0.0,0.0,1.0,0.0,0.0,0.0,0.0,0.0,0.0,0.0,0.0,0.0,1.0,0.0,0.0,0.0
6943534360066804998,0.56,8,2021,105,5,2,0.0471698113207547,0.0188679245283018,0.0,0.0,1.0,0.0,0.0,0.0,0.0,0.0,0.0,0.0,0.0,0.0,1.0,0.0,0.0,0.0
6940187794534960389,0.56,10,2021,86,6,1,0.0689655172413793,0.0114942528735632,0.0,0.0,1.0,0.0,0.0,0.0,0.0,0.0,0.0,0.0,0.0,0.0,1.0,0.0,0.0,0.0
6919872357288971521,0.56,14,2021,133,11,1,0.0820895522388059,0.0074626865671641,0.0,0.0,1.0,0.0,0.0,0.0,0.0,0.0,0.0,0.0,0.0,0.0,1.0,0.0,0.0,0.0
7597370054556011798,0.56,10,2026,164,5,1,0.0303030303030303,0.006060606060606,0.0,0.0,1.0,0.0,0.0,0.0,0.0,0.0,0.0,0.0,0.0,0.0,0.0,1.0,0.0,0.0
7591860205567151382,0.56,11,2026,271,5,0,0.0183823529411764,0.0,0.0,0.0,1.0,0.0,0.0,0.0,0.0,0.0,0.0,0.0,0.0,0.0,0.0,1.0,0.0,0.0
7590299923803884803,0.56,13,2026,225,5,1,0.0221238938053097,0.0044247787610619,0.414090909090909,0.414090909090909,1.0,0.0,0.0,0.0,0.0,0.0,0.0,0.0,0.0,0.0,0.0,1.0,0.0,0.0
7587833111010954518,0.56,9,2025,89,5,3,0.0555555555555555,0.0333333333333333,0.0,0.0,1.0,0.0,0.0,0.0,0.0,0.0,0.0,0.0,0.0,0.0,0.0,1.0,0.0,0.0
7587702184708558102,0.56,11,2025,239,5,7,0.0208333333333333,0.0291666666666666,0.1363636363636363,0.1363636363636363,1.0,0.0,0.0,0.0,0.0,0.0,0.0,0.0,0.0,0.0,0.0,1.0,0.0,0.0
7586610643130764566,0.56,9,2025,123,5,3,0.0403225806451612,0.0241935483870967,0.0,0.0,1.0,0.0,0.0,0.0,0.0,0.0,0.0,0.0,0.0,0.0,0.0,1.0,0.0,0.0
7580401530428394775,0.56,13,2025,250,5,1,0.0199203187250996,0.0039840637450199,0.0,0.0,1.0,0.0,0.0,0.0,0.0,0.0,0.0,0.0,0.0,0.0,0.0,1.0,0.0,0.0
7579238923172547842,0.56,14,2025,115,5,4,0.043103448275862,0.0344827586206896,0.85,0.85,1.0,0.0,0.0,0.0,0.0,0.0,0.0,0.0,0.0,0.0,0.0,1.0,0.0,0.0
7572235624627899670,0.56,14,2025,97,5,1,0.0510204081632653,0.010204081632653,0.2,0.2,1.0,0.0,0.0,0.0,0.0,0.0,0.0,0.0,0.0,0.0,0.0,1.0,0.0,0.0
7572223162520177942,0.56,9,2025,118,5,1,0.042016806722689,0.0084033613445378,0.5,0.5,1.0,0.0,0.0,0.0,0.0,0.0,0.0,0.0,0.0,0.0,0.0,1.0,0.0,0.0
7572210786991344918,0.56,14,2025,87,0,0,0.0,0.0,0.2130681818181818,0.2130681818181818,1.0,0.0,0.0,0.0,0.0,0.0,0.0,0.0,0.0,0.0,0.0,1.0,0.0,0.0
7572210750937107734,1.0,14,2025,87,0,0,0.0,0.0,0.2130681818181818,0.2130681818181818,1.0,0.0,0.0,0.0,0.0,0.0,0.0,0.0,0.0,0.0,0.0,1.0,0.0,0.0
7569964600523853078,0.56,10,2025,140,5,0,0.0354609929078014,0.0,-0.1666666666666666,0.1666666666666666,1.0,0.0,0.0,0.0,0.0,0.0,0.0,0.0,0.0,0.0,0.0,1.0,0.0,0.0
7565230748026899734,0.56,13,2025,86,5,2,0.057471264367816,0.0229885057471264,0.0,0.0,1.0,0.0,0.0,0.0,0.0,0.0,0.0,0.0,0.0,0.0,0.0,1.0,0.0,0.0
7558085942557347094,0.56,13,2025,96,5,4,0.0515463917525773,0.0412371134020618,0.0,0.0,1.0,0.0,0.0,0.0,0.0,0.0,0.0,0.0,0.0,0.0,0.0,1.0,0.0,0.0
7556260834817723670,0.56,11,2025,138,5,2,0.0359712230215827,0.014388489208633,0.25,0.25,1.0,0.0,0.0,0.0,0.0,0.0,0.0,0.0,0.0,0.0,0.0,1.0,0.0,0.0
7555760932794764566,0.56,11,2025,724,5,8,0.0068965517241379,0.0110344827586206,0.0852272727272727,0.0852272727272727,1.0,0.0,0.0,0.0,0.0,0.0,0.0,0.0,0.0,0.0,0.0,1.0,0.0,0.0
7554403190200945942,0.56,10,2025,81,5,2,0.0609756097560975,0.024390243902439,-0.1999999999999999,0.1999999999999999,1.0,0.0,0.0,0.0,0.0,0.0,0.0,0.0,0.0,0.0,0.0,1.0,0.0,0.0
7553663983383858454,0.56,12,2025,157,9,2,0.0569620253164556,0.0126582278481012,0.0,0.0,1.0,0.0,0.0,0.0,0.0,0.0,0.0,0.0,0.0,0.0,0.0,1.0,0.0,0.0
7549175046128831766,0.56,7,2025,96,6,1,0.0618556701030927,0.0103092783505154,0.0,0.0,1.0,0.0,0.0,0.0,0.0,0.0,0.0,0.0,0.0,0.0,0.0,1.0,0.0,0.0
7547707789863406870,0.56,9,2025,134,7,1,0.0518518518518518,0.0074074074074074,0.0,0.0,1.0,0.0,0.0,0.0,0.0,0.0,0.0,0.0,0.0,0.0,0.0,1.0,0.0,0.0
7542515768215211286,0.56,14,2025,99,7,2,0.07,0.02,-0.125,0.125,1.0,0.0,0.0,0.0,0.0,0.0,0.0,0.0,0.0,0.0,0.0,1.0,0.0,0.0
7538370537211432214,0.56,11,2025,100,6,1,0.0594059405940594,0.0099009900990099,0.5,0.5,1.0,0.0,0.0,0.0,0.0,0.0,0.0,0.0,0.0,0.0,0.0,1.0,0.0,0.0
7538076349500689666,0.56,12,2025,127,7,1,0.0546875,0.0078125,0.5166666666666666,0.5166666666666666,1.0,0.0,0.0,0.0,0.0,0.0,0.0,0.0,0.0,0.0,0.0,1.0,0.0,0.0
7535840388725378306,1.78,13,2025,133,8,1,0.0597014925373134,0.0074626865671641,0.0,0.0,1.0,0.0,0.0,0.0,0.0,0.0,0.0,0.0,0.0,0.0,0.0,1.0,0.0,0.0
7529912051498552598,0.56,13,2025,115,4,1,0.0344827586206896,0.0086206896551724,0.3,0.3,1.0,0.0,0.0,0.0,0.0,0.0,0.0,0.0,0.0,0.0,0.0,1.0,0.0,0.0
7528398053666016534,0.56,13,2025,109,5,1,0.0454545454545454,0.009090909090909,0.3,0.3,1.0,0.0,0.0,0.0,0.0,0.0,0.0,0.0,0.0,0.0,0.0,1.0,0.0,0.0
7523190975850679554,0.56,7,2025,107,8,0,0.074074074074074,0.0,0.0,0.0,1.0,0.0,0.0,0.0,0.0,0.0,0.0,0.0,0.0,0.0,0.0,1.0,0.0,0.0
7518400955877199127,0.56,12,2025,152,7,2,0.0457516339869281,0.0130718954248366,0.0,0.0,1.0,0.0,0.0,0.0,0.0,0.0,0.0,0.0,0.0,0.0,0.0,1.0,0.0,0.0
7517305745210232086,0.56,11,2025,118,4,1,0.0336134453781512,0.0084033613445378,0.0,0.0,1.0,0.0,0.0,0.0,0.0,0.0,0.0,0.0,0.0,0.0,0.0,1.0,0.0,0.0
7516934430083091734,0.56,11,2025,114,5,1,0.0434782608695652,0.008695652173913,0.2,0.2,1.0,0.0,0.0,0.0,0.0,0.0,0.0,0.0,0.0,0.0,0.0,1.0,0.0,0.0
7515834191922072854,0.56,8,2025,236,7,2,0.0295358649789029,0.0084388185654008,0.0,0.0,1.0,0.0,0.0,0.0,0.0,0.0,0.0,0.0,0.0,0.0,0.0,1.0,0.0,0.0
7514700901009886486,0.56,6,2025,145,10,2,0.0684931506849315,0.0136986301369863,0.0,0.0,1.0,0.0,0.0,0.0,0.0,0.0,0.0,0.0,0.0,0.0,0.0,1.0,0.0,0.0
7512478582627732758,0.56,9,2025,154,5,1,0.032258064516129,0.0064516129032258,0.3,0.3,1.0,0.0,0.0,0.0,0.0,0.0,0.0,0.0,0.0,0.0,0.0,1.0,0.0,0.0
7508723396641852694,0.56,10,2025,247,7,0,0.0282258064516129,0.0,0.6000000000000001,0.6000000000000001,1.0,0.0,0.0,0.0,0.0,0.0,0.0,0.0,0.0,0.0,0.0,1.0,0.0,0.0
7506824474902433026,0.56,7,2025,128,6,1,0.0465116279069767,0.0077519379844961,-0.1666666666666666,0.1666666666666666,1.0,0.0,0.0,0.0,0.0,0.0,0.0,0.0,0.0,0.0,0.0,1.0,0.0,0.0
7500939642972212502,0.56,8,2025,110,6,0,0.054054054054054,0.0,0.0,0.0,1.0,0.0,0.0,0.0,0.0,0.0,0.0,0.0,0.0,0.0,0.0,1.0,0.0,0.0
7491219464474856727,0.56,7,2025,89,5,2,0.0555555555555555,0.0222222222222222,0.0,0.0,1.0,0.0,0.0,0.0,0.0,0.0,0.0,0.0,0.0,0.0,0.0,1.0,0.0,0.0
7486043762590895382,0.56,12,2025,121,9,1,0.0737704918032786,0.0081967213114754,0.0,0.0,1.0,0.0,0.0,0.0,0.0,0.0,0.0,0.0,0.0,0.0,0.0,1.0,0.0,0.0
7483888039303843094,0.56,13,2025,129,6,3,0.0461538461538461,0.023076923076923,0.0,0.0,1.0,0.0,0.0,0.0,0.0,0.0,0.0,0.0,0.0,0.0,0.0,1.0,0.0,0.0
7483430893965626646,0.8,9,2025,157,5,4,0.0316455696202531,0.0253164556962025,0.0,0.0,1.0,0.0,0.0,0.0,0.0,0.0,0.0,0.0,0.0,0.0,0.0,1.0,0.0,0.0
7479068329584364823,0.56,11,2025,40,1,2,0.024390243902439,0.048780487804878,0.0,0.0,1.0,0.0,0.0,0.0,0.0,0.0,0.0,0.0,0.0,0.0,0.0,1.0,0.0,0.0
7477287305078934786,0.56,7,2025,106,5,4,0.0467289719626168,0.0373831775700934,0.0,0.0,1.0,0.0,0.0,0.0,0.0,0.0,0.0,0.0,0.0,0.0,0.0,1.0,0.0,0.0
7475273206497086742,0.56,14,2025,120,4,5,0.0330578512396694,0.0413223140495867,0.0,0.0,1.0,0.0,0.0,0.0,0.0,0.0,0.0,0.0,0.0,0.0,0.0,1.0,0.0,0.0
7474850979473640726,0.56,7,2025,120,1,1,0.0082644628099173,0.0082644628099173,0.3333333333333333,0.3333333333333333,1.0,0.0,0.0,0.0,0.0,0.0,0.0,0.0,0.0,0.0,0.0,1.0,0.0,0.0
7473874393719000342,0.56,8,2025,51,1,3,0.0192307692307692,0.0576923076923076,1.0,1.0,1.0,0.0,0.0,0.0,0.0,0.0,0.0,0.0,0.0,0.0,0.0,1.0,0.0,0.0
7467999174936644886,0.8,9,2025,80,3,2,0.037037037037037,0.0246913580246913,0.0,0.0,1.0,0.0,0.0,0.0,0.0,0.0,0.0,0.0,0.0,0.0,0.0,1.0,0.0,0.0
7467185543240109345,0.56,10,2025,156,10,2,0.0636942675159235,0.0127388535031847,0.0,0.0,1.0,0.0,0.0,0.0,0.0,0.0,0.0,0.0,0.0,0.0,0.0,1.0,0.0,0.0
7466084820825787680,0.56,14,2025,136,9,2,0.0656934306569343,0.0145985401459854,0.8,0.8,1.0,0.0,0.0,0.0,0.0,0.0,0.0,0.0,0.0,0.0,0.0,1.0,0.0,0.0
7465291116045208865,0.56,14,2025,88,6,1,0.0674157303370786,0.0112359550561797,0.0,0.0,1.0,0.0,0.0,0.0,0.0,0.0,0.0,0.0,0.0,0.0,0.0,1.0,0.0,0.0
7464875419959921952,0.56,8,2025,88,6,1,0.0674157303370786,0.0112359550561797,0.7,0.7,1.0,0.0,0.0,0.0,0.0,0.0,0.0,0.0,0.0,0.0,0.0,1.0,0.0,0.0
7459384907962305825,0.56,9,2025,134,7,2,0.0518518518518518,0.0148148148148148,0.5,0.5,1.0,0.0,0.0,0.0,0.0,0.0,0.0,0.0,0.0,0.0,0.0,1.0,0.0,0.0
7447515391426825504,0.56,12,2024,130,5,0,0.0381679389312977,0.0,0.5,0.5,1.0,0.0,0.0,0.0,0.0,0.0,0.0,0.0,0.0,0.0,0.0,1.0,0.0,0.0
7444957131670949142,0.57,8,2024,203,5,1,0.0245098039215686,0.0049019607843137,0.0,0.0,1.0,0.0,0.0,0.0,0.0,0.0,0.0,0.0,0.0,0.0,0.0,1.0,0.0,0.0
7444192177149742358,0.56,10,2024,108,8,1,0.073394495412844,0.0091743119266055,0.0,0.0,1.0,0.0,0.0,0.0,0.0,0.0,0.0,0.0,0.0,0.0,0.0,1.0,0.0,0.0
7439254923365059873,0.56,14,2024,112,8,1,0.0707964601769911,0.0088495575221238,0.7,0.7,1.0,0.0,0.0,0.0,0.0,0.0,0.0,0.0,0.0,0.0,0.0,1.0,0.0,0.0
7437476740533865761,0.56,11,2024,195,8,2,0.0408163265306122,0.010204081632653,0.0,0.0,1.0,0.0,0.0,0.0,0.0,0.0,0.0,0.0,0.0,0.0,0.0,1.0,0.0,0.0
7431201197672975648,0.56,9,2024,106,9,3,0.0841121495327102,0.02803738317757,0.0,0.0,1.0,0.0,0.0,0.0,0.0,0.0,0.0,0.0,0.0,0.0,0.0,1.0,0.0,0.0
7429721456851864864,0.56,9,2024,158,6,1,0.0377358490566037,0.0062893081761006,0.0,0.0,1.0,0.0,0.0,0.0,0.0,0.0,0.0,0.0,0.0,0.0,0.0,1.0,0.0,0.0
7426709076924484897,0.56,11,2024,106,4,3,0.0373831775700934,0.02803738317757,0.4196428571428571,0.4196428571428571,1.0,0.0,0.0,0.0,0.0,0.0,0.0,0.0,0.0,0.0,0.0,1.0,0.0,0.0
7425904564697632032,0.56,14,2024,191,10,0,0.0520833333333333,0.0,0.0,0.0,1.0,0.0,0.0,0.0,0.0,0.0,0.0,0.0,0.0,0.0,0.0,1.0,0.0,0.0
7415546238927523104,0.56,14,2024,228,9,3,0.0393013100436681,0.0131004366812227,0.0,0.0,1.0,0.0,0.0,0.0,0.0,0.0,0.0,0.0,0.0,0.0,0.0,1.0,0.0,0.0
7402923905754746145,0.56,9,2024,75,4,1,0.0526315789473684,0.0131578947368421,0.0,0.0,1.0,0.0,0.0,0.0,0.0,0.0,0.0,0.0,0.0,0.0,0.0,1.0,0.0,0.0
7401059521860209952,0.56,13,2024,105,8,1,0.0754716981132075,0.0094339622641509,0.0,0.0,1.0,0.0,0.0,0.0,0.0,0.0,0.0,0.0,0.0,0.0,0.0,1.0,0.0,0.0
7400010201476123937,0.56,9,2024,69,4,1,0.0571428571428571,0.0142857142857142,0.0,0.0,1.0,0.0,0.0,0.0,0.0,0.0,0.0,0.0,0.0,0.0,0.0,1.0,0.0,0.0
7396981634572078369,0.56,8,2024,103,4,3,0.0384615384615384,0.0288461538461538,0.0,0.0,1.0,0.0,0.0,0.0,0.0,0.0,0.0,0.0,0.0,0.0,0.0,1.0,0.0,0.0
7396708038398266656,0.56,14,2024,105,3,1,0.0283018867924528,0.0094339622641509,0.0,0.0,1.0,0.0,0.0,0.0,0.0,0.0,0.0,0.0,0.0,0.0,0.0,1.0,0.0,0.0
7394757283214806305,0.56,6,2024,175,6,1,0.034090909090909,0.0056818181818181,0.0,0.0,1.0,0.0,0.0,0.0,0.0,0.0,0.0,0.0,0.0,0.0,0.0,1.0,0.0,0.0
7393953054967581985,0.56,6,2024,134,9,2,0.0666666666666666,0.0148148148148148,0.0,0.0,1.0,0.0,0.0,0.0,0.0,0.0,0.0,0.0,0.0,0.0,0.0,1.0,0.0,0.0
7393260705048268065,0.56,6,2024,18,1,0,0.0526315789473684,0.0,0.0,0.0,1.0,0.0,0.0,0.0,0.0,0.0,0.0,0.0,0.0,0.0,0.0,1.0,0.0,0.0
7392879054988397856,0.56,12,2024,153,5,2,0.0324675324675324,0.0129870129870129,0.5666666666666667,0.5666666666666667,1.0,0.0,0.0,0.0,0.0,0.0,0.0,0.0,0.0,0.0,0.0,1.0,0.0,0.0
7388136382436281633,0.56,11,2024,100,4,3,0.0396039603960396,0.0297029702970297,0.0,0.0,1.0,0.0,0.0,0.0,0.0,0.0,0.0,0.0,0.0,0.0,0.0,1.0,0.0,0.0
7385258008760028448,0.8,10,2024,239,5,2,0.0208333333333333,0.0083333333333333,0.0,0.0,1.0,0.0,0.0,0.0,0.0,0.0,0.0,0.0,0.0,0.0,0.0,1.0,0.0,0.0
7382840415893998880,0.8,13,2024,341,5,0,0.0146198830409356,0.0,0.9,0.9,1.0,0.0,0.0,0.0,0.0,0.0,0.0,0.0,0.0,0.0,0.0,1.0,0.0,0.0
7381446389819018529,0.8,9,2024,218,6,2,0.0273972602739726,0.0091324200913242,0.3181818181818182,0.3181818181818182,1.0,0.0,0.0,0.0,0.0,0.0,0.0,0.0,0.0,0.0,0.0,1.0,0.0,0.0
7369943098031443233,0.57,10,2024,124,3,2,0.024,0.016,-0.2,0.2,1.0,0.0,0.0,0.0,0.0,0.0,0.0,0.0,0.0,0.0,0.0,1.0,0.0,0.0
7357327030335114528,0.56,9,2024,145,6,3,0.0410958904109589,0.0205479452054794,0.0,0.0,1.0,0.0,0.0,0.0,0.0,0.0,0.0,0.0,0.0,0.0,0.0,1.0,0.0,0.0
7355500880721939744,0.56,10,2024,144,5,1,0.0344827586206896,0.0068965517241379,0.5,0.5,1.0,0.0,0.0,0.0,0.0,0.0,0.0,0.0,0.0,0.0,0.0,1.0,0.0,0.0
7354375095868984608,0.56,7,2024,72,3,2,0.0410958904109589,0.0273972602739726,0.1,0.1,1.0,0.0,0.0,0.0,0.0,0.0,0.0,0.0,0.0,0.0,0.0,1.0,0.0,0.0
7350265065762819360,0.56,9,2024,107,6,2,0.0555555555555555,0.0185185185185185,0.0,0.0,1.0,0.0,0.0,0.0,0.0,0.0,0.0,0.0,0.0,0.0,0.0,1.0,0.0,0.0
7348433044216253729,0.56,11,2024,53,1,1,0.0185185185185185,0.0185185185185185,0.85,0.85,1.0,0.0,0.0,0.0,0.0,0.0,0.0,0.0,0.0,0.0,0.0,1.0,0.0,0.0
7345082142235413793,0.56,13,2024,78,5,2,0.0632911392405063,0.0253164556962025,0.0,0.0,1.0,0.0,0.0,0.0,0.0,0.0,0.0,0.0,0.0,0.0,0.0,1.0,0.0,0.0
7344271684406349088,0.56,13,2024,123,6,2,0.0483870967741935,0.0161290322580645,0.5,0.5,1.0,0.0,0.0,0.0,0.0,0.0,0.0,0.0,0.0,0.0,0.0,1.0,0.0,0.0
7342531903209114913,0.56,13,2024,217,5,4,0.0229357798165137,0.018348623853211,0.425,0.425,1.0,0.0,0.0,0.0,0.0,0.0,0.0,0.0,0.0,0.0,0.0,1.0,0.0,0.0
7342403362714914080,0.56,11,2024,83,3,2,0.0357142857142857,0.0238095238095238,0.0,0.0,1.0,0.0,0.0,0.0,0.0,0.0,0.0,0.0,0.0,0.0,0.0,1.0,0.0,0.0
7340682108735671584,0.56,8,2024,90,5,2,0.0549450549450549,0.0219780219780219,0.0,0.0,1.0,0.0,0.0,0.0,0.0,0.0,0.0,0.0,0.0,0.0,0.0,1.0,0.0,0.0
7338384626773216545,0.56,11,2024,89,1,3,0.0111111111111111,0.0333333333333333,0.0,0.0,1.0,0.0,0.0,0.0,0.0,0.0,0.0,0.0,0.0,0.0,0.0,1.0,0.0,0.0
7337687297132973344,0.56,11,2024,233,6,5,0.0256410256410256,0.0213675213675213,0.275,0.275,1.0,0.0,0.0,0.0,0.0,0.0,0.0,0.0,0.0,0.0,0.0,1.0,0.0,0.0
7337328365147295009,0.56,9,2024,33,1,3,0.0294117647058823,0.088235294117647,0.0,0.0,1.0,0.0,0.0,0.0,0.0,0.0,0.0,0.0,0.0,0.0,0.0,1.0,0.0,0.0
7336662438282120481,0.56,9,2024,24,1,1,0.04,0.04,0.0,0.0,1.0,0.0,0.0,0.0,0.0,0.0,0.0,0.0,0.0,0.0,0.0,1.0,0.0,0.0
7336480513269583136,0.56,6,2024,42,1,1,0.0232558139534883,0.0232558139534883,0.0,0.0,1.0,0.0,0.0,0.0,0.0,0.0,0.0,0.0,0.0,0.0,0.0,1.0,0.0,0.0
7336193209883839776,0.56,8,2024,251,3,0,0.0119047619047619,0.0,0.0749999999999999,0.0749999999999999,1.0,0.0,0.0,0.0,0.0,0.0,0.0,0.0,0.0,0.0,0.0,1.0,0.0,0.0
7335348681832418593,0.56,10,2024,109,3,1,0.0272727272727272,0.009090909090909,0.0,0.0,1.0,0.0,0.0,0.0,0.0,0.0,0.0,0.0,0.0,0.0,0.0,1.0,0.0,0.0
7335020484637068576,0.56,14,2024,259,6,2,0.023076923076923,0.0076923076923076,0.236111111111111,0.236111111111111,1.0,0.0,0.0,0.0,0.0,0.0,0.0,0.0,0.0,0.0,0.0,1.0,0.0,0.0
7333604507793853728,0.56,11,2024,200,3,1,0.0149253731343283,0.0049751243781094,0.1071428571428571,0.1071428571428571,1.0,0.0,0.0,0.0,0.0,0.0,0.0,0.0,0.0,0.0,0.0,1.0,0.0,0.0
7332775399883033888,0.56,12,2024,257,5,3,0.0193798449612403,0.0116279069767441,0.0,0.0,1.0,0.0,0.0,0.0,0.0,0.0,0.0,0.0,0.0,0.0,0.0,1.0,0.0,0.0
7332156358902500640,0.56,7,2024,89,4,2,0.0444444444444444,0.0222222222222222,0.0,0.0,1.0,0.0,0.0,0.0,0.0,0.0,0.0,0.0,0.0,0.0,0.0,1.0,0.0,0.0
7331017914612567329,0.56,9,2024,64,4,1,0.0615384615384615,0.0153846153846153,0.0,0.0,1.0,0.0,0.0,0.0,0.0,0.0,0.0,0.0,0.0,0.0,0.0,1.0,0.0,0.0
7329087770905840928,0.56,11,2024,64,4,3,0.0615384615384615,0.0461538461538461,0.375,0.375,1.0,0.0,0.0,0.0,0.0,0.0,0.0,0.0,0.0,0.0,0.0,1.0,0.0,0.0
7327632037437820193,0.56,12,2024,231,5,2,0.021551724137931,0.0086206896551724,0.0,0.0,1.0,0.0,0.0,0.0,0.0,0.0,0.0,0.0,0.0,0.0,0.0,1.0,0.0,0.0
7326887540705873185,0.56,13,2024,100,4,4,0.0396039603960396,0.0396039603960396,0.0,0.0,1.0,0.0,0.0,0.0,0.0,0.0,0.0,0.0,0.0,0.0,0.0,1.0,0.0,0.0
7324339550283664672,0.56,13,2024,66,2,2,0.0298507462686567,0.0298507462686567,0.0,0.0,1.0,0.0,0.0,0.0,0.0,0.0,0.0,0.0,0.0,0.0,0.0,1.0,0.0,0.0
7323194315415588129,0.56,9,2024,117,4,4,0.0338983050847457,0.0338983050847457,0.0,0.0,1.0,0.0,0.0,0.0,0.0,0.0,0.0,0.0,0.0,0.0,0.0,1.0,0.0,0.0
7322866542985710881,0.56,9,2024,65,4,1,0.0606060606060606,0.0151515151515151,0.0,0.0,1.0,0.0,0.0,0.0,0.0,0.0,0.0,0.0,0.0,0.0,0.0,1.0,0.0,0.0
7321969929564065057,0.56,14,2024,225,5,6,0.0221238938053097,0.0265486725663716,0.1666666666666666,0.1666666666666666,1.0,0.0,0.0,0.0,0.0,0.0,0.0,0.0,0.0,0.0,0.0,1.0,0.0,0.0
7318769443222359329,0.56,7,2023,156,1,3,0.0063694267515923,0.019108280254777,0.2736111111111111,0.2736111111111111,1.0,0.0,0.0,0.0,0.0,0.0,0.0,0.0,0.0,0.0,0.0,1.0,0.0,0.0
7318026666939256096,0.56,12,2023,92,5,0,0.053763440860215,0.0,0.0,0.0,1.0,0.0,0.0,0.0,0.0,0.0,0.0,0.0,0.0,0.0,0.0,1.0,0.0,0.0
7317653042533305633,0.56,10,2023,94,6,1,0.0631578947368421,0.0105263157894736,0.0,0.0,1.0,0.0,0.0,0.0,0.0,0.0,0.0,0.0,0.0,0.0,0.0,1.0,0.0,0.0
7317290713673190688,0.56,11,2023,98,5,3,0.0505050505050505,0.0303030303030303,0.1,0.1,1.0,0.0,0.0,0.0,0.0,0.0,0.0,0.0,0.0,0.0,0.0,1.0,0.0,0.0
7316431760194096416,0.56,12,2023,217,6,5,0.0275229357798165,0.0229357798165137,0.0,0.0,1.0,0.0,0.0,0.0,0.0,0.0,0.0,0.0,0.0,0.0,0.0,1.0,0.0,0.0
7314335987033738528,0.56,7,2023,68,6,0,0.0869565217391304,0.0,0.0,0.0,1.0,0.0,0.0,0.0,0.0,0.0,0.0,0.0,0.0,0.0,0.0,1.0,0.0,0.0
7314256868556213537,0.56,8,2023,86,3,3,0.0344827586206896,0.0344827586206896,0.0,0.0,1.0,0.0,0.0,0.0,0.0,0.0,0.0,0.0,0.0,0.0,0.0,1.0,0.0,0.0
7310606511775026464,0.56,11,2023,32,1,3,0.0303030303030303,0.0909090909090909,0.8,0.8,1.0,0.0,0.0,0.0,0.0,0.0,0.0,0.0,0.0,0.0,0.0,1.0,0.0,0.0
7308389510113512737,0.56,10,2023,57,2,1,0.0344827586206896,0.0172413793103448,0.0,0.0,1.0,0.0,0.0,0.0,0.0,0.0,0.0,0.0,0.0,0.0,0.0,1.0,0.0,0.0
7306457226254781729,0.56,7,2023,39,1,3,0.025,0.075,0.0,0.0,1.0,0.0,0.0,0.0,0.0,0.0,0.0,0.0,0.0,0.0,0.0,1.0,0.0,0.0
7304693853758491936,0.56,12,2023,133,6,2,0.044776119402985,0.0149253731343283,0.0,0.0,1.0,0.0,0.0,0.0,0.0,0.0,0.0,0.0,0.0,0.0,0.0,1.0,0.0,0.0
7302352085796916513,0.56,11,2023,54,5,2,0.0909090909090909,0.0363636363636363,0.0,0.0,1.0,0.0,0.0,0.0,0.0,0.0,0.0,0.0,0.0,0.0,0.0,1.0,0.0,0.0
7297157611294706976,0.56,7,2023,64,5,0,0.0769230769230769,0.0,0.0,0.0,1.0,0.0,0.0,0.0,0.0,0.0,0.0,0.0,0.0,0.0,0.0,1.0,0.0,0.0
7296501143700606241,0.56,11,2023,126,5,1,0.0393700787401574,0.0078740157480314,0.0,0.0,1.0,0.0,0.0,0.0,0.0,0.0,0.0,0.0,0.0,0.0,0.0,1.0,0.0,0.0
7277906809787059489,0.56,10,2023,132,8,0,0.0601503759398496,0.0,0.0,0.0,1.0,0.0,0.0,0.0,0.0,0.0,0.0,0.0,0.0,0.0,0.0,1.0,0.0,0.0
7261564389075995930,0.56,12,2023,100,6,1,0.0594059405940594,0.0099009900990099,0.125,0.125,1.0,0.0,0.0,0.0,0.0,0.0,0.0,0.0,0.0,0.0,0.0,1.0,0.0,0.0
7261562285791956251,0.56,14,2023,134,4,0,0.0296296296296296,0.0,0.7500000000000001,0.7500000000000001,1.0,0.0,0.0,0.0,0.0,0.0,0.0,0.0,0.0,0.0,0.0,1.0,0.0,0.0
7261499359819336986,0.56,13,2023,105,5,2,0.0471698113207547,0.0188679245283018,0.3,0.3,1.0,0.0,0.0,0.0,0.0,0.0,0.0,0.0,0.0,0.0,0.0,1.0,0.0,0.0
7215238321247751430,0.56,14,2023,144,8,1,0.0551724137931034,0.0068965517241379,0.35,0.35,1.0,0.0,0.0,0.0,0.0,0.0,0.0,0.0,0.0,0.0,0.0,1.0,0.0,0.0
7211565992852475141,0.56,7,2023,121,4,1,0.0327868852459016,0.0081967213114754,1.0,1.0,1.0,0.0,0.0,0.0,0.0,0.0,0.0,0.0,0.0,0.0,0.0,1.0,0.0,0.0
7202617948983315717,0.56,14,2023,148,3,1,0.0201342281879194,0.0067114093959731,0.0,0.0,1.0,0.0,0.0,0.0,0.0,0.0,0.0,0.0,0.0,0.0,0.0,1.0,0.0,0.0
7199586123952311557,0.56,6,2023,199,6,2,0.03,0.01,0.1861111111111111,0.1861111111111111,1.0,0.0,0.0,0.0,0.0,0.0,0.0,0.0,0.0,0.0,0.0,1.0,0.0,0.0
7195225752541875462,0.56,11,2023,133,6,1,0.044776119402985,0.0074626865671641,0.0,0.0,1.0,0.0,0.0,0.0,0.0,0.0,0.0,0.0,0.0,0.0,0.0,1.0,0.0,0.0
7193338808870456582,0.56,11,2023,116,9,0,0.0769230769230769,0.0,0.5,0.5,1.0,0.0,0.0,0.0,0.0,0.0,0.0,0.0,0.0,0.0,0.0,1.0,0.0,0.0
7192237337412177157,0.56,12,2023,112,8,1,0.0707964601769911,0.0088495575221238,0.0,0.0,1.0,0.0,0.0,0.0,0.0,0.0,0.0,0.0,0.0,0.0,0.0,1.0,0.0,0.0
7182218891702127877,0.56,11,2022,68,4,0,0.0579710144927536,0.0,0.0,0.0,1.0,0.0,0.0,0.0,0.0,0.0,0.0,0.0,0.0,0.0,0.0,1.0,0.0,0.0
7179637090932509958,0.56,12,2022,91,3,1,0.0326086956521739,0.0108695652173913,0.85,0.85,1.0,0.0,0.0,0.0,0.0,0.0,0.0,0.0,0.0,0.0,0.0,1.0,0.0,0.0
7173707401302920453,0.56,10,2022,92,5,0,0.053763440860215,0.0,0.0,0.0,1.0,0.0,0.0,0.0,0.0,0.0,0.0,0.0,0.0,0.0,0.0,1.0,0.0,0.0
7169948893805825285,0.56,14,2022,109,3,0,0.0272727272727272,0.0,0.1,0.1,1.0,0.0,0.0,0.0,0.0,0.0,0.0,0.0,0.0,0.0,0.0,1.0,0.0,0.0
7164769032430767365,0.56,14,2022,29,2,0,0.0666666666666666,0.0,0.0,0.0,1.0,0.0,0.0,0.0,0.0,0.0,0.0,0.0,0.0,0.0,0.0,1.0,0.0,0.0
7163552631053503749,0.56,11,2022,147,9,1,0.0608108108108108,0.0067567567567567,0.0,0.0,1.0,0.0,0.0,0.0,0.0,0.0,0.0,0.0,0.0,0.0,0.0,1.0,0.0,0.0
7162174902865251589,0.56,13,2022,40,2,0,0.048780487804878,0.0,0.0,0.0,1.0,0.0,0.0,0.0,0.0,0.0,0.0,0.0,0.0,0.0,0.0,1.0,0.0,0.0
7155814731897376006,0.56,14,2022,95,7,0,0.0729166666666666,0.0,0.0,0.0,1.0,0.0,0.0,0.0,0.0,0.0,0.0,0.0,0.0,0.0,0.0,1.0,0.0,0.0
7146479472022277381,0.56,14,2022,125,8,3,0.0634920634920634,0.0238095238095238,0.0,0.0,1.0,0.0,0.0,0.0,0.0,0.0,0.0,0.0,0.0,0.0,0.0,1.0,0.0,0.0
7145813168818900229,0.56,12,2022,155,9,2,0.0576923076923076,0.0128205128205128,0.0,0.0,1.0,0.0,0.0,0.0,0.0,0.0,0.0,0.0,0.0,0.0,0.0,1.0,0.0,0.0
7130620750842678533,0.56,14,2022,89,4,0,0.0444444444444444,0.0,0.0625,0.0625,1.0,0.0,0.0,0.0,0.0,0.0,0.0,0.0,0.0,0.0,0.0,1.0,0.0,0.0
7088705916027063557,0.56,14,2022,101,8,0,0.0784313725490196,0.0,0.0,0.0,1.0,0.0,0.0,0.0,0.0,0.0,0.0,0.0,0.0,0.0,0.0,1.0,0.0,0.0
7087822626005060870,0.56,14,2022,105,10,0,0.0943396226415094,0.0,-0.4,0.4,1.0,0.0,0.0,0.0,0.0,0.0,0.0,0.0,0.0,0.0,0.0,1.0,0.0,0.0
7084890005491010821,0.56,7,2022,124,10,2,0.08,0.016,0.2625,0.2625,1.0,0.0,0.0,0.0,0.0,0.0,0.0,0.0,0.0,0.0,0.0,1.0,0.0,0.0
7081140277083213062,0.56,9,2022,87,9,0,0.1022727272727272,0.0,0.0,0.0,1.0,0.0,0.0,0.0,0.0,0.0,0.0,0.0,0.0,0.0,0.0,1.0,0.0,0.0
7079069070078889221,0.56,8,2022,87,7,0,0.0795454545454545,0.0,0.0,0.0,1.0,0.0,0.0,0.0,0.0,0.0,0.0,0.0,0.0,0.0,0.0,1.0,0.0,0.0
7077597820538146053,0.56,12,2022,95,8,1,0.0833333333333333,0.0104166666666666,0.5,0.5,1.0,0.0,0.0,0.0,0.0,0.0,0.0,0.0,0.0,0.0,0.0,1.0,0.0,0.0
7076423248698690822,0.56,11,2022,97,8,3,0.0816326530612244,0.0306122448979591,0.0,0.0,1.0,0.0,0.0,0.0,0.0,0.0,0.0,0.0,0.0,0.0,0.0,1.0,0.0,0.0
7075788593930816773,0.56,9,2022,137,6,2,0.0434782608695652,0.0144927536231884,0.0,0.0,1.0,0.0,0.0,0.0,0.0,0.0,0.0,0.0,0.0,0.0,0.0,1.0,0.0,0.0
7073510812542913798,0.56,12,2022,146,8,3,0.0544217687074829,0.0204081632653061,0.0,0.0,1.0,0.0,0.0,0.0,0.0,0.0,0.0,0.0,0.0,0.0,0.0,1.0,0.0,0.0
7073157554024566021,0.56,14,2022,109,8,0,0.0727272727272727,0.0,0.4,0.4,1.0,0.0,0.0,0.0,0.0,0.0,0.0,0.0,0.0,0.0,0.0,1.0,0.0,0.0
7071521897082621189,0.56,11,2022,98,8,1,0.0808080808080808,0.0101010101010101,0.0,0.0,1.0,0.0,0.0,0.0,0.0,0.0,0.0,0.0,0.0,0.0,0.0,1.0,0.0,0.0
7070550742880292101,0.56,13,2022,118,8,0,0.0672268907563025,0.0,0.0,0.0,1.0,0.0,0.0,0.0,0.0,0.0,0.0,0.0,0.0,0.0,0.0,1.0,0.0,0.0
7067217215925275910,0.56,14,2022,100,8,0,0.0792079207920792,0.0,0.0,0.0,1.0,0.0,0.0,0.0,0.0,0.0,0.0,0.0,0.0,0.0,0.0,1.0,0.0,0.0
7064489288125189382,0.56,8,2022,108,6,1,0.055045871559633,0.0091743119266055,0.8,0.8,1.0,0.0,0.0,0.0,0.0,0.0,0.0,0.0,0.0,0.0,0.0,1.0,0.0,0.0
7063459529668742406,0.56,10,2022,128,10,0,0.0775193798449612,0.0,1.0,1.0,1.0,0.0,0.0,0.0,0.0,0.0,0.0,0.0,0.0,0.0,0.0,1.0,0.0,0.0
7062023531764256006,0.56,13,2022,123,10,1,0.0806451612903225,0.0080645161290322,0.0,0.0,1.0,0.0,0.0,0.0,0.0,0.0,0.0,0.0,0.0,0.0,0.0,1.0,0.0,0.0
7061519229182315781,0.56,10,2022,122,9,2,0.073170731707317,0.016260162601626,0.5,0.5,1.0,0.0,0.0,0.0,0.0,0.0,0.0,0.0,0.0,0.0,0.0,1.0,0.0,0.0
7060887870688529670,0.56,11,2022,140,9,0,0.0638297872340425,0.0,0.0,0.0,1.0,0.0,0.0,0.0,0.0,0.0,0.0,0.0,0.0,0.0,0.0,1.0,0.0,0.0
7059414649581604102,0.56,9,2022,85,7,0,0.0813953488372093,0.0,0.0,0.0,1.0,0.0,0.0,0.0,0.0,0.0,0.0,0.0,0.0,0.0,0.0,1.0,0.0,0.0
7057560274424958214,0.56,10,2022,106,8,0,0.0747663551401869,0.0,0.0,0.0,1.0,0.0,0.0,0.0,0.0,0.0,0.0,0.0,0.0,0.0,0.0,1.0,0.0,0.0
7055714634526969093,0.56,9,2022,119,9,1,0.075,0.0083333333333333,0.0,0.0,1.0,0.0,0.0,0.0,0.0,0.0,0.0,0.0,0.0,0.0,0.0,1.0,0.0,0.0
7055321327174946054,0.56,12,2022,142,9,1,0.0629370629370629,0.0069930069930069,1.0,1.0,1.0,0.0,0.0,0.0,0.0,0.0,0.0,0.0,0.0,0.0,0.0,1.0,0.0,0.0
7054948838716493061,0.56,14,2022,132,9,0,0.0676691729323308,0.0,0.5,0.5,1.0,0.0,0.0,0.0,0.0,0.0,0.0,0.0,0.0,0.0,0.0,1.0,0.0,0.0
7053545705868152069,0.56,8,2022,138,11,0,0.079136690647482,0.0,0.4466666666666666,0.4466666666666666,1.0,0.0,0.0,0.0,0.0,0.0,0.0,0.0,0.0,0.0,0.0,1.0,0.0,0.0
7052727837165505797,0.56,12,2022,134,8,1,0.0592592592592592,0.0074074074074074,0.0,0.0,1.0,0.0,0.0,0.0,0.0,0.0,0.0,0.0,0.0,0.0,0.0,1.0,0.0,0.0
7045558641969073414,0.56,14,2021,113,9,1,0.0789473684210526,0.0087719298245614,0.0,0.0,1.0,0.0,0.0,0.0,0.0,0.0,0.0,0.0,0.0,0.0,0.0,1.0,0.0,0.0
7039259712038112518,0.56,14,2021,137,9,0,0.0652173913043478,0.0,0.0,0.0,1.0,0.0,0.0,0.0,0.0,0.0,0.0,0.0,0.0,0.0,0.0,1.0,0.0,0.0
7038189746484563205,0.56,12,2021,119,8,3,0.0666666666666666,0.025,0.0,0.0,1.0,0.0,0.0,0.0,0.0,0.0,0.0,0.0,0.0,0.0,0.0,1.0,0.0,0.0
7019307301299424518,0.56,13,2021,62,4,0,0.0634920634920634,0.0,0.0,0.0,1.0,0.0,0.0,0.0,0.0,0.0,0.0,0.0,0.0,0.0,0.0,1.0,0.0,0.0
7014030961486630149,0.56,12,2021,222,20,0,0.0896860986547085,0.0,0.0,0.0,1.0,0.0,0.0,0.0,0.0,0.0,0.0,0.0,0.0,0.0,0.0,1.0,0.0,0.0
7001083090462346501,0.56,14,2021,128,11,1,0.0852713178294573,0.0077519379844961,0.0,0.0,1.0,0.0,0.0,0.0,0.0,0.0,0.0,0.0,0.0,0.0,0.0,1.0,0.0,0.0
6994481888182144262,0.56,14,2021,117,3,2,0.0254237288135593,0.0169491525423728,0.0,0.0,1.0,0.0,0.0,0.0,0.0,0.0,0.0,0.0,0.0,0.0,0.0,1.0,0.0,0.0
6982843678305897734,0.56,13,2021,144,11,0,0.0758620689655172,0.0,0.0,0.0,1.0,0.0,0.0,0.0,0.0,0.0,0.0,0.0,0.0,0.0,0.0,1.0,0.0,0.0
6972416280762649861,0.56,12,2021,146,13,0,0.0884353741496598,0.0,0.0,0.0,1.0,0.0,0.0,0.0,0.0,0.0,0.0,0.0,0.0,0.0,0.0,1.0,0.0,0.0
6963197595422346502,0.56,11,2021,145,14,0,0.0958904109589041,0.0,0.0,0.0,1.0,0.0,0.0,0.0,0.0,0.0,0.0,0.0,0.0,0.0,0.0,1.0,0.0,0.0
6959192993014287622,0.56,14,2021,100,8,0,0.0792079207920792,0.0,0.3,0.3,1.0,0.0,0.0,0.0,0.0,0.0,0.0,0.0,0.0,0.0,0.0,1.0,0.0,0.0
6952049416425590022,0.56,10,2021,142,10,1,0.0699300699300699,0.0069930069930069,0.0,0.0,1.0,0.0,0.0,0.0,0.0,0.0,0.0,0.0,0.0,0.0,0.0,1.0,0.0,0.0
6921227616347327749,0.56,14,2021,143,10,2,0.0694444444444444,0.0138888888888888,0.5,0.5,1.0,0.0,0.0,0.0,0.0,0.0,0.0,0.0,0.0,0.0,0.0,1.0,0.0,0.0
6919824999914245381,0.56,11,2021,143,9,3,0.0625,0.0208333333333333,0.4166666666666666,0.4166666666666666,1.0,0.0,0.0,0.0,0.0,0.0,0.0,0.0,0.0,0.0,0.0,1.0,0.0,0.0
7597116010528902422,0.56,14,2026,37,0,1,0.0,0.0263157894736842,0.0,0.0,1.0,0.0,0.0,0.0,1.0,0.0,0.0,0.0,0.0,0.0,0.0,0.0,0.0,0.0
7548437152137350422,0.56,10,2025,81,5,1,0.0609756097560975,0.0121951219512195,0.0,0.0,1.0,0.0,0.0,0.0,1.0,0.0,0.0,0.0,0.0,0.0,0.0,0.0,0.0,0.0
7545851939586723094,0.56,10,2025,54,5,1,0.0909090909090909,0.0181818181818181,0.0,0.0,1.0,0.0,0.0,0.0,1.0,0.0,0.0,0.0,0.0,0.0,0.0,0.0,0.0,0.0
7537717748512705814,0.56,12,2025,83,5,1,0.0595238095238095,0.0119047619047619,0.0,0.0,1.0,0.0,0.0,0.0,1.0,0.0,0.0,0.0,0.0,0.0,0.0,0.0,0.0,0.0
7530943991257386262,0.56,7,2025,97,8,1,0.0816326530612244,0.010204081632653,0.3,0.3,1.0,0.0,0.0,0.0,1.0,0.0,0.0,0.0,0.0,0.0,0.0,0.0,0.0,0.0
7528439846218550550,0.56,14,2025,108,8,2,0.073394495412844,0.018348623853211,0.0,0.0,1.0,0.0,0.0,0.0,1.0,0.0,0.0,0.0,0.0,0.0,0.0,0.0,0.0,0.0
7524285666692271382,0.56,12,2025,71,8,1,0.1111111111111111,0.0138888888888888,0.0,0.0,1.0,0.0,0.0,0.0,1.0,0.0,0.0,0.0,0.0,0.0,0.0,0.0,0.0,0.0
7519058140860583190,0.56,7,2025,104,8,1,0.0761904761904762,0.0095238095238095,0.0,0.0,1.0,0.0,0.0,0.0,1.0,0.0,0.0,0.0,0.0,0.0,0.0,0.0,0.0,0.0
7515407893357759766,0.56,11,2025,91,5,1,0.0543478260869565,0.0108695652173913,0.8,0.8,1.0,0.0,0.0,0.0,1.0,0.0,0.0,0.0,0.0,0.0,0.0,0.0,0.0,0.0
7511669950990290198,0.56,12,2025,119,8,1,0.0666666666666666,0.0083333333333333,0.0,0.0,1.0,0.0,0.0,0.0,1.0,0.0,0.0,0.0,0.0,0.0,0.0,0.0,0.0,0.0
7496845046814166294,0.56,12,2025,68,5,2,0.072463768115942,0.0289855072463768,0.0,0.0,1.0,0.0,0.0,0.0,1.0,0.0,0.0,0.0,0.0,0.0,0.0,0.0,0.0,0.0
7475687308797299990,0.56,13,2025,81,6,1,0.073170731707317,0.0121951219512195,0.0,0.0,1.0,0.0,0.0,0.0,1.0,0.0,0.0,0.0,0.0,0.0,0.0,0.0,0.0,0.0
7470159373935856918,0.56,9,2025,81,7,1,0.0853658536585365,0.0121951219512195,0.0,0.0,1.0,0.0,0.0,0.0,1.0,0.0,0.0,0.0,0.0,0.0,0.0,0.0,0.0,0.0
7459403430122097942,0.56,7,2025,92,5,1,0.053763440860215,0.010752688172043,0.0,0.0,1.0,0.0,0.0,0.0,1.0,0.0,0.0,0.0,0.0,0.0,0.0,0.0,0.0,0.0
7458331354212666646,0.56,10,2025,62,6,1,0.0952380952380952,0.0158730158730158,0.0,0.0,1.0,0.0,0.0,0.0,1.0,0.0,0.0,0.0,0.0,0.0,0.0,0.0,0.0,0.0
7455305851092389142,0.56,10,2025,63,6,1,0.09375,0.015625,0.0,0.0,1.0,0.0,0.0,0.0,1.0,0.0,0.0,0.0,0.0,0.0,0.0,0.0,0.0,0.0
7451629003380755734,0.56,7,2024,79,5,1,0.0625,0.0125,0.0,0.0,1.0,0.0,0.0,0.0,1.0,0.0,0.0,0.0,0.0,0.0,0.0,0.0,0.0,0.0
7450432979526012182,0.56,10,2024,46,5,1,0.1063829787234042,0.0212765957446808,0.0,0.0,1.0,0.0,0.0,0.0,1.0,0.0,0.0,0.0,0.0,0.0,0.0,0.0,0.0,0.0
7439731424854379809,0.56,8,2024,55,5,1,0.0892857142857142,0.0178571428571428,0.0,0.0,1.0,0.0,0.0,0.0,1.0,0.0,0.0,0.0,0.0,0.0,0.0,0.0,0.0,0.0
7438288130567949601,0.56,7,2024,107,5,1,0.0462962962962962,0.0092592592592592,0.0,0.0,1.0,0.0,0.0,0.0,1.0,0.0,0.0,0.0,0.0,0.0,0.0,0.0,0.0,0.0
7434514141697625377,0.56,13,2024,123,5,1,0.0403225806451612,0.0080645161290322,0.0,0.0,1.0,0.0,0.0,0.0,1.0,0.0,0.0,0.0,0.0,0.0,0.0,0.0,0.0,0.0
7433411068988280097,0.56,13,2024,62,6,3,0.0952380952380952,0.0476190476190476,0.0,0.0,1.0,0.0,0.0,0.0,1.0,0.0,0.0,0.0,0.0,0.0,0.0,0.0,0.0,0.0
7414109220523511073,0.56,13,2024,94,6,0,0.0631578947368421,0.0,0.0,0.0,1.0,0.0,0.0,0.0,1.0,0.0,0.0,0.0,0.0,0.0,0.0,0.0,0.0,0.0
7410754655682153761,0.56,8,2024,67,7,2,0.1029411764705882,0.0294117647058823,0.0,0.0,1.0,0.0,0.0,0.0,1.0,0.0,0.0,0.0,0.0,0.0,0.0,0.0,0.0,0.0
7407843953539583265,0.56,8,2024,58,0,1,0.0,0.0169491525423728,0.0,0.0,1.0,0.0,0.0,0.0,1.0,0.0,0.0,0.0,0.0,0.0,0.0,0.0,0.0,0.0
7400379104962284832,0.56,9,2024,74,6,0,0.08,0.0,0.0,0.0,1.0,0.0,0.0,0.0,1.0,0.0,0.0,0.0,0.0,0.0,0.0,0.0,0.0,0.0
7395950056001572128,0.56,11,2024,66,7,3,0.1044776119402985,0.044776119402985,0.0,0.0,1.0,0.0,0.0,0.0,1.0,0.0,0.0,0.0,0.0,0.0,0.0,0.0,0.0,0.0
7393316600922885409,0.56,8,2024,101,6,0,0.0588235294117647,0.0,0.0,0.0,1.0,0.0,0.0,0.0,1.0,0.0,0.0,0.0,0.0,0.0,0.0,0.0,0.0,0.0
7372168611449900321,0.56,14,2024,107,5,2,0.0462962962962962,0.0185185185185185,0.0,0.0,1.0,0.0,0.0,0.0,1.0,0.0,0.0,0.0,0.0,0.0,0.0,0.0,0.0,0.0
7358820174952172832,0.56,6,2024,49,4,1,0.08,0.02,0.0,0.0,1.0,0.0,0.0,0.0,1.0,0.0,0.0,0.0,0.0,0.0,0.0,0.0,0.0,0.0
7356608348030012704,0.56,10,2024,111,6,3,0.0535714285714285,0.0267857142857142,0.0,0.0,1.0,0.0,0.0,0.0,1.0,0.0,0.0,0.0,0.0,0.0,0.0,0.0,0.0,0.0
7354350552693656864,0.56,7,2024,108,5,1,0.0458715596330275,0.0091743119266055,0.0,0.0,1.0,0.0,0.0,0.0,1.0,0.0,0.0,0.0,0.0,0.0,0.0,0.0,0.0,0.0
7350310562586283297,0.56,9,2024,64,4,1,0.0615384615384615,0.0153846153846153,0.0,0.0,1.0,0.0,0.0,0.0,1.0,0.0,0.0,0.0,0.0,0.0,0.0,0.0,0.0,0.0
7343666836812123424,0.56,8,2024,73,5,1,0.0675675675675675,0.0135135135135135,0.0,0.0,1.0,0.0,0.0,0.0,1.0,0.0,0.0,0.0,0.0,0.0,0.0,0.0,0.0,0.0
7332509276432289057,0.56,6,2024,89,5,1,0.0555555555555555,0.0111111111111111,0.0,0.0,1.0,0.0,0.0,0.0,1.0,0.0,0.0,0.0,0.0,0.0,0.0,0.0,0.0,0.0
7325862287540096289,0.56,10,2024,45,4,1,0.0869565217391304,0.0217391304347826,0.8,0.8,1.0,0.0,0.0,0.0,1.0,0.0,0.0,0.0,0.0,0.0,0.0,0.0,0.0,0.0
7324725007391804705,0.56,12,2024,64,4,1,0.0615384615384615,0.0153846153846153,0.0,0.0,1.0,0.0,0.0,0.0,1.0,0.0,0.0,0.0,0.0,0.0,0.0,0.0,0.0,0.0
7309107806202842400,0.56,14,2023,126,4,1,0.0314960629921259,0.0078740157480314,0.0,0.0,1.0,0.0,0.0,0.0,1.0,0.0,0.0,0.0,0.0,0.0,0.0,0.0,0.0,0.0
7306559173217488160,0.56,14,2023,185,5,2,0.0268817204301075,0.010752688172043,0.0,0.0,1.0,0.0,0.0,0.0,1.0,0.0,0.0,0.0,0.0,0.0,0.0,0.0,0.0,0.0
7261996739446590753,0.56,10,2023,81,4,1,0.048780487804878,0.0121951219512195,0.0,0.0,1.0,0.0,0.0,0.0,1.0,0.0,0.0,0.0,0.0,0.0,0.0,0.0,0.0,0.0
7260814503728696602,0.56,10,2023,132,7,1,0.0526315789473684,0.0075187969924812,0.0,0.0,1.0,0.0,0.0,0.0,1.0,0.0,0.0,0.0,0.0,0.0,0.0,0.0,0.0,0.0
7254588789559938330,0.56,10,2023,126,6,2,0.0472440944881889,0.0157480314960629,0.0,0.0,1.0,0.0,0.0,0.0,1.0,0.0,0.0,0.0,0.0,0.0,0.0,0.0,0.0,0.0
7606001119243881750,0.56,9,2026,79,5,2,0.0625,0.025,0.0,0.0,1.0,1.0,0.0,0.0,0.0,0.0,0.0,0.0,0.0,0.0,0.0,0.0,0.0,0.0
7604886753471761686,0.56,7,2026,87,4,1,0.0454545454545454,0.0113636363636363,0.5,0.5,1.0,1.0,0.0,0.0,0.0,0.0,0.0,0.0,0.0,0.0,0.0,0.0,0.0,0.0
7601164093910715670,0.56,9,2026,81,3,2,0.0365853658536585,0.024390243902439,0.0,0.0,1.0,1.0,0.0,0.0,0.0,0.0,0.0,0.0,0.0,0.0,0.0,0.0,0.0,0.0
7587442936376233238,0.56,9,2025,82,4,2,0.0481927710843373,0.0240963855421686,0.0,0.0,1.0,1.0,0.0,0.0,0.0,0.0,0.0,0.0,0.0,0.0,0.0,0.0,0.0,0.0
7578256886286322966,0.56,14,2025,246,4,4,0.0161943319838056,0.0161943319838056,0.0,0.0,1.0,1.0,0.0,0.0,0.0,0.0,0.0,0.0,0.0,0.0,0.0,0.0,0.0,0.0
7566676756199951638,0.56,6,2025,54,4,1,0.0727272727272727,0.0181818181818181,0.0,0.0,1.0,1.0,0.0,0.0,0.0,0.0,0.0,0.0,0.0,0.0,0.0,0.0,0.0,0.0
7560707094018542870,0.56,14,2025,86,2,1,0.0229885057471264,0.0114942528735632,0.0,0.0,1.0,1.0,0.0,0.0,0.0,0.0,0.0,0.0,0.0,0.0,0.0,0.0,0.0,0.0
7545046455229205782,0.56,12,2025,104,0,4,0.0,0.0380952380952381,0.0,0.0,1.0,1.0,0.0,0.0,0.0,0.0,0.0,0.0,0.0,0.0,0.0,0.0,0.0,0.0
7529427220335496450,0.56,8,2025,214,2,4,0.0093023255813953,0.0186046511627906,0.0,0.0,1.0,1.0,0.0,0.0,0.0,0.0,0.0,0.0,0.0,0.0,0.0,0.0,0.0,0.0
7516624091097337110,0.56,11,2025,92,2,4,0.021505376344086,0.043010752688172,0.0,0.0,1.0,1.0,0.0,0.0,0.0,0.0,0.0,0.0,0.0,0.0,0.0,0.0,0.0,0.0
7504627479449963798,0.56,12,2025,655,2,14,0.0030487804878048,0.0213414634146341,0.013091856060606,0.013091856060606,1.0,1.0,0.0,0.0,0.0,0.0,0.0,0.0,0.0,0.0,0.0,0.0,0.0,0.0
7494230009050139926,0.56,7,2025,135,3,2,0.0220588235294117,0.0147058823529411,0.2857142857142857,0.2857142857142857,1.0,1.0,0.0,0.0,0.0,0.0,0.0,0.0,0.0,0.0,0.0,0.0,0.0,0.0
7491322585624349974,0.56,10,2025,184,3,3,0.0162162162162162,0.0162162162162162,0.0,0.0,1.0,1.0,0.0,0.0,0.0,0.0,0.0,0.0,0.0,0.0,0.0,0.0,0.0,0.0
7486129539827928342,0.56,13,2025,73,4,1,0.054054054054054,0.0135135135135135,0.0,0.0,1.0,1.0,0.0,0.0,0.0,0.0,0.0,0.0,0.0,0.0,0.0,0.0,0.0,0.0
7485773090555956503,0.56,7,2025,60,3,2,0.0491803278688524,0.0327868852459016,0.0,0.0,1.0,1.0,0.0,0.0,0.0,0.0,0.0,0.0,0.0,0.0,0.0,0.0,0.0,0.0
7484928854029634838,0.56,6,2025,69,3,2,0.0428571428571428,0.0285714285714285,0.0,0.0,1.0,1.0,0.0,0.0,0.0,0.0,0.0,0.0,0.0,0.0,0.0,0.0,0.0,0.0
7481596789448117526,0.56,10,2025,165,3,3,0.0180722891566265,0.0180722891566265,0.3,0.3,1.0,1.0,0.0,0.0,0.0,0.0,0.0,0.0,0.0,0.0,0.0,0.0,0.0,0.0
7478735064881237270,0.56,14,2025,700,3,14,0.0042796005706134,0.0199714693295292,-0.03125,0.03125,1.0,1.0,0.0,0.0,0.0,0.0,0.0,0.0,0.0,0.0,0.0,0.0,0.0,0.0
7348766265927814432,0.56,11,2024,248,5,2,0.0200803212851405,0.0080321285140562,0.3125,0.3125,1.0,1.0,0.0,0.0,0.0,0.0,0.0,0.0,0.0,0.0,0.0,0.0,0.0,0.0
7346541062267079968,0.56,10,2024,166,5,2,0.029940119760479,0.0119760479041916,0.625,0.625,1.0,1.0,0.0,0.0,0.0,0.0,0.0,0.0,0.0,0.0,0.0,0.0,0.0,0.0
7343923844316548384,0.56,12,2024,147,4,2,0.027027027027027,0.0135135135135135,0.2142857142857142,0.2142857142857142,1.0,1.0,0.0,0.0,0.0,0.0,0.0,0.0,0.0,0.0,0.0,0.0,0.0,0.0
7303884823578397984,0.56,6,2023,128,4,3,0.0310077519379844,0.0232558139534883,0.0,0.0,1.0,1.0,0.0,0.0,0.0,0.0,0.0,0.0,0.0,0.0,0.0,0.0,0.0,0.0
7291237498506743072,0.56,12,2023,358,8,3,0.022284122562674,0.0083565459610027,0.0,0.0,1.0,1.0,0.0,0.0,0.0,0.0,0.0,0.0,0.0,0.0,0.0,0.0,0.0,0.0
7263733416292617505,0.56,12,2023,44,4,0,0.0888888888888888,0.0,0.0,0.0,1.0,1.0,0.0,0.0,0.0,0.0,0.0,0.0,0.0,0.0,0.0,0.0,0.0,0.0
7256464845132827931,0.56,11,2023,32,4,0,0.1212121212121212,0.0,0.0,0.0,1.0,1.0,0.0,0.0,0.0,0.0,0.0,0.0,0.0,0.0,0.0,0.0,0.0,0.0
7219294434465238298,0.56,14,2023,53,5,0,0.0925925925925925,0.0,0.0,0.0,1.0,1.0,0.0,0.0,0.0,0.0,0.0,0.0,0.0,0.0,0.0,0.0,0.0,0.0
7217888414631283995,0.56,10,2023,76,5,0,0.0649350649350649,0.0,0.0,0.0,1.0,1.0,0.0,0.0,0.0,0.0,0.0,0.0,0.0,0.0,0.0,0.0,0.0,0.0
7215515219164990746,0.56,14,2023,26,4,0,0.1481481481481481,0.0,0.0,0.0,1.0,1.0,0.0,0.0,0.0,0.0,0.0,0.0,0.0,0.0,0.0,0.0,0.0,0.0
7212344637523283205,0.56,13,2023,58,5,0,0.0847457627118644,0.0,0.0,0.0,1.0,1.0,0.0,0.0,0.0,0.0,0.0,0.0,0.0,0.0,0.0,0.0,0.0,0.0
7211165738957163782,0.56,14,2023,93,6,1,0.0638297872340425,0.0106382978723404,0.8,0.8,1.0,1.0,0.0,0.0,0.0,0.0,0.0,0.0,0.0,0.0,0.0,0.0,0.0,0.0
7207862806899592453,0.56,12,2023,54,4,0,0.0727272727272727,0.0,0.0,0.0,1.0,1.0,0.0,0.0,0.0,0.0,0.0,0.0,0.0,0.0,0.0,0.0,0.0,0.0
7206682386531110149,0.56,12,2023,37,5,0,0.131578947368421,0.0,0.0,0.0,1.0,1.0,0.0,0.0,0.0,0.0,0.0,0.0,0.0,0.0,0.0,0.0,0.0,0.0
7206680972555750661,0.56,13,2023,20,1,0,0.0476190476190476,0.0,0.0,0.0,1.0,1.0,0.0,0.0,0.0,0.0,0.0,0.0,0.0,0.0,0.0,0.0,0.0,0.0
7040810874281479430,0.56,12,2021,74,5,2,0.0666666666666666,0.0266666666666666,0.2,0.2,1.0,1.0,0.0,0.0,0.0,0.0,0.0,0.0,0.0,0.0,0.0,0.0,0.0,0.0
7039252769894616326,0.56,10,2021,52,7,0,0.1320754716981132,0.0,0.0,0.0,1.0,1.0,0.0,0.0,0.0,0.0,0.0,0.0,0.0,0.0,0.0,0.0,0.0,0.0
7039005707844308229,0.56,9,2021,49,7,0,0.14,0.0,0.0,0.0,1.0,1.0,0.0,0.0,0.0,0.0,0.0,0.0,0.0,0.0,0.0,0.0,0.0,0.0
7038707297396198661,0.56,13,2021,49,7,0,0.14,0.0,0.0,0.0,1.0,1.0,0.0,0.0,0.0,0.0,0.0,0.0,0.0,0.0,0.0,0.0,0.0,0.0
7036326405155638533,0.56,13,2021,37,5,0,0.131578947368421,0.0,0.0,0.0,1.0,1.0,0.0,0.0,0.0,0.0,0.0,0.0,0.0,0.0,0.0,0.0,0.0,0.0
7033466696245497093,0.56,7,2021,70,5,1,0.0704225352112676,0.0140845070422535,0.0,0.0,1.0,1.0,0.0,0.0,0.0,0.0,0.0,0.0,0.0,0.0,0.0,0.0,0.0,0.0
7026774067223055621,0.56,13,2021,22,3,0,0.1304347826086956,0.0,0.0,0.0,1.0,1.0,0.0,0.0,0.0,0.0,0.0,0.0,0.0,0.0,0.0,0.0,0.0,0.0
7022596866374192390,0.56,9,2021,16,2,0,0.1176470588235294,0.0,0.0,0.0,1.0,1.0,0.0,0.0,0.0,0.0,0.0,0.0,0.0,0.0,0.0,0.0,0.0,0.0
7007863408129215749,0.56,10,2021,36,2,0,0.054054054054054,0.0,0.2,0.2,1.0,1.0,0.0,0.0,0.0,0.0,0.0,0.0,0.0,0.0,0.0,0.0,0.0,0.0
7004414493086240006,0.56,10,2021,58,7,0,0.1186440677966101,0.0,0.0,0.0,1.0,1.0,0.0,0.0,0.0,0.0,0.0,0.0,0.0,0.0,0.0,0.0,0.0,0.0
6821547365887905030,0.56,13,2020,46,2,1,0.0425531914893617,0.0212765957446808,0.0,0.0,1.0,1.0,0.0,0.0,0.0,0.0,0.0,0.0,0.0,0.0,0.0,0.0,0.0,0.0
6814175723704683782,0.56,13,2020,27,2,1,0.0714285714285714,0.0357142857142857,0.0,0.0,1.0,1.0,0.0,0.0,0.0,0.0,0.0,0.0,0.0,0.0,0.0,0.0,0.0,0.0
7584519298459176214,0.56,13,2025,96,2,1,0.0206185567010309,0.0103092783505154,0.375,0.375,1.0,0.0,1.0,0.0,0.0,0.0,0.0,0.0,0.0,0.0,0.0,0.0,0.0,0.0
7579293926796922134,0.56,13,2025,85,2,1,0.0232558139534883,0.0116279069767441,0.0,0.0,1.0,0.0,1.0,0.0,0.0,0.0,0.0,0.0,0.0,0.0,0.0,0.0,0.0,0.0
7540185950714875158,0.56,7,2025,116,0,0,0.0,0.0,0.0,0.0,1.0,0.0,1.0,0.0,0.0,0.0,0.0,0.0,0.0,0.0,0.0,0.0,0.0,0.0
7533680078866238742,0.56,14,2025,118,2,3,0.0168067226890756,0.0252100840336134,0.0,0.0,1.0,0.0,1.0,0.0,0.0,0.0,0.0,0.0,0.0,0.0,0.0,0.0,0.0,0.0
7529820615637847318,0.56,12,2025,58,3,2,0.0508474576271186,0.0338983050847457,0.35,0.35,1.0,0.0,1.0,0.0,0.0,0.0,0.0,0.0,0.0,0.0,0.0,0.0,0.0,0.0
7517676181366295830,0.56,10,2025,46,2,1,0.0425531914893617,0.0212765957446808,0.0,0.0,1.0,0.0,1.0,0.0,0.0,0.0,0.0,0.0,0.0,0.0,0.0,0.0,0.0,0.0
7490984274049469718,0.56,8,2025,124,3,2,0.024,0.016,0.0,0.0,1.0,0.0,1.0,0.0,0.0,0.0,0.0,0.0,0.0,0.0,0.0,0.0,0.0,0.0
7490119511731965206,0.56,12,2025,176,4,3,0.0225988700564971,0.0169491525423728,0.7,0.7,1.0,0.0,1.0,0.0,0.0,0.0,0.0,0.0,0.0,0.0,0.0,0.0,0.0,0.0
7481977420220779798,0.56,7,2025,195,4,3,0.0204081632653061,0.0153061224489795,0.0,0.0,1.0,0.0,1.0,0.0,0.0,0.0,0.0,0.0,0.0,0.0,0.0,0.0,0.0,0.0
7479081271746989334,0.56,11,2025,159,3,2,0.01875,0.0125,-0.4,0.4,1.0,0.0,1.0,0.0,0.0,0.0,0.0,0.0,0.0,0.0,0.0,0.0,0.0,0.0
7478417820376812822,0.56,8,2025,122,4,2,0.032520325203252,0.016260162601626,0.0,0.0,1.0,0.0,1.0,0.0,0.0,0.0,0.0,0.0,0.0,0.0,0.0,0.0,0.0,0.0
7475816575975623958,0.56,12,2025,124,4,4,0.032,0.032,0.0,0.0,1.0,0.0,1.0,0.0,0.0,0.0,0.0,0.0,0.0,0.0,0.0,0.0,0.0,0.0
7471349532496842006,0.56,8,2025,112,0,1,0.0,0.0088495575221238,0.0,0.0,1.0,0.0,1.0,0.0,0.0,0.0,0.0,0.0,0.0,0.0,0.0,0.0,0.0,0.0
7471348371962334486,0.56,6,2025,15,0,0,0.0,0.0,-0.1,0.1,1.0,0.0,1.0,0.0,0.0,0.0,0.0,0.0,0.0,0.0,0.0,0.0,0.0,0.0
7470212560399109398,0.56,11,2025,152,4,2,0.0261437908496732,0.0130718954248366,0.0,0.0,1.0,0.0,1.0,0.0,0.0,0.0,0.0,0.0,0.0,0.0,0.0,0.0,0.0,0.0
7468313844230704406,1.12,8,2025,116,4,1,0.0341880341880341,0.0085470085470085,0.0,0.0,1.0,0.0,1.0,0.0,0.0,0.0,0.0,0.0,0.0,0.0,0.0,0.0,0.0,0.0
7438966885879696662,0.56,8,2024,131,0,4,0.0,0.0303030303030303,0.0,0.0,1.0,0.0,1.0,0.0,0.0,0.0,0.0,0.0,0.0,0.0,0.0,0.0,0.0,0.0
7418133778406657313,0.56,10,2024,70,0,1,0.0,0.0140845070422535,0.0,0.0,1.0,0.0,1.0,0.0,0.0,0.0,0.0,0.0,0.0,0.0,0.0,0.0,0.0,0.0
7415589341981986080,0.56,13,2024,73,0,2,0.0,0.027027027027027,0.0,0.0,1.0,0.0,1.0,0.0,0.0,0.0,0.0,0.0,0.0,0.0,0.0,0.0,0.0,0.0
7415541670361500961,0.56,6,2024,19,0,1,0.0,0.05,0.0,0.0,1.0,0.0,1.0,0.0,0.0,0.0,0.0,0.0,0.0,0.0,0.0,0.0,0.0,0.0
7414059508630031648,0.56,13,2024,37,0,2,0.0,0.0526315789473684,0.0,0.0,1.0,0.0,1.0,0.0,0.0,0.0,0.0,0.0,0.0,0.0,0.0,0.0,0.0,0.0
7413699830469397793,0.56,7,2024,55,0,3,0.0,0.0535714285714285,0.0,0.0,1.0,0.0,1.0,0.0,0.0,0.0,0.0,0.0,0.0,0.0,0.0,0.0,0.0,0.0
7413269884840267040,0.56,12,2024,41,0,1,0.0,0.0238095238095238,0.0,0.0,1.0,0.0,1.0,0.0,0.0,0.0,0.0,0.0,0.0,0.0,0.0,0.0,0.0,0.0
7412939421089090849,0.56,7,2024,59,0,2,0.0,0.0333333333333333,0.0,0.0,1.0,0.0,1.0,0.0,0.0,0.0,0.0,0.0,0.0,0.0,0.0,0.0,0.0,0.0
7410359060681297184,0.56,12,2024,58,2,2,0.0338983050847457,0.0338983050847457,0.1,0.1,1.0,0.0,1.0,0.0,0.0,0.0,0.0,0.0,0.0,0.0,0.0,0.0,0.0,0.0
7400784701633416481,0.56,10,2024,76,0,3,0.0,0.0389610389610389,0.0,0.0,1.0,0.0,1.0,0.0,0.0,0.0,0.0,0.0,0.0,0.0,0.0,0.0,0.0,0.0
7379167807679761697,0.56,12,2024,73,3,1,0.0405405405405405,0.0135135135135135,-0.5,0.5,1.0,0.0,1.0,0.0,0.0,0.0,0.0,0.0,0.0,0.0,0.0,0.0,0.0,0.0
7353226118662589728,0.56,7,2024,101,5,4,0.0490196078431372,0.0392156862745098,0.1363636363636363,0.1363636363636363,1.0,0.0,1.0,0.0,0.0,0.0,0.0,0.0,0.0,0.0,0.0,0.0,0.0,0.0
7344802060019256609,0.56,14,2024,109,6,3,0.0545454545454545,0.0272727272727272,0.0,0.0,1.0,0.0,1.0,0.0,0.0,0.0,0.0,0.0,0.0,0.0,0.0,0.0,0.0,0.0
7326857703958105376,0.56,14,2024,102,4,1,0.0388349514563106,0.0097087378640776,0.0,0.0,1.0,0.0,1.0,0.0,0.0,0.0,0.0,0.0,0.0,0.0,0.0,0.0,0.0,0.0
7324421973612825889,0.56,12,2024,90,5,1,0.0549450549450549,0.0109890109890109,0.0,0.0,1.0,0.0,1.0,0.0,0.0,0.0,0.0,0.0,0.0,0.0,0.0,0.0,0.0,0.0
7315824288173493536,0.56,9,2023,117,6,3,0.0508474576271186,0.0254237288135593,0.0,0.0,1.0,0.0,1.0,0.0,0.0,0.0,0.0,0.0,0.0,0.0,0.0,0.0,0.0,0.0
7296417264591441185,0.56,9,2023,164,5,2,0.0303030303030303,0.0121212121212121,0.0,0.0,1.0,0.0,1.0,0.0,0.0,0.0,0.0,0.0,0.0,0.0,0.0,0.0,0.0,0.0
7296124478130572577,0.56,10,2023,78,6,1,0.0759493670886076,0.0126582278481012,0.0,0.0,1.0,0.0,1.0,0.0,0.0,0.0,0.0,0.0,0.0,0.0,0.0,0.0,0.0,0.0
7296075013734616353,0.56,9,2023,109,8,1,0.0727272727272727,0.009090909090909,0.0,0.0,1.0,0.0,1.0,0.0,0.0,0.0,0.0,0.0,0.0,0.0,0.0,0.0,0.0,0.0
7295785443528920352,0.56,7,2023,137,3,3,0.0217391304347826,0.0217391304347826,0.0,0.0,1.0,0.0,1.0,0.0,0.0,0.0,0.0,0.0,0.0,0.0,0.0,0.0,0.0,0.0
7294200756586958113,0.56,11,2023,81,6,2,0.073170731707317,0.024390243902439,0.0,0.0,1.0,0.0,1.0,0.0,0.0,0.0,0.0,0.0,0.0,0.0,0.0,0.0,0.0,0.0
7288261263757446433,0.56,14,2023,102,6,1,0.058252427184466,0.0097087378640776,0.1363636363636363,0.1363636363636363,1.0,0.0,1.0,0.0,0.0,0.0,0.0,0.0,0.0,0.0,0.0,0.0,0.0,0.0
7278716528839626016,0.56,9,2023,105,4,2,0.0377358490566037,0.0188679245283018,0.0,0.0,1.0,0.0,1.0,0.0,0.0,0.0,0.0,0.0,0.0,0.0,0.0,0.0,0.0,0.0
7255981234374069530,0.56,7,2023,64,4,1,0.0615384615384615,0.0153846153846153,0.0,0.0,1.0,0.0,1.0,0.0,0.0,0.0,0.0,0.0,0.0,0.0,0.0,0.0,0.0,0.0
7246825881904139546,0.59,14,2023,124,4,2,0.032,0.016,-0.2777777777777777,0.2777777777777777,1.0,0.0,1.0,0.0,0.0,0.0,0.0,0.0,0.0,0.0,0.0,0.0,0.0,0.0
7238904736253054234,0.56,10,2023,99,4,2,0.04,0.02,0.0,0.0,1.0,0.0,1.0,0.0,0.0,0.0,0.0,0.0,0.0,0.0,0.0,0.0,0.0,0.0
7219646733901450502,0.56,9,2023,49,0,2,0.0,0.04,0.0,0.0,1.0,0.0,1.0,0.0,0.0,0.0,0.0,0.0,0.0,0.0,0.0,0.0,0.0,0.0
7214862934139260166,0.56,14,2023,92,5,2,0.053763440860215,0.021505376344086,0.0,0.0,1.0,0.0,1.0,0.0,0.0,0.0,0.0,0.0,0.0,0.0,0.0,0.0,0.0,0.0
7214113271018753285,0.56,8,2023,70,5,0,0.0704225352112676,0.0,0.0,0.0,1.0,0.0,1.0,0.0,0.0,0.0,0.0,0.0,0.0,0.0,0.0,0.0,0.0,0.0
7213795540574735621,0.55,10,2023,93,7,1,0.0744680851063829,0.0106382978723404,0.0,0.0,1.0,0.0,1.0,0.0,0.0,0.0,0.0,0.0,0.0,0.0,0.0,0.0,0.0,0.0
7210834532591963398,0.56,10,2023,85,5,2,0.0581395348837209,0.0232558139534883,0.0,0.0,1.0,0.0,1.0,0.0,0.0,0.0,0.0,0.0,0.0,0.0,0.0,0.0,0.0,0.0
7208933349933452550,0.56,10,2023,142,7,2,0.0489510489510489,0.0139860139860139,0.0,0.0,1.0,0.0,1.0,0.0,0.0,0.0,0.0,0.0,0.0,0.0,0.0,0.0,0.0,0.0
7208551637869268230,1.0,8,2023,95,7,1,0.0729166666666666,0.0104166666666666,0.6,0.6,1.0,0.0,1.0,0.0,0.0,0.0,0.0,0.0,0.0,0.0,0.0,0.0,0.0,0.0
7203684040606633222,0.56,12,2023,63,4,0,0.0625,0.0,0.5,0.5,1.0,0.0,1.0,0.0,0.0,0.0,0.0,0.0,0.0,0.0,0.0,0.0,0.0,0.0
7183332234605268250,0.56,6,2022,111,2,2,0.0178571428571428,0.0178571428571428,0.0,0.0,1.0,0.0,1.0,0.0,0.0,0.0,0.0,0.0,0.0,0.0,0.0,0.0,0.0,0.0
7175881254233967878,0.56,8,2022,62,3,2,0.0476190476190476,0.0317460317460317,0.5,0.5,1.0,0.0,1.0,0.0,0.0,0.0,0.0,0.0,0.0,0.0,0.0,0.0,0.0,0.0
7171408287785782533,0.56,9,2022,102,5,1,0.0485436893203883,0.0097087378640776,0.0,0.0,1.0,0.0,1.0,0.0,0.0,0.0,0.0,0.0,0.0,0.0,0.0,0.0,0.0,0.0
7168426884852747526,0.56,12,2022,90,5,2,0.0549450549450549,0.0219780219780219,0.0,0.0,1.0,0.0,1.0,0.0,0.0,0.0,0.0,0.0,0.0,0.0,0.0,0.0,0.0,0.0
7158057918431120645,0.56,8,2022,0,0,0,0.0,0.0,0.0,0.0,1.0,0.0,1.0,0.0,0.0,0.0,0.0,0.0,0.0,0.0,0.0,0.0,0.0,0.0
7146624079615790341,0.56,9,2022,86,5,1,0.057471264367816,0.0114942528735632,0.0,0.0,1.0,0.0,1.0,0.0,0.0,0.0,0.0,0.0,0.0,0.0,0.0,0.0,0.0,0.0
7123931386964184326,0.56,14,2022,192,3,1,0.0155440414507772,0.005181347150259,0.35,0.35,1.0,0.0,1.0,0.0,0.0,0.0,0.0,0.0,0.0,0.0,0.0,0.0,0.0,0.0
7120944943270530309,0.56,14,2022,71,4,2,0.0555555555555555,0.0277777777777777,0.0,0.0,1.0,0.0,1.0,0.0,0.0,0.0,0.0,0.0,0.0,0.0,0.0,0.0,0.0,0.0
7116158724288400645,0.56,7,2022,87,6,1,0.0681818181818181,0.0113636363636363,0.0,0.0,1.0,0.0,1.0,0.0,0.0,0.0,0.0,0.0,0.0,0.0,0.0,0.0,0.0,0.0
7081711774084484358,0.56,10,2022,103,3,1,0.0288461538461538,0.0096153846153846,0.0,0.0,1.0,0.0,1.0,0.0,0.0,0.0,0.0,0.0,0.0,0.0,0.0,0.0,0.0,0.0
7079095510904229126,0.56,11,2022,73,4,2,0.054054054054054,0.027027027027027,0.0,0.0,1.0,0.0,1.0,0.0,0.0,0.0,0.0,0.0,0.0,0.0,0.0,0.0,0.0,0.0
7073916316566031622,0.56,14,2022,96,5,1,0.0515463917525773,0.0103092783505154,0.0,0.0,1.0,0.0,1.0,0.0,0.0,0.0,0.0,0.0,0.0,0.0,0.0,0.0,0.0,0.0
7065372841423801605,0.56,9,2022,61,3,1,0.0483870967741935,0.0161290322580645,0.5,0.5,1.0,0.0,1.0,0.0,0.0,0.0,0.0,0.0,0.0,0.0,0.0,0.0,0.0,0.0
7064507087086161157,0.56,14,2022,67,3,3,0.0441176470588235,0.0441176470588235,0.0,0.0,1.0,0.0,1.0,0.0,0.0,0.0,0.0,0.0,0.0,0.0,0.0,0.0,0.0,0.0
7060539961459641605,0.56,9,2022,80,4,1,0.0493827160493827,0.0123456790123456,0.0,0.0,1.0,0.0,1.0,0.0,0.0,0.0,0.0,0.0,0.0,0.0,0.0,0.0,0.0,0.0
7050043192732912901,0.56,14,2022,63,4,1,0.0625,0.015625,0.4,0.4,1.0,0.0,1.0,0.0,0.0,0.0,0.0,0.0,0.0,0.0,0.0,0.0,0.0,0.0
7042694987141745926,0.56,11,2021,78,4,1,0.050632911392405,0.0126582278481012,0.0,0.0,1.0,0.0,1.0,0.0,0.0,0.0,0.0,0.0,0.0,0.0,0.0,0.0,0.0,0.0
7012661937477537030,0.67,14,2021,99,4,3,0.04,0.03,0.0,0.0,1.0,0.0,1.0,0.0,0.0,0.0,0.0,0.0,0.0,0.0,0.0,0.0,0.0,0.0
6994839726846971142,0.56,13,2021,147,3,2,0.0202702702702702,0.0135135135135135,0.0,0.0,1.0,0.0,1.0,0.0,0.0,0.0,0.0,0.0,0.0,0.0,0.0,0.0,0.0,0.0
6979673025503366405,0.56,13,2021,150,13,1,0.086092715231788,0.0066225165562913,0.0,0.0,1.0,0.0,1.0,0.0,0.0,0.0,0.0,0.0,0.0,0.0,0.0,0.0,0.0,0.0
6963263758630194437,0.56,11,2021,146,13,0,0.0884353741496598,0.0,0.0,0.0,1.0,0.0,1.0,0.0,0.0,0.0,0.0,0.0,0.0,0.0,0.0,0.0,0.0,0.0
6958424996964355334,0.56,12,2021,141,8,0,0.056338028169014,0.0,0.1,0.1,1.0,0.0,1.0,0.0,0.0,0.0,0.0,0.0,0.0,0.0,0.0,0.0,0.0,0.0
6922868220890254597,0.56,14,2021,132,9,0,0.0676691729323308,0.0,0.0,0.0,1.0,0.0,1.0,0.0,0.0,0.0,0.0,0.0,0.0,0.0,0.0,0.0,0.0,0.0
6899015791086210306,0.56,10,2020,131,6,0,0.0454545454545454,0.0,0.0,0.0,1.0,0.0,1.0,0.0,0.0,0.0,0.0,0.0,0.0,0.0,0.0,0.0,0.0,0.0
6896055761982639362,0.66,6,2020,148,9,0,0.0604026845637583,0.0,0.0,0.0,1.0,0.0,1.0,0.0,0.0,0.0,0.0,0.0,0.0,0.0,0.0,0.0,0.0,0.0
6895747396404284674,0.56,7,2020,150,6,0,0.0397350993377483,0.0,0.0,0.0,1.0,0.0,1.0,0.0,0.0,0.0,0.0,0.0,0.0,0.0,0.0,0.0,0.0,0.0
6895292772857826562,0.56,14,2020,143,6,0,0.0416666666666666,0.0,0.0,0.0,1.0,0.0,1.0,0.0,0.0,0.0,0.0,0.0,0.0,0.0,0.0,0.0,0.0,0.0
6887883845954178305,0.56,9,2020,133,6,0,0.044776119402985,0.0,0.1363636363636363,0.1363636363636363,1.0,0.0,1.0,0.0,0.0,0.0,0.0,0.0,0.0,0.0,0.0,0.0,0.0,0.0
6883876793380572417,0.56,11,2020,147,12,1,0.081081081081081,0.0067567567567567,0.0,0.0,1.0,0.0,1.0,0.0,0.0,0.0,0.0,0.0,0.0,0.0,0.0,0.0,0.0,0.0
6883389583271185666,0.56,9,2020,80,6,1,0.074074074074074,0.0123456790123456,0.7749999999999999,0.7749999999999999,1.0,0.0,1.0,0.0,0.0,0.0,0.0,0.0,0.0,0.0,0.0,0.0,0.0,0.0
6876369843591941377,0.56,12,2020,74,4,1,0.0533333333333333,0.0133333333333333,0.0,0.0,1.0,0.0,1.0,0.0,0.0,0.0,0.0,0.0,0.0,0.0,0.0,0.0,0.0,0.0
6869621825035357441,0.57,11,2020,45,5,0,0.108695652173913,0.0,0.0,0.0,1.0,0.0,1.0,0.0,0.0,0.0,0.0,0.0,0.0,0.0,0.0,0.0,0.0,0.0
6864806467329903878,0.57,6,2020,46,4,1,0.0851063829787234,0.0212765957446808,0.7,0.7,1.0,0.0,1.0,0.0,0.0,0.0,0.0,0.0,0.0,0.0,0.0,0.0,0.0,0.0
6834056379355991301,0.56,13,2020,66,3,1,0.044776119402985,0.0149253731343283,0.0,0.0,1.0,0.0,1.0,0.0,0.0,0.0,0.0,0.0,0.0,0.0,0.0,0.0,0.0,0.0
6798648871401819398,0.56,13,2020,74,5,1,0.0666666666666666,0.0133333333333333,0.375,0.375,1.0,0.0,1.0,0.0,0.0,0.0,0.0,0.0,0.0,0.0,0.0,0.0,0.0,0.0
6798641094109269253,0.56,14,2020,94,4,2,0.0421052631578947,0.0210526315789473,0.8,0.8,1.0,0.0,1.0,0.0,0.0,0.0,0.0,0.0,0.0,0.0,0.0,0.0,0.0,0.0
7551820830615899414,0.56,14,2025,112,0,2,0.0,0.0176991150442477,0.0,0.0,1.0,0.0,0.0,0.0,0.0,0.0,0.0,0.0,0.0,0.0,0.0,0.0,1.0,0.0
7330293520395275553,0.56,12,2024,141,13,2,0.0915492957746478,0.0140845070422535,0.0,0.0,1.0,0.0,0.0,0.0,0.0,0.0,0.0,0.0,0.0,0.0,0.0,0.0,1.0,0.0
7323224822169750816,0.56,6,2024,106,10,0,0.0934579439252336,0.0,0.0,0.0,1.0,0.0,0.0,0.0,0.0,0.0,0.0,0.0,0.0,0.0,0.0,0.0,1.0,0.0
7309113734360780064,0.56,11,2023,95,9,0,0.09375,0.0,0.0,0.0,1.0,0.0,0.0,0.0,0.0,0.0,0.0,0.0,0.0,0.0,0.0,0.0,1.0,0.0
7307663369090207009,0.56,11,2023,88,9,0,0.1011235955056179,0.0,0.5,0.5,1.0,0.0,0.0,0.0,0.0,0.0,0.0,0.0,0.0,0.0,0.0,0.0,1.0,0.0
7306870694137187616,0.56,9,2023,64,6,0,0.0923076923076923,0.0,0.0,0.0,1.0,0.0,0.0,0.0,0.0,0.0,0.0,0.0,0.0,0.0,0.0,0.0,1.0,0.0
7306460792310877472,0.56,7,2023,60,7,0,0.1147540983606557,0.0,0.0,0.0,1.0,0.0,0.0,0.0,0.0,0.0,0.0,0.0,0.0,0.0,0.0,0.0,1.0,0.0
7305781724238105889,0.56,10,2023,85,7,0,0.0813953488372093,0.0,0.0,0.0,1.0,0.0,0.0,0.0,0.0,0.0,0.0,0.0,0.0,0.0,0.0,0.0,1.0,0.0
7299777182828645664,0.56,7,2023,50,5,0,0.0980392156862745,0.0,0.1,0.1,1.0,0.0,0.0,0.0,0.0,0.0,0.0,0.0,0.0,0.0,0.0,0.0,1.0,0.0
7297256040544931105,0.56,11,2023,58,6,0,0.1016949152542373,0.0,0.0,0.0,1.0,0.0,0.0,0.0,0.0,0.0,0.0,0.0,0.0,0.0,0.0,0.0,1.0,0.0
7279078872455384352,0.56,9,2023,84,10,0,0.1176470588235294,0.0,0.0,0.0,1.0,0.0,0.0,0.0,0.0,0.0,0.0,0.0,0.0,0.0,0.0,0.0,1.0,0.0
7272402191233584417,0.56,9,2023,102,11,0,0.1067961165048543,0.0,0.0,0.0,1.0,0.0,0.0,0.0,0.0,0.0,0.0,0.0,0.0,0.0,0.0,0.0,1.0,0.0
7265677943228075296,0.56,6,2023,134,14,0,0.1037037037037037,0.0,0.6,0.6,1.0,0.0,0.0,0.0,0.0,0.0,0.0,0.0,0.0,0.0,0.0,0.0,1.0,0.0
7265242959048723745,0.56,14,2023,135,13,0,0.0955882352941176,0.0,0.0,0.0,1.0,0.0,0.0,0.0,0.0,0.0,0.0,0.0,0.0,0.0,0.0,0.0,1.0,0.0
7264519435086466336,0.56,6,2023,97,11,0,0.1122448979591836,0.0,0.0,0.0,1.0,0.0,0.0,0.0,0.0,0.0,0.0,0.0,0.0,0.0,0.0,0.0,1.0,0.0
7262363967157226785,0.56,11,2023,103,10,0,0.0961538461538461,0.0,0.0,0.0,1.0,0.0,0.0,0.0,0.0,0.0,0.0,0.0,0.0,0.0,0.0,0.0,1.0,0.0
7261965250864467232,0.56,9,2023,130,10,0,0.0763358778625954,0.0,0.3,0.3,1.0,0.0,0.0,0.0,0.0,0.0,0.0,0.0,0.0,0.0,0.0,0.0,1.0,0.0
7260420548553887002,0.56,9,2023,147,13,0,0.0878378378378378,0.0,0.0,0.0,1.0,0.0,0.0,0.0,0.0,0.0,0.0,0.0,0.0,0.0,0.0,0.0,1.0,0.0
7225641498249891099,0.56,7,2023,157,17,0,0.1075949367088607,0.0,-0.5,0.5,1.0,0.0,0.0,0.0,0.0,0.0,0.0,0.0,0.0,0.0,0.0,0.0,1.0,0.0
7225245362678762779,0.55,10,2023,161,14,2,0.0864197530864197,0.0123456790123456,0.0,0.0,1.0,0.0,0.0,0.0,0.0,0.0,0.0,0.0,0.0,0.0,0.0,0.0,1.0,0.0
7224177146263063835,0.56,14,2023,141,13,2,0.0915492957746478,0.0140845070422535,0.0,0.0,1.0,0.0,0.0,0.0,0.0,0.0,0.0,0.0,0.0,0.0,0.0,0.0,1.0,0.0
7221550036172213509,0.56,14,2023,116,11,2,0.094017094017094,0.017094017094017,0.0,0.0,1.0,0.0,0.0,0.0,0.0,0.0,0.0,0.0,0.0,0.0,0.0,0.0,1.0,0.0
7214886818368490758,0.56,7,2023,120,13,0,0.1074380165289256,0.0,0.0,0.0,1.0,0.0,0.0,0.0,0.0,0.0,0.0,0.0,0.0,0.0,0.0,0.0,1.0,0.0
7213794863630912773,0.56,6,2023,105,13,0,0.1226415094339622,0.0,0.7,0.7,1.0,0.0,0.0,0.0,0.0,0.0,0.0,0.0,0.0,0.0,0.0,0.0,1.0,0.0
7210067304095173893,0.56,11,2023,190,16,4,0.0837696335078534,0.0209424083769633,0.0,0.0,1.0,0.0,0.0,0.0,0.0,0.0,0.0,0.0,0.0,0.0,0.0,0.0,1.0,0.0
7209259784263060742,0.55,10,2023,96,8,1,0.0824742268041237,0.0103092783505154,0.25,0.25,1.0,0.0,0.0,0.0,0.0,0.0,0.0,0.0,0.0,0.0,0.0,0.0,1.0,0.0
7208590550348434694,0.56,6,2023,178,17,0,0.0949720670391061,0.0,0.0,0.0,1.0,0.0,0.0,0.0,0.0,0.0,0.0,0.0,0.0,0.0,0.0,0.0,1.0,0.0
7204870147855748357,0.56,6,2023,138,13,0,0.0935251798561151,0.0,0.0,0.0,1.0,0.0,0.0,0.0,0.0,0.0,0.0,0.0,0.0,0.0,0.0,0.0,1.0,0.0
7200418269629582597,0.56,12,2023,156,11,3,0.0700636942675159,0.019108280254777,0.0,0.0,1.0,0.0,0.0,0.0,0.0,0.0,0.0,0.0,0.0,0.0,0.0,0.0,1.0,0.0
7197448084119506182,0.56,11,2023,179,17,0,0.0944444444444444,0.0,0.0,0.0,1.0,0.0,0.0,0.0,0.0,0.0,0.0,0.0,0.0,0.0,0.0,0.0,1.0,0.0
7197086542479854854,0.56,12,2023,105,8,0,0.0754716981132075,0.0,0.0,0.0,1.0,0.0,0.0,0.0,0.0,0.0,0.0,0.0,0.0,0.0,0.0,0.0,1.0,0.0
7195607365813636357,0.56,10,2023,119,8,0,0.0666666666666666,0.0,0.0,0.0,1.0,0.0,0.0,0.0,0.0,0.0,0.0,0.0,0.0,0.0,0.0,0.0,1.0,0.0
7193751547749223685,0.56,7,2023,190,9,1,0.0471204188481675,0.0052356020942408,0.0,0.0,1.0,0.0,0.0,0.0,0.0,0.0,0.0,0.0,0.0,0.0,0.0,0.0,1.0,0.0
7192254185969044742,0.56,10,2023,125,9,3,0.0714285714285714,0.0238095238095238,0.0,0.0,1.0,0.0,0.0,0.0,0.0,0.0,0.0,0.0,0.0,0.0,0.0,0.0,1.0,0.0
7191515883330669830,0.56,13,2023,116,8,7,0.0683760683760683,0.0598290598290598,0.0,0.0,1.0,0.0,0.0,0.0,0.0,0.0,0.0,0.0,0.0,0.0,0.0,0.0,1.0,0.0
7189927984172666118,0.56,7,2023,144,8,6,0.0551724137931034,0.0413793103448275,0.35,0.35,1.0,0.0,0.0,0.0,0.0,0.0,0.0,0.0,0.0,0.0,0.0,0.0,1.0,0.0
7185200340310969605,0.56,6,2023,177,12,0,0.0674157303370786,0.0,1.0,1.0,1.0,0.0,0.0,0.0,0.0,0.0,0.0,0.0,0.0,0.0,0.0,0.0,1.0,0.0
7184831364422814981,0.56,8,2023,226,18,0,0.079295154185022,0.0,0.6,0.6,1.0,0.0,0.0,0.0,0.0,0.0,0.0,0.0,0.0,0.0,0.0,0.0,1.0,0.0
7184457014217657606,0.56,9,2023,131,12,0,0.0909090909090909,0.0,0.0,0.0,1.0,0.0,0.0,0.0,0.0,0.0,0.0,0.0,0.0,0.0,0.0,0.0,1.0,0.0
7174022295978003717,0.56,14,2022,176,12,1,0.0677966101694915,0.0056497175141242,0.0,0.0,1.0,0.0,0.0,0.0,0.0,0.0,0.0,0.0,0.0,0.0,0.0,0.0,1.0,0.0
7161523791154236677,0.56,10,2022,105,6,1,0.0566037735849056,0.0094339622641509,0.0,0.0,1.0,0.0,0.0,0.0,0.0,0.0,0.0,0.0,0.0,0.0,0.0,0.0,1.0,0.0
7130169267454070021,0.56,14,2022,160,9,1,0.0559006211180124,0.0062111801242236,0.0,0.0,1.0,0.0,0.0,0.0,0.0,0.0,0.0,0.0,0.0,0.0,0.0,0.0,1.0,0.0
7125392158063955205,0.56,9,2022,187,5,0,0.026595744680851,0.0,-0.1,0.1,1.0,0.0,0.0,0.0,0.0,0.0,0.0,0.0,0.0,0.0,0.0,0.0,1.0,0.0
7113472331917298949,0.56,9,2022,86,5,0,0.057471264367816,0.0,0.0,0.0,1.0,0.0,0.0,0.0,0.0,0.0,0.0,0.0,0.0,0.0,0.0,0.0,1.0,0.0
7078216427131473157,0.56,8,2022,63,5,2,0.078125,0.03125,0.0,0.0,1.0,0.0,0.0,0.0,0.0,0.0,0.0,0.0,0.0,0.0,0.0,0.0,1.0,0.0
7070486062182731013,0.56,13,2022,174,5,4,0.0285714285714285,0.0228571428571428,0.625,0.625,1.0,0.0,0.0,0.0,0.0,0.0,0.0,0.0,0.0,0.0,0.0,0.0,1.0,0.0
7050156581652106502,0.56,14,2022,116,4,2,0.0341880341880341,0.017094017094017,0.0,0.0,1.0,0.0,0.0,0.0,0.0,0.0,0.0,0.0,0.0,0.0,0.0,0.0,1.0,0.0
6927547229486058757,0.56,14,2021,54,2,2,0.0363636363636363,0.0363636363636363,0.0,0.0,1.0,0.0,0.0,0.0,0.0,0.0,0.0,0.0,0.0,0.0,0.0,0.0,1.0,0.0
6913929490305420545,0.56,14,2021,65,2,1,0.0303030303030303,0.0151515151515151,0.0,0.0,1.0,0.0,0.0,0.0,0.0,0.0,0.0,0.0,0.0,0.0,0.0,0.0,1.0,0.0
6896455617523813633,0.56,10,2020,95,4,1,0.0416666666666666,0.0104166666666666,0.0,0.0,1.0,0.0,0.0,0.0,0.0,0.0,0.0,0.0,0.0,0.0,0.0,0.0,1.0,0.0
6894530886105042178,0.56,9,2020,75,7,1,0.0921052631578947,0.0131578947368421,0.0,0.0,1.0,0.0,0.0,0.0,0.0,0.0,0.0,0.0,0.0,0.0,0.0,0.0,1.0,0.0
6886076315288554754,0.56,8,2020,149,7,1,0.0466666666666666,0.0066666666666666,0.0,0.0,1.0,0.0,0.0,0.0,0.0,0.0,0.0,0.0,0.0,0.0,0.0,0.0,1.0,0.0
6885984385670122753,0.56,14,2020,22,0,0,0.0,0.0,0.0,0.0,1.0,0.0,0.0,0.0,0.0,0.0,0.0,0.0,0.0,0.0,0.0,0.0,1.0,0.0
6885735124013550850,0.56,8,2020,91,4,2,0.0434782608695652,0.0217391304347826,0.0,0.0,1.0,0.0,0.0,0.0,0.0,0.0,0.0,0.0,0.0,0.0,0.0,0.0,1.0,0.0
6880792115329142018,0.56,6,2020,92,7,1,0.075268817204301,0.010752688172043,0.0,0.0,1.0,0.0,0.0,0.0,0.0,0.0,0.0,0.0,0.0,0.0,0.0,0.0,1.0,0.0
6880117942432959746,0.57,11,2020,89,6,1,0.0666666666666666,0.0111111111111111,0.0,0.0,1.0,0.0,0.0,0.0,0.0,0.0,0.0,0.0,0.0,0.0,0.0,0.0,1.0,0.0
6875699019520298242,0.56,14,2020,97,4,2,0.0408163265306122,0.0204081632653061,0.0,0.0,1.0,0.0,0.0,0.0,0.0,0.0,0.0,0.0,0.0,0.0,0.0,0.0,1.0,0.0
6875610422578351362,0.56,12,2020,85,3,1,0.0348837209302325,0.0116279069767441,0.0,0.0,1.0,0.0,0.0,0.0,0.0,0.0,0.0,0.0,0.0,0.0,0.0,0.0,1.0,0.0
6860766213992090886,0.56,13,2020,67,4,1,0.0588235294117647,0.0147058823529411,0.0,0.0,1.0,0.0,0.0,0.0,0.0,0.0,0.0,0.0,0.0,0.0,0.0,0.0,1.0,0.0
6834420537545084166,0.56,14,2020,69,8,4,0.1142857142857142,0.0571428571428571,0.0,0.0,1.0,0.0,0.0,0.0,0.0,0.0,0.0,0.0,0.0,0.0,0.0,0.0,1.0,0.0
6825975879940820230,0.56,9,2020,102,1,3,0.0097087378640776,0.029126213592233,0.0,0.0,1.0,0.0,0.0,0.0,0.0,0.0,0.0,0.0,0.0,0.0,0.0,0.0,1.0,0.0
6750983141873224966,0.56,10,2019,43,3,2,0.0681818181818181,0.0454545454545454,0.0,0.0,1.0,0.0,0.0,0.0,0.0,0.0,0.0,0.0,0.0,0.0,0.0,0.0,1.0,0.0
6739804771013774597,1.78,12,2019,131,5,2,0.0378787878787878,0.0151515151515151,0.0,0.0,1.0,0.0,0.0,0.0,0.0,0.0,0.0,0.0,0.0,0.0,0.0,0.0,1.0,0.0
7606360801234013462,0.56,9,2026,28,0,0,0.0,0.0,0.0,0.0,1.0,0.0,0.0,0.0,0.0,0.0,0.0,0.0,0.0,0.0,0.0,0.0,0.0,1.0
7603412461068291350,0.56,11,2026,0,0,0,0.0,0.0,0.0,0.0,1.0,0.0,0.0,0.0,0.0,0.0,0.0,0.0,0.0,0.0,0.0,0.0,0.0,1.0
7602968538319539478,0.56,10,2026,46,0,0,0.0,0.0,0.0,0.0,1.0,0.0,0.0,0.0,0.0,0.0,0.0,0.0,0.0,0.0,0.0,0.0,0.0,1.0
7594911702613773590,0.56,11,2026,36,0,0,0.0,0.0,0.0,0.0,1.0,0.0,0.0,0.0,0.0,0.0,0.0,0.0,0.0,0.0,0.0,0.0,0.0,1.0
7593727684606168342,0.56,9,2026,58,0,0,0.0,0.0,0.0,0.0,1.0,0.0,0.0,0.0,0.0,0.0,0.0,0.0,0.0,0.0,0.0,0.0,0.0,1.0
7593661214027156758,0.56,9,2026,33,0,0,0.0,0.0,0.0,0.0,1.0,0.0,0.0,0.0,0.0,0.0,0.0,0.0,0.0,0.0,0.0,0.0,0.0,1.0
7593403675297467651,0.56,7,2026,19,0,1,0.0,0.05,0.0,0.0,1.0,0.0,0.0,0.0,0.0,0.0,0.0,0.0,0.0,0.0,0.0,0.0,0.0,1.0
7592281951206133014,0.56,9,2026,28,0,0,0.0,0.0,0.0,0.0,1.0,0.0,0.0,0.0,0.0,0.0,0.0,0.0,0.0,0.0,0.0,0.0,0.0,1.0
7592263862284586263,0.56,13,2026,56,0,0,0.0,0.0,0.0,0.0,1.0,0.0,0.0,0.0,0.0,0.0,0.0,0.0,0.0,0.0,0.0,0.0,0.0,1.0
7590184087122660630,0.56,11,2026,21,0,2,0.0,0.0909090909090909,0.0,0.0,1.0,0.0,0.0,0.0,0.0,0.0,0.0,0.0,0.0,0.0,0.0,0.0,0.0,1.0
7587134900852100374,0.56,14,2025,71,0,4,0.0,0.0555555555555555,0.0,0.0,1.0,0.0,0.0,0.0,0.0,0.0,0.0,0.0,0.0,0.0,0.0,0.0,0.0,1.0
7587070120556580118,0.56,10,2025,64,0,0,0.0,0.0,0.0,0.0,1.0,0.0,0.0,0.0,0.0,0.0,0.0,0.0,0.0,0.0,0.0,0.0,0.0,1.0
7584105481719844118,0.56,13,2025,50,0,0,0.0,0.0,0.0,0.0,1.0,0.0,0.0,0.0,0.0,0.0,0.0,0.0,0.0,0.0,0.0,0.0,0.0,1.0
7583420207629225238,0.56,12,2025,39,0,0,0.0,0.0,0.0,0.0,1.0,0.0,0.0,0.0,0.0,0.0,0.0,0.0,0.0,0.0,0.0,0.0,0.0,1.0
7581507576219618582,0.56,9,2025,32,0,0,0.0,0.0,0.625,0.625,1.0,0.0,0.0,0.0,0.0,0.0,0.0,0.0,0.0,0.0,0.0,0.0,0.0,1.0
7580065942730738966,0.56,10,2025,37,2,0,0.0526315789473684,0.0,0.0,0.0,1.0,0.0,0.0,0.0,0.0,0.0,0.0,0.0,0.0,0.0,0.0,0.0,0.0,1.0
7579287270092459286,0.56,8,2025,35,0,2,0.0,0.0555555555555555,0.0,0.0,1.0,0.0,0.0,0.0,0.0,0.0,0.0,0.0,0.0,0.0,0.0,0.0,0.0,1.0
7577374333048196374,0.56,14,2025,47,0,0,0.0,0.0,0.0,0.0,1.0,0.0,0.0,0.0,0.0,0.0,0.0,0.0,0.0,0.0,0.0,0.0,0.0,1.0
7577096797580053782,0.56,10,2025,39,0,0,0.0,0.0,0.0,0.0,1.0,0.0,0.0,0.0,0.0,0.0,0.0,0.0,0.0,0.0,0.0,0.0,0.0,1.0
7577088828171734294,0.56,8,2025,49,0,1,0.0,0.02,0.0,0.0,1.0,0.0,0.0,0.0,0.0,0.0,0.0,0.0,0.0,0.0,0.0,0.0,0.0,1.0
7575170897451945238,0.56,8,2025,0,0,0,0.0,0.0,0.0,0.0,1.0,0.0,0.0,0.0,0.0,0.0,0.0,0.0,0.0,0.0,0.0,0.0,0.0,1.0
7575105754374458646,0.56,12,2025,22,0,2,0.0,0.0869565217391304,0.0,0.0,1.0,0.0,0.0,0.0,0.0,0.0,0.0,0.0,0.0,0.0,0.0,0.0,0.0,1.0
7574759080368114966,0.56,12,2025,62,2,1,0.0317460317460317,0.0158730158730158,0.0,0.0,1.0,0.0,0.0,0.0,0.0,0.0,0.0,0.0,0.0,0.0,0.0,0.0,0.0,1.0
7572605667299708182,0.56,8,2025,73,0,0,0.0,0.0,0.0,0.0,1.0,0.0,0.0,0.0,0.0,0.0,0.0,0.0,0.0,0.0,0.0,0.0,0.0,1.0
7571893908754451734,0.56,14,2025,43,2,0,0.0454545454545454,0.0,0.0,0.0,1.0,0.0,0.0,0.0,0.0,0.0,0.0,0.0,0.0,0.0,0.0,0.0,0.0,1.0
7571134268403895574,0.56,10,2025,166,0,9,0.0,0.0538922155688622,0.0,0.0,1.0,0.0,0.0,0.0,0.0,0.0,0.0,0.0,0.0,0.0,0.0,0.0,0.0,1.0
7566941841996647702,0.56,11,2025,43,0,0,0.0,0.0,0.0,0.0,1.0,0.0,0.0,0.0,0.0,0.0,0.0,0.0,0.0,0.0,0.0,0.0,0.0,1.0
7566313596351778070,0.56,6,2025,51,0,1,0.0,0.0192307692307692,0.0,0.0,1.0,0.0,0.0,0.0,0.0,0.0,0.0,0.0,0.0,0.0,0.0,0.0,0.0,1.0
7565953021411216662,0.56,9,2025,43,0,2,0.0,0.0454545454545454,0.0,0.0,1.0,0.0,0.0,0.0,0.0,0.0,0.0,0.0,0.0,0.0,0.0,0.0,0.0,1.0
7564069366606679318,0.56,8,2025,38,0,2,0.0,0.0512820512820512,0.0,0.0,1.0,0.0,0.0,0.0,0.0,0.0,0.0,0.0,0.0,0.0,0.0,0.0,0.0,1.0
7494193739187916054,0.56,7,2025,90,3,1,0.0329670329670329,0.0109890109890109,0.2,0.2,1.0,0.0,0.0,0.0,0.0,0.0,0.0,0.0,0.0,0.0,0.0,0.0,0.0,1.0
7493955664008498454,0.56,10,2025,100,6,3,0.0594059405940594,0.0297029702970297,0.0,0.0,1.0,0.0,0.0,0.0,0.0,0.0,0.0,0.0,0.0,0.0,0.0,0.0,0.0,1.0
7493248933460741378,0.56,13,2025,75,5,1,0.0657894736842105,0.0131578947368421,0.0,0.0,1.0,0.0,0.0,0.0,0.0,0.0,0.0,0.0,0.0,0.0,0.0,0.0,0.0,1.0
7485818484723567894,0.56,11,2025,92,3,1,0.032258064516129,0.010752688172043,0.0,0.0,1.0,0.0,0.0,0.0,0.0,0.0,0.0,0.0,0.0,0.0,0.0,0.0,0.0,1.0
7484305196332436758,0.56,7,2025,77,4,1,0.0512820512820512,0.0128205128205128,0.0,0.0,1.0,0.0,0.0,0.0,0.0,0.0,0.0,0.0,0.0,0.0,0.0,0.0,0.0,1.0
7483220883759303959,0.56,10,2025,80,5,0,0.0617283950617283,0.0,0.0,0.0,1.0,0.0,0.0,0.0,0.0,0.0,0.0,0.0,0.0,0.0,0.0,0.0,0.0,1.0
7482898265906646294,0.46,11,2025,105,3,1,0.0283018867924528,0.0094339622641509,0.0,0.0,1.0,0.0,0.0,0.0,0.0,0.0,0.0,0.0,0.0,0.0,0.0,0.0,0.0,1.0
7480938335133863190,0.56,7,2025,69,3,0,0.0428571428571428,0.0,0.0,0.0,1.0,0.0,0.0,0.0,0.0,0.0,0.0,0.0,0.0,0.0,0.0,0.0,0.0,1.0
7480244111207976214,0.56,6,2025,78,5,2,0.0632911392405063,0.0253164556962025,0.0,0.0,1.0,0.0,0.0,0.0,0.0,0.0,0.0,0.0,0.0,0.0,0.0,0.0,0.0,1.0
7476157177149803798,0.56,9,2025,78,0,2,0.0,0.0253164556962025,0.0,0.0,1.0,0.0,0.0,0.0,0.0,0.0,0.0,0.0,0.0,0.0,0.0,0.0,0.0,1.0
7463500754318347542,0.56,13,2025,52,0,3,0.0,0.0566037735849056,0.0,0.0,1.0,0.0,0.0,0.0,0.0,0.0,0.0,0.0,0.0,0.0,0.0,0.0,0.0,1.0
7459503727737687318,0.56,9,2025,89,5,3,0.0555555555555555,0.0333333333333333,0.0,0.0,1.0,0.0,0.0,0.0,0.0,0.0,0.0,0.0,0.0,0.0,0.0,0.0,0.0,1.0
7458336545490193686,0.56,14,2025,73,5,2,0.0675675675675675,0.027027027027027,0.1363636363636363,0.1363636363636363,1.0,0.0,0.0,0.0,0.0,0.0,0.0,0.0,0.0,0.0,0.0,0.0,0.0,1.0
7451599218545970454,0.56,12,2024,64,0,3,0.0,0.0461538461538461,0.0,0.0,1.0,0.0,0.0,0.0,0.0,0.0,0.0,0.0,0.0,0.0,0.0,0.0,0.0,1.0
7429021024517229857,0.56,12,2024,93,2,2,0.0212765957446808,0.0212765957446808,0.0,0.0,1.0,0.0,0.0,0.0,0.0,0.0,0.0,0.0,0.0,0.0,0.0,0.0,0.0,1.0
7421927684965502240,0.56,6,2024,49,2,3,0.04,0.06,0.0,0.0,1.0,0.0,0.0,0.0,0.0,0.0,0.0,0.0,0.0,0.0,0.0,0.0,0.0,1.0
7421838132624002336,0.56,8,2024,64,2,2,0.0307692307692307,0.0307692307692307,0.0,0.0,1.0,0.0,0.0,0.0,0.0,0.0,0.0,0.0,0.0,0.0,0.0,0.0,0.0,1.0
7418230327207939360,0.56,10,2024,29,2,2,0.0666666666666666,0.0666666666666666,0.0,0.0,1.0,0.0,0.0,0.0,0.0,0.0,0.0,0.0,0.0,0.0,0.0,0.0,0.0,1.0
7348413567797841185,0.56,7,2024,94,4,1,0.0421052631578947,0.0105263157894736,0.0,0.0,1.0,0.0,0.0,0.0,0.0,0.0,0.0,0.0,0.0,0.0,0.0,0.0,0.0,1.0
7345515480288922912,0.56,10,2024,92,7,2,0.075268817204301,0.021505376344086,0.0,0.0,1.0,0.0,0.0,0.0,0.0,0.0,0.0,0.0,0.0,0.0,0.0,0.0,0.0,1.0
7345144791094660384,0.56,11,2024,87,6,1,0.0681818181818181,0.0113636363636363,0.0,0.0,1.0,0.0,0.0,0.0,0.0,0.0,0.0,0.0,0.0,0.0,0.0,0.0,0.0,1.0
7342536344561896737,0.56,8,2024,93,5,1,0.0531914893617021,0.0106382978723404,0.0,0.0,1.0,0.0,0.0,0.0,0.0,0.0,0.0,0.0,0.0,0.0,0.0,0.0,0.0,1.0
7340684346040290593,0.56,9,2024,92,5,1,0.053763440860215,0.010752688172043,0.0,0.0,1.0,0.0,0.0,0.0,0.0,0.0,0.0,0.0,0.0,0.0,0.0,0.0,0.0,1.0
7338070752501026081,0.56,12,2024,80,5,0,0.0617283950617283,0.0,-0.2916666666666667,0.2916666666666667,1.0,0.0,0.0,0.0,0.0,0.0,0.0,0.0,0.0,0.0,0.0,0.0,0.0,1.0
7329560864518901024,0.56,12,2024,0,0,0,0.0,0.0,0.0,0.0,1.0,0.0,0.0,0.0,0.0,0.0,0.0,0.0,0.0,0.0,0.0,0.0,0.0,1.0
7327333280297127201,0.56,6,2024,108,4,0,0.036697247706422,0.0,0.0,0.0,1.0,0.0,0.0,0.0,0.0,0.0,0.0,0.0,0.0,0.0,0.0,0.0,0.0,1.0
7324741085438397729,0.56,12,2024,81,6,2,0.073170731707317,0.024390243902439,0.0,0.0,1.0,0.0,0.0,0.0,0.0,0.0,0.0,0.0,0.0,0.0,0.0,0.0,0.0,1.0
7319902152686718241,0.56,11,2024,102,6,1,0.058252427184466,0.0097087378640776,0.0,0.0,1.0,0.0,0.0,0.0,0.0,0.0,0.0,0.0,0.0,0.0,0.0,0.0,0.0,1.0
7312851563037330721,0.56,8,2023,119,3,0,0.025,0.0,0.0,0.0,1.0,0.0,0.0,0.0,0.0,0.0,0.0,0.0,0.0,0.0,0.0,0.0,0.0,1.0
7302473271067397409,0.56,9,2023,39,0,1,0.0,0.025,0.0,0.0,1.0,0.0,0.0,0.0,0.0,0.0,0.0,0.0,0.0,0.0,0.0,0.0,0.0,1.0
7301350531325365537,0.56,11,2023,67,3,1,0.0441176470588235,0.0147058823529411,0.0,0.0,1.0,0.0,0.0,0.0,0.0,0.0,0.0,0.0,0.0,0.0,0.0,0.0,0.0,1.0
7298393830204640545,0.56,11,2023,81,4,0,0.048780487804878,0.0,0.0,0.0,1.0,0.0,0.0,0.0,0.0,0.0,0.0,0.0,0.0,0.0,0.0,0.0,0.0,1.0
7296889866002910497,0.56,7,2023,79,4,3,0.05,0.0375,0.0,0.0,1.0,0.0,0.0,0.0,0.0,0.0,0.0,0.0,0.0,0.0,0.0,0.0,0.0,1.0
7296154996683410720,0.56,14,2023,55,3,0,0.0535714285714285,0.0,0.0,0.0,1.0,0.0,0.0,0.0,0.0,0.0,0.0,0.0,0.0,0.0,0.0,0.0,0.0,1.0
7294659855434911008,0.87,8,2023,99,5,1,0.05,0.01,0.0,0.0,1.0,0.0,0.0,0.0,0.0,0.0,0.0,0.0,0.0,0.0,0.0,0.0,0.0,1.0
7294284376454532384,0.56,10,2023,106,5,1,0.0467289719626168,0.0093457943925233,0.0,0.0,1.0,0.0,0.0,0.0,0.0,0.0,0.0,0.0,0.0,0.0,0.0,0.0,0.0,1.0
7293541624359996704,0.56,8,2023,80,4,4,0.0493827160493827,0.0493827160493827,0.1363636363636363,0.1363636363636363,1.0,0.0,0.0,0.0,0.0,0.0,0.0,0.0,0.0,0.0,0.0,0.0,0.0,1.0
7293173989143366945,0.56,6,2023,69,4,0,0.0571428571428571,0.0,0.0,0.0,1.0,0.0,0.0,0.0,0.0,0.0,0.0,0.0,0.0,0.0,0.0,0.0,0.0,1.0
7291678102948810016,0.56,9,2023,76,3,0,0.0389610389610389,0.0,0.25,0.25,1.0,0.0,0.0,0.0,0.0,0.0,0.0,0.0,0.0,0.0,0.0,0.0,0.0,1.0
7290947930108857633,0.56,7,2023,37,4,3,0.1052631578947368,0.0789473684210526,0.0,0.0,1.0,0.0,0.0,0.0,0.0,0.0,0.0,0.0,0.0,0.0,0.0,0.0,0.0,1.0
7287983702959869217,0.56,12,2023,69,3,0,0.0428571428571428,0.0,0.0,0.0,1.0,0.0,0.0,0.0,0.0,0.0,0.0,0.0,0.0,0.0,0.0,0.0,0.0,1.0
7286863155026808096,0.56,13,2023,67,5,0,0.0735294117647058,0.0,0.0,0.0,1.0,0.0,0.0,0.0,0.0,0.0,0.0,0.0,0.0,0.0,0.0,0.0,0.0,1.0
7278768931857354016,0.56,11,2023,32,0,2,0.0,0.0606060606060606,0.0,0.0,1.0,0.0,0.0,0.0,0.0,0.0,0.0,0.0,0.0,0.0,0.0,0.0,0.0,1.0
7264884699636469025,0.56,12,2023,71,3,1,0.0416666666666666,0.0138888888888888,0.0,0.0,1.0,0.0,0.0,0.0,0.0,0.0,0.0,0.0,0.0,0.0,0.0,0.0,0.0,1.0
7262465807949647136,0.56,7,2023,23,1,4,0.0416666666666666,0.1666666666666666,0.0,0.0,1.0,0.0,0.0,0.0,0.0,0.0,0.0,0.0,0.0,0.0,0.0,0.0,0.0,1.0
7239729661788359962,0.56,11,2023,66,4,1,0.0597014925373134,0.0149253731343283,0.0,0.0,1.0,0.0,0.0,0.0,0.0,0.0,0.0,0.0,0.0,0.0,0.0,0.0,0.0,1.0
7228976565445512475,0.56,8,2023,71,6,1,0.0833333333333333,0.0138888888888888,0.0,0.0,1.0,0.0,0.0,0.0,0.0,0.0,0.0,0.0,0.0,0.0,0.0,0.0,0.0,1.0
7221177538855423258,0.56,6,2023,88,6,0,0.0674157303370786,0.0,0.0,0.0,1.0,0.0,0.0,0.0,0.0,0.0,0.0,0.0,0.0,0.0,0.0,0.0,0.0,1.0
7216365794093976838,0.56,9,2023,62,5,0,0.0793650793650793,0.0,0.0,0.0,1.0,0.0,0.0,0.0,0.0,0.0,0.0,0.0,0.0,0.0,0.0,0.0,0.0,1.0
7215252214514715909,0.56,8,2023,87,5,0,0.0568181818181818,0.0,0.0,0.0,1.0,0.0,0.0,0.0,0.0,0.0,0.0,0.0,0.0,0.0,0.0,0.0,0.0,1.0
7210817231368785158,0.56,11,2023,83,6,0,0.0714285714285714,0.0,0.0,0.0,1.0,0.0,0.0,0.0,0.0,0.0,0.0,0.0,0.0,0.0,0.0,0.0,0.0,1.0
7210074063765638406,0.56,9,2023,97,5,3,0.0510204081632653,0.0306122448979591,0.0,0.0,1.0,0.0,0.0,0.0,0.0,0.0,0.0,0.0,0.0,0.0,0.0,0.0,0.0,1.0
7208952610336820485,0.56,7,2023,94,5,2,0.0526315789473684,0.0210526315789473,0.0,0.0,1.0,0.0,0.0,0.0,0.0,0.0,0.0,0.0,0.0,0.0,0.0,0.0,0.0,1.0
7207842110316268805,0.56,6,2023,101,4,0,0.0392156862745098,0.0,0.0,0.0,1.0,0.0,0.0,0.0,0.0,0.0,0.0,0.0,0.0,0.0,0.0,0.0,0.0,1.0
7204874673367125254,0.56,14,2023,116,4,2,0.0341880341880341,0.017094017094017,0.0,0.0,1.0,0.0,0.0,0.0,0.0,0.0,0.0,0.0,0.0,0.0,0.0,0.0,0.0,1.0
7204395621468392709,0.56,12,2023,5,0,5,0.0,0.8333333333333334,0.0,0.0,1.0,0.0,0.0,0.0,0.0,0.0,0.0,0.0,0.0,0.0,0.0,0.0,0.0,1.0
7203763760538897669,0.56,13,2023,116,4,2,0.0341880341880341,0.017094017094017,0.0,0.0,1.0,0.0,0.0,0.0,0.0,0.0,0.0,0.0,0.0,0.0,0.0,0.0,0.0,1.0
7203019203857665286,0.56,6,2023,92,2,1,0.021505376344086,0.010752688172043,0.0,0.0,1.0,0.0,0.0,0.0,0.0,0.0,0.0,0.0,0.0,0.0,0.0,0.0,0.0,1.0
7202277032938540294,0.56,8,2023,104,4,1,0.0380952380952381,0.0095238095238095,0.0,0.0,1.0,0.0,0.0,0.0,0.0,0.0,0.0,0.0,0.0,0.0,0.0,0.0,0.0,1.0
7199677935949778181,0.56,10,2023,104,5,1,0.0476190476190476,0.0095238095238095,0.0,0.0,1.0,0.0,0.0,0.0,0.0,0.0,0.0,0.0,0.0,0.0,0.0,0.0,0.0,1.0
7198558888940113158,0.56,14,2023,71,5,0,0.0694444444444444,0.0,0.0,0.0,1.0,0.0,0.0,0.0,0.0,0.0,0.0,0.0,0.0,0.0,0.0,0.0,0.0,1.0
7198194674354457861,0.56,10,2023,22,3,0,0.1304347826086956,0.0,0.0,0.0,1.0,0.0,0.0,0.0,0.0,0.0,0.0,0.0,0.0,0.0,0.0,0.0,0.0,1.0
7197080264625966341,0.56,7,2023,106,7,2,0.0654205607476635,0.0186915887850467,0.0,0.0,1.0,0.0,0.0,0.0,0.0,0.0,0.0,0.0,0.0,0.0,0.0,0.0,0.0,1.0
7194859372227480838,0.56,6,2023,87,6,1,0.0681818181818181,0.0113636363636363,0.2,0.2,1.0,0.0,0.0,0.0,0.0,0.0,0.0,0.0,0.0,0.0,0.0,0.0,0.0,1.0
7192617192850984198,0.56,6,2023,84,6,3,0.0705882352941176,0.0352941176470588,0.0,0.0,1.0,0.0,0.0,0.0,0.0,0.0,0.0,0.0,0.0,0.0,0.0,0.0,0.0,1.0
7190456972418862342,0.56,8,2023,79,7,2,0.0875,0.025,0.0,0.0,1.0,0.0,0.0,0.0,0.0,0.0,0.0,0.0,0.0,0.0,0.0,0.0,0.0,1.0
7188189006851575046,0.56,7,2023,126,6,2,0.0472440944881889,0.0157480314960629,0.0,0.0,1.0,0.0,0.0,0.0,0.0,0.0,0.0,0.0,0.0,0.0,0.0,0.0,0.0,1.0
7187436390131453190,0.51,12,2023,98,6,0,0.0606060606060606,0.0,0.0,0.0,1.0,0.0,0.0,0.0,0.0,0.0,0.0,0.0,0.0,0.0,0.0,0.0,0.0,1.0
7184459390143974662,0.56,10,2023,66,6,0,0.0895522388059701,0.0,0.0,0.0,1.0,0.0,0.0,0.0,0.0,0.0,0.0,0.0,0.0,0.0,0.0,0.0,0.0,1.0
7183477138249485594,0.56,10,2023,66,7,1,0.1044776119402985,0.0149253731343283,0.4681818181818182,0.4681818181818182,1.0,0.0,0.0,0.0,0.0,0.0,0.0,0.0,0.0,0.0,0.0,0.0,0.0,1.0
7182978974253944069,0.56,10,2022,99,7,1,0.07,0.01,0.0,0.0,1.0,0.0,0.0,0.0,0.0,0.0,0.0,0.0,0.0,0.0,0.0,0.0,0.0,1.0
7177417414542429445,0.56,6,2022,90,4,2,0.0439560439560439,0.0219780219780219,0.0,0.0,1.0,0.0,0.0,0.0,0.0,0.0,0.0,0.0,0.0,0.0,0.0,0.0,0.0,1.0
7173695147639655686,0.56,14,2022,71,4,1,0.0555555555555555,0.0138888888888888,0.0,0.0,1.0,0.0,0.0,0.0,0.0,0.0,0.0,0.0,0.0,0.0,0.0,0.0,0.0,1.0
7172507378498260229,0.56,10,2022,22,1,0,0.0434782608695652,0.0,0.0,0.0,1.0,0.0,0.0,0.0,0.0,0.0,0.0,0.0,0.0,0.0,0.0,0.0,0.0,1.0
7170730138965970181,0.56,14,2022,87,4,2,0.0454545454545454,0.0227272727272727,0.0,0.0,1.0,0.0,0.0,0.0,0.0,0.0,0.0,0.0,0.0,0.0,0.0,0.0,0.0,1.0
7168935772777614597,0.56,8,2022,71,3,3,0.0416666666666666,0.0416666666666666,0.0,0.0,1.0,0.0,0.0,0.0,0.0,0.0,0.0,0.0,0.0,0.0,0.0,0.0,0.0,1.0
7165165100075093253,0.56,12,2022,8,0,8,0.0,0.8888888888888888,0.0,0.0,1.0,0.0,0.0,0.0,0.0,0.0,0.0,0.0,0.0,0.0,0.0,0.0,0.0,1.0
7162123924233358598,0.56,8,2022,44,0,2,0.0,0.0444444444444444,0.0,0.0,1.0,0.0,0.0,0.0,0.0,0.0,0.0,0.0,0.0,0.0,0.0,0.0,0.0,1.0
7150676745937587462,0.56,13,2022,83,3,4,0.0357142857142857,0.0476190476190476,0.5,0.5,1.0,0.0,0.0,0.0,0.0,0.0,0.0,0.0,0.0,0.0,0.0,0.0,0.0,1.0
7145110811000835333,0.56,7,2022,27,0,0,0.0,0.0,0.0,0.0,1.0,0.0,0.0,0.0,0.0,0.0,0.0,0.0,0.0,0.0,0.0,0.0,0.0,1.0
7142874586755976454,0.56,11,2022,45,0,2,0.0,0.0434782608695652,0.0,0.0,1.0,0.0,0.0,0.0,0.0,0.0,0.0,0.0,0.0,0.0,0.0,0.0,0.0,1.0
7141029212244233478,0.56,11,2022,64,4,3,0.0615384615384615,0.0461538461538461,0.0,0.0,1.0,0.0,0.0,0.0,0.0,0.0,0.0,0.0,0.0,0.0,0.0,0.0,0.0,1.0
7125076892729756933,0.56,14,2022,61,4,2,0.064516129032258,0.032258064516129,0.0,0.0,1.0,0.0,0.0,0.0,0.0,0.0,0.0,0.0,0.0,0.0,0.0,0.0,0.0,1.0
7122480993948159238,0.56,12,2022,85,5,1,0.0581395348837209,0.0116279069767441,0.0,0.0,1.0,0.0,0.0,0.0,0.0,0.0,0.0,0.0,0.0,0.0,0.0,0.0,0.0,1.0
7095777172513721605,0.56,6,2022,55,4,0,0.0714285714285714,0.0,0.0,0.0,1.0,0.0,0.0,0.0,0.0,0.0,0.0,0.0,0.0,0.0,0.0,0.0,0.0,1.0
7094187420819803398,0.56,11,2022,68,4,0,0.0579710144927536,0.0,0.0,0.0,1.0,0.0,0.0,0.0,0.0,0.0,0.0,0.0,0.0,0.0,0.0,0.0,0.0,1.0
7093581650163944709,0.56,8,2022,79,4,1,0.05,0.0125,0.0,0.0,1.0,0.0,0.0,0.0,0.0,0.0,0.0,0.0,0.0,0.0,0.0,0.0,0.0,1.0
7090931568486763781,0.56,13,2022,92,7,0,0.075268817204301,0.0,0.0,0.0,1.0,0.0,0.0,0.0,0.0,0.0,0.0,0.0,0.0,0.0,0.0,0.0,0.0,1.0
7083155569812589829,0.57,11,2022,131,8,0,0.0606060606060606,0.0,0.3333333333333333,0.3333333333333333,1.0,0.0,0.0,0.0,0.0,0.0,0.0,0.0,0.0,0.0,0.0,0.0,0.0,1.0
7082286078417259782,0.56,6,2022,103,9,1,0.0865384615384615,0.0096153846153846,0.6,0.6,1.0,0.0,0.0,0.0,0.0,0.0,0.0,0.0,0.0,0.0,0.0,0.0,0.0,1.0
7078325137698770181,0.56,10,2022,96,8,1,0.0824742268041237,0.0103092783505154,0.0,0.0,1.0,0.0,0.0,0.0,0.0,0.0,0.0,0.0,0.0,0.0,0.0,0.0,0.0,1.0
7076526059344104709,0.56,6,2022,103,7,1,0.0673076923076923,0.0096153846153846,0.0,0.0,1.0,0.0,0.0,0.0,0.0,0.0,0.0,0.0,0.0,0.0,0.0,0.0,0.0,1.0
7075734573933530373,0.56,7,2022,48,3,1,0.0612244897959183,0.0204081632653061,0.0,0.0,1.0,0.0,0.0,0.0,0.0,0.0,0.0,0.0,0.0,0.0,0.0,0.0,0.0,1.0
7073511726888635653,0.56,14,2022,87,7,0,0.0795454545454545,0.0,0.0,0.0,1.0,0.0,0.0,0.0,0.0,0.0,0.0,0.0,0.0,0.0,0.0,0.0,0.0,1.0
7073146702995279110,0.56,12,2022,145,7,1,0.047945205479452,0.0068493150684931,0.0,0.0,1.0,0.0,0.0,0.0,0.0,0.0,0.0,0.0,0.0,0.0,0.0,0.0,0.0,1.0
7069799098576112901,0.56,10,2022,60,4,0,0.0655737704918032,0.0,0.0,0.0,1.0,0.0,0.0,0.0,0.0,0.0,0.0,0.0,0.0,0.0,0.0,0.0,0.0,1.0
7068682786437139718,0.56,11,2022,150,8,0,0.0529801324503311,0.0,0.0,0.0,1.0,0.0,0.0,0.0,0.0,0.0,0.0,0.0,0.0,0.0,0.0,0.0,0.0,1.0
7068298283386506502,0.56,7,2022,107,9,1,0.0833333333333333,0.0092592592592592,0.0,0.0,1.0,0.0,0.0,0.0,0.0,0.0,0.0,0.0,0.0,0.0,0.0,0.0,0.0,1.0
7065713702833638662,0.56,13,2022,84,8,1,0.0941176470588235,0.0117647058823529,0.0,0.0,1.0,0.0,0.0,0.0,0.0,0.0,0.0,0.0,0.0,0.0,0.0,0.0,0.0,1.0
7063127157068844294,0.56,13,2022,112,9,1,0.079646017699115,0.0088495575221238,1.0,1.0,1.0,0.0,0.0,0.0,0.0,0.0,0.0,0.0,0.0,0.0,0.0,0.0,0.0,1.0
7062740749992971526,0.56,10,2022,125,9,2,0.0714285714285714,0.0158730158730158,0.0,0.0,1.0,0.0,0.0,0.0,0.0,0.0,0.0,0.0,0.0,0.0,0.0,0.0,0.0,1.0
7061974363939261701,0.56,14,2022,106,9,2,0.0841121495327102,0.0186915887850467,0.0,0.0,1.0,0.0,0.0,0.0,0.0,0.0,0.0,0.0,0.0,0.0,0.0,0.0,0.0,1.0
7059302103713402117,0.56,13,2022,61,3,2,0.0483870967741935,0.032258064516129,0.0,0.0,1.0,0.0,0.0,0.0,0.0,0.0,0.0,0.0,0.0,0.0,0.0,0.0,0.0,1.0
7058313871718714629,0.56,9,2022,88,7,2,0.0786516853932584,0.0224719101123595,0.0,0.0,1.0,0.0,0.0,0.0,0.0,0.0,0.0,0.0,0.0,0.0,0.0,0.0,0.0,1.0
7057548200625917190,0.56,11,2022,101,8,0,0.0784313725490196,0.0,1.0,1.0,1.0,0.0,0.0,0.0,0.0,0.0,0.0,0.0,0.0,0.0,0.0,0.0,0.0,1.0
7057200753470950661,0.56,6,2022,79,7,1,0.0875,0.0125,0.5,0.5,1.0,0.0,0.0,0.0,0.0,0.0,0.0,0.0,0.0,0.0,0.0,0.0,0.0,1.0
7055610539749199109,0.56,10,2022,97,8,2,0.0816326530612244,0.0204081632653061,0.2,0.2,1.0,0.0,0.0,0.0,0.0,0.0,0.0,0.0,0.0,0.0,0.0,0.0,0.0,1.0
7054582233989958917,0.56,11,2022,113,8,3,0.0701754385964912,0.0263157894736842,0.0,0.0,1.0,0.0,0.0,0.0,0.0,0.0,0.0,0.0,0.0,0.0,0.0,0.0,0.0,1.0
7054222416247000325,0.56,7,2022,87,7,3,0.0795454545454545,0.034090909090909,0.0,0.0,1.0,0.0,0.0,0.0,0.0,0.0,0.0,0.0,0.0,0.0,0.0,0.0,0.0,1.0
7051571825989422342,0.56,8,2022,79,4,1,0.05,0.0125,1.0,1.0,1.0,0.0,0.0,0.0,0.0,0.0,0.0,0.0,0.0,0.0,0.0,0.0,0.0,1.0
7046370407758286085,0.56,9,2021,92,7,2,0.075268817204301,0.021505376344086,0.0,0.0,1.0,0.0,0.0,0.0,0.0,0.0,0.0,0.0,0.0,0.0,0.0,0.0,0.0,1.0
7043834307458141446,0.56,12,2021,92,6,2,0.064516129032258,0.021505376344086,0.0,0.0,1.0,0.0,0.0,0.0,0.0,0.0,0.0,0.0,0.0,0.0,0.0,0.0,0.0,1.0
7043009038623329541,0.56,8,2021,73,4,1,0.054054054054054,0.0135135135135135,0.2,0.2,1.0,0.0,0.0,0.0,0.0,0.0,0.0,0.0,0.0,0.0,0.0,0.0,0.0,1.0
7042347189179403525,0.56,10,2021,78,7,2,0.0886075949367088,0.0253164556962025,0.0,0.0,1.0,0.0,0.0,0.0,0.0,0.0,0.0,0.0,0.0,0.0,0.0,0.0,0.0,1.0
7041969079246245126,0.56,9,2021,77,7,2,0.0897435897435897,0.0256410256410256,0.5,0.5,1.0,0.0,0.0,0.0,0.0,0.0,0.0,0.0,0.0,0.0,0.0,0.0,0.0,1.0
7041603482742230278,0.56,13,2021,90,7,2,0.0769230769230769,0.0219780219780219,0.0,0.0,1.0,0.0,0.0,0.0,0.0,0.0,0.0,0.0,0.0,0.0,0.0,0.0,0.0,1.0
7040105390410960133,0.56,10,2021,86,7,2,0.0804597701149425,0.0229885057471264,0.0,0.0,1.0,0.0,0.0,0.0,0.0,0.0,0.0,0.0,0.0,0.0,0.0,0.0,0.0,1.0
7039780337739730181,0.56,8,2021,120,7,1,0.0578512396694214,0.0082644628099173,0.0,0.0,1.0,0.0,0.0,0.0,0.0,0.0,0.0,0.0,0.0,0.0,0.0,0.0,0.0,1.0
7038638363686997254,0.56,12,2021,53,4,3,0.074074074074074,0.0555555555555555,0.0,0.0,1.0,0.0,0.0,0.0,0.0,0.0,0.0,0.0,0.0,0.0,0.0,0.0,0.0,1.0
7037974894553894150,0.56,9,2021,45,0,4,0.0,0.0869565217391304,0.0,0.0,1.0,0.0,0.0,0.0,0.0,0.0,0.0,0.0,0.0,0.0,0.0,0.0,0.0,1.0
7037757089799818502,0.56,11,2021,52,0,1,0.0,0.0188679245283018,0.0,0.0,1.0,0.0,0.0,0.0,0.0,0.0,0.0,0.0,0.0,0.0,0.0,0.0,0.0,1.0
7037532518978964741,0.56,13,2021,54,3,3,0.0545454545454545,0.0545454545454545,1.0,1.0,1.0,0.0,0.0,0.0,0.0,0.0,0.0,0.0,0.0,0.0,0.0,0.0,0.0,1.0
7036807584111709445,0.56,11,2021,52,4,4,0.0754716981132075,0.0754716981132075,0.0,0.0,1.0,0.0,0.0,0.0,0.0,0.0,0.0,0.0,0.0,0.0,0.0,0.0,0.0,1.0
7028978217117682949,0.56,9,2021,85,3,6,0.0348837209302325,0.0697674418604651,0.25,0.25,1.0,0.0,0.0,0.0,0.0,0.0,0.0,0.0,0.0,0.0,0.0,0.0,0.0,1.0
7026756047805205766,0.56,10,2021,42,0,2,0.0,0.0465116279069767,0.25,0.25,1.0,0.0,0.0,0.0,0.0,0.0,0.0,0.0,0.0,0.0,0.0,0.0,0.0,1.0
7025927416061250821,0.56,14,2021,44,3,2,0.0666666666666666,0.0444444444444444,0.0,0.0,1.0,0.0,0.0,0.0,0.0,0.0,0.0,0.0,0.0,0.0,0.0,0.0,0.0,1.0
7020800251950927109,0.56,7,2021,88,4,2,0.0449438202247191,0.0224719101123595,0.0,0.0,1.0,0.0,0.0,0.0,0.0,0.0,0.0,0.0,0.0,0.0,0.0,0.0,0.0,1.0
7018826174767942918,0.56,9,2021,19,2,1,0.1,0.05,0.0,0.0,1.0,0.0,0.0,0.0,0.0,0.0,0.0,0.0,0.0,0.0,0.0,0.0,0.0,1.0
7018383080205356293,0.56,9,2021,66,2,0,0.0298507462686567,0.0,0.0,0.0,1.0,0.0,0.0,0.0,0.0,0.0,0.0,0.0,0.0,0.0,0.0,0.0,0.0,1.0
7001054542804667653,0.56,11,2021,50,3,1,0.0588235294117647,0.0196078431372549,0.0,0.0,1.0,0.0,0.0,0.0,0.0,0.0,0.0,0.0,0.0,0.0,0.0,0.0,0.0,1.0
6943540424141491461,0.56,10,2021,37,3,1,0.0789473684210526,0.0263157894736842,1.0,1.0,1.0,0.0,0.0,0.0,0.0,0.0,0.0,0.0,0.0,0.0,0.0,0.0,0.0,1.0
6935817751898426629,0.56,6,2021,54,4,0,0.0727272727272727,0.0,0.0,0.0,1.0,0.0,0.0,0.0,0.0,0.0,0.0,0.0,0.0,0.0,0.0,0.0,0.0,1.0
6927665892457237765,0.56,13,2021,58,4,1,0.0677966101694915,0.0169491525423728,0.0,0.0,1.0,0.0,0.0,0.0,0.0,0.0,0.0,0.0,0.0,0.0,0.0,0.0,0.0,1.0
6796364077095472389,0.56,10,2020,49,6,0,0.12,0.0,0.3,0.3,1.0,0.0,0.0,0.0,0.0,0.0,0.0,0.0,0.0,0.0,0.0,0.0,0.0,1.0
6796363351816555782,0.56,11,2020,44,5,0,0.1111111111111111,0.0,0.0,0.0,1.0,0.0,0.0,0.0,0.0,0.0,0.0,0.0,0.0,0.0,0.0,0.0,0.0,1.0
6795606002222796037,0.56,9,2020,81,8,1,0.0975609756097561,0.0121951219512195,0.0,0.0,1.0,0.0,0.0,0.0,0.0,0.0,0.0,0.0,0.0,0.0,0.0,0.0,0.0,1.0
6794470373212589317,0.56,8,2020,39,5,0,0.125,0.0,0.25,0.25,1.0,0.0,0.0,0.0,0.0,0.0,0.0,0.0,0.0,0.0,0.0,0.0,0.0,1.0
6793765694619143430,0.56,6,2020,34,4,0,0.1142857142857142,0.0,0.0,0.0,1.0,0.0,0.0,0.0,0.0,0.0,0.0,0.0,0.0,0.0,0.0,0.0,0.0,1.0
6793347939294072069,0.56,11,2020,107,8,1,0.074074074074074,0.0092592592592592,0.0,0.0,1.0,0.0,0.0,0.0,0.0,0.0,0.0,0.0,0.0,0.0,0.0,0.0,0.0,1.0
6792133610360065285,0.57,12,2020,89,7,1,0.0777777777777777,0.0111111111111111,0.0,0.0,1.0,0.0,0.0,0.0,0.0,0.0,0.0,0.0,0.0,0.0,0.0,0.0,0.0,1.0
6792131260543225094,0.55,12,2020,99,10,1,0.1,0.01,0.0,0.0,1.0,0.0,0.0,0.0,0.0,0.0,0.0,0.0,0.0,0.0,0.0,0.0,0.0,1.0
7597437745258073400,0.56,13,2026,63,3,2,0.046875,0.03125,0.0,0.0,1.0,0.0,0.0,0.0,0.0,0.0,0.0,1.0,0.0,0.0,0.0,0.0,0.0,0.0
7595900789546044684,0.56,14,2026,60,3,0,0.0491803278688524,0.0,0.0,0.0,1.0,0.0,0.0,0.0,0.0,0.0,0.0,1.0,0.0,0.0,0.0,0.0,0.0,0.0
7593820955810598156,0.56,13,2026,55,2,2,0.0357142857142857,0.0357142857142857,0.0,0.0,1.0,0.0,0.0,0.0,0.0,0.0,0.0,1.0,0.0,0.0,0.0,0.0,0.0,0.0
7593673061476420920,0.56,12,2026,59,3,1,0.05,0.0166666666666666,0.0,0.0,1.0,0.0,0.0,0.0,0.0,0.0,0.0,1.0,0.0,0.0,0.0,0.0,0.0,0.0
7586689516153343288,0.56,12,2025,81,3,1,0.0365853658536585,0.0121951219512195,0.0,0.0,1.0,0.0,0.0,0.0,0.0,0.0,0.0,1.0,0.0,0.0,0.0,0.0,0.0,0.0
7584927758497697035,1.33,12,2025,18,0,2,0.0,0.1052631578947368,0.0,0.0,1.0,0.0,0.0,0.0,0.0,0.0,0.0,1.0,0.0,0.0,0.0,0.0,0.0,0.0
7580037763580415244,0.57,6,2025,81,3,1,0.0365853658536585,0.0121951219512195,0.0,0.0,1.0,0.0,0.0,0.0,0.0,0.0,0.0,1.0,0.0,0.0,0.0,0.0,0.0,0.0
7578641094464867595,0.56,11,2025,52,3,1,0.0566037735849056,0.0188679245283018,0.0,0.0,1.0,0.0,0.0,0.0,0.0,0.0,0.0,1.0,0.0,0.0,0.0,0.0,0.0,0.0
7577087400501857592,0.56,12,2025,113,3,1,0.0263157894736842,0.0087719298245614,0.0,0.0,1.0,0.0,0.0,0.0,0.0,0.0,0.0,1.0,0.0,0.0,0.0,0.0,0.0,0.0
7575902535349816588,0.56,10,2025,52,3,1,0.0566037735849056,0.0188679245283018,0.0,0.0,1.0,0.0,0.0,0.0,0.0,0.0,0.0,1.0,0.0,0.0,0.0,0.0,0.0,0.0
7570044496004533516,0.56,12,2025,210,0,1,0.0,0.0047393364928909,0.0,0.0,1.0,0.0,0.0,0.0,0.0,0.0,0.0,1.0,0.0,0.0,0.0,0.0,0.0,0.0
7569526874024512780,0.56,13,2025,94,4,1,0.0421052631578947,0.0105263157894736,0.0,0.0,1.0,0.0,0.0,0.0,0.0,0.0,0.0,1.0,0.0,0.0,0.0,0.0,0.0,0.0
7565955844764863755,0.56,13,2025,60,4,0,0.0655737704918032,0.0,0.2,0.2,1.0,0.0,0.0,0.0,0.0,0.0,0.0,1.0,0.0,0.0,0.0,0.0,0.0,0.0
7559134249731853579,0.56,7,2025,57,3,1,0.0517241379310344,0.0172413793103448,0.0,0.0,1.0,0.0,0.0,0.0,0.0,0.0,0.0,1.0,0.0,0.0,0.0,0.0,0.0,0.0
7553173878785297720,0.56,10,2025,117,3,0,0.0254237288135593,0.0,0.0,0.0,1.0,0.0,0.0,0.0,0.0,0.0,0.0,1.0,0.0,0.0,0.0,0.0,0.0,0.0
7545528304237841720,0.56,12,2025,59,3,1,0.05,0.0166666666666666,1.0,1.0,1.0,0.0,0.0,0.0,0.0,0.0,0.0,1.0,0.0,0.0,0.0,0.0,0.0,0.0
7537787296209259782,0.56,9,2025,197,2,0,0.0101010101010101,0.0,0.5,0.5,1.0,0.0,0.0,0.0,0.0,0.0,0.0,1.0,0.0,0.0,0.0,0.0,0.0,0.0
7527665793501318456,0.56,8,2025,41,2,1,0.0476190476190476,0.0238095238095238,0.0,0.0,1.0,0.0,0.0,0.0,0.0,0.0,0.0,1.0,0.0,0.0,0.0,0.0,0.0,0.0
7524995526518000901,0.56,11,2025,74,3,1,0.04,0.0133333333333333,0.0,0.0,1.0,0.0,0.0,0.0,0.0,0.0,0.0,1.0,0.0,0.0,0.0,0.0,0.0,0.0
7520150754858896645,0.56,10,2025,61,2,1,0.032258064516129,0.0161290322580645,0.0,0.0,1.0,0.0,0.0,0.0,0.0,0.0,0.0,1.0,0.0,0.0,0.0,0.0,0.0,0.0
7517644986310020408,0.56,12,2025,83,3,1,0.0357142857142857,0.0119047619047619,0.0,0.0,1.0,0.0,0.0,0.0,0.0,0.0,0.0,1.0,0.0,0.0,0.0,0.0,0.0,0.0
7488241037907905797,0.56,13,2025,59,2,2,0.0333333333333333,0.0333333333333333,0.0,0.0,1.0,0.0,0.0,0.0,0.0,0.0,0.0,1.0,0.0,0.0,0.0,0.0,0.0,0.0
7479794065983147269,0.56,10,2025,43,0,2,0.0,0.0454545454545454,0.1363636363636363,0.1363636363636363,1.0,0.0,0.0,0.0,0.0,0.0,0.0,1.0,0.0,0.0,0.0,0.0,0.0,0.0
7470863926922579205,0.56,9,2025,61,3,0,0.0483870967741935,0.0,0.0,0.0,1.0,0.0,0.0,0.0,0.0,0.0,0.0,1.0,0.0,0.0,0.0,0.0,0.0,0.0
7463089844516965637,0.56,8,2025,32,2,0,0.0606060606060606,0.0,0.0,0.0,1.0,0.0,0.0,0.0,0.0,0.0,0.0,1.0,0.0,0.0,0.0,0.0,0.0,0.0
7461940902890605829,0.56,8,2025,55,2,1,0.0357142857142857,0.0178571428571428,0.0,0.0,1.0,0.0,0.0,0.0,0.0,0.0,0.0,1.0,0.0,0.0,0.0,0.0,0.0,0.0
7426721230721453318,0.59,6,2024,43,3,1,0.0681818181818181,0.0227272727272727,0.0,0.0,1.0,0.0,0.0,0.0,0.0,0.0,0.0,1.0,0.0,0.0,0.0,0.0,0.0,0.0
7415576931577433349,0.56,12,2024,56,4,2,0.0701754385964912,0.0350877192982456,0.0,0.0,1.0,0.0,0.0,0.0,0.0,0.0,0.0,1.0,0.0,0.0,0.0,0.0,0.0,0.0
7349173304613162246,0.56,12,2024,118,3,2,0.0252100840336134,0.0168067226890756,0.0,0.0,1.0,0.0,0.0,0.0,0.0,0.0,0.0,1.0,0.0,0.0,0.0,0.0,0.0,0.0
7348384350297165061,0.56,8,2024,51,2,1,0.0384615384615384,0.0192307692307692,0.0,0.0,1.0,0.0,0.0,0.0,0.0,0.0,0.0,1.0,0.0,0.0,0.0,0.0,0.0,0.0
7346623546229099781,0.56,9,2024,48,1,3,0.0204081632653061,0.0612244897959183,0.0,0.0,1.0,0.0,0.0,0.0,0.0,0.0,0.0,1.0,0.0,0.0,0.0,0.0,0.0,0.0
7345477638619778309,0.56,14,2024,95,2,2,0.0208333333333333,0.0208333333333333,0.0,0.0,1.0,0.0,0.0,0.0,0.0,0.0,0.0,1.0,0.0,0.0,0.0,0.0,0.0,0.0
7341020687345192197,0.56,13,2024,44,0,2,0.0,0.0444444444444444,0.0,0.0,1.0,0.0,0.0,0.0,0.0,0.0,0.0,1.0,0.0,0.0,0.0,0.0,0.0,0.0
7333701921573850374,0.56,14,2024,790,2,12,0.0025284450063211,0.0151706700379266,0.2799999999999999,0.2799999999999999,1.0,0.0,0.0,0.0,0.0,0.0,0.0,1.0,0.0,0.0,0.0,0.0,0.0,0.0
7332928025517903109,0.56,11,2024,60,2,1,0.0327868852459016,0.0163934426229508,0.0,0.0,1.0,0.0,0.0,0.0,0.0,0.0,0.0,1.0,0.0,0.0,0.0,0.0,0.0,0.0
7329985883539541253,0.56,14,2024,115,4,1,0.0344827586206896,0.0086206896551724,0.0,0.0,1.0,0.0,0.0,0.0,0.0,0.0,0.0,1.0,0.0,0.0,0.0,0.0,0.0,0.0
7329596850804100358,0.56,13,2024,54,3,1,0.0545454545454545,0.0181818181818181,0.0,0.0,1.0,0.0,0.0,0.0,0.0,0.0,0.0,1.0,0.0,0.0,0.0,0.0,0.0,0.0
7328066217929985286,0.56,11,2024,55,2,1,0.0357142857142857,0.0178571428571428,0.4,0.4,1.0,0.0,0.0,0.0,0.0,0.0,0.0,1.0,0.0,0.0,0.0,0.0,0.0,0.0
7325861199604665606,0.56,9,2024,50,2,2,0.0392156862745098,0.0392156862745098,0.8,0.8,1.0,0.0,0.0,0.0,0.0,0.0,0.0,1.0,0.0,0.0,0.0,0.0,0.0,0.0
7323237610665544966,0.56,8,2024,74,6,1,0.08,0.0133333333333333,0.0,0.0,1.0,0.0,0.0,0.0,0.0,0.0,0.0,1.0,0.0,0.0,0.0,0.0,0.0,0.0
7320606856995523846,0.56,8,2024,131,9,2,0.0681818181818181,0.0151515151515151,0.0,0.0,1.0,0.0,0.0,0.0,0.0,0.0,0.0,1.0,0.0,0.0,0.0,0.0,0.0,0.0
7319511492888366342,0.56,13,2024,67,2,2,0.0294117647058823,0.0294117647058823,0.0,0.0,1.0,0.0,0.0,0.0,0.0,0.0,0.0,1.0,0.0,0.0,0.0,0.0,0.0,0.0
7267229404584037638,0.56,12,2023,175,3,2,0.0170454545454545,0.0113636363636363,0.0,0.0,1.0,0.0,0.0,0.0,0.0,0.0,0.0,1.0,0.0,0.0,0.0,0.0,0.0,0.0
7221953102184779013,0.56,9,2023,83,3,1,0.0357142857142857,0.0119047619047619,0.0,0.0,1.0,0.0,0.0,0.0,0.0,0.0,0.0,1.0,0.0,0.0,0.0,0.0,0.0,0.0
7217463144069844230,0.56,10,2023,118,2,0,0.0168067226890756,0.0,0.0,0.0,1.0,0.0,0.0,0.0,0.0,0.0,0.0,1.0,0.0,0.0,0.0,0.0,0.0,0.0
7214396955810680069,0.56,6,2023,54,4,1,0.0727272727272727,0.0181818181818181,0.0,0.0,1.0,0.0,0.0,0.0,0.0,0.0,0.0,1.0,0.0,0.0,0.0,0.0,0.0,0.0
7207818125402852613,0.56,14,2023,191,4,1,0.0208333333333333,0.0052083333333333,0.0,0.0,1.0,0.0,0.0,0.0,0.0,0.0,0.0,1.0,0.0,0.0,0.0,0.0,0.0,0.0
7201892299112992005,0.56,7,2023,95,4,1,0.0416666666666666,0.0104166666666666,0.0,0.0,1.0,0.0,0.0,0.0,0.0,0.0,0.0,1.0,0.0,0.0,0.0,0.0,0.0,0.0
7199338065867934982,0.56,12,2023,108,5,2,0.0458715596330275,0.018348623853211,0.0,0.0,1.0,0.0,0.0,0.0,0.0,0.0,0.0,1.0,0.0,0.0,0.0,0.0,0.0,0.0
7198947136300403974,0.56,12,2023,76,2,1,0.0259740259740259,0.0129870129870129,0.0,0.0,1.0,0.0,0.0,0.0,0.0,0.0,0.0,1.0,0.0,0.0,0.0,0.0,0.0,0.0
7197470706416815365,0.56,6,2023,76,3,0,0.0389610389610389,0.0,0.0,0.0,1.0,0.0,0.0,0.0,0.0,0.0,0.0,1.0,0.0,0.0,0.0,0.0,0.0,0.0
7189955800851320070,0.56,10,2023,72,2,2,0.0273972602739726,0.0273972602739726,0.0,0.0,1.0,0.0,0.0,0.0,0.0,0.0,0.0,1.0,0.0,0.0,0.0,0.0,0.0,0.0
7189175939098561798,0.56,10,2023,63,3,1,0.046875,0.015625,0.0,0.0,1.0,0.0,0.0,0.0,0.0,0.0,0.0,1.0,0.0,0.0,0.0,0.0,0.0,0.0
7187448552354794758,0.56,13,2023,111,3,0,0.0267857142857142,0.0,0.0,0.0,1.0,0.0,0.0,0.0,0.0,0.0,0.0,1.0,0.0,0.0,0.0,0.0,0.0,0.0
7185872343988702470,0.56,11,2023,49,2,1,0.04,0.02,0.0,0.0,1.0,0.0,0.0,0.0,0.0,0.0,0.0,1.0,0.0,0.0,0.0,0.0,0.0,0.0
7184475894335950085,0.56,12,2023,76,2,0,0.0259740259740259,0.0,0.0,0.0,1.0,0.0,0.0,0.0,0.0,0.0,0.0,1.0,0.0,0.0,0.0,0.0,0.0,0.0
7182983364293430533,0.56,9,2022,73,3,2,0.0405405405405405,0.027027027027027,0.0,0.0,1.0,0.0,0.0,0.0,0.0,0.0,0.0,1.0,0.0,0.0,0.0,0.0,0.0,0.0
7179319229924084997,0.56,14,2022,86,6,2,0.0689655172413793,0.0229885057471264,0.0,0.0,1.0,0.0,0.0,0.0,0.0,0.0,0.0,1.0,0.0,0.0,0.0,0.0,0.0,0.0
7176635190469512453,0.56,12,2022,75,3,2,0.0394736842105263,0.0263157894736842,0.0,0.0,1.0,0.0,0.0,0.0,0.0,0.0,0.0,1.0,0.0,0.0,0.0,0.0,0.0,0.0
7175864609029491974,0.56,14,2022,158,2,1,0.0125786163522012,0.0062893081761006,0.0,0.0,1.0,0.0,0.0,0.0,0.0,0.0,0.0,1.0,0.0,0.0,0.0,0.0,0.0,0.0
7174823379453644037,0.56,14,2022,72,2,0,0.0273972602739726,0.0,0.0,0.0,1.0,0.0,0.0,0.0,0.0,0.0,0.0,1.0,0.0,0.0,0.0,0.0,0.0,0.0
7087984641864502534,0.56,11,2022,85,2,1,0.0232558139534883,0.0116279069767441,0.0,0.0,1.0,0.0,0.0,0.0,0.0,0.0,0.0,1.0,0.0,0.0,0.0,0.0,0.0,0.0
7087653844863208709,0.56,8,2022,80,3,1,0.037037037037037,0.0123456790123456,0.0,0.0,1.0,0.0,0.0,0.0,0.0,0.0,0.0,1.0,0.0,0.0,0.0,0.0,0.0,0.0
7087592356664315141,0.56,13,2022,113,3,1,0.0263157894736842,0.0087719298245614,0.0,0.0,1.0,0.0,0.0,0.0,0.0,0.0,0.0,1.0,0.0,0.0,0.0,0.0,0.0,0.0
7086527236471311622,0.56,12,2022,79,3,2,0.0375,0.025,0.0,0.0,1.0,0.0,0.0,0.0,0.0,0.0,0.0,1.0,0.0,0.0,0.0,0.0,0.0,0.0
7086144769222511877,0.56,7,2022,92,4,2,0.043010752688172,0.021505376344086,0.0,0.0,1.0,0.0,0.0,0.0,0.0,0.0,0.0,1.0,0.0,0.0,0.0,0.0,0.0,0.0
7086111451965869317,0.56,10,2022,87,4,2,0.0454545454545454,0.0227272727272727,0.0,0.0,1.0,0.0,0.0,0.0,0.0,0.0,0.0,1.0,0.0,0.0,0.0,0.0,0.0,0.0
7085748815449312517,0.56,10,2022,62,4,2,0.0634920634920634,0.0317460317460317,0.0,0.0,1.0,0.0,0.0,0.0,0.0,0.0,0.0,1.0,0.0,0.0,0.0,0.0,0.0,0.0
7085404371671846150,0.56,11,2022,58,3,1,0.0508474576271186,0.0169491525423728,0.0,0.0,1.0,0.0,0.0,0.0,0.0,0.0,0.0,1.0,0.0,0.0,0.0,0.0,0.0,0.0
7085367737178000646,0.56,13,2022,79,3,1,0.0375,0.0125,0.0,0.0,1.0,0.0,0.0,0.0,0.0,0.0,0.0,1.0,0.0,0.0,0.0,0.0,0.0,0.0
7084552539126926597,0.56,10,2022,70,4,1,0.056338028169014,0.0140845070422535,0.0,0.0,1.0,0.0,0.0,0.0,0.0,0.0,0.0,1.0,0.0,0.0,0.0,0.0,0.0,0.0
7083526112558517510,0.56,11,2022,63,3,1,0.046875,0.015625,0.0,0.0,1.0,0.0,0.0,0.0,0.0,0.0,0.0,1.0,0.0,0.0,0.0,0.0,0.0,0.0
7083159832185933061,0.56,9,2022,92,3,2,0.032258064516129,0.021505376344086,0.0,0.0,1.0,0.0,0.0,0.0,0.0,0.0,0.0,1.0,0.0,0.0,0.0,0.0,0.0,0.0
7082386924677205253,0.56,7,2022,86,3,1,0.0344827586206896,0.0114942528735632,0.0,0.0,1.0,0.0,0.0,0.0,0.0,0.0,0.0,1.0,0.0,0.0,0.0,0.0,0.0,0.0
7082037036730813701,0.56,7,2022,47,3,3,0.0625,0.0625,0.0,0.0,1.0,0.0,0.0,0.0,0.0,0.0,0.0,1.0,0.0,0.0,0.0,0.0,0.0,0.0
7081701013891157253,0.56,8,2022,76,3,1,0.0389610389610389,0.0129870129870129,0.0,0.0,1.0,0.0,0.0,0.0,0.0,0.0,0.0,1.0,0.0,0.0,0.0,0.0,0.0,0.0
7081323710442917125,0.56,12,2022,77,3,2,0.0384615384615384,0.0256410256410256,0.0,0.0,1.0,0.0,0.0,0.0,0.0,0.0,0.0,1.0,0.0,0.0,0.0,0.0,0.0,0.0
7081276473687985413,0.56,10,2022,125,3,1,0.0238095238095238,0.0079365079365079,0.0,0.0,1.0,0.0,0.0,0.0,0.0,0.0,0.0,1.0,0.0,0.0,0.0,0.0,0.0,0.0
7080583186522098949,0.56,6,2022,67,3,1,0.0441176470588235,0.0147058823529411,0.0,0.0,1.0,0.0,0.0,0.0,0.0,0.0,0.0,1.0,0.0,0.0,0.0,0.0,0.0,0.0
7080535307816291589,0.56,8,2022,60,3,1,0.0491803278688524,0.0163934426229508,0.0,0.0,1.0,0.0,0.0,0.0,0.0,0.0,0.0,1.0,0.0,0.0,0.0,0.0,0.0,0.0
7079836018203020549,0.56,12,2022,71,3,1,0.0416666666666666,0.0138888888888888,0.0,0.0,1.0,0.0,0.0,0.0,0.0,0.0,0.0,1.0,0.0,0.0,0.0,0.0,0.0,0.0
7079418950315969798,0.56,9,2022,72,3,3,0.0410958904109589,0.0410958904109589,0.0,0.0,1.0,0.0,0.0,0.0,0.0,0.0,0.0,1.0,0.0,0.0,0.0,0.0,0.0,0.0
7079071645771500806,0.56,7,2022,50,3,1,0.0588235294117647,0.0196078431372549,0.0,0.0,1.0,0.0,0.0,0.0,0.0,0.0,0.0,1.0,0.0,0.0,0.0,0.0,0.0,0.0
7078352231413697797,0.56,7,2022,61,3,1,0.0483870967741935,0.0161290322580645,-0.5,0.5,1.0,0.0,0.0,0.0,0.0,0.0,0.0,1.0,0.0,0.0,0.0,0.0,0.0,0.0
7077597321667546373,0.56,14,2022,85,4,1,0.0465116279069767,0.0116279069767441,0.0,0.0,1.0,0.0,0.0,0.0,0.0,0.0,0.0,1.0,0.0,0.0,0.0,0.0,0.0,0.0
7076502785742720261,0.56,12,2022,63,3,2,0.046875,0.03125,0.0,0.0,1.0,0.0,0.0,0.0,0.0,0.0,0.0,1.0,0.0,0.0,0.0,0.0,0.0,0.0
7076131060420988165,0.56,14,2022,52,3,2,0.0566037735849056,0.0377358490566037,0.0,0.0,1.0,0.0,0.0,0.0,0.0,0.0,0.0,1.0,0.0,0.0,0.0,0.0,0.0,0.0
7074644027190103302,0.56,10,2022,64,4,2,0.0615384615384615,0.0307692307692307,0.0,0.0,1.0,0.0,0.0,0.0,0.0,0.0,0.0,1.0,0.0,0.0,0.0,0.0,0.0,0.0
7073906588079246598,0.56,14,2022,63,4,2,0.0625,0.03125,0.0,0.0,1.0,0.0,0.0,0.0,0.0,0.0,0.0,1.0,0.0,0.0,0.0,0.0,0.0,0.0
7073547434244328709,0.56,8,2022,75,4,2,0.0526315789473684,0.0263157894736842,0.0,0.0,1.0,0.0,0.0,0.0,0.0,0.0,0.0,1.0,0.0,0.0,0.0,0.0,0.0,0.0
7073513732395044102,0.56,9,2022,69,4,1,0.0571428571428571,0.0142857142857142,0.0,0.0,1.0,0.0,0.0,0.0,0.0,0.0,0.0,1.0,0.0,0.0,0.0,0.0,0.0,0.0
7072780188018380038,0.56,11,2022,93,3,1,0.0319148936170212,0.0106382978723404,0.0,0.0,1.0,0.0,0.0,0.0,0.0,0.0,0.0,1.0,0.0,0.0,0.0,0.0,0.0,0.0
7072060893818899717,0.56,10,2022,66,4,1,0.0597014925373134,0.0149253731343283,0.0,0.0,1.0,0.0,0.0,0.0,0.0,0.0,0.0,1.0,0.0,0.0,0.0,0.0,0.0,0.0
7071272326746230021,0.56,10,2022,52,3,2,0.0566037735849056,0.0377358490566037,0.0,0.0,1.0,0.0,0.0,0.0,0.0,0.0,0.0,1.0,0.0,0.0,0.0,0.0,0.0,0.0
7070907935722917126,0.56,11,2022,55,4,3,0.0714285714285714,0.0535714285714285,0.0,0.0,1.0,0.0,0.0,0.0,0.0,0.0,0.0,1.0,0.0,0.0,0.0,0.0,0.0,0.0
7070569241413422342,0.56,6,2022,65,4,3,0.0606060606060606,0.0454545454545454,0.0,0.0,1.0,0.0,0.0,0.0,0.0,0.0,0.0,1.0,0.0,0.0,0.0,0.0,0.0,0.0
7070218376328563973,0.56,7,2022,76,4,1,0.0519480519480519,0.0129870129870129,0.0,0.0,1.0,0.0,0.0,0.0,0.0,0.0,0.0,1.0,0.0,0.0,0.0,0.0,0.0,0.0
7069844079122599173,0.56,7,2022,61,4,2,0.064516129032258,0.032258064516129,0.0,0.0,1.0,0.0,0.0,0.0,0.0,0.0,0.0,1.0,0.0,0.0,0.0,0.0,0.0,0.0
7068731699701484806,0.56,10,2022,80,5,2,0.0617283950617283,0.0246913580246913,0.0,0.0,1.0,0.0,0.0,0.0,0.0,0.0,0.0,1.0,0.0,0.0,0.0,0.0,0.0,0.0
7067985901011373317,0.56,9,2022,61,4,2,0.064516129032258,0.032258064516129,0.0,0.0,1.0,0.0,0.0,0.0,0.0,0.0,0.0,1.0,0.0,0.0,0.0,0.0,0.0,0.0
7067623396279930117,0.56,7,2022,64,4,2,0.0615384615384615,0.0307692307692307,0.0,0.0,1.0,0.0,0.0,0.0,0.0,0.0,0.0,1.0,0.0,0.0,0.0,0.0,0.0,0.0
7066474035613388037,0.56,13,2022,68,4,2,0.0579710144927536,0.0289855072463768,0.0,0.0,1.0,0.0,0.0,0.0,0.0,0.0,0.0,1.0,0.0,0.0,0.0,0.0,0.0,0.0
7065769954695564550,0.56,6,2022,56,4,1,0.0701754385964912,0.0175438596491228,0.0,0.0,1.0,0.0,0.0,0.0,0.0,0.0,0.0,1.0,0.0,0.0,0.0,0.0,0.0,0.0
7064650116321250566,0.56,8,2022,60,5,1,0.081967213114754,0.0163934426229508,0.5,0.5,1.0,0.0,0.0,0.0,0.0,0.0,0.0,1.0,0.0,0.0,0.0,0.0,0.0,0.0
7064585014561754373,0.56,8,2022,67,4,2,0.0588235294117647,0.0294117647058823,0.0,0.0,1.0,0.0,0.0,0.0,0.0,0.0,0.0,1.0,0.0,0.0,0.0,0.0,0.0,0.0
7064244808700726533,0.56,9,2022,70,4,2,0.056338028169014,0.028169014084507,0.0,0.0,1.0,0.0,0.0,0.0,0.0,0.0,0.0,1.0,0.0,0.0,0.0,0.0,0.0,0.0
7063505399307144454,0.56,8,2022,73,3,2,0.0405405405405405,0.027027027027027,0.0,0.0,1.0,0.0,0.0,0.0,0.0,0.0,0.0,1.0,0.0,0.0,0.0,0.0,0.0,0.0
7062046390570061061,0.56,12,2022,97,4,2,0.0408163265306122,0.0204081632653061,0.0,0.0,1.0,0.0,0.0,0.0,0.0,0.0,0.0,1.0,0.0,0.0,0.0,0.0,0.0,0.0
7061663961090936070,0.56,11,2022,77,4,0,0.0512820512820512,0.0,0.0,0.0,1.0,0.0,0.0,0.0,0.0,0.0,0.0,1.0,0.0,0.0,0.0,0.0,0.0,0.0
7061273234259610885,0.56,6,2022,77,4,2,0.0512820512820512,0.0256410256410256,0.0,0.0,1.0,0.0,0.0,0.0,0.0,0.0,0.0,1.0,0.0,0.0,0.0,0.0,0.0,0.0
7060513660975844614,0.56,6,2022,68,4,1,0.0579710144927536,0.0144927536231884,0.0,0.0,1.0,0.0,0.0,0.0,0.0,0.0,0.0,1.0,0.0,0.0,0.0,0.0,0.0,0.0
7060191695681375493,0.56,13,2022,73,4,2,0.054054054054054,0.027027027027027,0.0,0.0,1.0,0.0,0.0,0.0,0.0,0.0,0.0,1.0,0.0,0.0,0.0,0.0,0.0,0.0
7059832468412583173,0.56,11,2022,64,4,2,0.0615384615384615,0.0307692307692307,0.0,0.0,1.0,0.0,0.0,0.0,0.0,0.0,0.0,1.0,0.0,0.0,0.0,0.0,0.0,0.0
7059747853035441414,0.56,10,2022,73,3,2,0.0405405405405405,0.027027027027027,0.0,0.0,1.0,0.0,0.0,0.0,0.0,0.0,0.0,1.0,0.0,0.0,0.0,0.0,0.0,0.0
7059442492080491781,0.56,12,2022,76,4,2,0.0519480519480519,0.0259740259740259,0.0,0.0,1.0,0.0,0.0,0.0,0.0,0.0,0.0,1.0,0.0,0.0,0.0,0.0,0.0,0.0
7059081815985818886,0.56,6,2022,66,4,2,0.0597014925373134,0.0298507462686567,0.0,0.0,1.0,0.0,0.0,0.0,0.0,0.0,0.0,1.0,0.0,0.0,0.0,0.0,0.0,0.0
7058348964306783493,0.56,9,2022,59,3,1,0.05,0.0166666666666666,0.0,0.0,1.0,0.0,0.0,0.0,0.0,0.0,0.0,1.0,0.0,0.0,0.0,0.0,0.0,0.0
7057221943623306501,0.56,11,2022,108,4,2,0.036697247706422,0.018348623853211,0.0,0.0,1.0,0.0,0.0,0.0,0.0,0.0,0.0,1.0,0.0,0.0,0.0,0.0,0.0,0.0
7056858947935915270,0.56,9,2022,65,4,2,0.0606060606060606,0.0303030303030303,0.0,0.0,1.0,0.0,0.0,0.0,0.0,0.0,0.0,1.0,0.0,0.0,0.0,0.0,0.0,0.0
7056423267564899590,0.56,6,2022,61,3,2,0.0483870967741935,0.032258064516129,0.0,0.0,1.0,0.0,0.0,0.0,0.0,0.0,0.0,1.0,0.0,0.0,0.0,0.0,0.0,0.0
7054964457310539013,0.56,11,2022,57,3,3,0.0517241379310344,0.0517241379310344,0.0,0.0,1.0,0.0,0.0,0.0,0.0,0.0,0.0,1.0,0.0,0.0,0.0,0.0,0.0,0.0
7054255399968476422,0.56,8,2022,69,4,2,0.0571428571428571,0.0285714285714285,0.0,0.0,1.0,0.0,0.0,0.0,0.0,0.0,0.0,1.0,0.0,0.0,0.0,0.0,0.0,0.0
7053886455805955333,0.56,12,2022,68,3,2,0.0434782608695652,0.0289855072463768,0.0,0.0,1.0,0.0,0.0,0.0,0.0,0.0,0.0,1.0,0.0,0.0,0.0,0.0,0.0,0.0
7053136217717607686,0.56,11,2022,68,3,2,0.0434782608695652,0.0289855072463768,0.0,0.0,1.0,0.0,0.0,0.0,0.0,0.0,0.0,1.0,0.0,0.0,0.0,0.0,0.0,0.0
7041160388334980357,0.56,7,2021,55,3,1,0.0535714285714285,0.0178571428571428,0.0,0.0,1.0,0.0,0.0,0.0,0.0,0.0,0.0,1.0,0.0,0.0,0.0,0.0,0.0,0.0
7038692809985051909,0.56,14,2021,104,6,4,0.0571428571428571,0.0380952380952381,0.0,0.0,1.0,0.0,0.0,0.0,0.0,0.0,0.0,1.0,0.0,0.0,0.0,0.0,0.0,0.0
6980696986135710981,0.56,9,2021,103,4,2,0.0384615384615384,0.0192307692307692,0.0,0.0,1.0,0.0,0.0,0.0,0.0,0.0,0.0,1.0,0.0,0.0,0.0,0.0,0.0,0.0
6946128715000663301,0.56,14,2021,84,5,2,0.0588235294117647,0.0235294117647058,0.0,0.0,1.0,0.0,0.0,0.0,0.0,0.0,0.0,1.0,0.0,0.0,0.0,0.0,0.0,0.0
6945377653587266822,0.8,7,2021,133,5,1,0.0373134328358208,0.0074626865671641,-0.4,0.4,1.0,0.0,0.0,0.0,0.0,0.0,0.0,1.0,0.0,0.0,0.0,0.0,0.0,0.0
6934012329067597061,0.56,9,2021,78,6,0,0.0759493670886076,0.0,0.0,0.0,1.0,0.0,0.0,0.0,0.0,0.0,0.0,1.0,0.0,0.0,0.0,0.0,0.0,0.0
6926459852134845701,0.56,12,2021,100,6,1,0.0594059405940594,0.0099009900990099,0.1,0.1,1.0,0.0,0.0,0.0,0.0,0.0,0.0,1.0,0.0,0.0,0.0,0.0,0.0,0.0
6921676134212029701,0.56,10,2021,97,4,2,0.0408163265306122,0.0204081632653061,0.2,0.2,1.0,0.0,0.0,0.0,0.0,0.0,0.0,1.0,0.0,0.0,0.0,0.0,0.0,0.0
6918691694791691525,0.56,8,2021,106,5,3,0.0467289719626168,0.02803738317757,0.8,0.8,1.0,0.0,0.0,0.0,0.0,0.0,0.0,1.0,0.0,0.0,0.0,0.0,0.0,0.0
6897900291631402242,0.56,13,2020,125,11,1,0.0873015873015873,0.0079365079365079,0.5,0.5,1.0,0.0,0.0,0.0,0.0,0.0,0.0,1.0,0.0,0.0,0.0,0.0,0.0,0.0
6895288761354112258,0.56,13,2020,100,8,0,0.0792079207920792,0.0,0.5,0.5,1.0,0.0,0.0,0.0,0.0,0.0,0.0,1.0,0.0,0.0,0.0,0.0,0.0,0.0
6876847536938749185,0.56,11,2020,100,5,3,0.0495049504950495,0.0297029702970297,0.0,0.0,1.0,0.0,0.0,0.0,0.0,0.0,0.0,1.0,0.0,0.0,0.0,0.0,0.0,0.0
7598953535165959426,0.56,8,2026,67,2,2,0.0294117647058823,0.0294117647058823,0.0,0.0,1.0,0.0,0.0,1.0,0.0,0.0,0.0,0.0,0.0,0.0,0.0,0.0,0.0,0.0
7598574537407548694,0.56,12,2026,31,1,1,0.03125,0.03125,0.0,0.0,1.0,0.0,0.0,1.0,0.0,0.0,0.0,0.0,0.0,0.0,0.0,0.0,0.0,0.0
7597422827196763414,0.56,9,2026,90,2,1,0.0219780219780219,0.0109890109890109,0.0,0.0,1.0,0.0,0.0,1.0,0.0,0.0,0.0,0.0,0.0,0.0,0.0,0.0,0.0,0.0
7596412614402460950,0.56,9,2026,84,2,3,0.0235294117647058,0.0352941176470588,0.0,0.0,1.0,0.0,0.0,1.0,0.0,0.0,0.0,0.0,0.0,0.0,0.0,0.0,0.0,0.0
7594160012247797014,0.56,13,2026,143,0,4,0.0,0.0277777777777777,0.0,0.0,1.0,0.0,0.0,1.0,0.0,0.0,0.0,0.0,0.0,0.0,0.0,0.0,0.0,0.0
7593664206210157827,0.6,6,2026,99,3,3,0.03,0.03,0.0,0.0,1.0,0.0,0.0,1.0,0.0,0.0,0.0,0.0,0.0,0.0,0.0,0.0,0.0,0.0
7591891163175554326,0.56,9,2026,110,0,2,0.0,0.018018018018018,0.0,0.0,1.0,0.0,0.0,1.0,0.0,0.0,0.0,0.0,0.0,0.0,0.0,0.0,0.0,0.0
7587478416618736918,0.57,12,2025,129,0,2,0.0,0.0153846153846153,0.0,0.0,1.0,0.0,0.0,1.0,0.0,0.0,0.0,0.0,0.0,0.0,0.0,0.0,0.0,0.0
7586630099286510870,0.56,9,2025,169,4,2,0.0235294117647058,0.0117647058823529,0.0,0.0,1.0,0.0,0.0,1.0,0.0,0.0,0.0,0.0,0.0,0.0,0.0,0.0,0.0,0.0
7580000663845850390,0.56,6,2025,93,2,2,0.0212765957446808,0.0212765957446808,0.0,0.0,1.0,0.0,0.0,1.0,0.0,0.0,0.0,0.0,0.0,0.0,0.0,0.0,0.0,0.0
7578151818585328918,0.6,12,2025,137,2,2,0.0144927536231884,0.0144927536231884,0.0,0.0,1.0,0.0,0.0,1.0,0.0,0.0,0.0,0.0,0.0,0.0,0.0,0.0,0.0,0.0
7576319921030827286,0.56,8,2025,134,2,2,0.0148148148148148,0.0148148148148148,0.0,0.0,1.0,0.0,0.0,1.0,0.0,0.0,0.0,0.0,0.0,0.0,0.0,0.0,0.0,0.0
7575110522522144022,0.6,9,2025,175,3,3,0.0170454545454545,0.0170454545454545,0.0,0.0,1.0,0.0,0.0,1.0,0.0,0.0,0.0,0.0,0.0,0.0,0.0,0.0,0.0,0.0
7570012092829748502,0.57,10,2025,124,1,2,0.008,0.016,0.0,0.0,1.0,0.0,0.0,1.0,0.0,0.0,0.0,0.0,0.0,0.0,0.0,0.0,0.0,0.0
7566632651352853782,0.6,11,2025,132,2,2,0.0150375939849624,0.0150375939849624,0.0,0.0,1.0,0.0,0.0,1.0,0.0,0.0,0.0,0.0,0.0,0.0,0.0,0.0,0.0,0.0
7553223847730777346,0.56,6,2025,132,2,3,0.0150375939849624,0.0225563909774436,0.25,0.25,1.0,0.0,0.0,1.0,0.0,0.0,0.0,0.0,0.0,0.0,0.0,0.0,0.0,0.0
7523154104273915158,0.56,14,2025,219,5,3,0.0227272727272727,0.0136363636363636,0.0,0.0,1.0,0.0,0.0,1.0,0.0,0.0,0.0,0.0,0.0,0.0,0.0,0.0,0.0,0.0
7520582757412556054,0.75,9,2025,140,3,2,0.0212765957446808,0.0141843971631205,0.0,0.0,1.0,0.0,0.0,1.0,0.0,0.0,0.0,0.0,0.0,0.0,0.0,0.0,0.0,0.0
7495368561821535510,0.56,10,2025,93,1,2,0.0106382978723404,0.0212765957446808,0.0,0.0,1.0,0.0,0.0,1.0,0.0,0.0,0.0,0.0,0.0,0.0,0.0,0.0,0.0,0.0
7493891893026180374,0.56,14,2025,163,4,2,0.024390243902439,0.0121951219512195,0.0,0.0,1.0,0.0,0.0,1.0,0.0,0.0,0.0,0.0,0.0,0.0,0.0,0.0,0.0,0.0
7491632736105450774,0.6,12,2025,188,7,3,0.037037037037037,0.0158730158730158,0.0,0.0,1.0,0.0,0.0,1.0,0.0,0.0,0.0,0.0,0.0,0.0,0.0,0.0,0.0,0.0
7486822725684792599,0.56,10,2025,136,2,3,0.0145985401459854,0.0218978102189781,0.0,0.0,1.0,0.0,0.0,1.0,0.0,0.0,0.0,0.0,0.0,0.0,0.0,0.0,0.0,0.0
7483098002547100950,0.56,6,2025,130,0,2,0.0,0.015267175572519,0.0,0.0,1.0,0.0,0.0,1.0,0.0,0.0,0.0,0.0,0.0,0.0,0.0,0.0,0.0,0.0
7481624954484690198,0.56,13,2025,165,2,3,0.0120481927710843,0.0180722891566265,0.0,0.0,1.0,0.0,0.0,1.0,0.0,0.0,0.0,0.0,0.0,0.0,0.0,0.0,0.0,0.0
7477935287646063894,0.56,8,2025,74,3,1,0.04,0.0133333333333333,0.0,0.0,1.0,0.0,0.0,1.0,0.0,0.0,0.0,0.0,0.0,0.0,0.0,0.0,0.0,0.0
7473224176086584598,0.56,12,2025,71,1,2,0.0138888888888888,0.0277777777777777,0.0,0.0,1.0,0.0,0.0,1.0,0.0,0.0,0.0,0.0,0.0,0.0,0.0,0.0,0.0,0.0
7471566242168491286,0.56,7,2025,132,2,2,0.0150375939849624,0.0150375939849624,0.0,0.0,1.0,0.0,0.0,1.0,0.0,0.0,0.0,0.0,0.0,0.0,0.0,0.0,0.0,0.0
7471289820795374870,0.56,6,2025,130,2,2,0.015267175572519,0.015267175572519,0.0,0.0,1.0,0.0,0.0,1.0,0.0,0.0,0.0,0.0,0.0,0.0,0.0,0.0,0.0,0.0
7470495287212084503,0.6,14,2025,141,2,3,0.0140845070422535,0.0211267605633802,0.0,0.0,1.0,0.0,0.0,1.0,0.0,0.0,0.0,0.0,0.0,0.0,0.0,0.0,0.0,0.0
7469067273794456854,0.6,10,2025,120,1,2,0.0082644628099173,0.0165289256198347,0.0,0.0,1.0,0.0,0.0,1.0,0.0,0.0,0.0,0.0,0.0,0.0,0.0,0.0,0.0,0.0
7466514918137728278,0.56,10,2025,88,2,2,0.0224719101123595,0.0224719101123595,1.0,1.0,1.0,0.0,0.0,1.0,0.0,0.0,0.0,0.0,0.0,0.0,0.0,0.0,0.0,0.0
7466106459403701526,0.56,8,2025,149,2,1,0.0133333333333333,0.0066666666666666,0.0,0.0,1.0,0.0,0.0,1.0,0.0,0.0,0.0,0.0,0.0,0.0,0.0,0.0,0.0,0.0
7465714414814137623,0.6,13,2025,109,3,2,0.0272727272727272,0.0181818181818181,0.0,0.0,1.0,0.0,0.0,1.0,0.0,0.0,0.0,0.0,0.0,0.0,0.0,0.0,0.0,0.0
7453069595327384865,0.56,12,2024,96,2,2,0.0206185567010309,0.0206185567010309,0.0,0.0,1.0,0.0,0.0,1.0,0.0,0.0,0.0,0.0,0.0,0.0,0.0,0.0,0.0,0.0
7447538385993895201,0.56,11,2024,109,2,2,0.0181818181818181,0.0181818181818181,0.0,0.0,1.0,0.0,0.0,1.0,0.0,0.0,0.0,0.0,0.0,0.0,0.0,0.0,0.0,0.0
7447184186034654496,0.56,7,2024,219,1,3,0.0045454545454545,0.0136363636363636,0.0,0.0,1.0,0.0,0.0,1.0,0.0,0.0,0.0,0.0,0.0,0.0,0.0,0.0,0.0,0.0
7446341554735828256,0.56,10,2024,83,2,1,0.0238095238095238,0.0119047619047619,0.0,0.0,1.0,0.0,0.0,1.0,0.0,0.0,0.0,0.0,0.0,0.0,0.0,0.0,0.0,0.0
7399975638112783649,0.56,9,2024,122,3,2,0.024390243902439,0.016260162601626,0.0,0.0,1.0,0.0,0.0,1.0,0.0,0.0,0.0,0.0,0.0,0.0,0.0,0.0,0.0,0.0
7390334004001639713,0.56,11,2024,94,3,1,0.031578947368421,0.0105263157894736,0.0,0.0,1.0,0.0,0.0,1.0,0.0,0.0,0.0,0.0,0.0,0.0,0.0,0.0,0.0,0.0
7372132003078032672,0.56,13,2024,97,3,1,0.0306122448979591,0.010204081632653,0.0,0.0,1.0,0.0,0.0,1.0,0.0,0.0,0.0,0.0,0.0,0.0,0.0,0.0,0.0,0.0
7351073088601148704,0.56,7,2024,148,3,2,0.0201342281879194,0.0134228187919463,0.0,0.0,1.0,0.0,0.0,1.0,0.0,0.0,0.0,0.0,0.0,0.0,0.0,0.0,0.0,0.0
7343970143497653537,0.56,13,2024,203,3,2,0.0147058823529411,0.0098039215686274,0.0,0.0,1.0,0.0,0.0,1.0,0.0,0.0,0.0,0.0,0.0,0.0,0.0,0.0,0.0,0.0
7341738165746634017,0.56,14,2024,65,0,2,0.0,0.0303030303030303,0.0,0.0,1.0,0.0,0.0,1.0,0.0,0.0,0.0,0.0,0.0,0.0,0.0,0.0,0.0,0.0
7340356860299496736,0.56,11,2024,62,1,2,0.0158730158730158,0.0317460317460317,0.0,0.0,1.0,0.0,0.0,1.0,0.0,0.0,0.0,0.0,0.0,0.0,0.0,0.0,0.0,0.0
7333562774750088480,0.56,11,2024,154,4,1,0.0258064516129032,0.0064516129032258,0.0,0.0,1.0,0.0,0.0,1.0,0.0,0.0,0.0,0.0,0.0,0.0,0.0,0.0,0.0,0.0
7327710709201014049,0.56,6,2024,120,3,4,0.024793388429752,0.0330578512396694,0.0,0.0,1.0,0.0,0.0,1.0,0.0,0.0,0.0,0.0,0.0,0.0,0.0,0.0,0.0,0.0
7323667240933444896,0.56,11,2024,75,2,0,0.0263157894736842,0.0,0.0,0.0,1.0,0.0,0.0,1.0,0.0,0.0,0.0,0.0,0.0,0.0,0.0,0.0,0.0,0.0
7321012358594235681,0.56,7,2024,100,3,1,0.0297029702970297,0.0099009900990099,0.0,0.0,1.0,0.0,0.0,1.0,0.0,0.0,0.0,0.0,0.0,0.0,0.0,0.0,0.0,0.0
7319919643378912544,0.56,6,2024,177,2,2,0.0112359550561797,0.0112359550561797,0.0,0.0,1.0,0.0,0.0,1.0,0.0,0.0,0.0,0.0,0.0,0.0,0.0,0.0,0.0,0.0
7318832237842156832,0.56,7,2023,110,0,2,0.0,0.018018018018018,0.0,0.0,1.0,0.0,0.0,1.0,0.0,0.0,0.0,0.0,0.0,0.0,0.0,0.0,0.0,0.0
7315822267781467424,0.56,8,2023,216,0,4,0.0,0.0184331797235023,0.0,0.0,1.0,0.0,0.0,1.0,0.0,0.0,0.0,0.0,0.0,0.0,0.0,0.0,0.0,0.0
7309133635578236192,0.56,9,2023,82,0,3,0.0,0.036144578313253,0.0,0.0,1.0,0.0,0.0,1.0,0.0,0.0,0.0,0.0,0.0,0.0,0.0,0.0,0.0,0.0
7307971449870994720,0.56,7,2023,63,2,1,0.03125,0.015625,0.1363636363636363,0.1363636363636363,1.0,0.0,0.0,1.0,0.0,0.0,0.0,0.0,0.0,0.0,0.0,0.0,0.0,0.0
7303968237966904609,0.56,7,2023,118,4,1,0.0336134453781512,0.0084033613445378,0.0,0.0,1.0,0.0,0.0,1.0,0.0,0.0,0.0,0.0,0.0,0.0,0.0,0.0,0.0,0.0
7297205575501270304,0.56,8,2023,125,3,2,0.0238095238095238,0.0158730158730158,0.0,0.0,1.0,0.0,0.0,1.0,0.0,0.0,0.0,0.0,0.0,0.0,0.0,0.0,0.0,0.0
7291228337123511585,0.56,14,2023,156,3,3,0.019108280254777,0.019108280254777,0.0,0.0,1.0,0.0,0.0,1.0,0.0,0.0,0.0,0.0,0.0,0.0,0.0,0.0,0.0,0.0
7286830586478578976,0.56,8,2023,147,1,2,0.0067567567567567,0.0135135135135135,0.0,0.0,1.0,0.0,0.0,1.0,0.0,0.0,0.0,0.0,0.0,0.0,0.0,0.0,0.0,0.0
7283105183352016160,0.56,8,2023,106,2,3,0.0186915887850467,0.02803738317757,0.0,0.0,1.0,0.0,0.0,1.0,0.0,0.0,0.0,0.0,0.0,0.0,0.0,0.0,0.0,0.0
7274897399045246241,0.56,8,2023,367,3,3,0.0081521739130434,0.0081521739130434,0.0,0.0,1.0,0.0,0.0,1.0,0.0,0.0,0.0,0.0,0.0,0.0,0.0,0.0,0.0,0.0
7267879991004761376,0.8,10,2023,269,6,4,0.0222222222222222,0.0148148148148148,0.0,0.0,1.0,0.0,0.0,1.0,0.0,0.0,0.0,0.0,0.0,0.0,0.0,0.0,0.0,0.0
7261958198775532832,0.56,8,2023,184,4,2,0.0216216216216216,0.0108108108108108,0.0,0.0,1.0,0.0,0.0,1.0,0.0,0.0,0.0,0.0,0.0,0.0,0.0,0.0,0.0,0.0
7568823330518748438,0.56,7,2025,84,5,3,0.0588235294117647,0.0352941176470588,0.0,0.0,1.0,0.0,0.0,0.0,0.0,0.0,1.0,0.0,0.0,0.0,0.0,0.0,0.0,0.0
7546523294489414934,0.56,14,2025,102,5,3,0.0485436893203883,0.029126213592233,0.0,0.0,1.0,0.0,0.0,0.0,0.0,0.0,1.0,0.0,0.0,0.0,0.0,0.0,0.0,0.0
7504292781637127446,0.56,12,2025,197,8,4,0.0404040404040404,0.0202020202020202,0.0,0.0,1.0,0.0,0.0,0.0,0.0,0.0,1.0,0.0,0.0,0.0,0.0,0.0,0.0,0.0
7462655968522931478,0.56,12,2025,79,5,2,0.0625,0.025,0.0,0.0,1.0,0.0,0.0,0.0,0.0,0.0,1.0,0.0,0.0,0.0,0.0,0.0,0.0,0.0
7442737337525669142,0.56,8,2024,107,8,2,0.074074074074074,0.0185185185185185,0.0,0.0,1.0,0.0,0.0,0.0,0.0,0.0,1.0,0.0,0.0,0.0,0.0,0.0,0.0,0.0
7348097820320173344,0.56,14,2024,111,7,2,0.0625,0.0178571428571428,0.0,0.0,1.0,0.0,0.0,0.0,0.0,0.0,1.0,0.0,0.0,0.0,0.0,0.0,0.0,0.0
7335847049495203104,0.56,10,2024,180,13,3,0.0718232044198895,0.0165745856353591,0.0,0.0,1.0,0.0,0.0,0.0,0.0,0.0,1.0,0.0,0.0,0.0,0.0,0.0,0.0,0.0
7289470545270279456,0.56,12,2023,126,6,2,0.0472440944881889,0.0157480314960629,0.0,0.0,1.0,0.0,0.0,0.0,0.0,0.0,1.0,0.0,0.0,0.0,0.0,0.0,0.0,0.0
7286486663910542625,0.56,14,2023,172,13,3,0.0751445086705202,0.0173410404624277,0.2,0.2,1.0,0.0,0.0,0.0,0.0,0.0,1.0,0.0,0.0,0.0,0.0,0.0,0.0,0.0
7185555102487416070,0.51,12,2023,179,11,2,0.0611111111111111,0.0111111111111111,0.2,0.2,1.0,0.0,0.0,0.0,0.0,0.0,1.0,0.0,0.0,0.0,0.0,0.0,0.0,0.0
7166637213604678917,0.56,10,2022,159,11,2,0.06875,0.0125,0.0,0.0,1.0,0.0,0.0,0.0,0.0,0.0,1.0,0.0,0.0,0.0,0.0,0.0,0.0,0.0
7156608613346184454,0.56,13,2022,102,7,2,0.0679611650485436,0.0194174757281553,0.5,0.5,1.0,0.0,0.0,0.0,0.0,0.0,1.0,0.0,0.0,0.0,0.0,0.0,0.0,0.0
7093894381794512133,0.56,7,2022,110,7,2,0.063063063063063,0.018018018018018,0.0,0.0,1.0,0.0,0.0,0.0,0.0,0.0,1.0,0.0,0.0,0.0,0.0,0.0,0.0,0.0
6980342168535846149,0.56,14,2021,89,4,2,0.0444444444444444,0.0222222222222222,0.0,0.0,1.0,0.0,0.0,0.0,0.0,0.0,1.0,0.0,0.0,0.0,0.0,0.0,0.0,0.0
6936943102523378950,0.56,9,2021,86,6,1,0.0689655172413793,0.0114942528735632,0.8,0.8,1.0,0.0,0.0,0.0,0.0,0.0,1.0,0.0,0.0,0.0,0.0,0.0,0.0,0.0
6923969706332327174,0.57,7,2021,81,6,1,0.073170731707317,0.0121951219512195,0.0,0.0,1.0,0.0,0.0,0.0,0.0,0.0,1.0,0.0,0.0,0.0,0.0,0.0,0.0,0.0
6904609211431357698,0.56,14,2020,148,6,2,0.0402684563758389,0.0134228187919463,0.0,0.0,1.0,0.0,0.0,0.0,0.0,0.0,1.0,0.0,0.0,0.0,0.0,0.0,0.0,0.0
6800982671657880837,0.56,10,2020,145,7,1,0.047945205479452,0.0068493150684931,0.8,0.8,1.0,0.0,0.0,0.0,0.0,0.0,1.0,0.0,0.0,0.0,0.0,0.0,0.0,0.0
7605548189332016406,0.57,8,2026,28,0,2,0.0,0.0689655172413793,0.0,0.0,1.0,0.0,0.0,0.0,0.0,1.0,0.0,0.0,0.0,0.0,0.0,0.0,0.0,0.0
7582631962330893570,0.56,6,2025,192,4,3,0.0207253886010362,0.0155440414507772,0.0,0.0,1.0,0.0,0.0,0.0,0.0,1.0,0.0,0.0,0.0,0.0,0.0,0.0,0.0,0.0
7568852433271590146,0.56,14,2025,115,4,2,0.0344827586206896,0.0172413793103448,0.0,0.0,1.0,0.0,0.0,0.0,0.0,1.0,0.0,0.0,0.0,0.0,0.0,0.0,0.0,0.0
7567372771060124950,0.56,9,2025,152,4,2,0.0261437908496732,0.0130718954248366,0.0,0.0,1.0,0.0,0.0,0.0,0.0,1.0,0.0,0.0,0.0,0.0,0.0,0.0,0.0,0.0
7564663320058285334,0.56,6,2025,200,4,4,0.0199004975124378,0.0199004975124378,0.75,0.75,1.0,0.0,0.0,0.0,0.0,1.0,0.0,0.0,0.0,0.0,0.0,0.0,0.0,0.0
7564379905971178755,0.56,9,2025,243,4,2,0.0163934426229508,0.0081967213114754,0.1749999999999999,0.1749999999999999,1.0,0.0,0.0,0.0,0.0,1.0,0.0,0.0,0.0,0.0,0.0,0.0,0.0,0.0
7557004748973559043,0.56,8,2025,145,4,2,0.0273972602739726,0.0136986301369863,0.25625,0.25625,1.0,0.0,0.0,0.0,0.0,1.0,0.0,0.0,0.0,0.0,0.0,0.0,0.0,0.0
7557014347273276694,0.56,11,2025,182,4,2,0.0218579234972677,0.0109289617486338,0.5,0.5,1.0,0.0,0.0,0.0,0.0,1.0,0.0,0.0,0.0,0.0,0.0,0.0,0.0,0.0
7555412968511425814,0.56,12,2025,281,4,2,0.0141843971631205,0.0070921985815602,0.0,0.0,1.0,0.0,0.0,0.0,0.0,1.0,0.0,0.0,0.0,0.0,0.0,0.0,0.0,0.0
7543218614866906390,0.56,8,2025,160,4,2,0.0248447204968944,0.0124223602484472,0.1,0.1,1.0,0.0,0.0,0.0,0.0,1.0,0.0,0.0,0.0,0.0,0.0,0.0,0.0,0.0
7522511822893616406,0.56,13,2025,253,8,4,0.0314960629921259,0.0157480314960629,0.0,0.0,1.0,0.0,0.0,0.0,0.0,1.0,0.0,0.0,0.0,0.0,0.0,0.0,0.0,0.0
7517939109512449302,0.56,11,2025,452,4,3,0.0088300220750551,0.0066225165562913,0.1852272727272727,0.1852272727272727,1.0,0.0,0.0,0.0,0.0,1.0,0.0,0.0,0.0,0.0,0.0,0.0,0.0,0.0
7512836614834474262,0.56,12,2025,796,4,5,0.0050188205771643,0.0062735257214554,0.375,0.375,1.0,0.0,0.0,0.0,0.0,1.0,0.0,0.0,0.0,0.0,0.0,0.0,0.0,0.0
7495849453228657942,0.56,9,2025,316,8,1,0.0252365930599369,0.0031545741324921,0.0,0.0,1.0,0.0,0.0,0.0,0.0,1.0,0.0,0.0,0.0,0.0,0.0,0.0,0.0,0.0
7489499424884821270,0.56,9,2025,407,4,1,0.0098039215686274,0.0024509803921568,0.0,0.0,1.0,0.0,0.0,0.0,0.0,1.0,0.0,0.0,0.0,0.0,0.0,0.0,0.0,0.0
7478999877444226326,0.56,9,2025,245,4,3,0.016260162601626,0.0121951219512195,0.0,0.0,1.0,0.0,0.0,0.0,0.0,1.0,0.0,0.0,0.0,0.0,0.0,0.0,0.0,0.0
7476765597204860182,0.56,6,2025,225,4,1,0.0176991150442477,0.0044247787610619,1.0,1.0,1.0,0.0,0.0,0.0,0.0,1.0,0.0,0.0,0.0,0.0,0.0,0.0,0.0,0.0
7474331497533836566,0.56,10,2025,307,3,4,0.0097402597402597,0.0129870129870129,0.0,0.0,1.0,0.0,0.0,0.0,0.0,1.0,0.0,0.0,0.0,0.0,0.0,0.0,0.0,0.0
7454218208648727840,0.56,11,2024,165,6,3,0.036144578313253,0.0180722891566265,0.0,0.0,1.0,0.0,0.0,0.0,0.0,1.0,0.0,0.0,0.0,0.0,0.0,0.0,0.0,0.0
7441976604730936609,0.56,14,2024,561,3,7,0.0053380782918149,0.0124555160142348,0.0,0.0,1.0,0.0,0.0,0.0,0.0,1.0,0.0,0.0,0.0,0.0,0.0,0.0,0.0,0.0
7440066420332924192,0.56,11,2024,82,1,2,0.0120481927710843,0.0240963855421686,0.0,0.0,1.0,0.0,0.0,0.0,0.0,1.0,0.0,0.0,0.0,0.0,0.0,0.0,0.0,0.0
7325049996682759456,0.46,10,2024,288,5,5,0.0173010380622837,0.0173010380622837,0.75,0.75,1.0,0.0,0.0,0.0,0.0,1.0,0.0,0.0,0.0,0.0,0.0,0.0,0.0,0.0
7224426315074522395,0.56,13,2023,145,1,2,0.0068493150684931,0.0136986301369863,0.0,0.0,1.0,0.0,0.0,0.0,0.0,1.0,0.0,0.0,0.0,0.0,0.0,0.0,0.0,0.0
7176199071177215237,0.56,6,2022,64,5,2,0.0769230769230769,0.0307692307692307,0.0,0.0,1.0,0.0,0.0,0.0,0.0,1.0,0.0,0.0,0.0,0.0,0.0,0.0,0.0,0.0
7174339271141100806,0.56,6,2022,148,3,2,0.0201342281879194,0.0134228187919463,0.0,0.0,1.0,0.0,0.0,0.0,0.0,1.0,0.0,0.0,0.0,0.0,0.0,0.0,0.0,0.0
7165886702580403462,0.56,12,2022,136,4,3,0.0291970802919708,0.0218978102189781,0.0,0.0,1.0,0.0,0.0,0.0,0.0,1.0,0.0,0.0,0.0,0.0,0.0,0.0,0.0,0.0
7156562442829466886,0.56,11,2022,108,5,2,0.0458715596330275,0.018348623853211,0.0,0.0,1.0,0.0,0.0,0.0,0.0,1.0,0.0,0.0,0.0,0.0,0.0,0.0,0.0,0.0
7140222885389536517,0.56,6,2022,87,2,3,0.0227272727272727,0.034090909090909,0.0,0.0,1.0,0.0,0.0,0.0,0.0,1.0,0.0,0.0,0.0,0.0,0.0,0.0,0.0,0.0
7128353863966444806,0.56,12,2022,89,3,2,0.0333333333333333,0.0222222222222222,0.5,0.5,1.0,0.0,0.0,0.0,0.0,1.0,0.0,0.0,0.0,0.0,0.0,0.0,0.0,0.0
7099406976437718278,0.56,8,2022,163,12,0,0.073170731707317,0.0,0.1,0.1,1.0,0.0,0.0,0.0,0.0,1.0,0.0,0.0,0.0,0.0,0.0,0.0,0.0,0.0
7093804812864670981,0.56,12,2022,122,10,0,0.08130081300813,0.0,0.0,0.0,1.0,0.0,0.0,0.0,0.0,1.0,0.0,0.0,0.0,0.0,0.0,0.0,0.0,0.0
7018111226760776966,0.56,13,2021,55,4,1,0.0714285714285714,0.0178571428571428,0.0,0.0,1.0,0.0,0.0,0.0,0.0,1.0,0.0,0.0,0.0,0.0,0.0,0.0,0.0,0.0
6920160579424488710,0.56,9,2021,141,5,3,0.0352112676056338,0.0211267605633802,0.0,0.0,1.0,0.0,0.0,0.0,0.0,1.0,0.0,0.0,0.0,0.0,0.0,0.0,0.0,0.0
7447512835350859040,0.56,9,2024,157,5,2,0.0316455696202531,0.0126582278481012,0.0,0.0,1.0,0.0,0.0,0.0,0.0,1.0,0.0,0.0,0.0,0.0,0.0,0.0,0.0,0.0
7546473791115791638,0.56,7,2025,94,5,1,0.0526315789473684,0.0105263157894736,0.0,0.0,1.0,0.0,0.0,0.0,0.0,0.0,0.0,0.0,1.0,0.0,0.0,0.0,0.0,0.0
7485301680930688278,0.56,10,2025,75,5,0,0.0657894736842105,0.0,0.2,0.2,1.0,0.0,0.0,0.0,0.0,0.0,0.0,0.0,1.0,0.0,0.0,0.0,0.0,0.0
7469703437299551510,0.56,12,2025,203,4,2,0.0196078431372549,0.0098039215686274,0.2357142857142856,0.2357142857142856,1.0,0.0,0.0,0.0,0.0,0.0,0.0,0.0,1.0,0.0,0.0,0.0,0.0,0.0
7457582868370296096,0.56,11,2025,311,11,3,0.0352564102564102,0.0096153846153846,0.2378571428571428,0.2378571428571428,1.0,0.0,0.0,0.0,0.0,0.0,0.0,0.0,1.0,0.0,0.0,0.0,0.0,0.0
7456310839121874198,0.56,13,2025,203,10,2,0.0490196078431372,0.0098039215686274,0.0,0.0,1.0,0.0,0.0,0.0,0.0,0.0,0.0,0.0,1.0,0.0,0.0,0.0,0.0,0.0
7442349120498519329,0.56,13,2024,327,10,3,0.0304878048780487,0.0091463414634146,0.3583333333333333,0.3583333333333333,1.0,0.0,0.0,0.0,0.0,0.0,0.0,0.0,1.0,0.0,0.0,0.0,0.0,0.0
7441997259060825377,0.56,7,2024,308,10,5,0.0323624595469255,0.0161812297734627,0.2125,0.2125,1.0,0.0,0.0,0.0,0.0,0.0,0.0,0.0,1.0,0.0,0.0,0.0,0.0,0.0
7440142040542825760,0.56,7,2024,311,11,3,0.0352564102564102,0.0096153846153846,0.5,0.5,1.0,0.0,0.0,0.0,0.0,0.0,0.0,0.0,1.0,0.0,0.0,0.0,0.0,0.0
7431962598909791521,0.56,12,2024,278,11,1,0.039426523297491,0.003584229390681,0.1583333333333333,0.1583333333333333,1.0,0.0,0.0,0.0,0.0,0.0,0.0,0.0,1.0,0.0,0.0,0.0,0.0,0.0
7403329560554523936,0.56,11,2024,159,7,2,0.04375,0.0125,0.0,0.0,1.0,0.0,0.0,0.0,0.0,0.0,0.0,0.0,1.0,0.0,0.0,0.0,0.0,0.0
7401388090830359841,0.56,9,2024,140,7,2,0.0496453900709219,0.0141843971631205,0.0,0.0,1.0,0.0,0.0,0.0,0.0,0.0,0.0,0.0,1.0,0.0,0.0,0.0,0.0,0.0
7391756601100651809,0.56,11,2024,179,8,2,0.0444444444444444,0.0111111111111111,0.0,0.0,1.0,0.0,0.0,0.0,0.0,0.0,0.0,0.0,1.0,0.0,0.0,0.0,0.0,0.0
7375160946618076449,0.56,14,2024,132,7,2,0.0526315789473684,0.0150375939849624,-0.1875,0.1875,1.0,0.0,0.0,0.0,0.0,0.0,0.0,0.0,1.0,0.0,0.0,0.0,0.0,0.0
7372534191776386336,0.56,6,2024,126,8,2,0.0629921259842519,0.0157480314960629,0.0,0.0,1.0,0.0,0.0,0.0,0.0,0.0,0.0,0.0,1.0,0.0,0.0,0.0,0.0,0.0
7371791896622173473,0.56,11,2024,121,7,2,0.0573770491803278,0.0163934426229508,0.0,0.0,1.0,0.0,0.0,0.0,0.0,0.0,0.0,0.0,1.0,0.0,0.0,0.0,0.0,0.0
7369613653626113313,0.56,9,2024,159,11,2,0.06875,0.0125,0.0,0.0,1.0,0.0,0.0,0.0,0.0,0.0,0.0,0.0,1.0,0.0,0.0,0.0,0.0,0.0
7368427984539127073,0.56,7,2024,113,8,1,0.0701754385964912,0.0087719298245614,0.0,0.0,1.0,0.0,0.0,0.0,0.0,0.0,0.0,0.0,1.0,0.0,0.0,0.0,0.0,0.0
7362544046675447073,0.56,12,2024,123,7,3,0.0564516129032258,0.0241935483870967,0.0,0.0,1.0,0.0,0.0,0.0,0.0,0.0,0.0,0.0,1.0,0.0,0.0,0.0,0.0,0.0
7360309213765045536,0.56,13,2024,152,7,2,0.0457516339869281,0.0130718954248366,0.4,0.4,1.0,0.0,0.0,0.0,0.0,0.0,0.0,0.0,1.0,0.0,0.0,0.0,0.0,0.0
7357646734354304289,0.56,12,2024,148,8,4,0.0536912751677852,0.0268456375838926,0.4,0.4,1.0,0.0,0.0,0.0,0.0,0.0,0.0,0.0,1.0,0.0,0.0,0.0,0.0,0.0
7341290377858567456,0.57,7,2024,119,7,2,0.0583333333333333,0.0166666666666666,0.2,0.2,1.0,0.0,0.0,0.0,0.0,0.0,0.0,0.0,1.0,0.0,0.0,0.0,0.0,0.0
7334381637586652448,0.56,8,2024,151,10,1,0.0657894736842105,0.006578947368421,0.0,0.0,1.0,0.0,0.0,0.0,0.0,0.0,0.0,0.0,1.0,0.0,0.0,0.0,0.0,0.0
7325097832015203617,0.56,9,2024,122,9,2,0.073170731707317,0.016260162601626,0.0,0.0,1.0,0.0,0.0,0.0,0.0,0.0,0.0,0.0,1.0,0.0,0.0,0.0,0.0,0.0
7322488817968041249,0.56,13,2024,109,7,3,0.0636363636363636,0.0272727272727272,0.0,0.0,1.0,0.0,0.0,0.0,0.0,0.0,0.0,0.0,1.0,0.0,0.0,0.0,0.0,0.0
7319074307202616609,0.56,10,2024,139,6,2,0.0428571428571428,0.0142857142857142,0.5,0.5,1.0,0.0,0.0,0.0,0.0,0.0,0.0,0.0,1.0,0.0,0.0,0.0,0.0,0.0
7309856299632676129,0.56,13,2023,130,10,1,0.0763358778625954,0.0076335877862595,0.0,0.0,1.0,0.0,0.0,0.0,0.0,0.0,0.0,0.0,1.0,0.0,0.0,0.0,0.0,0.0
7305093445926915361,0.56,7,2023,115,7,2,0.0603448275862069,0.0172413793103448,-0.7142857142857143,0.7142857142857143,1.0,0.0,0.0,0.0,0.0,0.0,0.0,0.0,1.0,0.0,0.0,0.0,0.0,0.0
7304376408191683872,0.56,6,2023,131,7,2,0.053030303030303,0.0151515151515151,0.0,0.0,1.0,0.0,0.0,0.0,0.0,0.0,0.0,0.0,1.0,0.0,0.0,0.0,0.0,0.0
7302809103150206241,0.56,10,2023,115,7,2,0.0603448275862069,0.0172413793103448,1.0,1.0,1.0,0.0,0.0,0.0,0.0,0.0,0.0,0.0,1.0,0.0,0.0,0.0,0.0,0.0
7297529063785123104,0.56,10,2023,88,7,2,0.0786516853932584,0.0224719101123595,0.3,0.3,1.0,0.0,0.0,0.0,0.0,0.0,0.0,0.0,1.0,0.0,0.0,0.0,0.0,0.0
7293822418068442400,0.56,10,2023,107,6,2,0.0555555555555555,0.0185185185185185,0.5,0.5,1.0,0.0,0.0,0.0,0.0,0.0,0.0,0.0,1.0,0.0,0.0,0.0,0.0,0.0
7289368885390806304,0.56,11,2023,159,6,2,0.0375,0.0125,0.0,0.0,1.0,0.0,0.0,0.0,0.0,0.0,0.0,0.0,1.0,0.0,0.0,0.0,0.0,0.0
7286488221893020960,0.56,7,2023,87,6,2,0.0681818181818181,0.0227272727272727,0.0,0.0,1.0,0.0,0.0,0.0,0.0,0.0,0.0,0.0,1.0,0.0,0.0,0.0,0.0,0.0
7285720218360368417,0.56,13,2023,96,6,2,0.0618556701030927,0.0206185567010309,0.0,0.0,1.0,0.0,0.0,0.0,0.0,0.0,0.0,0.0,1.0,0.0,0.0,0.0,0.0,0.0
7281651537124871456,0.56,12,2023,103,7,2,0.0673076923076923,0.0192307692307692,0.0,0.0,1.0,0.0,0.0,0.0,0.0,0.0,0.0,0.0,1.0,0.0,0.0,0.0,0.0,0.0
7277097435090930977,0.56,12,2023,113,7,2,0.0614035087719298,0.0175438596491228,0.0,0.0,1.0,0.0,0.0,0.0,0.0,0.0,0.0,0.0,1.0,0.0,0.0,0.0,0.0,0.0
7275592243086478624,0.56,12,2023,115,7,0,0.0603448275862069,0.0,0.6428571428571428,0.6428571428571428,1.0,0.0,0.0,0.0,0.0,0.0,0.0,0.0,1.0,0.0,0.0,0.0,0.0,0.0
7271545826923531552,0.56,13,2023,125,7,1,0.0555555555555555,0.0079365079365079,0.0,0.0,1.0,0.0,0.0,0.0,0.0,0.0,0.0,0.0,1.0,0.0,0.0,0.0,0.0,0.0
7270778269899722016,0.56,9,2023,141,7,2,0.0492957746478873,0.0140845070422535,0.0,0.0,1.0,0.0,0.0,0.0,0.0,0.0,0.0,0.0,1.0,0.0,0.0,0.0,0.0,0.0
7263464155540147489,0.56,11,2023,150,7,2,0.0463576158940397,0.0132450331125827,0.1,0.1,1.0,0.0,0.0,0.0,0.0,0.0,0.0,0.0,1.0,0.0,0.0,0.0,0.0,0.0
7262720109133794592,0.56,11,2023,132,7,2,0.0526315789473684,0.0150375939849624,0.0,0.0,1.0,0.0,0.0,0.0,0.0,0.0,0.0,0.0,1.0,0.0,0.0,0.0,0.0,0.0
7257181704241024282,0.56,14,2023,138,8,2,0.0575539568345323,0.014388489208633,0.0,0.0,1.0,0.0,0.0,0.0,0.0,0.0,0.0,0.0,1.0,0.0,0.0,0.0,0.0,0.0
7257040734174465307,0.56,12,2023,163,6,2,0.0365853658536585,0.0121951219512195,0.75,0.75,1.0,0.0,0.0,0.0,0.0,0.0,0.0,0.0,1.0,0.0,0.0,0.0,0.0,0.0
7255302948413099290,0.56,9,2023,114,7,2,0.0608695652173913,0.017391304347826,0.0,0.0,1.0,0.0,0.0,0.0,0.0,0.0,0.0,0.0,1.0,0.0,0.0,0.0,0.0,0.0
7250555651993160987,0.56,13,2023,142,8,1,0.0559440559440559,0.0069930069930069,0.0,0.0,1.0,0.0,0.0,0.0,0.0,0.0,0.0,0.0,1.0,0.0,0.0,0.0,0.0,0.0
7250141865645788443,0.56,12,2023,106,7,1,0.0654205607476635,0.0093457943925233,0.0,0.0,1.0,0.0,0.0,0.0,0.0,0.0,0.0,0.0,1.0,0.0,0.0,0.0,0.0,0.0
7249004039688572186,0.56,12,2023,95,7,2,0.0729166666666666,0.0208333333333333,0.2857142857142857,0.2857142857142857,1.0,0.0,0.0,0.0,0.0,0.0,0.0,0.0,1.0,0.0,0.0,0.0,0.0,0.0
7248301740670323995,0.56,11,2023,171,7,2,0.0406976744186046,0.0116279069767441,0.3866666666666666,0.3866666666666666,1.0,0.0,0.0,0.0,0.0,0.0,0.0,0.0,1.0,0.0,0.0,0.0,0.0,0.0
7238653863794887962,0.56,10,2023,90,6,2,0.0659340659340659,0.0219780219780219,0.4,0.4,1.0,0.0,0.0,0.0,0.0,0.0,0.0,0.0,1.0,0.0,0.0,0.0,0.0,0.0
7234190958772882715,0.56,11,2023,137,6,2,0.0434782608695652,0.0144927536231884,1.0,1.0,1.0,0.0,0.0,0.0,0.0,0.0,0.0,0.0,1.0,0.0,0.0,0.0,0.0,0.0
7231978849448381722,0.56,7,2023,92,7,1,0.075268817204301,0.010752688172043,-0.4,0.4,1.0,0.0,0.0,0.0,0.0,0.0,0.0,0.0,1.0,0.0,0.0,0.0,0.0,0.0
7231163731080711450,0.56,7,2023,110,6,2,0.054054054054054,0.018018018018018,0.0,0.0,1.0,0.0,0.0,0.0,0.0,0.0,0.0,0.0,1.0,0.0,0.0,0.0,0.0,0.0
7228647012009282842,0.56,8,2023,130,7,2,0.0534351145038167,0.015267175572519,0.0,0.0,1.0,0.0,0.0,0.0,0.0,0.0,0.0,0.0,1.0,0.0,0.0,0.0,0.0,0.0
7222319662787202310,0.56,14,2023,108,7,2,0.0642201834862385,0.018348623853211,-0.25,0.25,1.0,0.0,0.0,0.0,0.0,0.0,0.0,0.0,1.0,0.0,0.0,0.0,0.0,0.0
7220765448000900357,0.56,11,2023,106,7,1,0.0654205607476635,0.0093457943925233,0.0,0.0,1.0,0.0,0.0,0.0,0.0,0.0,0.0,0.0,1.0,0.0,0.0,0.0,0.0,0.0
7220074643086904581,0.56,7,2023,100,7,2,0.0693069306930693,0.0198019801980198,0.5,0.5,1.0,0.0,0.0,0.0,0.0,0.0,0.0,0.0,1.0,0.0,0.0,0.0,0.0,0.0
7212710657672678661,0.56,14,2023,105,7,0,0.0660377358490566,0.0,0.0,0.0,1.0,0.0,0.0,0.0,0.0,0.0,0.0,0.0,1.0,0.0,0.0,0.0,0.0,0.0
7205658829403458821,0.56,10,2023,130,8,1,0.0610687022900763,0.0076335877862595,0.2,0.2,1.0,0.0,0.0,0.0,0.0,0.0,0.0,0.0,1.0,0.0,0.0,0.0,0.0,0.0
7200056336321613062,0.56,6,2023,153,8,1,0.0519480519480519,0.0064935064935064,0.0,0.0,1.0,0.0,0.0,0.0,0.0,0.0,0.0,0.0,1.0,0.0,0.0,0.0,0.0,0.0
7193034087660031237,0.56,13,2023,120,7,1,0.0578512396694214,0.0082644628099173,0.0,0.0,1.0,0.0,0.0,0.0,0.0,0.0,0.0,0.0,1.0,0.0,0.0,0.0,0.0,0.0
7191012677869702405,0.56,12,2023,145,9,1,0.0616438356164383,0.0068493150684931,-0.6999999999999998,0.6999999999999998,1.0,0.0,0.0,0.0,0.0,0.0,0.0,0.0,1.0,0.0,0.0,0.0,0.0,0.0
7187830945658031365,0.75,7,2023,108,8,2,0.073394495412844,0.018348623853211,0.3,0.3,1.0,0.0,0.0,0.0,0.0,0.0,0.0,0.0,1.0,0.0,0.0,0.0,0.0,0.0
7180437054843538693,0.56,10,2022,128,8,2,0.0620155038759689,0.0155038759689922,0.0,0.0,1.0,0.0,0.0,0.0,0.0,0.0,0.0,0.0,1.0,0.0,0.0,0.0,0.0,0.0
7178804187403259142,0.56,6,2022,134,8,2,0.0592592592592592,0.0148148148148148,0.0,0.0,1.0,0.0,0.0,0.0,0.0,0.0,0.0,0.0,1.0,0.0,0.0,0.0,0.0,0.0
7140150980246719750,0.56,8,2022,84,3,1,0.0352941176470588,0.0117647058823529,0.675,0.675,1.0,0.0,0.0,0.0,0.0,0.0,0.0,0.0,1.0,0.0,0.0,0.0,0.0,0.0
7128322715894729989,0.56,8,2022,77,5,1,0.0641025641025641,0.0128205128205128,0.5,0.5,1.0,0.0,0.0,0.0,0.0,0.0,0.0,0.0,1.0,0.0,0.0,0.0,0.0,0.0
7111254884971744518,0.56,13,2022,109,8,1,0.0727272727272727,0.009090909090909,0.0,0.0,1.0,0.0,0.0,0.0,0.0,0.0,0.0,0.0,1.0,0.0,0.0,0.0,0.0,0.0
7080140185001938181,0.56,11,2022,107,7,2,0.0648148148148148,0.0185185185185185,0.8,0.8,1.0,0.0,0.0,0.0,0.0,0.0,0.0,0.0,1.0,0.0,0.0,0.0,0.0,0.0
7044841251262237958,1.78,10,2021,33,0,1,0.0,0.0294117647058823,0.2,0.2,1.0,0.0,0.0,0.0,0.0,0.0,0.0,0.0,1.0,0.0,0.0,0.0,0.0,0.0
6956567938891599109,0.55,13,2021,116,5,0,0.0427350427350427,0.0,0.0,0.0,1.0,0.0,0.0,0.0,0.0,0.0,0.0,0.0,1.0,0.0,0.0,0.0,0.0,0.0
7564461685881179414,0.56,14,2025,110,5,2,0.045045045045045,0.018018018018018,0.0,0.0,1.0,0.0,0.0,0.0,0.0,0.0,0.0,0.0,0.0,1.0,0.0,0.0,0.0,0.0
7557772009510358294,0.56,9,2025,90,5,3,0.0549450549450549,0.0329670329670329,0.0,0.0,1.0,0.0,0.0,0.0,0.0,0.0,0.0,0.0,0.0,1.0,0.0,0.0,0.0,0.0
7555487310297533718,0.67,6,2025,130,5,1,0.0381679389312977,0.0076335877862595,0.0,0.0,1.0,0.0,0.0,0.0,0.0,0.0,0.0,0.0,0.0,1.0,0.0,0.0,0.0,0.0
7549615777326877974,0.56,9,2025,208,5,4,0.0239234449760765,0.0191387559808612,0.0,0.0,1.0,0.0,0.0,0.0,0.0,0.0,0.0,0.0,0.0,1.0,0.0,0.0,0.0,0.0
7526570162976328982,0.56,11,2025,108,6,1,0.055045871559633,0.0091743119266055,0.0,0.0,1.0,0.0,0.0,0.0,0.0,0.0,0.0,0.0,0.0,1.0,0.0,0.0,0.0,0.0
7504006062559776022,0.7,7,2025,100,6,1,0.0594059405940594,0.0099009900990099,0.0,0.0,1.0,0.0,0.0,0.0,0.0,0.0,0.0,0.0,0.0,1.0,0.0,0.0,0.0,0.0
7487276696215817494,0.56,13,2025,117,7,3,0.059322033898305,0.0254237288135593,0.0,0.0,1.0,0.0,0.0,0.0,0.0,0.0,0.0,0.0,0.0,1.0,0.0,0.0,0.0,0.0
7474265267783208214,0.56,7,2025,207,9,3,0.0432692307692307,0.0144230769230769,0.0,0.0,1.0,0.0,0.0,0.0,0.0,0.0,0.0,0.0,0.0,1.0,0.0,0.0,0.0,0.0
7447956995182759190,0.56,12,2024,139,10,3,0.0714285714285714,0.0214285714285714,0.3,0.3,1.0,0.0,0.0,0.0,0.0,0.0,0.0,0.0,0.0,1.0,0.0,0.0,0.0,0.0
7446821670133845270,0.56,13,2024,115,9,2,0.0775862068965517,0.0172413793103448,0.0,0.0,1.0,0.0,0.0,0.0,0.0,0.0,0.0,0.0,0.0,1.0,0.0,0.0,0.0,0.0
7442685576798604566,0.56,9,2024,144,8,3,0.0551724137931034,0.0206896551724137,0.0,0.0,1.0,0.0,0.0,0.0,0.0,0.0,0.0,0.0,0.0,1.0,0.0,0.0,0.0,0.0
7441958558054337825,0.56,9,2024,111,8,3,0.0714285714285714,0.0267857142857142,0.0,0.0,1.0,0.0,0.0,0.0,0.0,0.0,0.0,0.0,0.0,1.0,0.0,0.0,0.0,0.0
7189528219425590534,0.56,7,2023,236,6,2,0.0253164556962025,0.0084388185654008,0.3648148148148147,0.3648148148148147,1.0,0.0,0.0,0.0,0.0,0.0,0.0,0.0,0.0,1.0,0.0,0.0,0.0,0.0
7169218120916208902,0.56,14,2022,238,5,4,0.0209205020920502,0.0167364016736401,0.4166666666666667,0.4166666666666667,1.0,0.0,0.0,0.0,0.0,0.0,0.0,0.0,0.0,1.0,0.0,0.0,0.0,0.0
7156614323194875141,0.56,6,2022,102,6,3,0.058252427184466,0.029126213592233,0.0568181818181818,0.0568181818181818,1.0,0.0,0.0,0.0,0.0,0.0,0.0,0.0,0.0,1.0,0.0,0.0,0.0,0.0
7141371845248437510,0.56,13,2022,61,4,2,0.064516129032258,0.032258064516129,0.0,0.0,1.0,0.0,0.0,0.0,0.0,0.0,0.0,0.0,0.0,1.0,0.0,0.0,0.0,0.0
7141370905153850629,0.56,11,2022,129,4,3,0.0307692307692307,0.023076923076923,1.0,1.0,1.0,0.0,0.0,0.0,0.0,0.0,0.0,0.0,0.0,1.0,0.0,0.0,0.0,0.0
7511357874082286870,0.46,8,2025,238,8,10,0.0334728033472803,0.0418410041841004,-0.05,0.05,1.0,0.0,0.0,0.0,0.0,0.0,0.0,0.0,0.0,0.0,1.0,0.0,0.0,0.0
7446804107312008470,0.56,11,2024,79,5,2,0.0625,0.025,1.0,1.0,1.0,0.0,0.0,0.0,0.0,0.0,0.0,0.0,0.0,0.0,1.0,0.0,0.0,0.0
7440140885246971169,0.56,11,2024,141,8,2,0.056338028169014,0.0140845070422535,0.0,0.0,1.0,0.0,0.0,0.0,0.0,0.0,0.0,0.0,0.0,0.0,1.0,0.0,0.0,0.0
7391879654983912736,0.56,12,2024,224,6,2,0.0266666666666666,0.0088888888888888,-0.2,0.2,1.0,0.0,0.0,0.0,0.0,0.0,0.0,0.0,0.0,0.0,1.0,0.0,0.0,0.0
7391169699821669665,0.56,8,2024,73,4,1,0.054054054054054,0.0135135135135135,0.0,0.0,1.0,0.0,0.0,0.0,0.0,0.0,0.0,0.0,0.0,0.0,1.0,0.0,0.0,0.0
7391036925550906657,0.56,9,2024,107,5,3,0.0462962962962962,0.0277777777777777,0.0,0.0,1.0,0.0,0.0,0.0,0.0,0.0,0.0,0.0,0.0,0.0,1.0,0.0,0.0,0.0
7372567531258727712,0.56,6,2024,259,8,2,0.0307692307692307,0.0076923076923076,0.1,0.1,1.0,0.0,0.0,0.0,0.0,0.0,0.0,0.0,0.0,0.0,1.0,0.0,0.0,0.0
7369623012087172384,0.56,7,2024,171,9,2,0.0523255813953488,0.0116279069767441,0.2,0.2,1.0,0.0,0.0,0.0,0.0,0.0,0.0,0.0,0.0,0.0,1.0,0.0,0.0,0.0
7366182227119525152,0.56,13,2024,77,5,0,0.0641025641025641,0.0,0.0,0.0,1.0,0.0,0.0,0.0,0.0,0.0,0.0,0.0,0.0,0.0,1.0,0.0,0.0,0.0
7289115441602088225,0.56,13,2023,115,7,0,0.0603448275862069,0.0,0.0,0.0,1.0,0.0,0.0,0.0,0.0,0.0,0.0,0.0,0.0,0.0,1.0,0.0,0.0,0.0
7205617494143339782,0.56,12,2023,170,6,1,0.0350877192982456,0.0058479532163742,0.0,0.0,1.0,0.0,0.0,0.0,0.0,0.0,0.0,0.0,0.0,0.0,1.0,0.0,0.0,0.0
7166666264092413190,0.56,7,2022,204,9,1,0.0439024390243902,0.0048780487804878,0.0,0.0,1.0,0.0,0.0,0.0,0.0,0.0,0.0,0.0,0.0,0.0,1.0,0.0,0.0,0.0
7128317775524777222,0.56,13,2022,132,5,1,0.037593984962406,0.0075187969924812,0.0,0.0,1.0,0.0,0.0,0.0,0.0,0.0,0.0,0.0,0.0,0.0,1.0,0.0,0.0,0.0
7124683160218029317,0.56,14,2022,120,7,2,0.0578512396694214,0.0165289256198347,0.0,0.0,1.0,0.0,0.0,0.0,0.0,0.0,0.0,0.0,0.0,0.0,1.0,0.0,0.0,0.0
7108626212104178949,0.57,6,2022,142,7,2,0.0489510489510489,0.0139860139860139,0.1,0.1,1.0,0.0,0.0,0.0,0.0,0.0,0.0,0.0,0.0,0.0,1.0,0.0,0.0,0.0
7082772534126513414,0.56,12,2022,106,4,1,0.0373831775700934,0.0093457943925233,0.0,0.0,1.0,0.0,0.0,0.0,0.0,0.0,0.0,0.0,0.0,0.0,1.0,0.0,0.0,0.0
7072437259127098630,0.56,13,2022,98,6,1,0.0606060606060606,0.0101010101010101,0.0,0.0,1.0,0.0,0.0,0.0,0.0,0.0,0.0,0.0,0.0,0.0,1.0,0.0,0.0,0.0
6955020730140544261,0.56,13,2021,91,7,1,0.0760869565217391,0.0108695652173913,0.0,0.0,1.0,0.0,0.0,0.0,0.0,0.0,0.0,0.0,0.0,0.0,1.0,0.0,0.0,0.0
7462409528211033366,0.56,6,2025,146,5,2,0.0340136054421768,0.0136054421768707,0.0,0.0,1.0,0.0,0.0,0.0,0.0,0.0,0.0,0.0,0.0,0.0,1.0,0.0,0.0,0.0
7582501864428604694,0.56,14,2025,111,5,2,0.0446428571428571,0.0178571428571428,0.0,0.0,1.0,0.0,0.0,0.0,0.0,0.0,0.0,0.0,0.0,0.0,0.0,1.0,0.0,0.0
7567318876392901910,0.56,11,2025,200,5,2,0.0248756218905472,0.0099502487562189,0.3229166666666667,0.3229166666666667,1.0,0.0,0.0,0.0,0.0,0.0,0.0,0.0,0.0,0.0,0.0,1.0,0.0,0.0
7550653411583102230,0.56,9,2025,104,5,2,0.0476190476190476,0.019047619047619,0.0,0.0,1.0,0.0,0.0,0.0,0.0,0.0,0.0,0.0,0.0,0.0,0.0,1.0,0.0,0.0
7546552028168719638,0.56,14,2025,173,9,0,0.0517241379310344,0.0,0.5,0.5,1.0,0.0,0.0,0.0,0.0,0.0,0.0,0.0,0.0,0.0,0.0,1.0,0.0,0.0
7543616748017241366,0.56,10,2025,132,7,2,0.0526315789473684,0.0150375939849624,0.3333333333333333,0.3333333333333333,1.0,0.0,0.0,0.0,0.0,0.0,0.0,0.0,0.0,0.0,0.0,1.0,0.0,0.0
7514333529551949078,0.56,10,2025,127,7,1,0.0546875,0.0078125,0.0,0.0,1.0,0.0,0.0,0.0,0.0,0.0,0.0,0.0,0.0,0.0,0.0,1.0,0.0,0.0
7476738167522053398,0.56,9,2025,207,9,1,0.0432692307692307,0.0048076923076923,0.0,0.0,1.0,0.0,0.0,0.0,0.0,0.0,0.0,0.0,0.0,0.0,0.0,1.0,0.0,0.0
7462724279965125920,0.56,12,2025,232,4,0,0.0171673819742489,0.0,0.3705357142857143,0.3705357142857143,1.0,0.0,0.0,0.0,0.0,0.0,0.0,0.0,0.0,0.0,0.0,1.0,0.0,0.0
7461582150937169174,0.56,13,2025,228,6,4,0.0262008733624454,0.0174672489082969,0.0,0.0,1.0,0.0,0.0,0.0,0.0,0.0,0.0,0.0,0.0,0.0,0.0,1.0,0.0,0.0
7457889721201577248,0.56,7,2025,112,7,1,0.0619469026548672,0.0088495575221238,0.0,0.0,1.0,0.0,0.0,0.0,0.0,0.0,0.0,0.0,0.0,0.0,0.0,1.0,0.0,0.0
7447835163444235552,0.56,10,2024,104,7,1,0.0666666666666666,0.0095238095238095,0.0,0.0,1.0,0.0,0.0,0.0,0.0,0.0,0.0,0.0,0.0,0.0,0.0,1.0,0.0,0.0
7446787674863684886,0.56,7,2024,98,7,1,0.0707070707070707,0.0101010101010101,0.0,0.0,1.0,0.0,0.0,0.0,0.0,0.0,0.0,0.0,0.0,0.0,0.0,1.0,0.0,0.0
7391769807764458784,0.56,12,2024,82,5,2,0.0602409638554216,0.0240963855421686,0.0,0.0,1.0,0.0,0.0,0.0,0.0,0.0,0.0,0.0,0.0,0.0,0.0,1.0,0.0,0.0
7383600515478736161,0.56,14,2024,309,1,3,0.0032258064516129,0.0096774193548387,0.4726190476190476,0.4726190476190476,1.0,0.0,0.0,0.0,0.0,0.0,0.0,0.0,0.0,0.0,0.0,1.0,0.0,0.0
7345850735894072609,0.56,8,2024,114,6,1,0.0521739130434782,0.008695652173913,0.1,0.1,1.0,0.0,0.0,0.0,0.0,0.0,0.0,0.0,0.0,0.0,0.0,1.0,0.0,0.0
7345753568462261537,0.56,14,2024,169,5,3,0.0294117647058823,0.0176470588235294,0.625,0.625,1.0,0.0,0.0,0.0,0.0,0.0,0.0,0.0,0.0,0.0,0.0,1.0,0.0,0.0
7338875309913017633,0.56,9,2024,48,2,3,0.0408163265306122,0.0612244897959183,0.0,0.0,1.0,0.0,0.0,0.0,0.0,0.0,0.0,0.0,0.0,0.0,0.0,1.0,0.0,0.0
7338777101547490593,0.56,8,2024,41,3,1,0.0714285714285714,0.0238095238095238,0.0,0.0,1.0,0.0,0.0,0.0,0.0,0.0,0.0,0.0,0.0,0.0,0.0,1.0,0.0,0.0
7338699162768149792,0.56,11,2024,37,1,1,0.0263157894736842,0.0263157894736842,0.0,0.0,1.0,0.0,0.0,0.0,0.0,0.0,0.0,0.0,0.0,0.0,0.0,1.0,0.0,0.0
7334752917439712545,0.56,9,2024,322,5,4,0.0154798761609907,0.0123839009287925,0.0,0.0,1.0,0.0,0.0,0.0,0.0,0.0,0.0,0.0,0.0,0.0,0.0,1.0,0.0,0.0
7334339873127632161,0.56,8,2024,168,5,4,0.029585798816568,0.0236686390532544,0.4,0.4,1.0,0.0,0.0,0.0,0.0,0.0,0.0,0.0,0.0,0.0,0.0,1.0,0.0,0.0
7322495223089712416,0.56,10,2024,75,3,0,0.0394736842105263,0.0,0.0,0.0,1.0,0.0,0.0,0.0,0.0,0.0,0.0,0.0,0.0,0.0,0.0,1.0,0.0,0.0
7319092525329829153,0.56,14,2024,224,5,3,0.0222222222222222,0.0133333333333333,0.2125,0.2125,1.0,0.0,0.0,0.0,0.0,0.0,0.0,0.0,0.0,0.0,0.0,1.0,0.0,0.0
7312547480120380705,0.56,9,2023,90,3,3,0.0329670329670329,0.0329670329670329,0.0,0.0,1.0,0.0,0.0,0.0,0.0,0.0,0.0,0.0,0.0,0.0,0.0,1.0,0.0,0.0
7309783088618409248,0.56,10,2023,107,3,3,0.0277777777777777,0.0277777777777777,0.125,0.125,1.0,0.0,0.0,0.0,0.0,0.0,0.0,0.0,0.0,0.0,0.0,1.0,0.0,0.0
7231544878478445850,0.56,14,2023,71,7,0,0.0972222222222222,0.0,0.0,0.0,1.0,0.0,0.0,0.0,0.0,0.0,0.0,0.0,0.0,0.0,0.0,1.0,0.0,0.0
7229679892399426842,0.56,10,2023,140,9,0,0.0638297872340425,0.0,0.2,0.2,1.0,0.0,0.0,0.0,0.0,0.0,0.0,0.0,0.0,0.0,0.0,1.0,0.0,0.0
7196211164093631749,0.56,13,2023,164,9,1,0.0545454545454545,0.006060606060606,0.4958333333333333,0.4958333333333333,1.0,0.0,0.0,0.0,0.0,0.0,0.0,0.0,0.0,0.0,0.0,1.0,0.0,0.0
7178872221375548677,0.56,14,2022,93,5,0,0.0531914893617021,0.0,0.0,0.0,1.0,0.0,0.0,0.0,0.0,0.0,0.0,0.0,0.0,0.0,0.0,1.0,0.0,0.0
7168038506772679942,0.56,7,2022,116,9,1,0.0769230769230769,0.0085470085470085,0.0,0.0,1.0,0.0,0.0,0.0,0.0,0.0,0.0,0.0,0.0,0.0,0.0,1.0,0.0,0.0
7163303756447223045,0.56,13,2022,64,3,0,0.0461538461538461,0.0,0.85,0.85,1.0,0.0,0.0,0.0,0.0,0.0,0.0,0.0,0.0,0.0,0.0,1.0,0.0,0.0
7158447069152300293,0.56,12,2022,29,2,0,0.0666666666666666,0.0,0.0,0.0,1.0,0.0,0.0,0.0,0.0,0.0,0.0,0.0,0.0,0.0,0.0,1.0,0.0,0.0
7156881114106170630,0.56,9,2022,108,9,1,0.0825688073394495,0.0091743119266055,0.0,0.0,1.0,0.0,0.0,0.0,0.0,0.0,0.0,0.0,0.0,0.0,0.0,1.0,0.0,0.0
7075005822228499717,0.56,10,2022,93,7,1,0.0744680851063829,0.0106382978723404,0.0,0.0,1.0,0.0,0.0,0.0,0.0,0.0,0.0,0.0,0.0,0.0,0.0,1.0,0.0,0.0
7069326966159084806,0.56,11,2022,109,8,3,0.0727272727272727,0.0272727272727272,0.0,0.0,1.0,0.0,0.0,0.0,0.0,0.0,0.0,0.0,0.0,0.0,0.0,1.0,0.0,0.0
6980260193653378309,0.56,14,2021,138,14,1,0.1007194244604316,0.0071942446043165,0.5,0.5,1.0,0.0,0.0,0.0,0.0,0.0,0.0,0.0,0.0,0.0,0.0,1.0,0.0,0.0
6978753193882832133,0.56,13,2021,145,10,1,0.0684931506849315,0.0068493150684931,0.0,0.0,1.0,0.0,0.0,0.0,0.0,0.0,0.0,0.0,0.0,0.0,0.0,1.0,0.0,0.0
7488659236717628694,0.56,7,2025,73,7,1,0.0945945945945946,0.0135135135135135,0.0,0.0,1.0,0.0,0.0,0.0,1.0,0.0,0.0,0.0,0.0,0.0,0.0,0.0,0.0,0.0
7462683592603340054,0.56,12,2025,137,8,2,0.0579710144927536,0.0144927536231884,0.0,0.0,1.0,0.0,0.0,0.0,1.0,0.0,0.0,0.0,0.0,0.0,0.0,0.0,0.0,0.0
7447927530448915735,0.56,14,2024,76,7,2,0.0909090909090909,0.0259740259740259,0.0,0.0,1.0,0.0,0.0,0.0,1.0,0.0,0.0,0.0,0.0,0.0,0.0,0.0,0.0,0.0
7407351220127419681,0.56,12,2024,79,4,1,0.05,0.0125,0.5,0.5,1.0,0.0,0.0,0.0,1.0,0.0,0.0,0.0,0.0,0.0,0.0,0.0,0.0,0.0
7391864864840387872,0.56,12,2024,77,5,1,0.0641025641025641,0.0128205128205128,0.0,0.0,1.0,0.0,0.0,0.0,1.0,0.0,0.0,0.0,0.0,0.0,0.0,0.0,0.0,0.0
7335855508873694496,0.56,13,2024,255,4,2,0.015625,0.0078125,0.0,0.0,1.0,0.0,0.0,0.0,1.0,0.0,0.0,0.0,0.0,0.0,0.0,0.0,0.0,0.0
7315068001533840672,0.56,13,2023,115,4,1,0.0344827586206896,0.0086206896551724,0.0,0.0,1.0,0.0,0.0,0.0,1.0,0.0,0.0,0.0,0.0,0.0,0.0,0.0,0.0,0.0
7307282681899896096,0.56,10,2023,131,4,1,0.0303030303030303,0.0075757575757575,0.0,0.0,1.0,0.0,0.0,0.0,1.0,0.0,0.0,0.0,0.0,0.0,0.0,0.0,0.0,0.0
7259698322791795995,0.56,6,2023,116,6,2,0.0512820512820512,0.017094017094017,0.0,0.0,1.0,0.0,0.0,0.0,1.0,0.0,0.0,0.0,0.0,0.0,0.0,0.0,0.0,0.0
7605520662588902678,0.56,10,2026,95,5,0,0.0520833333333333,0.0,0.0,0.0,1.0,1.0,0.0,0.0,0.0,0.0,0.0,0.0,0.0,0.0,0.0,0.0,0.0,0.0
7564704328649428246,0.56,11,2025,283,3,4,0.0105633802816901,0.0140845070422535,0.3287878787878788,0.3287878787878788,1.0,1.0,0.0,0.0,0.0,0.0,0.0,0.0,0.0,0.0,0.0,0.0,0.0,0.0
7550598568415874326,0.56,13,2025,135,5,1,0.0367647058823529,0.0073529411764705,0.0,0.0,1.0,1.0,0.0,0.0,0.0,0.0,0.0,0.0,0.0,0.0,0.0,0.0,0.0,0.0
7495704452696116503,0.56,10,2025,96,2,4,0.0206185567010309,0.0412371134020618,0.0,0.0,1.0,1.0,0.0,0.0,0.0,0.0,0.0,0.0,0.0,0.0,0.0,0.0,0.0,0.0
7441982856659815713,0.56,13,2024,91,4,0,0.0434782608695652,0.0,0.375,0.375,1.0,1.0,0.0,0.0,0.0,0.0,0.0,0.0,0.0,0.0,0.0,0.0,0.0,0.0
7431510658845379872,0.58,8,2024,223,3,4,0.0133928571428571,0.0178571428571428,0.0,0.0,1.0,1.0,0.0,0.0,0.0,0.0,0.0,0.0,0.0,0.0,0.0,0.0,0.0,0.0
7299062448965946657,0.56,7,2023,363,4,6,0.0109890109890109,0.0164835164835164,0.0027777777777777,0.0027777777777777,1.0,1.0,0.0,0.0,0.0,0.0,0.0,0.0,0.0,0.0,0.0,0.0,0.0,0.0
7262807521008635168,0.56,10,2023,121,5,1,0.040983606557377,0.0081967213114754,0.0,0.0,1.0,1.0,0.0,0.0,0.0,0.0,0.0,0.0,0.0,0.0,0.0,0.0,0.0,0.0
7044982077288189190,0.56,6,2021,36,5,0,0.1351351351351351,0.0,0.0,0.0,1.0,1.0,0.0,0.0,0.0,0.0,0.0,0.0,0.0,0.0,0.0,0.0,0.0,0.0
7027511633060695301,0.56,14,2021,32,4,0,0.1212121212121212,0.0,0.0,0.0,1.0,1.0,0.0,0.0,0.0,0.0,0.0,0.0,0.0,0.0,0.0,0.0,0.0,0.0
7022925491963481349,0.56,6,2021,28,3,0,0.1034482758620689,0.0,0.0,0.0,1.0,1.0,0.0,0.0,0.0,0.0,0.0,0.0,0.0,0.0,0.0,0.0,0.0,0.0
7022178037378731270,0.56,14,2021,27,4,0,0.1428571428571428,0.0,0.0,0.0,1.0,1.0,0.0,0.0,0.0,0.0,0.0,0.0,0.0,0.0,0.0,0.0,0.0,0.0
7014868849635904773,0.56,8,2021,20,3,0,0.1428571428571428,0.0,0.0,0.0,1.0,1.0,0.0,0.0,0.0,0.0,0.0,0.0,0.0,0.0,0.0,0.0,0.0,0.0
7011522309198515462,0.56,6,2021,43,3,0,0.0681818181818181,0.0,0.2,0.2,1.0,1.0,0.0,0.0,0.0,0.0,0.0,0.0,0.0,0.0,0.0,0.0,0.0,0.0
7479481184100044054,0.56,6,2025,122,4,1,0.032520325203252,0.008130081300813,0.0,0.0,1.0,0.0,1.0,0.0,0.0,0.0,0.0,0.0,0.0,0.0,0.0,0.0,0.0,0.0
7456392986897730838,0.56,13,2025,55,2,2,0.0357142857142857,0.0357142857142857,0.0,0.0,1.0,0.0,1.0,0.0,0.0,0.0,0.0,0.0,0.0,0.0,0.0,0.0,0.0,0.0
7442009228555930913,0.56,11,2024,82,0,3,0.0,0.036144578313253,0.0,0.0,1.0,0.0,1.0,0.0,0.0,0.0,0.0,0.0,0.0,0.0,0.0,0.0,0.0,0.0
7341346159023246624,0.56,11,2024,104,4,1,0.0380952380952381,0.0095238095238095,0.0,0.0,1.0,0.0,1.0,0.0,0.0,0.0,0.0,0.0,0.0,0.0,0.0,0.0,0.0,0.0
7325106846744743200,0.56,13,2024,100,4,2,0.0396039603960396,0.0198019801980198,0.0,0.0,1.0,0.0,1.0,0.0,0.0,0.0,0.0,0.0,0.0,0.0,0.0,0.0,0.0,0.0
7270891504346942753,0.56,12,2023,118,4,1,0.0336134453781512,0.0084033613445378,0.0,0.0,1.0,0.0,1.0,0.0,0.0,0.0,0.0,0.0,0.0,0.0,0.0,0.0,0.0,0.0
7254929536557567259,0.56,11,2023,88,5,1,0.0561797752808988,0.0112359550561797,0.0,0.0,1.0,0.0,1.0,0.0,0.0,0.0,0.0,0.0,0.0,0.0,0.0,0.0,0.0,0.0
7187762825270463750,0.56,7,2023,103,6,1,0.0576923076923076,0.0096153846153846,0.0,0.0,1.0,0.0,1.0,0.0,0.0,0.0,0.0,0.0,0.0,0.0,0.0,0.0,0.0,0.0
7167309818519227653,0.56,14,2022,69,5,3,0.0714285714285714,0.0428571428571428,-0.5,0.5,1.0,0.0,1.0,0.0,0.0,0.0,0.0,0.0,0.0,0.0,0.0,0.0,0.0,0.0
7167292362857794821,0.56,10,2022,72,4,1,0.0547945205479452,0.0136986301369863,1.0,1.0,1.0,0.0,1.0,0.0,0.0,0.0,0.0,0.0,0.0,0.0,0.0,0.0,0.0,0.0
7167014945626787078,0.56,11,2022,89,5,1,0.0555555555555555,0.0111111111111111,0.0,0.0,1.0,0.0,1.0,0.0,0.0,0.0,0.0,0.0,0.0,0.0,0.0,0.0,0.0,0.0
7162439514428919046,0.56,8,2022,59,4,1,0.0666666666666666,0.0166666666666666,0.0,0.0,1.0,0.0,1.0,0.0,0.0,0.0,0.0,0.0,0.0,0.0,0.0,0.0,0.0,0.0
7161744414979771653,0.56,9,2022,129,5,1,0.0384615384615384,0.0076923076923076,0.4,0.4,1.0,0.0,1.0,0.0,0.0,0.0,0.0,0.0,0.0,0.0,0.0,0.0,0.0,0.0
7159544328061275397,0.56,7,2022,57,5,2,0.0862068965517241,0.0344827586206896,0.0,0.0,1.0,0.0,1.0,0.0,0.0,0.0,0.0,0.0,0.0,0.0,0.0,0.0,0.0,0.0
7111379317900332293,0.56,7,2022,19,0,0,0.0,0.0,0.0,0.0,1.0,0.0,1.0,0.0,0.0,0.0,0.0,0.0,0.0,0.0,0.0,0.0,0.0,0.0
6964763152974187781,0.56,13,2021,137,9,1,0.0652173913043478,0.0072463768115942,0.0,0.0,1.0,0.0,1.0,0.0,0.0,0.0,0.0,0.0,0.0,0.0,0.0,0.0,0.0,0.0
6936835146301672709,0.56,9,2021,130,8,1,0.0610687022900763,0.0076335877862595,0.0,0.0,1.0,0.0,1.0,0.0,0.0,0.0,0.0,0.0,0.0,0.0,0.0,0.0,0.0,0.0
6930236006654364934,0.56,12,2021,148,10,0,0.0671140939597315,0.0,0.0,0.0,1.0,0.0,1.0,0.0,0.0,0.0,0.0,0.0,0.0,0.0,0.0,0.0,0.0,0.0
6923976137928445190,0.56,11,2021,149,8,1,0.0533333333333333,0.0066666666666666,0.1,0.1,1.0,0.0,1.0,0.0,0.0,0.0,0.0,0.0,0.0,0.0,0.0,0.0,0.0,0.0
6923235061999373574,0.56,13,2021,147,9,2,0.0608108108108108,0.0135135135135135,0.2,0.2,1.0,0.0,1.0,0.0,0.0,0.0,0.0,0.0,0.0,0.0,0.0,0.0,0.0,0.0
6891319697220898050,0.56,9,2020,97,6,0,0.0612244897959183,0.0,0.0,0.0,1.0,0.0,1.0,0.0,0.0,0.0,0.0,0.0,0.0,0.0,0.0,0.0,0.0,0.0
6879407335484214530,0.56,11,2020,146,5,2,0.0340136054421768,0.0136054421768707,0.0,0.0,1.0,0.0,1.0,0.0,0.0,0.0,0.0,0.0,0.0,0.0,0.0,0.0,0.0,0.0
6864458828012899589,0.56,12,2020,57,5,0,0.0862068965517241,0.0,0.0,0.0,1.0,0.0,1.0,0.0,0.0,0.0,0.0,0.0,0.0,0.0,0.0,0.0,0.0,0.0
7457876496447819030,0.56,10,2025,132,6,1,0.0451127819548872,0.0075187969924812,0.0,0.0,1.0,0.0,0.0,0.0,0.0,0.0,0.0,0.0,0.0,0.0,0.0,0.0,1.0,0.0
7299132149167361312,0.56,8,2023,59,7,0,0.1166666666666666,0.0,0.0,0.0,1.0,0.0,0.0,0.0,0.0,0.0,0.0,0.0,0.0,0.0,0.0,0.0,1.0,0.0
7285669773030001953,0.56,7,2023,121,11,0,0.0901639344262295,0.0,-0.1333333333333333,0.1333333333333333,1.0,0.0,0.0,0.0,0.0,0.0,0.0,0.0,0.0,0.0,0.0,0.0,1.0,0.0
7263460179461688609,0.53,8,2023,154,13,0,0.0838709677419354,0.0,0.0,0.0,1.0,0.0,0.0,0.0,0.0,0.0,0.0,0.0,0.0,0.0,0.0,0.0,1.0,0.0
7262728753778822433,0.56,8,2023,95,9,0,0.09375,0.0,0.0,0.0,1.0,0.0,0.0,0.0,0.0,0.0,0.0,0.0,0.0,0.0,0.0,0.0,1.0,0.0
7223410372462611738,0.56,13,2023,120,11,1,0.0909090909090909,0.0082644628099173,0.0,0.0,1.0,0.0,0.0,0.0,0.0,0.0,0.0,0.0,0.0,0.0,0.0,0.0,1.0,0.0
7208220006314773765,0.56,8,2023,146,13,4,0.0884353741496598,0.0272108843537414,0.0,0.0,1.0,0.0,0.0,0.0,0.0,0.0,0.0,0.0,0.0,0.0,0.0,0.0,1.0,0.0
7200112331873897733,0.56,10,2023,148,13,0,0.087248322147651,0.0,0.0,0.0,1.0,0.0,0.0,0.0,0.0,0.0,0.0,0.0,0.0,0.0,0.0,0.0,1.0,0.0
7194501630111272197,0.56,13,2023,170,7,3,0.0409356725146198,0.0175438596491228,0.5,0.5,1.0,0.0,0.0,0.0,0.0,0.0,0.0,0.0,0.0,0.0,0.0,0.0,1.0,0.0
7185555796443270405,0.56,6,2023,108,8,1,0.073394495412844,0.0091743119266055,0.3,0.3,1.0,0.0,0.0,0.0,0.0,0.0,0.0,0.0,0.0,0.0,0.0,0.0,1.0,0.0
7159621444312288517,0.56,13,2022,77,5,1,0.0641025641025641,0.0128205128205128,0.5,0.5,1.0,0.0,0.0,0.0,0.0,0.0,0.0,0.0,0.0,0.0,0.0,0.0,1.0,0.0
7157021341361753349,0.56,12,2022,123,6,1,0.0483870967741935,0.0080645161290322,0.0,0.0,1.0,0.0,0.0,0.0,0.0,0.0,0.0,0.0,0.0,0.0,0.0,0.0,1.0,0.0
6923258085528112390,0.56,12,2021,137,2,4,0.0144927536231884,0.0289855072463768,0.0,0.0,1.0,0.0,0.0,0.0,0.0,0.0,0.0,0.0,0.0,0.0,0.0,0.0,1.0,0.0
6915045654997912833,0.56,13,2021,40,2,1,0.048780487804878,0.024390243902439,0.0,0.0,1.0,0.0,0.0,0.0,0.0,0.0,0.0,0.0,0.0,0.0,0.0,0.0,1.0,0.0
6878219367390268673,0.56,14,2020,129,4,3,0.0307692307692307,0.023076923076923,0.0,0.0,1.0,0.0,0.0,0.0,0.0,0.0,0.0,0.0,0.0,0.0,0.0,0.0,1.0,0.0
6768860777525824773,0.56,6,2019,51,1,1,0.0192307692307692,0.0192307692307692,0.0,0.0,1.0,0.0,0.0,0.0,0.0,0.0,0.0,0.0,0.0,0.0,0.0,0.0,1.0,0.0
6764678537346616582,0.56,6,2019,103,3,1,0.0288461538461538,0.0096153846153846,0.0,0.0,1.0,0.0,0.0,0.0,0.0,0.0,0.0,0.0,0.0,0.0,0.0,0.0,1.0,0.0
7582921759985356054,0.56,13,2025,59,0,0,0.0,0.0,0.0,0.0,1.0,0.0,0.0,0.0,0.0,0.0,0.0,0.0,0.0,0.0,0.0,0.0,0.0,1.0
7581205344420924694,0.56,11,2025,111,0,1,0.0,0.0089285714285714,0.0,0.0,1.0,0.0,0.0,0.0,0.0,0.0,0.0,0.0,0.0,0.0,0.0,0.0,0.0,1.0
7579578853308337430,0.56,9,2025,51,0,0,0.0,0.0,0.0,0.0,1.0,0.0,0.0,0.0,0.0,0.0,0.0,0.0,0.0,0.0,0.0,0.0,0.0,1.0
7564712687565802774,0.56,14,2025,35,0,0,0.0,0.0,0.625,0.625,1.0,0.0,0.0,0.0,0.0,0.0,0.0,0.0,0.0,0.0,0.0,0.0,0.0,1.0
7487328540497628438,0.56,12,2025,104,5,2,0.0476190476190476,0.019047619047619,0.0,0.0,1.0,0.0,0.0,0.0,0.0,0.0,0.0,0.0,0.0,0.0,0.0,0.0,0.0,1.0
7461615118414073110,0.56,10,2025,14,0,1,0.0,0.0666666666666666,0.0,0.0,1.0,0.0,0.0,0.0,0.0,0.0,0.0,0.0,0.0,0.0,0.0,0.0,0.0,1.0
7454233566264855831,0.56,8,2024,90,4,1,0.0439560439560439,0.0109890109890109,0.0,0.0,1.0,0.0,0.0,0.0,0.0,0.0,0.0,0.0,0.0,0.0,0.0,0.0,0.0,1.0
7442235405757336864,0.56,6,2024,42,2,1,0.0465116279069767,0.0232558139534883,0.0,0.0,1.0,0.0,0.0,0.0,0.0,0.0,0.0,0.0,0.0,0.0,0.0,0.0,0.0,1.0
7403421764769926432,0.56,7,2024,53,2,1,0.037037037037037,0.0185185185185185,0.0,0.0,1.0,0.0,0.0,0.0,0.0,0.0,0.0,0.0,0.0,0.0,0.0,0.0,0.0,1.0
7377811070636920096,0.56,10,2024,11,0,1,0.0,0.0833333333333333,0.0,0.0,1.0,0.0,0.0,0.0,0.0,0.0,0.0,0.0,0.0,0.0,0.0,0.0,0.0,1.0
7335861253551787297,0.56,12,2024,95,5,1,0.0520833333333333,0.0104166666666666,0.0,0.0,1.0,0.0,0.0,0.0,0.0,0.0,0.0,0.0,0.0,0.0,0.0,0.0,0.0,1.0
7322502255616314656,0.56,10,2024,81,4,1,0.048780487804878,0.0121951219512195,0.5,0.5,1.0,0.0,0.0,0.0,0.0,0.0,0.0,0.0,0.0,0.0,0.0,0.0,0.0,1.0
7312484712440745249,0.56,8,2023,48,4,4,0.0816326530612244,0.0816326530612244,0.0,0.0,1.0,0.0,0.0,0.0,0.0,0.0,0.0,0.0,0.0,0.0,0.0,0.0,0.0,1.0
7305435593499086112,0.56,9,2023,100,2,1,0.0198019801980198,0.0099009900990099,0.0,0.0,1.0,0.0,0.0,0.0,0.0,0.0,0.0,0.0,0.0,0.0,0.0,0.0,0.0,1.0
7304326742255209761,0.56,12,2023,117,4,1,0.0338983050847457,0.0084745762711864,0.0,0.0,1.0,0.0,0.0,0.0,0.0,0.0,0.0,0.0,0.0,0.0,0.0,0.0,0.0,1.0
7300112308179701025,0.56,9,2023,3999,0,1968,0.0,0.492,0.0,0.0,1.0,0.0,0.0,0.0,0.0,0.0,0.0,0.0,0.0,0.0,0.0,0.0,0.0,1.0
7289092371030002977,0.56,9,2023,72,3,1,0.0410958904109589,0.0136986301369863,0.0,0.0,1.0,0.0,0.0,0.0,0.0,0.0,0.0,0.0,0.0,0.0,0.0,0.0,0.0,1.0
7288720379772800288,0.56,8,2023,144,4,0,0.0275862068965517,0.0,0.0,0.0,1.0,0.0,0.0,0.0,0.0,0.0,0.0,0.0,0.0,0.0,0.0,0.0,0.0,1.0
7280925746183408928,0.56,11,2023,46,1,0,0.0212765957446808,0.0,0.0,0.0,1.0,0.0,0.0,0.0,0.0,0.0,0.0,0.0,0.0,0.0,0.0,0.0,0.0,1.0
7223430604547837210,0.56,7,2023,77,4,2,0.0512820512820512,0.0256410256410256,0.0,0.0,1.0,0.0,0.0,0.0,0.0,0.0,0.0,0.0,0.0,0.0,0.0,0.0,0.0,1.0
7206342637316607237,0.56,7,2023,0,0,0,0.0,0.0,0.0,0.0,1.0,0.0,0.0,0.0,0.0,0.0,0.0,0.0,0.0,0.0,0.0,0.0,0.0,1.0
7197824225988726021,0.56,7,2023,80,4,1,0.0493827160493827,0.0123456790123456,0.0,0.0,1.0,0.0,0.0,0.0,0.0,0.0,0.0,0.0,0.0,0.0,0.0,0.0,0.0,1.0
7194484239583284486,0.56,9,2023,82,6,0,0.072289156626506,0.0,0.0,0.0,1.0,0.0,0.0,0.0,0.0,0.0,0.0,0.0,0.0,0.0,0.0,0.0,0.0,1.0
7181124364987895046,0.56,14,2022,81,6,1,0.073170731707317,0.0121951219512195,0.0,0.0,1.0,0.0,0.0,0.0,0.0,0.0,0.0,0.0,0.0,0.0,0.0,0.0,0.0,1.0
7180392341839105286,0.56,13,2022,101,6,1,0.0588235294117647,0.0098039215686274,0.0,0.0,1.0,0.0,0.0,0.0,0.0,0.0,0.0,0.0,0.0,0.0,0.0,0.0,0.0,1.0
7178897418107358469,0.56,10,2022,93,5,1,0.0531914893617021,0.0106382978723404,0.0,0.0,1.0,0.0,0.0,0.0,0.0,0.0,0.0,0.0,0.0,0.0,0.0,0.0,0.0,1.0
7169238545779952902,0.56,14,2022,51,3,3,0.0576923076923076,0.0576923076923076,0.1,0.1,1.0,0.0,0.0,0.0,0.0,0.0,0.0,0.0,0.0,0.0,0.0,0.0,0.0,1.0
7167386112040684805,0.56,8,2022,103,3,2,0.0288461538461538,0.0192307692307692,0.0,0.0,1.0,0.0,0.0,0.0,0.0,0.0,0.0,0.0,0.0,0.0,0.0,0.0,0.0,1.0
7165908407793372422,0.56,8,2022,58,4,2,0.0677966101694915,0.0338983050847457,0.0,0.0,1.0,0.0,0.0,0.0,0.0,0.0,0.0,0.0,0.0,0.0,0.0,0.0,0.0,1.0
7158468268074749189,0.56,11,2022,71,5,0,0.0694444444444444,0.0,0.0,0.0,1.0,0.0,0.0,0.0,0.0,0.0,0.0,0.0,0.0,0.0,0.0,0.0,0.0,1.0
7080915608727997701,0.56,9,2022,81,5,1,0.0609756097560975,0.0121951219512195,0.0,0.0,1.0,0.0,0.0,0.0,0.0,0.0,0.0,0.0,0.0,0.0,0.0,0.0,0.0,1.0
7074987594026700038,0.56,13,2022,178,8,1,0.0446927374301676,0.0055865921787709,0.0,0.0,1.0,0.0,0.0,0.0,0.0,0.0,0.0,0.0,0.0,0.0,0.0,0.0,0.0,1.0
7050500563045338374,0.56,13,2022,148,6,3,0.0402684563758389,0.0201342281879194,0.875,0.875,1.0,0.0,0.0,0.0,0.0,0.0,0.0,0.0,0.0,0.0,0.0,0.0,0.0,1.0
7049689395460312326,0.56,12,2022,100,5,2,0.0495049504950495,0.0198019801980198,0.1363636363636363,0.1363636363636363,1.0,0.0,0.0,0.0,0.0,0.0,0.0,0.0,0.0,0.0,0.0,0.0,0.0,1.0
6937251547290045701,0.56,12,2021,21,3,0,0.1363636363636363,0.0,0.5,0.5,1.0,0.0,0.0,0.0,0.0,0.0,0.0,0.0,0.0,0.0,0.0,0.0,0.0,1.0
6797039273053850886,0.56,9,2020,97,8,3,0.0816326530612244,0.0306122448979591,0.0,0.0,1.0,0.0,0.0,0.0,0.0,0.0,0.0,0.0,0.0,0.0,0.0,0.0,0.0,1.0
7582952363116268812,0.56,14,2025,41,0,1,0.0,0.0238095238095238,0.0,0.0,1.0,0.0,0.0,0.0,0.0,0.0,0.0,1.0,0.0,0.0,0.0,0.0,0.0,0.0
7561497104322022667,0.56,10,2025,50,3,1,0.0588235294117647,0.0196078431372549,0.0,0.0,1.0,0.0,0.0,0.0,0.0,0.0,0.0,1.0,0.0,0.0,0.0,0.0,0.0,0.0
7540672667704118533,0.56,13,2025,53,2,0,0.037037037037037,0.0,0.0,0.0,1.0,0.0,0.0,0.0,0.0,0.0,0.0,1.0,0.0,0.0,0.0,0.0,0.0,0.0
7457617290348072197,0.56,8,2025,66,2,0,0.0298507462686567,0.0,0.0,0.0,1.0,0.0,0.0,0.0,0.0,0.0,0.0,1.0,0.0,0.0,0.0,0.0,0.0,0.0
7339952469901970693,0.56,10,2024,130,2,1,0.015267175572519,0.0076335877862595,0.0,0.0,1.0,0.0,0.0,0.0,0.0,0.0,0.0,1.0,0.0,0.0,0.0,0.0,0.0,0.0
7338825965419662598,0.56,11,2024,52,2,2,0.0377358490566037,0.0377358490566037,0.0,0.0,1.0,0.0,0.0,0.0,0.0,0.0,0.0,1.0,0.0,0.0,0.0,0.0,0.0,0.0
7334734613429882117,0.56,12,2024,96,6,2,0.0618556701030927,0.0206185567010309,0.0,0.0,1.0,0.0,0.0,0.0,0.0,0.0,0.0,1.0,0.0,0.0,0.0,0.0,0.0,0.0
7334309352062405893,0.56,7,2024,219,4,1,0.0181818181818181,0.0045454545454545,0.0,0.0,1.0,0.0,0.0,0.0,0.0,0.0,0.0,1.0,0.0,0.0,0.0,0.0,0.0,0.0
7325113581249301766,0.56,7,2024,43,3,1,0.0681818181818181,0.0227272727272727,0.0,0.0,1.0,0.0,0.0,0.0,0.0,0.0,0.0,1.0,0.0,0.0,0.0,0.0,0.0,0.0
7206417246502046981,0.56,11,2023,62,2,1,0.0317460317460317,0.0158730158730158,0.0,0.0,1.0,0.0,0.0,0.0,0.0,0.0,0.0,1.0,0.0,0.0,0.0,0.0,0.0,0.0
7186344254921280773,0.56,14,2023,63,2,0,0.03125,0.0,0.0,0.0,1.0,0.0,0.0,0.0,0.0,0.0,0.0,1.0,0.0,0.0,0.0,0.0,0.0,0.0
7180432290151959814,0.56,14,2022,78,5,1,0.0632911392405063,0.0126582278481012,0.0,0.0,1.0,0.0,0.0,0.0,0.0,0.0,0.0,1.0,0.0,0.0,0.0,0.0,0.0,0.0
7175115192966106374,0.56,12,2022,89,2,1,0.0222222222222222,0.0111111111111111,0.0,0.0,1.0,0.0,0.0,0.0,0.0,0.0,0.0,1.0,0.0,0.0,0.0,0.0,0.0,0.0
7083930192657353990,0.56,9,2022,89,3,1,0.0333333333333333,0.0111111111111111,0.0,0.0,1.0,0.0,0.0,0.0,0.0,0.0,0.0,1.0,0.0,0.0,0.0,0.0,0.0,0.0
7083882172154645765,0.56,10,2022,72,4,2,0.0547945205479452,0.0273972602739726,0.0,0.0,1.0,0.0,0.0,0.0,0.0,0.0,0.0,1.0,0.0,0.0,0.0,0.0,0.0,0.0
7082815811529805062,0.56,8,2022,56,3,1,0.0526315789473684,0.0175438596491228,0.0,0.0,1.0,0.0,0.0,0.0,0.0,0.0,0.0,1.0,0.0,0.0,0.0,0.0,0.0,0.0
7080188060561837318,0.56,9,2022,79,3,1,0.0375,0.0125,0.0,0.0,1.0,0.0,0.0,0.0,0.0,0.0,0.0,1.0,0.0,0.0,0.0,0.0,0.0,0.0
7075406881111444742,0.56,6,2022,52,3,2,0.0566037735849056,0.0377358490566037,0.0,0.0,1.0,0.0,0.0,0.0,0.0,0.0,0.0,1.0,0.0,0.0,0.0,0.0,0.0,0.0
7072415750589254918,0.56,10,2022,69,4,2,0.0571428571428571,0.0285714285714285,0.0,0.0,1.0,0.0,0.0,0.0,0.0,0.0,0.0,1.0,0.0,0.0,0.0,0.0,0.0,0.0
7066872454249073925,0.56,8,2022,63,4,2,0.0625,0.03125,0.0,0.0,1.0,0.0,0.0,0.0,0.0,0.0,0.0,1.0,0.0,0.0,0.0,0.0,0.0,0.0
7064977105032858885,0.56,7,2022,66,4,2,0.0597014925373134,0.0298507462686567,0.0,0.0,1.0,0.0,0.0,0.0,0.0,0.0,0.0,1.0,0.0,0.0,0.0,0.0,0.0,0.0
7062415851231677702,0.56,7,2022,65,4,2,0.0606060606060606,0.0303030303030303,0.0,0.0,1.0,0.0,0.0,0.0,0.0,0.0,0.0,1.0,0.0,0.0,0.0,0.0,0.0,0.0
7058664802880589062,0.56,8,2022,79,4,2,0.05,0.025,0.0,0.0,1.0,0.0,0.0,0.0,0.0,0.0,0.0,1.0,0.0,0.0,0.0,0.0,0.0,0.0
6980319450687868166,0.56,14,2021,135,4,1,0.0294117647058823,0.0073529411764705,0.0,0.0,1.0,0.0,0.0,0.0,0.0,0.0,0.0,1.0,0.0,0.0,0.0,0.0,0.0,0.0
6942166804311575814,0.56,12,2021,114,6,3,0.0521739130434782,0.0260869565217391,0.0,0.0,1.0,0.0,0.0,0.0,0.0,0.0,0.0,1.0,0.0,0.0,0.0,0.0,0.0,0.0
6923874728902003973,0.56,6,2021,67,5,1,0.0735294117647058,0.0147058823529411,0.0,0.0,1.0,0.0,0.0,0.0,0.0,0.0,0.0,1.0,0.0,0.0,0.0,0.0,0.0,0.0
7606743080678591766,0.56,10,2026,320,3,2,0.0093457943925233,0.0062305295950155,0.0,0.0,1.0,0.0,0.0,1.0,0.0,0.0,0.0,0.0,0.0,0.0,0.0,0.0,0.0,0.0
7604101089775865110,0.56,14,2026,248,2,3,0.0080321285140562,0.0120481927710843,0.0,0.0,1.0,0.0,0.0,1.0,0.0,0.0,0.0,0.0,0.0,0.0,0.0,0.0,0.0,0.0
7582254546236230934,0.56,13,2025,349,2,3,0.0057142857142857,0.0085714285714285,0.9,0.9,1.0,0.0,0.0,1.0,0.0,0.0,0.0,0.0,0.0,0.0,0.0,0.0,0.0,0.0
7559557230903774486,0.59,7,2025,144,3,3,0.0206896551724137,0.0206896551724137,0.0,0.0,1.0,0.0,0.0,1.0,0.0,0.0,0.0,0.0,0.0,0.0,0.0,0.0,0.0,0.0
7546567057056353558,0.56,9,2025,135,3,1,0.0220588235294117,0.0073529411764705,0.0,0.0,1.0,0.0,0.0,1.0,0.0,0.0,0.0,0.0,0.0,0.0,0.0,0.0,0.0,0.0
7517987561692794134,0.56,7,2025,138,4,2,0.0287769784172661,0.014388489208633,0.0,0.0,1.0,0.0,0.0,1.0,0.0,0.0,0.0,0.0,0.0,0.0,0.0,0.0,0.0,0.0
7507578375586712854,0.56,13,2025,338,8,4,0.023598820058997,0.0117994100294985,0.0,0.0,1.0,0.0,0.0,1.0,0.0,0.0,0.0,0.0,0.0,0.0,0.0,0.0,0.0,0.0
7476865863409257750,0.56,9,2025,95,2,2,0.0208333333333333,0.0208333333333333,0.0,0.0,1.0,0.0,0.0,1.0,0.0,0.0,0.0,0.0,0.0,0.0,0.0,0.0,0.0,0.0
7457587495031606560,0.56,7,2025,72,2,1,0.0273972602739726,0.0136986301369863,0.0,0.0,1.0,0.0,0.0,1.0,0.0,0.0,0.0,0.0,0.0,0.0,0.0,0.0,0.0,0.0
7450183993355488545,0.56,11,2024,121,0,2,0.0,0.0163934426229508,0.0,0.0,1.0,0.0,0.0,1.0,0.0,0.0,0.0,0.0,0.0,0.0,0.0,0.0,0.0,0.0
7442354645382532385,0.56,12,2024,84,2,1,0.0235294117647058,0.0117647058823529,0.0,0.0,1.0,0.0,0.0,1.0,0.0,0.0,0.0,0.0,0.0,0.0,0.0,0.0,0.0,0.0
7338778286597655840,0.56,11,2024,115,2,2,0.0172413793103448,0.0172413793103448,0.0,0.0,1.0,0.0,0.0,1.0,0.0,0.0,0.0,0.0,0.0,0.0,0.0,0.0,0.0,0.0
7325457714312727840,0.56,10,2024,0,0,0,0.0,0.0,0.0,0.0,1.0,0.0,0.0,1.0,0.0,0.0,0.0,0.0,0.0,0.0,0.0,0.0,0.0,0.0
7322420132649749793,0.56,10,2024,84,3,0,0.0352941176470588,0.0,0.0,0.0,1.0,0.0,0.0,1.0,0.0,0.0,0.0,0.0,0.0,0.0,0.0,0.0,0.0,0.0
7321436866287373600,0.56,9,2024,86,0,3,0.0,0.0344827586206896,0.0,0.0,1.0,0.0,0.0,1.0,0.0,0.0,0.0,0.0,0.0,0.0,0.0,0.0,0.0,0.0
7312523032025730337,0.56,8,2023,120,3,2,0.024793388429752,0.0165289256198347,0.0,0.0,1.0,0.0,0.0,1.0,0.0,0.0,0.0,0.0,0.0,0.0,0.0,0.0,0.0,0.0
7305425778076880161,0.56,13,2023,151,4,3,0.0263157894736842,0.0197368421052631,0.0,0.0,1.0,0.0,0.0,1.0,0.0,0.0,0.0,0.0,0.0,0.0,0.0,0.0,0.0,0.0
7304272406548319520,0.56,8,2023,85,3,3,0.0348837209302325,0.0348837209302325,0.0,0.0,1.0,0.0,0.0,1.0,0.0,0.0,0.0,0.0,0.0,0.0,0.0,0.0,0.0,0.0
