video_id,R1,G1,B1,W1,R2,G2,B2,W2,R3,G3,B3,W3
7602656035161050390,193,207,203,0.5060357142857143,136,154,162,0.3438571428571428,64,83,99,0.1501071428571428
7590718903144287510,25,27,32,0.6083928571428572,148,134,112,0.1579642857142857,95,70,62,0.2336428571428571
7571821778746592534,223,238,248,0.4570714285714286,90,136,163,0.0923571428571428,183,206,222,0.4505714285714285
7569927329154190614,212,213,226,0.2235714285714285,13,65,81,0.2819132653061224,120,147,193,0.494515306122449
7566270741134462230,96,110,127,0.2140625,230,231,230,0.5602678571428571,28,36,48,0.2256696428571428
7536170254989315350,191,193,196,0.3261904761904762,59,68,84,0.3399255952380952,114,122,137,0.3338839285714285
7520640970199698710,62,61,60,0.2481696428571428,190,202,208,0.3676785714285714,133,131,126,0.3841517857142857
7496799936558796054,87,108,144,0.5185331632653061,184,190,205,0.3721301020408163,32,40,55,0.1093367346938775
7487960173529582870,40,39,39,0.259047619047619,179,187,203,0.5004166666666666,102,97,92,0.2405357142857143
7478712216724802838,107,125,153,0.3353061224489796,38,51,76,0.257359693877551,180,192,211,0.4073341836734694
7470850262840691990,27,30,28,0.0145238095238095,149,154,153,0.6081547619047619,64,105,110,0.3773214285714286
7424512450856357153,39,77,131,0.4702380952380952,198,215,227,0.2505952380952381,111,145,190,0.2791666666666667
7416286728513735968,108,131,154,0.3961309523809523,200,195,191,0.3116071428571428,16,39,52,0.2922619047619048
7374727208394411297,45,54,39,0.2417261904761904,116,128,103,0.3403571428571428,191,200,210,0.4179166666666666
7361057454454508833,201,212,231,0.6152857142857143,31,44,55,0.1772857142857143,118,136,151,0.2074285714285714
7343975400122354977,36,77,92,0.1053571428571428,192,193,193,0.7171875,77,124,139,0.1774553571428571
7322847358646078752,95,129,170,0.3925892857142857,211,214,226,0.3618303571428571,21,39,56,0.2455803571428571
7311689753676533024,221,219,232,0.6873214285714285,28,35,43,0.1674489795918367,140,137,138,0.1452295918367347
7307595143559859488,224,221,233,0.7349821428571428,40,54,59,0.1168928571428571,139,144,151,0.148125
7298756408994991393,204,201,200,0.3493303571428571,54,53,41,0.2998214285714285,156,134,107,0.3508482142857143
7272755309658098976,28,32,27,0.4850255102040816,127,119,85,0.2454336734693877,144,173,195,0.2695408163265306
7226766521719213338,24,34,35,0.201547619047619,174,192,209,0.3807142857142857,88,113,110,0.4177380952380952
7224139299594194203,176,180,186,0.4557857142857143,31,82,113,0.214,129,146,161,0.3302142857142857
7208566584535764250,122,119,121,0.3485267857142857,38,18,23,0.2141071428571428,183,185,188,0.4373660714285714
7205976379370851589,196,190,184,0.2806887755102041,67,70,83,0.3548979591836734,119,121,136,0.3644132653061224
7177404002508803334,120,116,121,0.3179464285714286,47,49,63,0.5064508928571428,197,196,197,0.1756026785714285
7164792237543394566,210,194,168,0.2111607142857142,145,108,77,0.2058333333333333,47,54,58,0.5830059523809524
7162183685423385862,133,122,129,0.2107142857142857,208,221,237,0.6623883928571429,36,41,61,0.1268973214285714
7153997940774882565,74,77,81,0.3241428571428571,232,215,195,0.2601071428571428,21,25,25,0.41575
7143619564775968006,198,191,180,0.3848214285714286,135,123,116,0.3294047619047619,58,37,31,0.2857738095238095
7138043316087606533,158,201,200,0.2637244897959184,102,159,148,0.4685969387755102,94,86,70,0.2676785714285714
7114705253899029765,235,236,240,0.3483035714285714,62,61,28,0.3340178571428571,153,155,98,0.3176785714285714
7107270367303044358,154,154,120,0.40525,63,71,56,0.4942142857142857,224,222,217,0.1005357142857142
7101685930276293894,37,69,73,0.3510714285714286,220,214,216,0.2943452380952381,149,143,135,0.3545833333333333
7096121724990655749,207,204,205,0.3153214285714286,60,43,57,0.3600714285714286,129,122,128,0.3246071428571428
7079814734664436998,185,189,202,0.3469260204081633,47,34,34,0.225625,93,95,121,0.4274489795918367
7071272731286834437,108,88,156,0.6686904761904762,231,208,228,0.1008333333333333,57,41,78,0.2304761904761904
7067569943449046278,75,99,156,0.4626785714285714,44,34,40,0.166875,192,191,196,0.3704464285714285
7063121025394855173,230,237,245,0.5544642857142857,120,142,165,0.2300446428571428,44,59,84,0.2154910714285714
7023313220278553862,59,64,60,0.244672619047619,192,199,195,0.304672619047619,140,141,125,0.4506547619047619
7019559155425955077,206,207,201,0.3646785714285714,62,49,38,0.2931428571428571,134,126,117,0.3421785714285714
6958797242429934854,211,188,190,0.5575357142857142,147,122,109,0.1863928571428571,67,55,47,0.2560714285714285
6940653001791130885,66,83,127,0.5242857142857142,140,160,193,0.32775,13,20,52,0.1479642857142857
6927911225066130693,21,20,29,0.1467857142857143,179,185,198,0.51375,100,109,136,0.3394642857142857
6896446483080482050,199,200,203,0.3445982142857143,51,56,52,0.3104910714285714,119,125,115,0.3449107142857143
6893888228848389377,94,70,47,0.2391964285714285,165,132,102,0.5045982142857143,208,188,166,0.2562053571428571
6891645296233794817,73,56,49,0.3027232142857143,223,213,206,0.351875,159,135,119,0.3454017857142857
6883561429727726850,32,34,27,0.5207142857142857,185,173,174,0.1942410714285714,97,91,81,0.2850446428571428
6876362124260691202,215,212,220,0.4995833333333333,68,64,67,0.1720238095238095,142,138,143,0.3283928571428571
6874890977631390978,82,78,84,0.537015306122449,96,142,221,0.3034183673469388,208,200,192,0.1595663265306122
6855731886438763781,160,175,211,0.3205059523809523,56,54,44,0.286875,135,130,95,0.3926190476190476
6852640471013920006,139,141,154,0.2961160714285714,66,66,56,0.5557142857142857,230,233,237,0.1481696428571428
6847902541095668997,43,47,58,0.367172619047619,133,124,132,0.3980059523809524,213,209,212,0.2348214285714285
6802558843114114310,20,27,39,0.1689285714285714,188,198,209,0.71675,123,126,134,0.1143214285714285
7603743614157458710,68,71,99,0.2689285714285714,169,178,206,0.3291666666666666,123,128,159,0.4019047619047619
7595972634450431254,67,72,73,0.4312053571428571,111,118,122,0.32,189,180,163,0.2487946428571428
7587402623129636118,46,40,49,0.2691785714285714,204,207,219,0.4269285714285714,135,121,130,0.3038928571428571
7587440240327937302,132,148,169,0.3766964285714286,200,206,212,0.3291964285714285,55,83,115,0.2941071428571428
7584845578429828375,73,93,116,0.345,200,202,202,0.3295833333333333,141,150,163,0.3254166666666667
7581822570454879510,107,58,25,0.3150357142857143,26,12,6,0.6098571428571429,225,188,136,0.0751071428571428
7579299127637363990,113,134,169,0.2276785714285714,214,220,227,0.5645238095238095,25,30,40,0.207797619047619
7580305629634399510,186,197,203,0.2678571428571428,35,35,33,0.3148809523809524,100,106,114,0.4172619047619048
7578925701114481942,153,167,197,0.74,77,99,137,0.1691964285714285,219,222,231,0.0908035714285714
7577797962017918230,194,196,199,0.4442410714285714,15,83,138,0.406875,153,156,162,0.1488839285714285
7576309328584592643,183,193,209,0.4839285714285714,49,52,52,0.1723214285714285,164,172,187,0.34375
7575167976853228822,141,142,146,0.2065178571428571,216,221,229,0.4902232142857143,70,73,83,0.3032589285714285
7574884067729050902,135,133,140,0.3109821428571429,58,48,55,0.1770982142857143,178,185,195,0.5119196428571429
7572598154063990038,188,191,201,0.3642857142857142,43,64,95,0.2724553571428571,130,137,153,0.3632589285714285
7567386738709073174,107,110,101,0.4927380952380952,202,177,151,0.256547619047619,33,32,24,0.2507142857142857
7566939859156290838,220,223,227,0.613125,44,108,143,0.2415625,124,162,190,0.1453125
7565890573115165974,217,216,213,0.3534948979591836,64,55,51,0.3604591836734694,135,122,111,0.2860459183673469
7563265888623840534,47,43,41,0.3496428571428571,147,147,148,0.2471428571428571,100,107,116,0.4032142857142857
7556999098637880598,131,136,147,0.3480059523809524,216,215,215,0.3183630952380952,37,37,46,0.3336309523809523
7551795663772798211,100,90,67,0.7175595238095238,62,127,192,0.1586904761904762,207,206,202,0.12375
7549089036447649046,127,103,88,0.3878125,186,171,165,0.201875,50,44,50,0.4103125
7547744113433627926,48,50,44,0.4560267857142857,175,188,203,0.2757142857142857,113,115,97,0.2682589285714286
7542538735116684566,114,117,125,0.2984523809523809,44,42,43,0.4430357142857143,175,184,191,0.2585119047619048
7541326779697564930,131,144,95,0.5481696428571429,138,169,201,0.1533928571428571,67,82,74,0.2984375
7539973950877584662,92,92,77,0.2147023809523809,34,30,28,0.6688690476190476,192,196,157,0.1164285714285714
7535846854743821590,129,140,148,0.4397959183673469,71,76,65,0.3910459183673469,199,197,198,0.1691581632653061
7535846685101149462,121,121,115,0.358,184,186,194,0.2828571428571428,54,56,47,0.3591428571428571
7535846060476976406,52,56,42,0.4040178571428571,109,113,108,0.3898511904761905,206,216,218,0.2061309523809524
7535476048444558614,70,107,166,0.4066964285714285,150,185,221,0.5005803571428571,23,31,29,0.0927232142857142
7535123405562006806,110,135,170,0.4973809523809523,69,57,46,0.2617857142857143,150,184,221,0.2408333333333333
7533124404062981398,186,199,219,0.5333482142857143,46,56,67,0.2812053571428571,123,146,181,0.1854464285714285
7532382235463339286,179,189,194,0.4174234693877551,32,33,23,0.3401530612244898,110,114,85,0.2424234693877551
7528433357093358870,111,104,99,0.1920089285714285,25,28,29,0.4343303571428571,195,205,205,0.3736607142857143
7510479503592901910,58,54,46,0.5064285714285715,104,90,69,0.3817142857142857,183,168,161,0.1118571428571428
7509512878026788118,121,113,72,0.3855803571428571,15,14,8,0.3817857142857143,179,168,158,0.2326339285714285
7504668782045039894,154,183,231,0.2832142857142857,53,71,73,0.3175,106,139,184,0.3992857142857143
7495322095065238806,67,49,75,0.3017857142857142,200,204,208,0.3642261904761905,130,132,148,0.3339880952380952
7494238893546474774,165,171,180,0.4723214285714285,140,144,152,0.4433928571428571,87,87,94,0.0842857142857142
7490222588883422486,103,125,159,0.23875,213,219,226,0.6254017857142857,26,30,40,0.1358482142857142
7488220279244623126,94,128,157,0.6775,170,182,203,0.1511309523809524,49,60,72,0.1713690476190476
7486138878026321174,103,118,136,0.1832738095238095,175,185,196,0.705654761904762,13,11,16,0.1110714285714285
7483898615803612418,19,52,77,0.2033928571428571,130,150,172,0.545625,197,207,216,0.2509821428571429
7480918194438278422,187,199,215,0.5659642857142857,37,50,70,0.1509285714285714,117,139,166,0.2831071428571428
7480563839319264534,142,180,201,0.4067410714285714,192,215,230,0.4491964285714285,16,41,69,0.1440625
7471286673494527254,136,146,161,0.3031845238095238,57,60,70,0.2683035714285714,195,202,211,0.4285119047619047
7470532387223407904,50,54,84,0.3151071428571428,15,15,31,0.6521428571428571,194,173,154,0.03275
7468709057516326177,179,190,206,0.3131696428571429,40,65,98,0.2888392857142857,97,124,161,0.3979910714285714
7468323433714126112,178,186,193,0.5789285714285715,47,54,61,0.1903571428571428,119,127,136,0.2307142857142857
7466109584952855840,98,128,165,0.2019642857142857,55,78,111,0.2549404761904762,192,200,210,0.5430952380952381
7463198577188146464,35,24,35,0.3959183673469387,121,94,108,0.3541326530612245,187,186,198,0.2499489795918367
7458328611213298976,179,189,204,0.6444940476190476,51,53,62,0.1385416666666666,127,133,146,0.2169642857142857
7451579890048027937,59,70,95,0.3105803571428571,212,220,230,0.3426339285714285,124,147,184,0.3467857142857143
7443846446362774817,54,46,44,0.2729166666666666,112,107,113,0.3942261904761904,179,171,170,0.3328571428571428
7436439641298865441,53,42,50,0.3224404761904761,246,242,244,0.38625,145,130,140,0.2913095238095238
7423318018853178657,230,245,250,0.4621875,129,116,85,0.3258482142857143,52,51,57,0.2119642857142857
7414073681992895776,129,129,126,0.2296428571428571,53,56,57,0.4876071428571428,215,224,235,0.28275
7397062762150513952,121,122,116,0.3188928571428571,157,174,203,0.342,45,58,57,0.3391071428571429
7395189160081935649,152,160,95,0.4148214285714285,83,88,37,0.3823979591836735,222,226,216,0.2027806122448979
7350221322317761825,232,223,216,0.030297619047619,110,16,121,0.3555357142857143,38,9,47,0.6141666666666666
7343530174526377249,118,129,149,0.3095663265306122,38,38,38,0.083329081632653,196,193,194,0.6071045918367347
7336238126651706656,182,187,205,0.1561428571428571,64,10,14,0.4830714285714286,137,84,81,0.3607857142857142
7329933240775527713,94,113,142,0.3513392857142857,186,190,201,0.3476785714285714,24,49,80,0.3009821428571428
7329526946751089953,107,120,147,0.5067142857142857,175,176,192,0.3702142857142857,26,17,16,0.1230714285714285
7316851921288006944,29,47,70,0.1670879120879121,184,192,204,0.3786538461538462,71,109,153,0.4542582417582417
7300927450463194400,205,210,227,0.5640561224489796,45,67,115,0.2089795918367347,95,134,186,0.2269642857142857
7297177472615861536,144,134,128,0.2993928571428571,227,225,224,0.3900357142857142,69,61,52,0.3105714285714285
7296855348714016033,101,130,181,0.4477380952380952,53,47,61,0.3354166666666666,200,212,234,0.2168452380952381
7290823677195603233,80,55,52,0.5611904761904762,117,132,156,0.3485714285714286,196,208,212,0.0902380952380952
7261565962875358491,100,101,53,0.4761071428571428,175,179,189,0.3747142857142857,234,234,238,0.1491785714285714
7260104911830945051,155,121,94,0.3039583333333333,63,58,49,0.4008630952380952,185,198,198,0.2951785714285714
7257874855037586714,44,48,39,0.4004081632653061,191,200,215,0.2209438775510204,99,107,111,0.3786479591836734
7210751695771553030,50,52,59,0.2831696428571428,98,113,143,0.5029017857142857,194,198,208,0.2139285714285714
7193808719287766278,23,22,28,0.2983928571428571,149,160,182,0.3021875,95,114,152,0.3994196428571429
7192709681280781574,172,181,197,0.4025595238095238,107,118,140,0.359047619047619,58,66,83,0.2383928571428571
7191884217595219206,116,150,217,0.6195535714285715,32,40,89,0.1359821428571428,193,224,252,0.2444642857142857
7190283346373610757,120,128,149,0.1957142857142857,202,204,217,0.2410714285714285,42,66,117,0.5632142857142857
7184460864404229381,91,97,55,0.1785714285714285,177,190,212,0.4968452380952381,129,132,82,0.3245833333333333
7183681305203330309,26,32,37,0.6468622448979592,133,76,98,0.2947448979591837,183,195,203,0.0583928571428571
7171449726158589189,199,217,236,0.6198214285714285,121,134,151,0.2242857142857142,68,79,95,0.1558928571428571
7168916057166597382,229,234,244,0.6038095238095238,58,49,50,0.2143452380952381,142,148,160,0.1818452380952381
7164397666472873222,119,104,78,0.3411607142857142,204,194,179,0.206875,31,25,19,0.4519642857142857
7161354120849427717,93,64,52,0.3232738095238095,235,217,195,0.2873511904761904,186,147,99,0.389375
7143175958978186502,151,177,229,0.1827142857142857,70,77,77,0.4546428571428571,115,120,130,0.3626428571428571
7132514036276628742,218,195,186,0.2949404761904762,68,65,56,0.3686309523809524,138,127,111,0.3364285714285714
7124374690520419590,44,47,34,0.2730357142857142,194,211,219,0.4403571428571428,127,113,83,0.2866071428571428
7094270154275605765,134,110,102,0.2179910714285714,217,203,193,0.4020089285714285,52,48,46,0.38
6958338154617228549,210,204,198,0.3516785714285714,38,37,32,0.3520357142857143,112,115,107,0.2962857142857142
6955364241213771014,100,104,114,0.3223928571428571,185,202,225,0.28325,46,49,41,0.3943571428571428
6921604099553119494,40,33,30,0.1700255102040816,6,2,4,0.7386224489795918,116,102,81,0.0913520408163265
7604808799404264726,29,39,53,0.2888928571428571,61,126,192,0.5584285714285714,175,203,224,0.1526785714285714
7603273994216738070,105,86,139,0.2927142857142857,23,12,34,0.4791428571428571,203,182,219,0.2281428571428571
7596993704146046230,44,20,13,0.1564484126984127,203,169,136,0.2700992063492063,98,72,66,0.5734523809523809
7593041331174362390,74,81,102,0.2931428571428571,122,132,156,0.61475,191,194,205,0.0921071428571428
7589754729350155542,188,181,154,0.1736862244897959,27,20,25,0.5659821428571429,151,95,57,0.2603316326530612
7587308013363449121,84,63,68,0.2066666666666666,160,127,103,0.1194642857142857,19,13,19,0.6738690476190476
7583720650200730902,93,128,175,0.367984693877551,29,37,57,0.2423214285714285,196,203,220,0.3896938775510204
7577768828214512918,183,189,194,0.2239732142857143,46,62,86,0.3797321428571428,46,103,168,0.3962946428571428
7575831202117045526,212,214,216,0.5126785714285714,25,37,58,0.3111904761904762,112,128,140,0.1761309523809524
7574767270392532246,209,220,232,0.543779761904762,48,39,36,0.1504761904761904,152,148,146,0.3057440476190476
7572922723836431638,149,164,169,0.2916964285714286,63,99,125,0.1808482142857143,184,195,196,0.5274553571428572
7569206708090850582,61,54,43,0.3428869047619047,63,126,175,0.4165178571428571,152,139,103,0.240595238095238
7568382003330993430,179,188,208,0.1939732142857143,11,10,9,0.6457589285714286,83,75,75,0.1602678571428571
7566297785914412310,87,167,240,0.5011904761904762,81,72,41,0.2232142857142857,195,167,116,0.2755952380952381
7563724139240885526,4,4,4,0.8666517857142857,150,132,116,0.0166964285714285,52,28,19,0.1166517857142857
7556661292233379075,135,101,82,0.4170982142857143,195,180,166,0.2504017857142857,34,26,26,0.3325
7553924193562266902,132,118,91,0.3522619047619048,39,46,26,0.5326488095238096,209,220,210,0.1150892857142857
7553554500972367107,46,29,28,0.2923214285714285,220,219,218,0.410625,152,130,125,0.2970535714285714
7545446733921209622,81,100,80,0.3896428571428571,5,9,9,0.4243112244897959,168,189,203,0.1860459183673469
7537707440142454038,61,67,82,0.2935714285714286,193,204,213,0.3504464285714285,130,143,165,0.3559821428571428
7480851478555659543,175,180,185,0.91425,25,36,45,0.0672142857142857,112,118,124,0.0185357142857142
7478288153153916182,199,200,198,0.3276428571428571,62,104,161,0.4567857142857143,48,51,50,0.2155714285714285
7476404323317222658,147,164,169,0.2049553571428571,58,95,122,0.2416517857142857,181,192,192,0.5533928571428571
7474625701350509846,88,124,175,0.4078125,188,207,225,0.4404017857142857,44,45,48,0.1517857142857142
7473095088948759830,181,179,172,0.2680357142857142,119,89,88,0.2538392857142857,33,19,24,0.478125
7471251146288418070,103,99,107,0.3733333333333333,200,194,196,0.1845833333333333,48,36,50,0.4420833333333333
7468715378743528736,52,20,35,0.4138095238095238,172,174,189,0.2670833333333333,107,82,99,0.3191071428571428
7467231080735690017,74,81,102,0.29175,122,132,157,0.6185357142857143,192,196,206,0.0897142857142857
7466117788898315552,117,142,158,0.3169285714285714,58,77,93,0.1476785714285714,183,186,190,0.5353928571428571
7465375886779403552,106,97,112,0.3957142857142857,155,155,160,0.3691071428571428,33,20,28,0.2351785714285714
7463520186876939552,113,148,172,0.3324404761904762,215,221,220,0.3697916666666667,64,92,114,0.2977678571428571
7458325240628661537,35,28,18,0.5944642857142857,159,101,57,0.3071428571428571,216,243,221,0.0983928571428571
7456840693982465312,192,199,206,0.4774404761904762,101,131,164,0.2958928571428571,31,52,74,0.2266666666666666
7454985264952266016,110,110,121,0.3009375,202,205,207,0.5011160714285714,37,39,45,0.1979464285714285
7452758752337399073,142,105,81,0.1558035714285714,205,180,149,0.1709375,69,54,51,0.6732589285714285
7452387800818666785,24,63,110,0.381845238095238,135,184,227,0.3129761904761904,115,116,143,0.3051785714285714
7449430237114404128,207,216,219,0.3435714285714286,105,135,159,0.3351785714285714,51,71,90,0.32125
7444595106025442593,202,204,204,0.4347023809523809,16,42,80,0.308452380952381,92,120,147,0.256845238095238
7441626192760884513,213,158,76,0.2922023809523809,34,27,20,0.4370238095238095,119,96,69,0.2707738095238095
7440465091817999649,104,121,147,0.5794642857142858,158,182,213,0.3511071428571428,37,40,42,0.0694285714285714
7437536576072125728,39,37,37,0.3706785714285714,123,168,221,0.3401071428571428,99,106,119,0.2892142857142857
7436650165861141792,105,114,133,0.3714285714285714,174,188,203,0.3571785714285714,47,47,60,0.2713928571428571
7436403924350864672,131,140,138,0.4785714285714286,76,79,76,0.2802857142857143,177,203,216,0.2411428571428571
7436044441170857249,58,67,49,0.1933928571428571,20,29,18,0.6041964285714285,111,119,101,0.2024107142857142
7434931188642352417,30,54,68,0.54375,191,204,197,0.1766666666666666,100,122,141,0.2795833333333333
7433817907278269729,42,26,10,0.521875,120,81,35,0.4140178571428571,195,187,166,0.0641071428571428
7431168865142328608,73,70,56,0.3304166666666667,191,194,178,0.2096428571428571,120,125,116,0.4599404761904762
7429720640111791392,123,144,165,0.3820535714285714,198,213,223,0.475,43,63,88,0.1429464285714285
7428251635102534945,49,55,50,0.54325,213,231,242,0.1771071428571428,124,128,126,0.2796428571428571
7425965869924142369,2,3,4,0.5762142857142857,149,168,166,0.2380357142857143,77,85,70,0.18575
7423773390932135201,123,124,138,0.3872619047619047,70,67,78,0.3602380952380952,182,194,209,0.2525
7414443436134223137,86,106,128,0.3520535714285714,143,168,192,0.5775892857142857,18,21,32,0.0703571428571428
7412540786975231264,200,214,216,0.2171875,36,35,38,0.4387053571428571,116,136,160,0.3441071428571428
7410298388022824225,178,193,214,0.5977142857142858,103,91,107,0.2439285714285714,33,30,41,0.1583571428571428
7407736509996043553,100,92,119,0.5480357142857143,33,22,20,0.2967857142857142,203,197,185,0.1551785714285714
7399196283501628705,26,35,30,0.3939285714285714,177,212,218,0.2859285714285714,107,109,43,0.3201428571428571
7394351547376880929,75,91,29,0.3722619047619047,207,211,197,0.4093452380952381,139,148,58,0.2183928571428571
7392856168214957345,169,10,24,0.5628214285714286,240,235,235,0.0703928571428571,92,15,23,0.3667857142857142
7390632928780340512,152,4,5,0.7605,222,203,201,0.0546071428571428,38,19,15,0.1848928571428571
7388867149407849760,45,75,88,0.4873214285714285,220,214,209,0.3973928571428571,237,169,98,0.1152857142857142
7387308322162052385,62,71,56,0.3441428571428571,205,198,195,0.3511428571428571,134,131,133,0.3047142857142857
7386194546062839073,19,14,14,0.5402678571428572,161,11,6,0.4247767857142857,232,222,216,0.0349553571428571
7382166710029208865,249,249,248,0.3463928571428571,179,0,13,0.5929642857142857,69,44,34,0.0606428571428571
7381115594076146977,146,139,134,0.3008214285714286,90,63,36,0.4749285714285714,231,223,204,0.22425
7379227737271094561,89,86,73,0.4396785714285714,231,230,226,0.1676071428571428,183,0,15,0.3927142857142857
7379193504355978528,212,188,178,0.1280952380952381,153,176,83,0.5911309523809524,94,110,42,0.2807738095238095
7378467106636991777,139,114,94,0.3065178571428571,172,3,15,0.5442410714285715,240,236,232,0.1492410714285714
7377004580510436641,183,175,173,0.5350714285714285,38,43,23,0.3007857142857142,229,45,83,0.1641428571428571
7376630682824576289,70,158,213,0.1657142857142857,81,102,45,0.5044047619047619,195,222,220,0.3298809523809524
7374412100833250593,71,91,91,0.2766785714285714,220,210,196,0.3016071428571428,148,155,147,0.4217142857142857
7374072615356353825,20,30,14,0.4431845238095238,182,185,189,0.1116071428571428,79,94,52,0.4452083333333333
7369936386000031009,221,213,196,0.2646428571428571,38,35,25,0.4669345238095238,121,108,89,0.268422619047619
7367273018181160224,116,143,165,0.3175297619047619,63,69,59,0.3480654761904762,162,199,233,0.3344047619047619
7366603470272515361,20,19,21,0.5529285714285714,113,120,133,0.3081428571428571,211,204,203,0.1389285714285714
7365841944318086432,120,143,143,0.2874642857142857,199,201,201,0.4483214285714286,44,73,69,0.2642142857142857
7365161137324805408,164,179,218,0.5025,155,162,101,0.2565178571428571,52,78,45,0.2409821428571428
7363657122795490593,111,127,161,0.5465476190476191,43,39,38,0.1613988095238095,192,185,180,0.2920535714285714
7361799258107841825,50,63,34,0.3613392857142857,198,198,191,0.2725297619047619,122,138,99,0.3661309523809524
7361030582446378272,53,52,33,0.3940178571428571,104,106,94,0.5345089285714286,198,186,185,0.0714732142857142
7358723892992642336,138,144,132,0.3360119047619048,55,61,39,0.3594047619047619,200,219,236,0.3045833333333333
7356509644170333473,45,45,36,0.5125714285714286,211,221,229,0.1946071428571428,99,133,142,0.2928214285714285
7355765566625402144,151,173,194,0.1670089285714285,228,235,243,0.4895535714285714,55,68,34,0.3434375
7354275810578140449,176,183,196,0.2811989795918367,42,46,63,0.3632908163265306,83,106,143,0.3555102040816326
7354009165796216097,110,111,121,0.3001785714285714,37,39,45,0.1990625,202,205,207,0.5007589285714286
7353535610641976609,204,217,227,0.5601785714285714,37,48,55,0.1135267857142857,125,167,202,0.3262946428571429
7352233957276044577,113,107,107,0.2846428571428571,204,184,177,0.3086989795918367,31,34,36,0.4066581632653061
7351779832969104673,207,207,207,0.3064285714285714,48,58,76,0.2110357142857143,159,163,171,0.4825357142857143
7350954462992682272,41,55,67,0.365,192,186,175,0.2337857142857143,92,100,112,0.4012142857142857
7350708094302735649,232,235,238,0.4556428571428571,156,163,176,0.3877142857142857,43,49,59,0.1566428571428571
7350207537771220256,154,195,226,0.16875,70,109,163,0.684375,41,50,64,0.146875
7348717316856712480,30,41,49,0.3909375,192,188,188,0.3894196428571428,197,75,59,0.2196428571428571
7348379737519082784,43,35,29,0.4512142857142857,167,128,76,0.3587857142857142,208,214,216,0.19
7346110636008475937,37,35,41,0.2916428571428571,163,153,150,0.3621428571428571,75,99,115,0.3462142857142857
7345543122400726305,28,26,35,0.5953571428571428,189,168,155,0.1760714285714285,44,81,145,0.2285714285714285
7344270149593091361,188,192,196,0.3672857142857142,55,58,64,0.3168928571428571,104,142,154,0.3158214285714286
7343256943923858720,101,109,120,0.455922619047619,191,197,202,0.4397023809523809,13,19,31,0.104375
7340916267571858721,197,207,238,0.5863839285714286,34,48,63,0.1984375,129,139,162,0.2151785714285714
7338052242651598112,208,217,219,0.3389880952380952,106,136,161,0.3307738095238095,52,72,91,0.3302380952380952
7337268516128591136,104,126,164,0.405625,44,48,71,0.3329910714285714,186,196,205,0.2613839285714285
7335091592077856032,199,196,191,0.6201339285714286,31,43,55,0.1643303571428571,131,145,158,0.2155357142857142
7332835826579164449,160,170,187,0.4282142857142857,10,14,28,0.3448928571428571,61,96,127,0.2268928571428571
7331811695360363809,23,23,28,0.0716071428571428,165,173,188,0.7332589285714286,149,124,129,0.1951339285714285
7331415350828911904,193,199,206,0.4801190476190476,30,49,70,0.2217261904761904,101,131,164,0.2981547619047619
7330883086684622112,27,29,47,0.4976785714285714,217,208,204,0.3894940476190476,125,76,79,0.1128273809523809
7329423244992236832,36,29,33,0.4369642857142857,83,126,180,0.4001339285714286,177,183,199,0.1629017857142857
7328709134126206241,213,209,218,0.6202678571428571,27,85,126,0.20875,118,150,187,0.1709821428571428
7326123173311728929,52,54,70,0.1601785714285714,188,190,199,0.4679910714285714,92,112,148,0.3718303571428571
7325724813115346208,192,193,197,0.5608035714285714,67,54,63,0.22125,102,122,154,0.2179464285714285
7324696131143847201,60,18,28,0.0539880952380952,226,222,230,0.8300595238095239,142,149,166,0.1159523809523809
7324283735749266721,120,135,151,0.1543154761904762,228,227,240,0.648125,34,40,47,0.1975595238095238
7323972466445946145,204,204,216,0.8157857142857143,17,30,35,0.0941785714285714,140,144,155,0.0900357142857142
7323612868484631840,194,210,225,0.264077380952381,38,48,72,0.4130654761904762,68,132,196,0.3228571428571428
7323108113698147616,134,158,191,0.2781547619047619,28,81,117,0.3011309523809524,221,219,228,0.4207142857142857
7320909330314775840,48,52,74,0.4254761904761904,69,136,202,0.3273809523809524,197,213,226,0.2471428571428571
7320159598290226464,186,191,195,0.29625,56,105,156,0.4808214285714285,42,53,69,0.2229285714285714
7319513643534568736,154,137,100,0.3399404761904762,41,67,101,0.3808928571428571,208,201,183,0.2791666666666667
7318707614332849441,52,80,117,0.3476339285714285,211,217,221,0.3016071428571428,123,149,174,0.3507589285714286
7317664309432077600,192,198,205,0.2349107142857142,53,71,98,0.4630654761904761,107,128,152,0.3020238095238095
7317307650499251488,36,44,58,0.2494196428571428,180,199,215,0.4958482142857143,95,121,152,0.2547321428571428
7316470398261021985,44,56,73,0.2386428571428571,186,190,194,0.3011785714285714,56,106,158,0.4601785714285714
7316159323728661792,132,137,148,0.3575,29,47,59,0.1167142857142857,215,213,221,0.5257857142857143
7312076882822909217,162,188,205,0.2026530612244897,67,109,162,0.4969387755102041,90,79,67,0.3004081632653061
7311663059695570208,195,199,204,0.2464880952380952,85,117,159,0.4299404761904762,99,82,67,0.3235714285714285
7311263969220644129,179,183,197,0.4936071428571428,51,60,80,0.18925,79,114,165,0.3171428571428571
7310626433129270560,112,129,158,0.3058571428571429,56,65,85,0.3395714285714286,180,185,200,0.3545714285714286
7310258308969991457,107,122,152,0.3072619047619047,47,55,78,0.3288690476190476,176,197,225,0.3638690476190476
7309427596553489696,199,180,171,0.2390357142857143,45,54,50,0.5602857142857143,125,110,98,0.2006785714285714
7309091598472727840,105,117,146,0.4841071428571428,176,196,218,0.2641071428571429,49,52,73,0.2517857142857143
7308758430318071072,10,7,7,0.3342857142857143,185,195,198,0.4789285714285714,124,114,111,0.1867857142857142
7306585450305555745,187,193,208,0.2969642857142857,55,72,98,0.3227232142857142,106,132,168,0.3803125
7304665669872782625,120,137,159,0.5528869047619047,183,195,207,0.2289583333333333,45,73,109,0.2181547619047619
7303586993965960480,185,191,206,0.3447916666666666,57,70,100,0.2847321428571429,117,131,157,0.3704761904761904
7303174310259166497,57,66,90,0.3141071428571428,200,199,205,0.3291666666666666,128,131,148,0.3567261904761905
7302346370701118752,198,211,231,0.494047619047619,44,49,56,0.2627380952380952,129,137,148,0.2432142857142857
7302041138670619936,102,91,94,0.2151785714285714,13,14,18,0.4121875,156,163,180,0.3726339285714286
7301229129314159904,21,30,18,0.5426071428571428,116,125,108,0.2446428571428571,61,71,52,0.21275
7300846195444927776,117,110,126,0.2291666666666666,184,187,195,0.6585714285714286,52,50,66,0.1122619047619047
7300495910595808545,32,114,137,0.2379336734693877,196,194,210,0.533954081632653,148,157,175,0.2281122448979591
7299732621825690912,130,119,124,0.4720833333333333,59,55,62,0.34375,167,175,196,0.1841666666666666
7298264093100674336,0,0,1,0.7343928571428572,149,155,164,0.1524642857142857,52,66,88,0.1131428571428571
7297134358689860896,188,207,230,0.2046428571428571,131,143,163,0.70925,49,54,60,0.0861071428571428
7296115605927644449,114,109,105,0.31325,192,190,185,0.4646785714285714,46,44,45,0.2220714285714285
7294901504752782625,190,203,227,0.2864285714285714,37,30,33,0.3676785714285714,109,138,183,0.3458928571428571
7294149539781463328,193,205,208,0.3647857142857142,23,43,40,0.4095714285714286,118,109,72,0.2256428571428571
7293176268361665824,175,169,187,0.1080803571428571,5,4,5,0.5635267857142857,87,72,90,0.3283928571428571
7292048482456587553,27,28,17,0.5433928571428571,214,219,220,0.2528571428571428,109,101,64,0.20375
7291300657355689249,41,37,46,0.1332142857142857,216,210,209,0.4159523809523809,109,132,161,0.4508333333333333
7290955653349133600,75,55,39,0.4500595238095238,155,120,64,0.4267261904761905,189,183,176,0.1232142857142857
7290457107726339360,31,56,71,0.4773214285714285,197,206,197,0.2183035714285714,96,118,137,0.304375
7289785625367153952,101,101,32,0.3819285714285714,202,206,203,0.0921785714285714,52,54,14,0.5258928571428572
7288326750243704096,108,144,169,0.4869642857142857,60,70,57,0.241845238095238,172,201,232,0.2711904761904762
7287986771483282720,154,191,236,0.4256122448979592,94,133,159,0.3043112244897959,59,68,50,0.2700765306122449
7285256841158790433,52,117,163,0.4611071428571429,152,146,136,0.2077857142857143,45,53,53,0.3311071428571429
7284876929713442080,154,155,155,0.1951785714285714,85,104,42,0.5161904761904762,47,67,21,0.2886309523809524
7283524894585883936,65,85,55,0.3504761904761905,161,190,178,0.3608333333333333,74,155,189,0.2886904761904761
7283139399582240032,16,17,16,0.3604910714285714,121,126,104,0.3145089285714286,191,210,231,0.325
7282663509505133856,108,135,160,0.2915,196,205,214,0.4966428571428571,31,50,69,0.2118571428571428
7281279828307856673,40,36,40,0.2263095238095238,115,113,119,0.3776785714285714,166,169,175,0.3960119047619048
7280571511138782496,156,119,83,0.2842261904761904,188,185,173,0.4032440476190476,60,26,37,0.3125297619047619
7280108212878200096,225,218,206,0.3859948979591837,29,28,31,0.403265306122449,122,116,107,0.2107397959183673
7279032970286009632,127,172,192,0.1645535714285714,90,116,46,0.4533035714285714,6,14,7,0.3821428571428571
7277939332831251744,48,56,24,0.4439285714285714,218,213,197,0.0839732142857142,120,134,59,0.4720982142857143
7276041559500475680,221,244,241,0.1545833333333333,46,62,38,0.2725,112,110,78,0.5729166666666666
7274647533002034465,124,128,126,0.2805,49,55,50,0.5430714285714285,212,230,242,0.1764285714285714
7271935381937884448,152,156,96,0.3117857142857143,62,79,44,0.3383928571428571,156,195,233,0.3498214285714285
7270111755886415137,204,197,186,0.3576587301587302,63,71,90,0.5136111111111111,244,172,100,0.1287301587301587
7269759073967525153,49,65,23,0.3560357142857143,109,123,66,0.4795,191,199,173,0.1644642857142857
7265326628274752801,187,198,189,0.3679166666666666,68,73,69,0.3180357142857143,127,137,127,0.314047619047619
7264958192017362208,133,159,63,0.6049285714285715,59,65,42,0.2770714285714286,184,186,188,0.118
7264173669612670240,121,114,74,0.3751428571428571,51,55,27,0.4767857142857143,211,200,157,0.1480714285714285
7262342975752113441,149,120,105,0.2691964285714285,240,225,217,0.2031696428571428,62,44,30,0.5276339285714285
7262001980095106337,158,187,240,0.5964285714285714,51,62,45,0.2667857142857143,49,90,136,0.1367857142857143
7259455690996075803,207,212,192,0.3224285714285714,55,57,31,0.3241071428571428,129,131,98,0.3534642857142857
7259047429796908315,121,121,99,0.2862053571428571,189,173,158,0.4260714285714285,70,77,32,0.2877232142857143
7258676118033599771,45,48,22,0.4903571428571429,201,224,234,0.2176785714285714,114,115,73,0.2919642857142857
7256066819247623450,86,87,22,0.2716071428571429,155,179,204,0.4436160714285714,96,113,98,0.2847767857142857
7254561581449612571,55,64,69,0.4091666666666667,102,118,136,0.2976785714285714,147,171,200,0.2931547619047619
7253425216984976667,58,64,82,0.3334285714285714,158,156,156,0.6110357142857142,219,209,214,0.0555357142857142
7252685251112176922,71,91,91,0.2744642857142857,220,210,196,0.3027857142857142,148,155,147,0.42275
7246768104922008858,143,136,130,0.3031071428571428,91,64,35,0.4763571428571428,230,222,201,0.2205357142857142
7245708272181759258,180,208,231,0.1426339285714285,49,66,65,0.4219196428571428,110,141,177,0.4354464285714285
7245239505911893274,42,98,130,0.3028571428571429,183,201,226,0.3988392857142857,48,56,10,0.2983035714285714
7244550731141844251,175,186,200,0.2240561224489796,72,84,40,0.2939030612244898,113,131,152,0.4820408163265306
7242719682128530714,59,60,49,0.3125,202,206,197,0.2588214285714286,108,120,97,0.4286785714285714
7242348894435167514,98,114,146,0.3866666666666666,186,181,180,0.2987202380952381,53,52,56,0.3146130952380952
7241956873698577691,126,132,80,0.3618154761904762,171,188,201,0.2680952380952381,56,61,30,0.3700892857142857
7241209133540609307,125,116,91,0.3472767857142857,150,168,197,0.3898660714285714,52,42,39,0.2628571428571428
7239735340737498395,64,67,11,0.38925,141,178,226,0.3225714285714285,67,94,126,0.2881785714285714
7239344688006728986,164,158,149,0.2877678571428571,61,48,44,0.3394345238095238,120,107,90,0.372797619047619
7238235896724704538,106,95,85,0.4782738095238095,43,30,29,0.3406547619047619,208,205,202,0.1810714285714285
7237872414581935386,110,117,129,0.2636309523809523,47,44,56,0.5273809523809524,171,204,216,0.2089880952380952
7237511650532773146,93,133,181,0.4632738095238095,38,56,72,0.3395238095238095,185,206,224,0.1972023809523809
7237120496020573467,52,85,130,0.3712946428571428,188,191,198,0.4361607142857143,60,39,34,0.1925446428571428
7236760874646637851,93,104,105,0.2469196428571428,180,199,212,0.1603125,40,45,46,0.5927678571428572
7236382869650689306,199,207,227,0.2869345238095238,35,41,17,0.3353869047619047,60,91,121,0.3776785714285714
7236043111128894747,240,240,236,0.3886785714285714,35,38,47,0.3646071428571428,135,132,138,0.2467142857142857
7235651777805290778,91,110,104,0.3691071428571428,47,60,30,0.3950714285714286,184,187,176,0.2358214285714285
7235266120414924058,162,179,200,0.2645833333333333,55,58,55,0.3558333333333333,116,116,118,0.3795833333333333
7234782434531839258,39,38,23,0.431875,138,139,137,0.1887053571428571,82,87,76,0.3794196428571428
7233784589523717402,165,97,24,0.2076785714285714,21,22,12,0.4241428571428571,110,75,13,0.3681785714285714
7233472157588753691,179,190,205,0.4380714285714285,49,44,46,0.2326428571428571,132,128,124,0.3292857142857143
7233097610821700890,106,106,102,0.2767410714285714,63,55,46,0.7082142857142857,249,249,249,0.0150446428571428
7230327665918512411,189,187,177,0.1568303571428571,81,124,184,0.5754910714285715,59,62,66,0.2676785714285714
7229342870518385946,68,83,29,0.5903571428571428,171,164,39,0.2462946428571428,166,179,192,0.1633482142857142
7228975701066550554,78,77,28,0.4045357142857143,164,173,174,0.4463928571428571,101,103,109,0.1490714285714285
7227881339125583131,25,27,15,0.3095833333333333,190,188,190,0.4352380952380952,95,96,107,0.2551785714285714
7227547227005209882,20,10,6,0.772797619047619,118,71,32,0.16625,206,182,118,0.0609523809523809
7227138868447923482,111,102,83,0.4189880952380952,39,34,28,0.4916666666666666,220,211,183,0.089345238095238
7226734943869750555,102,138,35,0.59125,152,202,227,0.175,48,58,62,0.23375
7226428593075752218,158,109,31,0.3108928571428571,61,32,12,0.4579464285714286,231,173,128,0.2311607142857142
7226043488738069787,181,185,187,0.4072619047619047,85,61,35,0.4195238095238095,143,120,114,0.1732142857142857
7225632323146943771,160,180,198,0.4113571428571428,107,117,82,0.2988571428571429,43,46,37,0.2897857142857143
7225296808900152603,88,92,56,0.4440714285714285,241,240,232,0.2380714285714285,155,149,135,0.3178571428571428
7224934115089370395,193,184,178,0.3832589285714285,108,100,104,0.2818303571428571,44,44,33,0.3349107142857143
7223080468101483781,73,108,131,0.3627232142857143,172,199,214,0.2419642857142857,24,40,56,0.3953125
7221875155184733445,24,39,40,0.501,94,108,151,0.2827142857142857,163,169,195,0.2162857142857142
7221552853356236037,88,82,95,0.2644047619047619,165,163,165,0.5847023809523809,39,32,39,0.1508928571428571
7219686321739123974,150,183,210,0.3887755102040816,95,110,131,0.3296173469387755,212,223,228,0.2816071428571428
7218857185764216069,130,127,131,0.4643452380952381,38,48,67,0.3207738095238095,88,93,105,0.2148809523809524
7218493650160897306,232,202,208,0.37125,33,28,41,0.1800595238095238,149,172,227,0.4486904761904762
7218219061707033882,147,146,149,0.5389732142857143,59,67,84,0.1791517857142857,21,21,23,0.281875
7215656408069442822,130,116,118,0.0253125,213,210,205,0.6955803571428572,34,32,32,0.2791071428571428
7215124561799449861,170,162,155,0.1227678571428571,246,245,245,0.5688839285714286,39,41,50,0.3083482142857143
7214767845383900421,22,29,19,0.341875,179,175,175,0.3774702380952381,118,137,142,0.2806547619047619
7213655175318211845,37,67,115,0.3933035714285714,191,195,209,0.2726785714285714,79,108,154,0.3340178571428571
7213453348270378246,167,147,145,0.2745238095238095,43,40,43,0.3336309523809523,106,96,94,0.3918452380952381
7213053350290459910,41,58,78,0.2614285714285714,118,134,143,0.2464880952380952,198,201,202,0.4920833333333333
7211932492914298118,80,124,168,0.2833630952380952,196,201,207,0.4822619047619048,41,74,114,0.234375
7211431817205878021,230,228,223,0.1924285714285714,184,167,153,0.4793214285714285,71,68,78,0.32825
7211130311667715334,115,105,99,0.3054017857142857,49,44,43,0.3798660714285714,167,182,206,0.3147321428571428
7210434710646836485,28,21,38,0.4305952380952381,187,176,171,0.26,134,129,129,0.3094047619047619
7209925340557348101,6,7,7,0.5294642857142857,216,218,223,0.2708482142857142,127,117,115,0.1996875
7208839545989762309,209,215,227,0.3068571428571429,75,83,102,0.3475357142857143,138,150,174,0.3456071428571428
7208539932422425861,86,122,173,0.6461904761904762,32,33,40,0.2678571428571428,208,204,206,0.0859523809523809
7207350500419702022,209,191,178,0.3508571428571428,40,34,36,0.3384285714285714,106,105,110,0.3107142857142857
7204907848449527045,164,174,192,0.2582738095238095,37,41,58,0.2305952380952381,82,113,162,0.5111309523809524
7203810617180933382,44,49,63,0.1997321428571428,104,103,110,0.6679464285714286,120,168,233,0.1323214285714285
7203048812351327494,193,193,192,0.0820089285714285,7,3,2,0.6119196428571428,99,74,42,0.3060714285714285
7202313398300724485,152,156,164,0.7364880952380952,97,112,133,0.2552380952380952,11,10,13,0.0082738095238095
7201579247616494853,9,9,14,0.26125,188,190,192,0.4681071428571428,79,104,135,0.2706428571428571
7198831282984324358,99,117,140,0.3445,32,47,68,0.21425,163,164,167,0.44125
7198189694750838022,57,37,34,0.2896173469387755,198,208,218,0.5184693877551021,142,110,114,0.1919132653061224
7197445468585037062,207,216,229,0.5416071428571428,61,121,163,0.2499404761904761,102,61,52,0.2084523809523809
7196711667420384517,55,113,182,0.4463839285714285,178,180,187,0.1578125,24,65,104,0.3958035714285714
7195937456271691014,138,126,122,0.4179166666666666,59,47,47,0.3332440476190476,210,180,150,0.2488392857142857
7195215450970606853,115,154,184,0.4771428571428571,71,99,129,0.2113392857142857,176,189,199,0.3115178571428571
7192298503878577413,91,127,174,0.2650446428571428,37,38,41,0.2794642857142857,212,211,217,0.4554910714285714
7191848035784117510,210,189,164,0.294,63,49,54,0.3016785714285714,139,135,146,0.4043214285714285
7188587993752702213,101,111,128,0.3462142857142857,35,44,41,0.3738928571428571,186,193,199,0.2798928571428571
7184844462525287685,206,2,22,0.0461904761904761,196,197,179,0.0870238095238095,44,54,67,0.8667857142857143
7184090635018784005,52,73,105,0.1930714285714285,202,205,205,0.51675,116,137,164,0.2901785714285714
7183009043407965445,80,112,122,0.5760714285714286,201,189,167,0.1179910714285714,80,73,32,0.3059375
7181547992061676805,176,176,176,0.2510714285714285,55,59,67,0.4326190476190476,104,110,120,0.3163095238095238
7179688144382512390,28,30,37,0.4166071428571428,182,188,197,0.3421428571428571,102,114,135,0.24125
7177655896699325702,217,211,217,0.638545918367347,71,113,135,0.1923979591836734,25,53,69,0.1690561224489795
7176917454893911301,111,139,173,0.2886904761904761,190,198,206,0.5060714285714286,44,67,101,0.2052380952380952
7172555111879757062,18,3,7,0.6025,182,116,100,0.1142602040816326,105,52,47,0.2832397959183673
7164772525006720262,168,185,209,0.3438571428571428,48,40,43,0.3234642857142857,127,134,143,0.3326785714285714
7143162692004482310,176,188,211,0.2963988095238095,43,67,58,0.3383333333333333,110,129,149,0.3652678571428571
7137227107456879877,75,77,81,0.1932589285714285,195,198,210,0.3819642857142857,137,140,153,0.4247767857142857
7135716231218318597,29,36,22,0.37775,193,197,196,0.3588928571428571,79,84,74,0.2633571428571428
7133481707449142533,194,206,213,0.442797619047619,69,91,34,0.3433333333333333,120,136,85,0.2138690476190476
7130906655885102341,193,192,179,0.2508333333333333,131,141,113,0.5275595238095238,52,57,52,0.2216071428571428
7130612533437762821,138,114,79,0.3152678571428571,198,195,179,0.3417410714285714,79,63,34,0.3429910714285714
7129505006046170373,96,121,153,0.3634523809523809,171,187,204,0.3642261904761905,36,47,50,0.2723214285714285
7127182082568113413,122,131,136,0.2954017857142857,188,190,190,0.3892857142857143,49,58,61,0.3153125
7116439198285958405,119,121,81,0.3310969387755102,186,183,167,0.3759438775510204,53,46,27,0.2929591836734694
7113851055355596038,64,73,57,0.3152380952380952,120,154,191,0.4444345238095238,133,132,62,0.2403273809523809
7112440653350571269,125,140,92,0.3277678571428571,50,65,47,0.2825,135,167,203,0.3897321428571428
7108997263912979717,66,92,54,0.4592410714285714,178,190,191,0.1301339285714285,136,161,62,0.410625
7104552926231743749,120,136,161,0.3417142857142857,215,220,223,0.2004642857142857,72,85,47,0.4578214285714285
7103816728982916357,1,2,0,0.2619196428571428,148,159,171,0.4191964285714286,102,104,33,0.3188839285714285
7101649191662882053,126,150,188,0.3391666666666666,64,80,51,0.4995833333333333,189,207,227,0.16125
7100934148864494854,130,147,50,0.3016964285714286,132,170,213,0.374375,61,83,20,0.3239285714285714
7098701138203069702,185,185,184,0.37875,75,88,38,0.2488571428571428,81,112,160,0.3723928571428571
7095721528142155014,121,95,107,0.3058333333333333,197,189,189,0.3943452380952381,23,22,22,0.2998214285714285
7088619536202648837,104,127,153,0.2732142857142857,152,183,214,0.3535357142857143,48,63,81,0.37325
7078227199463066886,96,151,181,0.1461607142857142,31,92,135,0.3265625,206,205,212,0.5272767857142857
7077571361660521733,34,44,56,0.1279285714285714,224,217,224,0.6017857142857143,168,161,171,0.2702857142857143
7070162555695615237,147,124,111,0.3497619047619048,208,209,207,0.4299107142857143,49,35,30,0.2203273809523809
7068640088774741254,113,114,118,0.4250255102040816,185,199,220,0.4738775510204082,31,31,41,0.1010969387755102
7067063225736580357,36,31,40,0.2541428571428571,197,172,163,0.3627142857142857,112,111,125,0.3831428571428571
7059301793574046982,67,126,190,0.620625,31,40,52,0.1140178571428571,149,194,235,0.2653571428571428
7041273346830454022,115,152,184,0.3899553571428571,60,78,99,0.2858482142857143,184,201,209,0.3241964285714285
7040300833019415813,120,104,107,0.4561309523809523,70,69,60,0.2638095238095238,164,162,160,0.2800595238095238
7036035511869246725,43,37,37,0.2367142857142857,200,165,158,0.3215357142857142,105,107,113,0.44175
7013121880366255365,107,111,84,0.2385714285714285,163,169,175,0.5358035714285714,46,53,24,0.225625
6969101040918465798,210,219,236,0.1870357142857142,56,73,53,0.60175,58,143,193,0.2112142857142857
7532594185912847638,121,132,125,0.53625,184,204,223,0.2516964285714286,57,62,54,0.2120535714285714
7524347836541046038,68,74,47,0.3210714285714285,158,175,200,0.4033035714285714,135,131,76,0.275625
7518292077080268054,123,141,93,0.4106696428571428,166,189,211,0.2736160714285714,75,92,51,0.3157142857142857
7508716246301510914,203,202,204,0.2171875,34,38,34,0.2188392857142857,121,129,99,0.5639732142857142
7506795063012232470,38,49,39,0.389,176,184,184,0.1428571428571428,110,122,72,0.4681428571428571
7506217095441435926,121,133,114,0.4074553571428571,72,80,57,0.3438839285714286,170,182,191,0.2486607142857143
7505058159258504470,189,207,216,0.2528061224489796,65,81,49,0.4994387755102041,119,129,116,0.2477551020408163
7502082897935928598,87,107,87,0.2977083333333333,7,14,13,0.4722321428571429,173,195,210,0.2300595238095238
7500926454671232278,183,166,137,0.4160714285714286,131,117,89,0.4384523809523809,56,52,33,0.1454761904761904
7495455289882184982,72,46,40,0.5219642857142858,229,205,174,0.0839285714285714,169,115,95,0.3941071428571429
7490268698918309142,55,66,82,0.2654285714285714,198,198,200,0.3724285714285714,124,130,139,0.3621428571428571
7486391346727537942,8,9,12,0.4833214285714285,202,202,205,0.2950357142857143,111,104,96,0.2216428571428571
7479158367873748246,115,136,161,0.1844345238095238,199,205,209,0.4982440476190476,42,58,82,0.3173214285714286
7478407463675481366,22,35,53,0.2081428571428571,113,167,218,0.5591785714285714,70,98,137,0.2326785714285714
7472755159945252118,74,105,146,0.1598571428571428,184,194,205,0.5948571428571429,30,58,98,0.2452857142857142
7467247804717550870,134,149,183,0.433422619047619,47,83,151,0.4097023809523809,201,206,227,0.156875
7459483581803482390,222,197,174,0.1814880952380952,86,85,93,0.5360714285714285,233,140,101,0.2824404761904762
7457155091238259990,190,194,205,0.3158928571428571,116,126,150,0.49975,45,44,41,0.1843571428571428
7455422115802565910,73,25,39,0.1860119047619047,7,2,4,0.6612202380952381,163,55,89,0.1527678571428571
7450928915159190806,143,160,183,0.4317857142857143,72,86,109,0.3680357142857143,206,210,209,0.2001785714285714
7448354400998853910,186,175,156,0.2896428571428571,59,57,63,0.2953571428571429,110,114,125,0.415
7447200750096223510,57,81,114,0.32675,200,198,193,0.3237857142857143,123,134,151,0.3494642857142857
7446429495948594454,133,149,176,0.24925,72,103,146,0.2198214285714285,202,202,205,0.5309285714285714
7444926040855661846,166,186,211,0.4186309523809524,91,117,154,0.4710714285714286,48,60,76,0.110297619047619
7443866656956255510,120,139,155,0.3563392857142857,23,27,33,0.1822767857142857,84,102,120,0.4613839285714285
7440567441777757472,89,110,139,0.3469387755102041,54,75,107,0.4860459183673469,174,168,166,0.1670153061224489
7439661735742557472,108,122,139,0.3591581632653061,175,183,189,0.5026020408163265,57,64,71,0.1382397959183673
7439269165111725345,196,208,223,0.8020535714285715,41,47,57,0.0615625,124,126,137,0.1363839285714285
7436892906801073441,191,175,164,0.2278125,110,82,61,0.3502232142857143,27,23,22,0.4219642857142857
7421851827794152737,131,135,134,0.2819642857142857,210,218,222,0.4446875,52,53,53,0.2733482142857142
7418157210896698657,3,5,5,0.4964285714285714,148,184,209,0.1963095238095238,73,103,115,0.3072619047619047
7269755991049260320,101,106,103,0.2648809523809524,204,216,230,0.4927380952380952,42,44,43,0.2423809523809524
7253058884762537242,59,64,49,0.3433928571428571,201,204,202,0.2976488095238095,129,133,114,0.3589583333333333
7252274964206832923,63,37,35,0.2923660714285714,170,171,170,0.3084375,116,104,96,0.3991964285714285
7250832194392886554,124,125,113,0.42125,197,200,199,0.2031428571428571,60,53,53,0.3756071428571428
7245283945619655963,108,125,76,0.4297321428571428,38,47,39,0.3951488095238095,155,180,200,0.1751190476190476
7239748390974704922,170,172,188,0.4068452380952381,15,197,190,0.1885714285714285,51,76,90,0.4045833333333333
7226711933150432538,158,162,127,0.2586607142857143,226,227,227,0.3763839285714285,38,58,47,0.3649553571428571
7202909898219326725,105,133,160,0.2823809523809524,161,171,184,0.4705357142857143,51,76,122,0.2470833333333333
7192172787723783430,120,151,185,0.2982440476190476,211,213,220,0.3495833333333333,54,80,108,0.352172619047619
7148719596487363845,174,180,192,0.4941071428571428,35,35,41,0.185,98,105,114,0.3208928571428571
7510326060676975894,198,167,147,0.321547619047619,66,33,30,0.3372619047619047,154,75,61,0.3411904761904762
7494590607797554454,38,48,62,0.3183035714285714,85,124,170,0.4638392857142857,195,205,218,0.2178571428571428
7494205664135236886,134,135,141,0.1645535714285714,206,219,235,0.6147321428571428,55,52,55,0.2207142857142857
7483554122663234838,48,103,177,0.3719285714285714,25,43,68,0.1544642857142857,207,215,227,0.4736071428571428
7475642830430522646,142,140,136,0.2514732142857143,63,60,59,0.3187053571428571,211,214,217,0.4298214285714286
7471186366500539670,68,59,61,0.14125,186,198,208,0.7390357142857142,133,133,140,0.1197142857142857
7467520617160396054,161,145,134,0.3342261904761904,65,46,41,0.2538095238095238,206,211,218,0.4119642857142857
7464890614258158870,219,220,224,0.5155059523809524,72,60,60,0.2928869047619047,148,142,142,0.1916071428571428
7463516081081027862,200,196,193,0.2993214285714285,47,44,52,0.3468928571428571,100,127,163,0.3537857142857142
7460568175726398742,63,36,39,0.3935119047619048,202,203,203,0.287797619047619,135,134,138,0.3186904761904762
7458380266004843798,203,209,218,0.6374489795918368,89,82,87,0.0951785714285714,164,166,175,0.2673724489795918
7456101045601570070,27,37,47,0.1302232142857143,187,186,201,0.3284821428571428,119,129,149,0.5412946428571429
7453132168940915991,91,127,170,0.4948928571428571,42,45,59,0.1707857142857143,177,186,199,0.3343214285714285
7453016788465454358,55,51,53,0.176547619047619,177,181,186,0.6433035714285714,121,118,118,0.1801488095238095
7452742967695002902,67,118,189,0.407172619047619,174,174,185,0.2970833333333333,52,67,112,0.2957440476190476
7444856032486116630,113,105,107,0.2054017857142857,47,39,39,0.5674107142857143,183,186,197,0.2271875
7439301301864877344,214,215,223,0.4733630952380952,61,48,50,0.319672619047619,138,129,129,0.2069642857142857
7397696022975188257,133,138,113,0.3546825396825396,72,70,62,0.3491666666666667,209,206,200,0.2961507936507936
7395222817677085985,153,186,218,0.4640178571428571,41,42,37,0.1991369047619047,108,122,82,0.3368452380952381
7384844059896057120,27,25,15,0.5018452380952381,202,217,231,0.1935119047619047,110,123,113,0.3046428571428571
7384476119744974112,118,133,118,0.3233214285714286,212,209,195,0.1970357142857143,47,61,46,0.4796428571428571
7384098121715813664,124,117,104,0.2475,31,33,31,0.4329464285714285,175,186,206,0.3195535714285714
7379994182741429536,199,183,167,0.3365773809523809,55,30,18,0.2925892857142857,161,112,65,0.3708333333333333
7371436708778315041,95,108,55,0.4729166666666666,140,147,160,0.2091369047619047,42,46,37,0.3179464285714286
7369882061445926177,63,98,47,0.4323214285714286,38,43,27,0.4857589285714285,190,196,160,0.0819196428571428
7361717788299250976,80,96,119,0.269375,132,179,228,0.5336160714285715,24,22,26,0.1970089285714285
7351084194061126945,54,52,55,0.2459948979591836,194,204,218,0.5165816326530612,129,126,127,0.2374234693877551
7343665662876781856,35,40,54,0.2635357142857142,178,196,217,0.4658571428571428,89,122,165,0.2706071428571429
7333568243367431456,144,154,169,0.1080803571428571,61,69,84,0.0684375,183,193,209,0.8234821428571428
7332865581789629729,123,91,70,0.3238928571428571,204,188,173,0.1833928571428571,47,25,15,0.4927142857142857
7332521954538245408,73,125,177,0.56325,196,200,205,0.2413571428571428,36,38,43,0.1953928571428571
7325764964172467489,116,107,102,0.1857142857142857,37,24,21,0.3857738095238095,186,192,200,0.4285119047619047
7282668264617004321,123,145,164,0.4155229591836735,69,68,48,0.3436862244897959,204,210,218,0.2407908163265306
7273016085954317600,193,184,168,0.2611479591836734,53,55,46,0.3936224489795918,121,120,95,0.3452295918367347
7261658279900744987,166,186,218,0.3923809523809524,38,39,24,0.3610416666666666,124,117,110,0.2465773809523809
7259307845332602139,70,79,51,0.3557738095238095,149,155,88,0.4073511904761904,207,204,168,0.236875
7252374564108274970,69,133,182,0.1904761904761904,97,95,52,0.5761904761904761,196,191,195,0.2333333333333333
7252271385467161882,104,99,103,0.3466964285714285,16,21,21,0.3803125,227,213,218,0.2729910714285714
7251996103178997018,170,166,131,0.4185714285714286,66,63,42,0.4430714285714285,82,158,233,0.1383571428571428
7249813717225950490,65,57,41,0.3670039682539682,135,117,80,0.3427777777777778,193,177,145,0.2902182539682539
7249677053153283354,182,182,179,0.3322420634920635,64,56,51,0.3008730158730158,131,116,103,0.3668849206349206
7249312172956732698,235,237,241,0.2913541666666667,154,137,128,0.4180952380952381,66,59,56,0.2905505952380952
7246805127942737178,139,128,92,0.3816071428571428,146,175,209,0.2967857142857142,56,52,40,0.3216071428571428
7246672390841715995,54,44,42,0.2403035714285714,165,166,168,0.4819107142857143,133,114,105,0.2777857142857143
7246343164108295450,69,45,29,0.3908482142857143,200,202,209,0.1851339285714285,94,118,145,0.4240178571428571
7246301041979886875,79,71,57,0.2770714285714286,210,209,218,0.3548571428571428,149,154,159,0.3680714285714285
7245182525016935707,115,137,91,0.3816666666666666,48,64,22,0.397202380952381,189,201,207,0.2211309523809523
7244559099352976666,4,6,8,0.4343452380952381,192,208,225,0.4030952380952381,130,126,116,0.1625595238095238
7242237385772240155,180,175,177,0.4242857142857142,2,1,1,0.3584523809523809,74,79,65,0.2172619047619047
7241878874672385306,180,204,213,0.2192261904761904,58,68,27,0.4328571428571429,120,140,67,0.3479166666666666
7236674356540165402,164,164,171,0.3589285714285714,39,38,35,0.4071071428571428,120,110,104,0.2339642857142857
7221070563538717957,240,235,235,0.1869642857142857,104,90,67,0.3391071428571429,145,173,202,0.4739285714285714
7216240671097736454,196,189,206,0.3954910714285714,32,37,41,0.4001785714285714,118,136,166,0.2043303571428571
7216007272311344390,66,43,35,0.379234693877551,206,186,180,0.2477806122448979,149,110,94,0.372984693877551
7215611067286703366,202,201,215,0.289047619047619,122,137,162,0.3522023809523809,65,62,67,0.35875
7210806075354811654,92,106,135,0.2566964285714285,43,48,59,0.1772916666666666,182,186,201,0.5660119047619048
7205961411942468870,92,122,166,0.3085357142857143,205,206,216,0.3198571428571428,23,33,48,0.3716071428571428
7205134218328902917,22,30,31,0.2016326530612245,190,190,201,0.5788775510204082,82,98,126,0.2194897959183673
7191896362630302981,56,49,47,0.4718571428571428,115,118,129,0.3173571428571428,188,192,215,0.2107857142857143
7190655063470116101,44,60,89,0.1232142857142857,184,187,206,0.3360119047619048,74,110,157,0.5407738095238095
7176549919933664517,87,71,54,0.3329761904761905,227,222,227,0.2810119047619047,153,131,118,0.3860119047619048
7164417550791494918,31,49,76,0.4626785714285714,172,164,189,0.3341581632653061,132,87,77,0.2031632653061224
7163942959916895493,41,59,45,0.2807738095238095,248,242,244,0.4394642857142857,157,145,136,0.2797619047619047
7161307348827426053,229,222,219,0.4520357142857142,80,64,51,0.3617142857142857,154,135,120,0.18625
7158890098770119942,39,40,44,0.4658928571428571,192,185,187,0.1988095238095238,97,99,103,0.335297619047619
7152911692282809606,33,52,68,0.1226339285714285,176,179,193,0.3929017857142857,58,113,152,0.4844642857142857
7137955446320565510,48,37,21,0.2708163265306123,224,203,185,0.2837755102040816,131,103,76,0.4454081632653061
7125703838497131781,111,108,93,0.3176071428571428,188,177,191,0.4444285714285714,40,44,23,0.2379642857142857
7115325407318052102,77,178,205,0.207797619047619,82,89,26,0.5703571428571429,163,203,220,0.2218452380952381
7114675214583155973,61,43,34,0.3504642857142857,199,190,198,0.4800357142857143,153,112,113,0.1695
7114309168302984454,135,125,113,0.4626428571428571,47,26,18,0.3068214285714286,218,219,221,0.2305357142857143
7110099088661548293,109,130,163,0.345,89,95,40,0.4796428571428571,181,182,181,0.1753571428571428
7107863534549110022,186,189,202,0.4259523809523809,30,32,19,0.3382738095238095,123,104,97,0.2357738095238095
7096387117462359302,65,88,17,0.5797321428571428,208,178,17,0.3862797619047619,169,203,216,0.0339880952380952
7094149805496159494,188,201,202,0.2599744897959183,138,123,103,0.4003826530612245,59,40,40,0.3396428571428571
7091569180054490373,211,208,219,0.2114285714285714,88,87,61,0.3661785714285714,123,142,161,0.4223928571428571
7085631257542954246,146,173,229,0.2395238095238095,51,51,44,0.4371428571428571,128,126,106,0.3233333333333333
7080545682058169605,49,73,119,0.2466964285714285,196,190,196,0.5158928571428572,54,48,36,0.2374107142857142
7076134412487855366,206,190,183,0.145297619047619,40,31,22,0.4161904761904761,136,103,80,0.4385119047619047
7072774694214044934,86,106,144,0.41725,175,172,176,0.3012142857142857,45,62,91,0.2815357142857143
7070176633931549958,105,99,117,0.485297619047619,186,180,194,0.1986904761904762,52,51,73,0.3160119047619047
7069805338601606406,189,191,210,0.5939880952380953,78,70,74,0.2172916666666666,131,131,143,0.1887202380952381
7067959925141474565,32,38,55,0.29325,112,124,161,0.5435,181,192,222,0.16325
7067578500101803269,175,179,185,0.3867857142857143,44,67,82,0.3775446428571428,88,117,135,0.2356696428571428
7057846707651939590,48,46,59,0.2522767857142857,202,203,210,0.2809375,114,135,157,0.4667857142857143
7051617295818362117,181,186,205,0.4709523809523809,151,157,174,0.3913095238095238,86,88,105,0.1377380952380952
7040071170363788550,188,181,200,0.7176785714285714,140,132,150,0.0825,167,158,176,0.1998214285714285
7036282180816932102,235,218,216,0.4305059523809524,63,62,65,0.2208035714285714,167,154,153,0.3486904761904762
6944298636553604358,229,214,204,0.2845238095238095,56,38,29,0.3477083333333333,176,145,118,0.3677678571428571
6943534360066804998,38,52,72,0.1804910714285714,230,228,237,0.4946428571428571,121,146,180,0.3248660714285714
6940187794534960389,216,217,230,0.5724107142857143,47,46,51,0.2611160714285714,140,148,161,0.1664732142857143
6919872357288971521,40,45,62,0.1766071428571428,191,186,200,0.4643877551020408,85,102,140,0.3590051020408163
7597370054556011798,11,9,10,0.4586785714285714,217,119,122,0.2654642857142857,101,70,77,0.2758571428571428
7591860205567151382,74,111,155,0.4198928571428571,177,182,188,0.26575,20,56,94,0.3143571428571428
7590299923803884803,99,119,152,0.3620238095238095,164,181,211,0.3753571428571428,40,47,66,0.2626190476190476
7587833111010954518,175,196,213,0.4108928571428571,85,123,159,0.4743452380952381,41,39,44,0.1147619047619047
7587702184708558102,79,33,45,0.2547857142857143,199,208,227,0.6063571428571428,141,133,144,0.1388571428571428
7586610643130764566,79,105,137,0.5347767857142857,200,203,203,0.1977232142857143,37,55,80,0.2675
7580401530428394775,131,131,127,0.341875,29,36,49,0.3275297619047619,199,205,199,0.3305952380952381
7579238923172547842,170,177,183,0.4173809523809524,76,83,89,0.2716666666666666,228,231,231,0.310952380952381
7572235624627899670,49,49,67,0.2513928571428571,200,191,189,0.3530357142857143,100,98,117,0.3955714285714286
7572223162520177942,136,130,116,0.4042410714285714,62,60,59,0.4273214285714286,189,193,190,0.1684375
7572210786991344918,25,17,18,0.5107908163265306,218,197,180,0.2175765306122449,104,86,77,0.2716326530612244
7572210750937107734,113,91,80,0.3028571428571429,225,205,187,0.2275510204081632,31,22,21,0.4695918367346939
7569964600523853078,180,193,212,0.3238571428571428,62,85,124,0.3637142857142857,117,138,171,0.3124285714285714
7565230748026899734,156,164,172,0.4763988095238095,54,52,55,0.159672619047619,192,201,211,0.3639285714285714
7558085942557347094,165,164,155,0.1400714285714285,207,208,198,0.7898214285714286,101,93,88,0.0701071428571428
7556260834817723670,62,59,51,0.4388214285714286,209,221,229,0.3798214285714286,156,165,177,0.1813571428571428
7555760932794764566,44,25,19,0.4938928571428571,217,218,223,0.28825,165,101,55,0.2178571428571428
7554403190200945942,119,123,127,0.1066428571428571,45,44,36,0.4265714285714285,176,186,197,0.4667857142857143
7553663983383858454,147,178,211,0.5084821428571429,82,79,64,0.2085119047619047,148,138,108,0.2830059523809524
7549175046128831766,157,143,111,0.259047619047619,142,172,199,0.4741666666666667,78,76,64,0.2667857142857143
7547707789863406870,129,148,122,0.4607589285714286,177,192,172,0.4254464285714285,59,73,58,0.1137946428571428
7542515768215211286,131,165,200,0.3808928571428571,59,68,74,0.2964030612244898,123,132,108,0.3227040816326531
7538370537211432214,110,130,139,0.3413571428571428,46,48,51,0.2185,164,189,206,0.4401428571428571
7538076349500689666,65,74,48,0.1655952380952381,136,147,121,0.4068452380952381,155,193,234,0.4275595238095238
7535840388725378306,134,196,229,0.3213988095238095,120,129,106,0.3453869047619047,39,51,56,0.3332142857142857
7529912051498552598,65,61,47,0.4472321428571428,126,120,105,0.3522023809523809,200,198,186,0.2005654761904761
7528398053666016534,199,186,177,0.4353571428571428,63,55,44,0.1824404761904761,93,105,128,0.3822023809523809
7523190975850679554,134,154,130,0.3842857142857143,87,96,75,0.3800595238095238,190,208,219,0.2356547619047619
7518400955877199127,117,148,188,0.4330952380952381,65,78,50,0.2361607142857142,205,204,201,0.3307440476190476
7517305745210232086,65,67,27,0.3176428571428571,136,147,105,0.4251785714285714,186,196,203,0.2571785714285714
7516934430083091734,196,206,210,0.3211428571428571,147,152,132,0.3692857142857143,74,78,55,0.3095714285714285
7515834191922072854,126,125,115,0.2839285714285714,58,60,61,0.4265625,185,190,202,0.2895089285714285
7514700901009886486,133,146,139,0.2030357142857143,55,67,54,0.3398214285714285,194,203,220,0.4571428571428571
7512478582627732758,128,136,91,0.2233928571428571,198,200,205,0.3925446428571428,76,84,37,0.3840625
7508723396641852694,145,156,99,0.4268571428571429,77,78,42,0.3825714285714285,207,210,199,0.1905714285714285
7506824474902433026,189,180,186,0.3039880952380952,57,66,51,0.3146428571428571,118,122,111,0.3813690476190476
7500939642972212502,9,10,9,0.3463839285714286,90,97,80,0.3712053571428571,164,177,189,0.2824107142857143
7491219464474856727,155,169,188,0.6838095238095238,95,132,179,0.2610119047619048,55,73,104,0.0551785714285714
7486043762590895382,171,180,198,0.3978869047619047,78,112,168,0.4105357142857143,22,29,48,0.1915773809523809
7483888039303843094,63,86,141,0.1912797619047619,85,130,195,0.3708035714285714,168,177,199,0.4379166666666667
7483430893965626646,194,189,190,0.3355753968253968,114,133,155,0.4887698412698412,22,48,67,0.1756547619047619
7479068329584364823,73,107,165,0.3066785714285714,39,49,71,0.07975,153,163,182,0.6135714285714285
7477287305078934786,130,139,154,0.3200595238095238,196,194,195,0.4452380952380952,57,80,111,0.2347023809523809
7475273206497086742,53,89,128,0.2807397959183673,134,161,189,0.3616071428571428,217,222,227,0.3576530612244898
7474850979473640726,183,190,201,0.6543452380952381,49,51,56,0.0726190476190476,142,149,166,0.2730357142857142
7473874393719000342,125,135,153,0.2178571428571428,192,199,206,0.3586607142857143,70,84,106,0.4234821428571428
7467999174936644886,191,196,206,0.4023214285714285,61,71,91,0.3753125,133,140,154,0.2223660714285714
7467185543240109345,97,119,160,0.5006071428571428,144,175,214,0.4316428571428571,46,53,72,0.06775
7466084820825787680,157,170,183,0.7521938775510204,68,73,82,0.1196173469387755,113,118,128,0.128188775510204
7465291116045208865,178,190,210,0.5476275510204082,125,134,152,0.2951785714285714,53,61,75,0.1571938775510204
7464875419959921952,177,191,214,0.8515625,63,71,85,0.0722767857142857,111,121,139,0.0761607142857142
7459384907962305825,214,212,217,0.3611160714285714,61,64,88,0.3654910714285714,135,138,154,0.2733928571428571
7447515391426825504,198,208,217,0.4579464285714286,45,54,64,0.2819940476190476,139,146,153,0.2600595238095238
7444957131670949142,85,99,125,0.3548214285714285,15,13,23,0.2852455357142857,134,169,210,0.3599330357142857
7444192177149742358,119,128,147,0.2586785714285714,194,198,205,0.4044642857142857,56,69,88,0.3368571428571428
7439254923365059873,59,59,63,0.2282653061224489,190,206,228,0.586045918367347,114,121,134,0.185688775510204
7437476740533865761,59,84,126,0.3702110389610389,179,191,211,0.3255844155844156,113,135,171,0.3042045454545454
7431201197672975648,87,95,112,0.1615625,186,201,227,0.5757142857142857,229,238,251,0.2627232142857142
7429721456851864864,43,48,44,0.3374553571428571,198,200,198,0.3398214285714285,135,136,116,0.3227232142857142
7426709076924484897,104,104,93,0.3266785714285714,157,181,216,0.3681785714285714,55,51,39,0.3051428571428571
7425904564697632032,201,208,198,0.5988928571428571,56,58,54,0.1014642857142857,165,157,145,0.2996428571428571
7415546238927523104,61,69,47,0.3169285714285714,132,145,103,0.4595714285714286,215,212,186,0.2235
7402923905754746145,37,40,36,0.2934722222222222,150,173,208,0.4641666666666666,127,124,90,0.2423611111111111
7401059521860209952,149,158,107,0.4041071428571428,58,66,45,0.4052380952380952,138,174,224,0.1906547619047619
7400010201476123937,188,198,172,0.2558333333333333,113,150,210,0.4421825396825397,82,98,85,0.3019841269841269
7396981634572078369,45,67,59,0.2399107142857142,51,139,134,0.5441964285714286,159,197,224,0.2158928571428571
7396708038398266656,193,195,207,0.3364285714285714,58,48,57,0.3355357142857142,142,140,147,0.3280357142857142
7394757283214806305,113,118,117,0.2354166666666666,42,44,36,0.4993452380952381,184,194,211,0.2652380952380952
7393953054967581985,81,99,72,0.3531547619047619,138,159,184,0.2944642857142857,137,155,75,0.3523809523809524
7393260705048268065,49,106,185,0.4689880952380952,94,89,70,0.3542261904761905,166,176,187,0.1767857142857143
7392879054988397856,76,86,74,0.3860119047619048,78,126,188,0.3615773809523809,170,179,189,0.2524107142857142
7388136382436281633,127,137,95,0.3325714285714286,140,173,217,0.3991785714285714,34,39,31,0.26825
7385258008760028448,125,144,89,0.3767142857142857,174,193,217,0.2540714285714285,55,74,27,0.3692142857142857
7382840415893998880,72,84,62,0.3304532967032967,190,197,212,0.3045879120879121,124,135,137,0.3649587912087912
7381446389819018529,237,242,242,0.1087053571428571,83,89,62,0.5641964285714286,177,181,178,0.3270982142857143
7369943098031443233,92,94,101,0.3789732142857143,208,198,194,0.3346428571428571,38,38,44,0.2863839285714286
7357327030335114528,108,122,143,0.2948660714285714,188,195,204,0.5246875,38,40,48,0.1804464285714285
7355500880721939744,137,152,175,0.2294285714285714,69,90,126,0.4191071428571428,190,200,214,0.3514642857142857
7354375095868984608,103,120,149,0.3320833333333333,35,45,64,0.1688095238095238,156,171,196,0.4991071428571428
7350265065762819360,32,50,87,0.1535267857142857,164,173,194,0.5045535714285714,60,98,160,0.3419196428571429
7348433044216253729,205,206,212,0.6620357142857143,95,113,167,0.2941071428571428,72,71,84,0.0438571428571428
7345082142235413793,65,86,129,0.2423809523809524,165,173,189,0.5084821428571429,101,126,171,0.2491369047619047
7344271684406349088,73,86,122,0.3653896103896104,194,196,218,0.3941883116883117,162,164,188,0.2404220779220779
7342531903209114913,55,83,126,0.3402197802197802,197,205,220,0.2477197802197802,123,144,179,0.4120604395604396
7342403362714914080,196,200,213,0.3436428571428571,69,78,102,0.4171428571428571,145,151,167,0.2392142857142857
7340682108735671584,193,209,228,0.3920833333333333,57,71,86,0.0917857142857142,160,175,194,0.5161309523809524
7338384626773216545,111,130,158,0.1223214285714285,187,196,205,0.7258441558441558,54,73,103,0.1518344155844155
7337687297132973344,63,71,87,0.0983928571428571,151,159,174,0.5784642857142858,118,125,141,0.3231428571428571
7337328365147295009,74,30,48,0.2602678571428571,194,196,207,0.4003125,116,100,124,0.3394196428571429
7336662438282120481,74,96,145,0.2407142857142857,21,29,55,0.3337053571428571,112,157,230,0.4255803571428571
7336480513269583136,101,105,126,0.2479464285714285,165,165,180,0.6320535714285714,21,21,33,0.12
7336193209883839776,226,230,235,0.8523214285714286,55,51,47,0.1117857142857142,151,145,137,0.0358928571428571
7335348681832418593,163,164,171,0.3660357142857143,39,69,120,0.4213571428571429,199,199,205,0.2126071428571428
7335020484637068576,167,177,200,0.1711224489795918,21,29,48,0.2097576530612244,74,96,146,0.6191198979591837
7333604507793853728,209,214,220,0.9667857142857142,167,168,156,0.0267857142857142,70,74,67,0.0064285714285714
7332775399883033888,67,20,121,0.2032440476190476,15,9,17,0.7425595238095238,144,121,130,0.0541964285714285
7332156358902500640,211,216,223,0.8941964285714286,61,62,61,0.0545535714285714,159,160,157,0.05125
7331017914612567329,44,86,148,0.2357738095238095,95,123,180,0.6995238095238095,187,192,210,0.0647023809523809
7329087770905840928,117,136,164,0.3711607142857143,206,219,233,0.1465625,135,154,181,0.4822767857142857
7327632037437820193,47,127,208,0.6270238095238095,34,104,179,0.3542857142857142,155,175,203,0.0186904761904761
7326887540705873185,196,199,205,0.6678869047619047,44,59,82,0.1223511904761904,148,153,162,0.2097619047619047
7324339550283664672,147,161,184,0.8330059523809524,29,39,54,0.0446428571428571,84,94,111,0.1223511904761904
7323194315415588129,195,194,198,0.3178125,126,130,142,0.393125,40,65,109,0.2890625
7322866542985710881,32,53,84,0.2080803571428571,180,186,195,0.4098214285714285,92,113,144,0.3820982142857143
7321969929564065057,115,106,110,0.2841369047619048,207,185,169,0.1819196428571428,59,56,70,0.5339434523809524
7318769443222359329,12,78,144,0.5819047619047619,202,211,202,0.3135119047619047,68,83,95,0.1045833333333333
7318026666939256096,126,130,146,0.3235714285714285,46,55,64,0.1431547619047619,162,165,181,0.5332738095238095
7317653042533305633,189,194,202,0.44125,144,149,158,0.4963839285714285,40,35,36,0.0623660714285714
7317290713673190688,198,204,209,0.3568571428571429,92,122,155,0.35375,30,77,121,0.2893928571428571
7316431760194096416,38,46,71,0.1783630952380952,126,161,212,0.4360119047619047,159,195,241,0.385625
7314335987033738528,60,100,159,0.530952380952381,187,191,201,0.39375,19,27,46,0.075297619047619
7314256868556213537,184,184,185,0.7627232142857143,114,113,113,0.1428571428571428,55,50,49,0.0944196428571428
7310606511775026464,99,98,100,0.3350595238095238,169,170,178,0.4373214285714286,25,29,33,0.2276190476190476
7308389510113512737,28,5,45,0.5288571428571428,88,21,157,0.4073571428571428,189,139,223,0.0637857142857142
7306457226254781729,206,197,208,0.4750595238095238,70,64,70,0.2261309523809523,139,131,139,0.2988095238095238
7304693853758491936,37,56,80,0.2477142857142857,193,207,215,0.2932857142857142,70,125,158,0.459
7302352085796916513,185,185,186,0.2980714285714286,69,66,70,0.4081785714285714,132,128,128,0.29375
7297157611294706976,153,167,191,0.7396938775510205,36,36,36,0.1565816326530612,93,99,109,0.1037244897959183
7296501143700606241,106,133,165,0.4692857142857143,197,207,213,0.3545089285714285,37,46,69,0.1762053571428571
7277906809787059489,212,146,64,0.4410535714285714,76,30,21,0.3903392857142857,220,232,220,0.1686071428571428
7261564389075995930,207,209,218,0.2538839285714285,121,118,124,0.4623958333333333,55,38,51,0.2837202380952381
7261562285791956251,117,117,122,0.4079464285714286,49,38,47,0.2998469387755102,197,202,215,0.2922066326530612
7261499359819336986,70,9,8,0.6260416666666667,241,186,157,0.0347619047619047,163,28,7,0.3391964285714285
7215238321247751430,50,68,103,0.1974702380952381,217,218,224,0.4875297619047619,126,145,171,0.315
7211565992852475141,47,60,86,0.3018452380952381,184,194,214,0.2314285714285714,89,116,163,0.4667261904761904
7202617948983315717,200,199,206,0.3956994047619047,48,46,61,0.3513988095238095,115,96,106,0.2529017857142857
7199586123952311557,228,228,229,0.1824107142857143,71,85,107,0.4201785714285714,146,152,160,0.3974107142857143
7195225752541875462,131,145,175,0.4195714285714286,217,217,221,0.2657857142857143,171,177,197,0.3146428571428571
7193338808870456582,199,199,195,0.4884375,140,145,153,0.2171428571428571,178,179,179,0.2944196428571428
7192237337412177157,151,169,193,0.4692857142857143,221,226,232,0.3581547619047619,81,133,174,0.1725595238095238
7182218891702127877,133,149,164,0.2642857142857143,226,226,225,0.5234821428571429,71,93,117,0.2122321428571428
7179637090932509958,58,56,61,0.3810357142857143,230,219,218,0.2873214285714285,141,129,135,0.3316428571428571
7173707401302920453,104,95,101,0.470875,196,194,205,0.2256964285714285,26,16,22,0.3034285714285714
7169948893805825285,214,218,222,0.482827380952381,72,122,169,0.301220238095238,146,162,177,0.2159523809523809
7164769032430767365,211,223,235,0.4376785714285714,61,72,79,0.2544285714285714,131,159,179,0.3078928571428571
7163552631053503749,161,117,194,0.3194642857142857,28,38,87,0.2297767857142857,85,76,146,0.4507589285714286
7162174902865251589,54,52,53,0.3790357142857143,219,227,234,0.3724285714285714,139,141,145,0.2485357142857142
7155814731897376006,137,128,112,0.334234693877551,200,207,206,0.2798469387755102,65,49,43,0.3859183673469388
7146479472022277381,43,53,74,0.3935416666666667,78,111,144,0.4104761904761905,172,194,205,0.1959821428571428
7145813168818900229,156,183,219,0.2149404761904761,67,71,56,0.3933333333333333,130,142,107,0.3917261904761904
7130620750842678533,180,192,211,0.3197448979591836,60,74,94,0.2713520408163265,95,130,166,0.4089030612244897
7088705916027063557,153,154,168,0.2357440476190476,215,214,221,0.7013988095238095,58,52,64,0.0628571428571428
7087822626005060870,125,117,119,0.2604761904761905,229,208,188,0.5383630952380952,26,27,29,0.2011607142857142
7084890005491010821,159,168,189,0.725,61,87,124,0.2454761904761905,187,24,21,0.0295238095238095
7081140277083213062,205,203,210,0.5716517857142858,112,119,144,0.3595089285714286,63,58,59,0.0688392857142857
7079069070078889221,23,44,78,0.2696875,200,198,200,0.5284375,69,99,140,0.201875
7077597820538146053,133,148,172,0.3959523809523809,79,70,92,0.2152380952380952,201,205,214,0.3888095238095238
7076423248698690822,86,102,131,0.2627142857142857,189,185,187,0.4303571428571429,41,38,51,0.3069285714285714
7075788593930816773,189,197,201,0.0477232142857142,71,129,178,0.5925,40,88,138,0.3597767857142857
7073510812542913798,89,117,144,0.2451190476190476,160,166,169,0.4270833333333333,38,63,92,0.327797619047619
7073157554024566021,80,101,139,0.2181377551020408,188,194,207,0.5194642857142857,38,72,120,0.2623979591836735
7071521897082621189,225,225,227,0.4871785714285714,73,79,108,0.0956785714285714,137,148,176,0.4171428571428571
7070550742880292101,33,34,43,0.2275,198,195,196,0.5275595238095238,105,107,120,0.2449404761904761
7067217215925275910,135,143,155,0.4293877551020408,218,217,216,0.3206632653061224,74,85,103,0.2499489795918367
7064489288125189382,136,153,184,0.3671875,32,36,54,0.0233928571428571,159,172,195,0.6094196428571429
7063459529668742406,116,116,131,0.3128571428571428,194,192,200,0.5785714285714286,26,27,41,0.1085714285714285
7062023531764256006,39,44,59,0.2109523809523809,214,213,213,0.476875,121,129,143,0.312172619047619
7061519229182315781,140,136,157,0.5579017857142857,67,55,54,0.2347321428571428,187,195,210,0.2073660714285714
7060887870688529670,229,227,230,0.5996071428571429,142,148,160,0.34625,52,52,57,0.0541428571428571
7059414649581604102,215,210,217,0.8054017857142857,100,25,37,0.0377232142857142,127,142,169,0.156875
7057560274424958214,217,217,217,0.5264642857142857,39,74,122,0.3946785714285714,174,176,185,0.0788571428571428
7055714634526969093,220,219,219,0.58875,105,62,60,0.1589285714285714,149,162,187,0.2523214285714286
7055321327174946054,39,43,51,0.3286904761904762,159,162,175,0.4395238095238095,199,201,212,0.2317857142857143
7054948838716493061,224,229,236,0.3601530612244898,66,60,69,0.1443622448979591,156,169,189,0.495484693877551
7053545705868152069,154,133,132,0.4855952380952381,88,72,69,0.3404166666666666,223,210,205,0.1739880952380952
7052727837165505797,234,236,237,0.1598928571428571,124,131,142,0.31575,182,187,191,0.5243571428571429
7045558641969073414,163,164,181,0.4002678571428571,73,74,97,0.1983333333333333,227,223,229,0.4013988095238095
7039259712038112518,74,82,104,0.1659948979591836,211,213,223,0.5395408163265306,161,172,191,0.2944642857142857
7038189746484563205,191,196,206,0.3943452380952381,1,1,1,0.2844940476190476,109,126,148,0.3211607142857143
7019307301299424518,165,167,186,0.0822321428571428,94,94,108,0.0499404761904761,212,215,236,0.867827380952381
7014030961486630149,131,119,104,0.2751190476190476,213,205,197,0.2929761904761905,43,44,39,0.4319047619047619
7001083090462346501,192,132,69,0.2191428571428571,173,198,214,0.52,39,33,36,0.2608571428571428
6994481888182144262,174,171,166,0.2925595238095238,102,101,93,0.3689285714285714,34,35,36,0.3385119047619047
6982843678305897734,175,168,138,0.2374862637362637,52,48,27,0.4284065934065934,115,111,79,0.3341071428571429
6972416280762649861,64,65,55,0.4715625,209,213,214,0.1940178571428571,110,114,95,0.3344196428571429
6963197595422346502,121,130,108,0.3910714285714285,58,59,50,0.3400892857142857,192,196,195,0.2688392857142857
6959192993014287622,185,182,182,0.42925,87,103,129,0.3845,46,45,58,0.18625
6952049416425590022,199,210,223,0.4861785714285714,52,61,79,0.0383571428571428,130,158,189,0.4754642857142857
6921227616347327749,220,224,223,0.5627678571428572,146,149,163,0.3422619047619047,63,68,75,0.0949702380952381
6919824999914245381,173,186,209,0.497,10,48,101,0.2276428571428571,29,82,147,0.2753571428571428
7597116010528902422,154,180,239,0.4157142857142857,100,100,124,0.3070408163265306,192,175,199,0.2772448979591836
7548437152137350422,119,112,109,0.3179910714285714,177,193,208,0.2983035714285714,42,44,48,0.3837053571428571
7545851939586723094,71,76,62,0.4465357142857142,74,127,191,0.24325,176,169,140,0.3102142857142857
7537717748512705814,148,180,226,0.2054464285714285,190,160,123,0.4202380952380952,85,80,77,0.3743154761904761
7530943991257386262,22,27,25,0.4879166666666666,161,178,175,0.2924404761904762,79,79,65,0.2196428571428571
7528439846218550550,94,64,48,0.2278928571428571,164,173,183,0.14725,1,1,1,0.6248571428571429
7524285666692271382,71,88,93,0.4806547619047619,20,20,18,0.3729464285714285,148,162,185,0.1463988095238095
7519058140860583190,1,1,0,0.6229464285714286,168,188,213,0.1690178571428571,65,78,72,0.2080357142857143
7515407893357759766,72,80,107,0.1571428571428571,0,1,1,0.7404017857142857,183,185,190,0.1024553571428571
7511669950990290198,0,0,0,0.6951071428571428,204,193,190,0.1264285714285714,66,64,61,0.1784642857142857
7496845046814166294,117,141,172,0.4131845238095238,199,213,228,0.2987202380952381,38,48,61,0.288095238095238
7475687308797299990,194,194,194,0.4642261904761904,68,68,68,0.1775297619047619,156,156,156,0.3582440476190476
7470159373935856918,69,64,72,0.0601785714285714,215,220,229,0.2955357142857143,146,157,174,0.6442857142857142
7459403430122097942,77,121,176,0.45875,209,219,225,0.3726190476190476,40,46,57,0.1686309523809523
7458331354212666646,12,15,23,0.3765,201,200,204,0.3467142857142857,98,105,120,0.2767857142857143
7455305851092389142,211,211,211,0.4072142857142857,94,94,94,0.2701071428571429,158,158,158,0.3226785714285714
7451629003380755734,205,215,225,0.7965476190476191,65,20,46,0.0722023809523809,125,138,154,0.13125
7450432979526012182,150,166,186,0.261,204,217,229,0.3948571428571428,86,102,127,0.3441428571428571
7439731424854379809,30,29,33,0.2539285714285714,206,206,207,0.6570089285714286,131,124,114,0.0890625
7438288130567949601,31,30,54,0.8514285714285714,218,226,227,0.0698809523809523,133,130,103,0.0786904761904761
7434514141697625377,145,74,16,0.26625,236,179,130,0.2651785714285714,201,129,50,0.4685714285714286
7433411068988280097,105,135,198,0.4382440476190476,58,55,61,0.3810714285714285,190,160,132,0.1806845238095238
7414109220523511073,121,132,169,0.2331547619047619,206,214,236,0.565297619047619,41,40,71,0.201547619047619
7410754655682153761,158,165,113,0.2667857142857143,139,167,219,0.3845982142857143,62,73,60,0.3486160714285714
7407843953539583265,15,12,11,0.4540625,173,193,200,0.2346875,114,97,90,0.31125
7400379104962284832,119,132,156,0.4947767857142857,68,58,59,0.3116517857142857,215,205,202,0.1935714285714285
7395950056001572128,82,93,35,0.3178571428571428,119,157,218,0.3815357142857143,163,173,87,0.3006071428571428
7393316600922885409,86,54,55,0.3765625,192,189,203,0.2970089285714286,174,114,101,0.3264285714285714
7372168611449900321,101,170,203,0.4905612244897959,21,36,42,0.285765306122449,223,235,241,0.2236734693877551
7358820174952172832,42,49,77,0.5185714285714286,191,199,214,0.2072023809523809,90,110,146,0.2742261904761904
7356608348030012704,3,3,3,0.6596071428571428,143,185,201,0.1659285714285714,73,89,81,0.1744642857142857
7354350552693656864,37,26,25,0.1927380952380952,190,205,232,0.4083928571428571,86,111,155,0.3988690476190476
7350310562586283297,4,6,7,0.1855357142857142,195,208,223,0.415625,54,90,128,0.3988392857142857
7343666836812123424,116,145,204,0.2120535714285714,206,216,236,0.4873214285714285,74,90,129,0.300625
7332509276432289057,69,89,105,0.3860714285714285,164,169,172,0.3472321428571429,102,119,135,0.2666964285714285
7325862287540096289,149,151,158,0.4143571428571428,47,53,67,0.2561071428571428,199,209,212,0.3295357142857142
7324725007391804705,213,216,240,0.5536011904761905,84,128,183,0.3204464285714286,17,29,45,0.1259523809523809
7309107806202842400,126,129,134,0.4459438775510204,196,201,210,0.3291071428571429,45,51,58,0.2249489795918367
7306559173217488160,177,185,203,0.46525,114,120,136,0.3213571428571428,44,45,55,0.2133928571428571
7261996739446590753,106,111,114,0.3536428571428571,30,30,33,0.2123214285714285,171,172,167,0.4340357142857143
7260814503728696602,41,42,44,0.2917142857142857,187,192,201,0.4241071428571428,115,119,114,0.2841785714285714
7254588789559938330,56,58,68,0.3275714285714285,102,114,133,0.3386071428571429,169,175,180,0.3338214285714285
7606001119243881750,56,81,107,0.1669196428571428,166,190,216,0.3789285714285714,70,151,192,0.4541517857142857
7604886753471761686,162,176,193,0.5851785714285714,45,49,53,0.1454166666666666,204,217,228,0.2694047619047619
7601164093910715670,97,142,205,0.2782142857142857,171,201,234,0.0564285714285714,61,107,171,0.6653571428571429
7587442936376233238,193,200,215,0.5833928571428572,39,60,115,0.2979464285714285,82,126,190,0.1186607142857142
7578256886286322966,44,50,64,0.2576785714285714,204,212,221,0.3295357142857142,82,124,161,0.4127857142857143
7566676756199951638,64,109,176,0.7506547619047619,220,226,233,0.1125595238095238,49,39,43,0.1367857142857143
7560707094018542870,179,186,194,0.4209183673469387,93,126,158,0.3004081632653061,49,90,127,0.2786734693877551
7545046455229205782,199,202,198,0.3888095238095238,42,38,35,0.251547619047619,118,123,129,0.3596428571428571
7529427220335496450,208,188,168,0.3611160714285714,143,132,99,0.4492410714285714,58,48,61,0.1896428571428571
7516624091097337110,60,62,61,0.3934285714285714,163,180,165,0.4211428571428571,218,28,16,0.1854285714285714
7504627479449963798,46,60,84,0.3822321428571428,169,194,223,0.3628571428571429,138,114,67,0.2549107142857142
7494230009050139926,178,188,208,0.5555357142857142,45,43,50,0.2678571428571428,110,110,121,0.1766071428571428
7491322585624349974,42,57,90,0.3153214285714286,220,218,219,0.3475357142857143,102,129,161,0.3371428571428571
7486129539827928342,184,195,215,0.6617559523809524,61,94,146,0.2679166666666667,22,32,53,0.0703273809523809
7485773090555956503,197,207,224,0.8028571428571428,59,76,95,0.0675,142,154,171,0.1296428571428571
7484928854029634838,13,69,130,0.2871428571428571,212,224,236,0.4582738095238095,33,94,165,0.2545833333333333
7481596789448117526,182,182,180,0.7367142857142858,138,140,144,0.1380357142857143,58,67,79,0.12525
7478735064881237270,181,183,186,0.3461989795918367,33,32,45,0.2460714285714285,97,111,133,0.4077295918367347
7348766265927814432,123,9,149,0.3701785714285714,40,0,79,0.5791785714285714,218,187,231,0.0506428571428571
7346541062267079968,39,44,63,0.2041785714285714,185,192,210,0.3793571428571428,112,127,160,0.4164642857142857
7343923844316548384,70,101,150,0.2080059523809523,186,190,206,0.6513095238095238,27,47,85,0.1406845238095238
7303884823578397984,116,94,98,0.2694047619047619,185,170,164,0.4708333333333333,21,22,34,0.2597619047619047
7291237498506743072,147,121,56,0.4283630952380952,186,171,162,0.2529166666666667,70,56,33,0.3187202380952381
7263733416292617505,86,114,157,0.3418452380952381,134,164,200,0.4172916666666666,58,64,49,0.2408630952380952
7256464845132827931,94,116,129,0.35484375,182,188,194,0.2585491071428571,63,35,34,0.3866071428571428
7219294434465238298,27,8,74,0.5178698979591837,221,185,236,0.0311224489795918,60,16,148,0.4510076530612245
7217888414631283995,116,100,116,0.2794464285714286,39,36,63,0.5351964285714286,204,197,204,0.1853571428571428
7215515219164990746,139,136,166,0.4082525510204081,78,79,107,0.2005867346938775,186,170,192,0.3911607142857143
7212344637523283205,92,20,124,0.4457142857142857,32,4,43,0.5304120879120879,218,184,230,0.0238736263736263
7211165738957163782,216,212,175,0.2615714285714285,42,46,57,0.2315,98,134,182,0.5069285714285714
7207862806899592453,212,213,218,0.237172619047619,66,71,80,0.3757440476190476,137,140,149,0.3870833333333333
7206682386531110149,56,66,87,0.2180059523809523,124,132,146,0.4266964285714286,193,198,207,0.355297619047619
7206680972555750661,8,5,13,0.6527380952380952,198,192,191,0.0811309523809523,67,61,73,0.2661309523809523
7040810874281479430,124,147,180,0.3206845238095238,199,210,227,0.6104761904761905,70,80,108,0.0688392857142857
7039252769894616326,29,33,43,0.0468928571428571,138,142,161,0.3542142857142857,200,197,216,0.5988928571428571
7039005707844308229,25,28,39,0.482797619047619,203,212,225,0.2366666666666666,99,110,138,0.2805357142857143
7038707297396198661,56,67,69,0.3293269230769231,196,211,225,0.1960302197802197,109,139,166,0.4746428571428571
7036326405155638533,103,135,171,0.5487087912087912,182,198,213,0.2452335164835165,46,58,80,0.2060576923076923
7033466696245497093,35,25,35,0.049047619047619,190,202,220,0.8713690476190477,119,115,124,0.0795833333333333
7026774067223055621,148,161,187,0.3510119047619047,21,27,42,0.3137202380952381,75,85,106,0.3352678571428571
7022596866374192390,178,185,210,0.3320089285714285,27,104,158,0.2909821428571428,69,142,192,0.3770089285714286
7007863408129215749,174,188,206,0.3098571428571428,128,114,116,0.3204642857142857,46,46,61,0.3696785714285714
7004414493086240006,181,183,198,0.4723660714285714,59,59,69,0.0378125,209,210,222,0.4898214285714286
6821547365887905030,114,138,156,0.3104166666666667,166,186,205,0.6378869047619048,44,46,39,0.0516964285714285
6814175723704683782,197,205,216,0.3339285714285714,62,69,62,0.3328571428571428,120,141,155,0.3332142857142857
7584519298459176214,93,93,108,0.3723809523809523,36,26,27,0.4947023809523809,203,181,158,0.1329166666666666
7579293926796922134,109,95,122,0.4170833333333333,42,35,56,0.2717857142857143,197,148,135,0.3111309523809524
7540185950714875158,43,43,55,0.4348809523809523,108,121,158,0.4582738095238095,204,213,219,0.106845238095238
7533680078866238742,77,113,164,0.2936989795918367,87,80,49,0.4113775510204082,170,174,157,0.2949234693877551
7529820615637847318,94,102,76,0.3705952380952381,177,172,144,0.3330654761904762,32,35,24,0.2963392857142857
7517676181366295830,53,56,66,0.3703214285714286,235,237,234,0.281,150,150,139,0.3486785714285714
7490984274049469718,188,198,209,0.3351339285714286,49,77,111,0.3298214285714286,158,168,180,0.3350446428571428
7490119511731965206,192,200,204,0.4881547619047619,49,69,93,0.2966666666666667,84,115,148,0.2151785714285714
7481977420220779798,214,206,192,0.276875,72,56,47,0.2061607142857142,102,152,167,0.5169642857142858
7479081271746989334,171,189,174,0.4564642857142857,39,45,58,0.2610357142857142,94,124,135,0.2825
7478417820376812822,39,52,78,0.3627232142857143,191,189,190,0.2933035714285714,78,114,160,0.3439732142857143
7475816575975623958,146,155,170,0.5380357142857143,69,75,83,0.1636011904761904,187,200,216,0.2983630952380952
7471349532496842006,42,52,71,0.0917857142857142,194,212,224,0.3585267857142857,107,143,181,0.5496875
7471348371962334486,194,187,185,0.4768452380952381,61,109,170,0.2575595238095238,62,54,37,0.2655952380952381
7470212560399109398,154,157,175,0.3389285714285714,37,51,84,0.3251428571428571,73,94,129,0.3359285714285714
7468313844230704406,42,42,55,0.3196428571428571,191,202,212,0.21875,115,123,141,0.4616071428571429
7438966885879696662,48,47,51,0.3309821428571428,190,201,213,0.4133482142857143,107,110,117,0.2556696428571428
7418133778406657313,64,43,57,0.2322142857142857,106,132,165,0.5954642857142857,181,169,189,0.1723214285714285
7415589341981986080,53,53,48,0.2223511904761904,204,210,216,0.4251785714285714,77,118,165,0.3524702380952381
7415541670361500961,162,167,175,0.4148809523809524,112,117,133,0.4474404761904761,44,37,46,0.1376785714285714
7414059508630031648,165,186,216,0.5300892857142857,53,33,37,0.2863988095238095,109,125,155,0.1835119047619047
7413699830469397793,190,199,209,0.3402380952380952,71,73,74,0.2448214285714285,135,141,149,0.4149404761904762
7413269884840267040,48,48,53,0.11,199,211,231,0.3222916666666666,101,128,178,0.5677083333333334
7412939421089090849,104,145,190,0.4467261904761905,68,104,152,0.34125,177,192,215,0.2120238095238095
7410359060681297184,175,196,204,0.2508035714285714,41,42,44,0.2433333333333333,80,123,166,0.5058630952380953
7400784701633416481,166,200,227,0.4468928571428571,29,43,43,0.2934642857142857,103,131,161,0.2596428571428571
7379167807679761697,196,179,181,0.3383035714285714,68,69,60,0.2841964285714285,129,126,116,0.3775
7353226118662589728,70,76,92,0.1284523809523809,144,151,169,0.4555357142857142,193,202,219,0.4160119047619047
7344802060019256609,91,110,139,0.4315178571428571,31,31,36,0.1160714285714285,189,188,185,0.4524107142857143
7326857703958105376,118,126,157,0.2493112244897959,13,12,19,0.2730867346938775,65,70,94,0.4776020408163265
7324421973612825889,108,98,95,0.3073809523809523,175,162,150,0.3635416666666666,59,50,45,0.3290773809523809
7315824288173493536,118,129,149,0.4421428571428571,190,198,205,0.4695089285714285,51,15,31,0.0883482142857142
7296417264591441185,178,188,197,0.4390178571428571,62,48,49,0.3266071428571429,244,248,249,0.234375
7296124478130572577,125,121,125,0.1858571428571428,197,210,232,0.5269642857142857,45,43,46,0.2871785714285714
7296075013734616353,199,208,224,0.2427232142857142,26,23,29,0.4166071428571428,85,105,138,0.3406696428571428
7295785443528920352,140,178,227,0.4254166666666666,39,66,110,0.1910119047619047,81,122,181,0.3835714285714285
7294200756586958113,190,211,237,0.2997402597402597,22,26,36,0.1725487012987013,87,116,167,0.527711038961039
7288261263757446433,83,120,148,0.5043154761904762,46,52,55,0.2040178571428571,198,198,196,0.2916666666666667
7278716528839626016,87,114,157,0.3445982142857143,204,205,218,0.3985267857142857,38,45,64,0.256875
7255981234374069530,182,190,197,0.2729761904761905,86,89,59,0.3536904761904761,82,124,189,0.3733333333333333
7246825881904139546,187,198,217,0.2843214285714285,58,59,35,0.2531785714285714,159,138,110,0.4625
7238904736253054234,153,158,146,0.4839285714285714,30,39,27,0.1855357142857142,104,115,83,0.3305357142857142
7219646733901450502,46,57,81,0.273125,115,136,168,0.3915625,180,191,209,0.3353125
7214862934139260166,135,121,122,0.3351530612244898,201,206,215,0.3902551020408163,60,45,47,0.2745918367346939
7214113271018753285,71,121,159,0.1852380952380952,52,46,51,0.3530952380952381,174,186,194,0.4616666666666666
7213795540574735621,50,35,42,0.2780357142857143,194,184,163,0.2604642857142857,80,108,153,0.4615
7210834532591963398,48,76,118,0.3286071428571429,194,201,212,0.27725,123,138,163,0.3941428571428571
7208933349933452550,152,163,180,0.7137857142857142,42,34,32,0.1447857142857143,104,89,78,0.1414285714285714
7208551637869268230,147,147,147,0.4363839285714285,214,218,224,0.2457142857142857,71,73,86,0.3179017857142857
7203684040606633222,47,61,85,0.2620238095238095,187,192,204,0.4692857142857143,127,135,150,0.2686904761904762
7183332234605268250,132,141,155,0.4525,190,196,203,0.3658333333333333,79,87,103,0.1816666666666666
7175881254233967878,145,184,232,0.3837053571428571,26,25,34,0.0921875,93,140,207,0.5241071428571429
7171408287785782533,202,204,214,0.3421428571428571,48,55,76,0.2336160714285714,119,138,172,0.4242410714285714
7168426884852747526,155,177,212,0.5392559523809524,48,54,65,0.2023809523809523,107,129,160,0.2583630952380952
7158057918431120645,79,88,109,0.2455803571428571,179,187,198,0.4735267857142857,3,3,4,0.2808928571428571
7146624079615790341,33,28,38,0.2361160714285714,61,97,153,0.5955803571428572,199,204,211,0.1683035714285714
7123931386964184326,121,121,83,0.3798214285714286,23,31,20,0.3453826530612245,201,187,163,0.2747959183673469
7120944943270530309,192,67,52,0.2745833333333333,99,136,171,0.3886309523809523,67,62,49,0.3367857142857143
7116158724288400645,131,116,78,0.5570238095238095,182,188,194,0.2683928571428571,28,33,19,0.1745833333333333
7081711774084484358,137,144,151,0.3623928571428571,189,201,215,0.4599642857142857,79,74,81,0.1776428571428571
7079095510904229126,103,122,145,0.3677857142857142,185,193,203,0.3526071428571428,50,51,61,0.2796071428571428
7073916316566031622,176,185,203,0.3809438775510204,73,113,170,0.2819897959183673,29,64,116,0.3370663265306122
7065372841423801605,178,203,216,0.4102579365079365,45,57,59,0.2366865079365079,136,159,172,0.3530555555555555
7064507087086161157,214,209,201,0.3652806122448979,37,70,120,0.5053061224489795,147,146,148,0.1294132653061224
7060539961459641605,102,132,170,0.3355803571428571,193,198,199,0.2479017857142857,52,74,107,0.4165178571428571
7050043192732912901,104,144,207,0.72375,15,29,59,0.0445663265306122,59,104,172,0.2316836734693877
7042694987141745926,159,176,207,0.3917142857142857,220,235,251,0.3638928571428571,79,92,115,0.2443928571428571
7012661937477537030,71,89,134,0.4400595238095238,206,211,233,0.4403869047619048,37,36,55,0.1195535714285714
6994839726846971142,10,10,12,0.2747857142857143,172,188,200,0.3068214285714286,100,104,100,0.4183928571428571
6979673025503366405,138,148,164,0.4402380952380952,51,61,70,0.2359523809523809,185,189,197,0.3238095238095238
6963263758630194437,75,155,189,0.1938928571428571,80,73,53,0.4734285714285714,184,180,167,0.3326785714285714
6958424996964355334,171,169,185,0.1869155844155844,32,38,48,0.1856818181818181,224,220,232,0.6274025974025974
6922868220890254597,61,37,26,0.3672831632653061,135,114,93,0.4275,212,188,163,0.2052168367346938
6899015791086210306,205,203,206,0.2794642857142857,18,17,24,0.4483035714285714,114,126,155,0.2722321428571428
6896055761982639362,166,156,145,0.3041369047619047,38,36,42,0.2888690476190476,212,206,198,0.4069940476190476
6895747396404284674,64,54,50,0.2481377551020408,193,184,175,0.2790816326530612,159,108,71,0.472780612244898
6895292772857826562,206,203,195,0.4411479591836734,45,34,33,0.3082780612244898,147,115,89,0.2505739795918367
6887883845954178305,163,128,106,0.2894047619047619,231,221,218,0.3602579365079365,59,48,53,0.3503373015873016
6883876793380572417,7,11,17,0.2625974025974026,194,201,211,0.3967370129870129,78,99,127,0.3406655844155844
6883389583271185666,64,98,122,0.41,208,204,203,0.2135714285714285,114,150,171,0.3764285714285714
6876369843591941377,149,153,162,0.2583928571428571,208,215,227,0.5158928571428572,63,57,59,0.2257142857142857
6869621825035357441,160,168,181,0.4253928571428571,67,83,106,0.2620357142857142,191,200,211,0.3125714285714285
6864806467329903878,56,63,46,0.2589285714285714,194,193,121,0.3745535714285714,125,128,95,0.3665178571428571
6834056379355991301,128,116,92,0.5261785714285714,46,54,42,0.3276428571428571,172,169,156,0.1461785714285714
6798648871401819398,2,2,3,0.7128869047619047,192,196,201,0.1639285714285714,118,116,118,0.1231845238095238
6798641094109269253,78,95,127,0.5199489795918367,29,28,31,0.1067602040816326,190,192,199,0.3732908163265306
7551820830615899414,117,132,154,0.3960204081632653,192,195,210,0.4055867346938775,54,59,62,0.1983928571428571
7330293520395275553,169,179,196,0.5613690476190476,122,131,149,0.4216071428571428,21,23,40,0.0170238095238095
7323224822169750816,146,120,122,0.4425,175,178,196,0.3010119047619047,64,51,55,0.2564880952380952
7309113734360780064,208,205,205,0.487,101,105,123,0.3418571428571428,30,29,41,0.1711428571428571
7307663369090207009,213,157,81,0.38,128,94,62,0.2748571428571428,66,43,35,0.3451428571428571
7306870694137187616,150,164,186,0.2170982142857143,44,43,51,0.1017410714285714,172,185,208,0.6811607142857142
7306460792310877472,181,168,145,0.2819642857142857,58,49,43,0.2945238095238095,117,106,90,0.4235119047619047
7305781724238105889,86,112,155,0.4162857142857142,165,181,202,0.2115,47,49,73,0.3722142857142857
7299777182828645664,68,87,118,0.1718452380952381,157,167,185,0.4442261904761905,114,130,152,0.3839285714285714
7297256040544931105,171,177,198,0.4014285714285714,196,202,226,0.4886071428571428,154,158,178,0.1099642857142857
7279078872455384352,147,139,134,0.3956696428571428,38,52,52,0.1748214285714285,209,206,207,0.4295089285714286
7272402191233584417,191,196,209,0.4926785714285714,58,61,46,0.3261607142857143,125,122,118,0.1811607142857142
7265677943228075296,29,95,115,0.3761904761904762,130,179,224,0.3797619047619047,156,124,124,0.244047619047619
7265242959048723745,49,122,204,0.3742857142857143,61,63,66,0.393469387755102,175,180,185,0.2322448979591836
7264519435086466336,173,191,222,0.552202380952381,93,110,122,0.18125,29,55,55,0.266547619047619
7262363967157226785,54,73,44,0.2409642857142857,215,209,200,0.2918571428571428,113,135,102,0.4671785714285714
7261965250864467232,194,177,159,0.3238839285714285,64,39,20,0.3208482142857143,123,127,75,0.3552678571428571
7260420548553887002,213,216,224,0.4662053571428571,91,148,162,0.4550892857142857,55,75,69,0.0787053571428571
7225641498249891099,81,93,103,0.28125,206,208,202,0.0721428571428571,31,41,56,0.6466071428571428
7225245362678762779,144,170,179,0.3408928571428571,24,30,40,0.0722142857142857,197,202,215,0.5868928571428571
7224177146263063835,175,184,213,0.8425510204081633,101,110,127,0.0654591836734693,13,19,26,0.0919897959183673
7221550036172213509,20,16,25,0.3780357142857143,163,176,196,0.3770918367346939,87,96,104,0.2448724489795918
7214886818368490758,187,194,211,0.4685119047619047,27,49,76,0.2486904761904761,104,121,150,0.282797619047619
7213794863630912773,117,129,154,0.2463095238095238,184,191,207,0.7273214285714286,37,49,61,0.0263690476190476
7210067304095173893,190,200,216,0.4686071428571428,94,116,146,0.3758571428571428,21,38,55,0.1555357142857142
7209259784263060742,114,133,156,0.2799642857142857,192,198,206,0.5183928571428571,42,52,72,0.2016428571428571
7208590550348434694,70,96,141,0.3241666666666666,183,192,208,0.51625,72,48,43,0.1595833333333333
7204870147855748357,181,184,199,0.430952380952381,23,30,41,0.2061904761904762,87,95,117,0.3628571428571429
7200418269629582597,232,235,227,0.4492857142857143,147,107,76,0.2115178571428571,13,12,19,0.3391964285714285
7197448084119506182,198,196,207,0.3126785714285714,11,61,106,0.1289642857142857,159,160,172,0.5583571428571429
7197086542479854854,108,136,182,0.5125595238095239,44,59,76,0.3289583333333333,179,193,216,0.1584821428571428
7195607365813636357,196,200,216,0.66275,35,49,74,0.1128928571428571,105,129,168,0.2243571428571428
7193751547749223685,191,201,218,0.6364285714285715,43,63,110,0.2067261904761904,124,139,167,0.1568452380952381
7192254185969044742,87,125,191,0.4431071428571428,30,42,68,0.0536071428571428,108,151,220,0.5032857142857143
7191515883330669830,119,147,182,0.3430654761904761,57,91,132,0.247172619047619,188,200,220,0.4097619047619047
7189927984172666118,99,105,147,0.0295238095238095,15,37,82,0.1718452380952381,135,166,223,0.7986309523809524
7185200340310969605,233,213,218,0.4820535714285714,58,29,50,0.1607142857142857,162,129,168,0.3572321428571428
7184831364422814981,122,135,162,0.371547619047619,23,18,27,0.2911309523809524,197,206,221,0.3373214285714285
7184457014217657606,157,180,192,0.6421875,76,76,84,0.0294642857142857,195,209,213,0.3283482142857143
7174022295978003717,52,94,139,0.2969642857142857,117,142,169,0.3339880952380952,188,191,194,0.369047619047619
7161523791154236677,102,106,125,0.2475,21,22,34,0.5446875,196,211,232,0.2078125
7130169267454070021,44,113,169,0.3596785714285714,75,83,71,0.3521071428571428,168,173,180,0.2882142857142857
7125392158063955205,106,143,202,0.2626339285714286,115,123,76,0.4556696428571428,210,210,208,0.2816964285714285
7113472331917298949,76,87,56,0.3110267857142857,173,181,188,0.2703571428571428,127,118,111,0.4186160714285714
7078216427131473157,40,29,41,0.0723214285714285,194,194,202,0.5065625,21,91,137,0.4211160714285714
7070486062182731013,39,48,91,0.3079761904761904,190,203,217,0.3382142857142857,63,105,160,0.3538095238095238
7050156581652106502,91,102,115,0.4416071428571428,30,33,39,0.1107142857142857,201,204,209,0.4476785714285714
6927547229486058757,148,154,185,0.3731122448979592,34,29,46,0.2456377551020408,217,217,227,0.38125
6913929490305420545,194,195,209,0.7695918367346939,88,85,97,0.0748469387755102,139,140,155,0.1555612244897959
6896455617523813633,152,160,182,0.4670714285714286,89,103,134,0.2686785714285714,194,200,223,0.26425
6894530886105042178,92,102,134,0.3842857142857143,173,181,200,0.5549553571428572,218,51,67,0.0607589285714285
6886076315288554754,34,40,60,0.0980357142857142,185,190,205,0.2651785714285714,58,97,154,0.6367857142857143
6885984385670122753,141,144,161,0.467780612244898,46,71,107,0.3630612244897959,214,219,229,0.1691581632653061
6885735124013550850,37,59,90,0.2342410714285714,162,175,192,0.3986160714285714,86,119,162,0.3671428571428571
6880792115329142018,229,226,228,0.6641071428571429,14,13,14,0.0455357142857142,178,162,168,0.2903571428571428
6880117942432959746,174,183,197,0.63125,15,73,147,0.2056785714285714,52,117,182,0.1630714285714285
6875699019520298242,112,131,176,0.2988520408163265,205,207,226,0.4269897959183673,26,75,132,0.2741581632653061
6875610422578351362,185,196,207,0.2083928571428571,59,79,70,0.6087202380952381,122,140,153,0.1828869047619047
6860766213992090886,37,124,160,0.3294940476190476,130,167,217,0.2975,99,109,98,0.3730059523809523
6834420537545084166,155,136,118,0.52275,63,59,60,0.1894642857142857,188,190,197,0.2877857142857143
6825975879940820230,169,190,219,0.3161160714285714,49,58,52,0.2895089285714285,109,141,188,0.394375
6750983141873224966,67,87,126,0.2667142857142857,130,140,170,0.3531071428571428,183,180,200,0.3801785714285714
6739804771013774597,209,209,221,0.2696428571428571,138,145,175,0.4961309523809524,71,94,139,0.2342261904761904
7606360801234013462,33,37,55,0.2054464285714285,105,140,193,0.6586607142857143,180,202,229,0.1358928571428571
7603412461068291350,108,117,127,0.3719196428571428,60,68,77,0.3048214285714286,170,178,184,0.3232589285714285
7602968538319539478,210,203,225,0.467,52,44,51,0.0901785714285714,127,131,169,0.4428214285714286
7594911702613773590,174,178,186,0.5152857142857142,78,101,138,0.3811428571428571,34,38,44,0.1035714285714285
7593727684606168342,168,169,170,0.8609375,65,56,55,0.1233482142857142,249,249,248,0.0157142857142857
7593661214027156758,0,0,0,0.6695833333333333,114,148,197,0.3061309523809524,47,47,64,0.0242857142857142
7593403675297467651,186,205,222,0.48,60,62,73,0.2435119047619047,157,170,184,0.2764880952380952
7592281951206133014,153,184,212,0.1579017857142857,27,55,85,0.4635714285714286,70,106,152,0.3785267857142857
7592263862284586263,51,60,71,0.4041428571428571,188,192,193,0.2128928571428571,117,140,163,0.3829642857142857
7590184087122660630,170,143,132,0.1029910714285714,12,10,12,0.7109375,89,68,63,0.1860714285714285
7587134900852100374,15,12,16,0.6463775510204082,201,208,211,0.1825255102040816,111,101,106,0.1710969387755102
7587070120556580118,93,84,96,0.3549642857142857,10,7,12,0.5485714285714286,160,151,167,0.0964642857142857
7584105481719844118,166,171,198,0.6832738095238096,232,226,222,0.1957738095238095,36,37,59,0.1209523809523809
7583420207629225238,103,100,132,0.5505952380952381,34,27,41,0.1624404761904762,188,134,118,0.2869642857142857
7581507576219618582,74,90,115,0.5851339285714285,137,150,167,0.2290625,209,217,222,0.1858035714285714
7580065942730738966,193,201,210,0.2679910714285714,112,136,162,0.3208482142857143,39,71,109,0.4111607142857142
7579287270092459286,177,209,222,0.0721428571428571,45,43,44,0.2054464285714285,134,126,121,0.7224107142857142
7577374333048196374,63,110,174,0.7109821428571429,110,170,234,0.2635416666666667,30,50,84,0.0254761904761904
7577096797580053782,49,51,66,0.2145535714285714,177,201,232,0.3187946428571429,141,162,193,0.4666517857142857
7577088828171734294,178,201,229,0.5577380952380953,46,53,63,0.1949404761904762,132,149,175,0.2473214285714285
7575170897451945238,172,189,212,0.6204910714285714,122,134,154,0.1829464285714285,33,40,54,0.1965625
7575105754374458646,94,116,134,0.3573511904761904,19,36,57,0.3610416666666666,176,192,203,0.2816071428571428
7574759080368114966,190,202,216,0.3103273809523809,116,124,148,0.554702380952381,46,51,57,0.1349702380952381
7572605667299708182,135,143,162,0.2458928571428571,67,67,78,0.3335714285714286,188,206,231,0.4205357142857143
7571893908754451734,198,206,208,0.4194897959183673,105,28,28,0.2297959183673469,129,150,152,0.3507142857142857
7571134268403895574,23,20,23,0.2680357142857142,94,101,120,0.3591071428571428,197,196,202,0.3728571428571428
7566941841996647702,19,13,15,0.514375,185,170,167,0.200625,128,62,61,0.285
7566313596351778070,42,87,136,0.3939285714285714,31,32,41,0.1710119047619047,185,194,202,0.4350595238095238
7565953021411216662,54,53,59,0.4302232142857143,198,214,227,0.4101785714285714,125,131,139,0.1595982142857142
7564069366606679318,185,191,198,0.4190178571428571,106,107,112,0.2345982142857142,206,213,221,0.3463839285714286
7494193739187916054,59,51,48,0.2205952380952381,219,221,220,0.5361309523809524,167,159,150,0.2432738095238095
7493955664008498454,34,33,41,0.0835714285714285,187,203,221,0.6904285714285714,102,105,114,0.226
7493248933460741378,123,97,98,0.1585119047619047,196,201,211,0.6663392857142857,46,139,190,0.1751488095238095
7485818484723567894,32,33,48,0.2532142857142857,198,209,223,0.5768571428571428,130,121,145,0.1699285714285714
7484305196332436758,211,203,195,0.2957738095238095,117,122,152,0.4567857142857143,52,62,90,0.2474404761904761
7483220883759303959,193,203,217,0.6129642857142857,48,31,39,0.1450714285714285,119,130,152,0.2419642857142857
7482898265906646294,66,68,91,0.3942857142857143,4,3,8,0.4475,139,134,144,0.1582142857142857
7480938335133863190,173,187,206,0.5869642857142857,159,173,192,0.4021428571428571,82,90,101,0.0108928571428571
7480244111207976214,114,122,155,0.4574404761904762,62,71,99,0.2498809523809523,199,199,207,0.2926785714285714
7476157177149803798,184,191,195,0.475625,51,49,62,0.2775892857142857,133,138,144,0.2467857142857142
7463500754318347542,212,213,216,0.6422619047619048,42,41,41,0.2144047619047619,151,132,112,0.1433333333333333
7459503727737687318,202,213,225,0.2816517857142857,37,78,131,0.4375892857142857,101,140,188,0.2807589285714286
7458336545490193686,174,197,224,0.6113520408163265,46,53,66,0.1984948979591836,121,132,152,0.1901530612244898
7451599218545970454,206,207,206,0.1803928571428571,49,52,59,0.1983928571428571,118,123,127,0.6212142857142857
7429021024517229857,43,37,59,0.4495357142857142,178,170,180,0.1987857142857143,111,95,121,0.3516785714285714
7421927684965502240,42,41,43,0.3555952380952381,200,202,206,0.3651785714285714,130,121,116,0.2792261904761904
7421838132624002336,51,55,63,0.1685267857142857,192,207,227,0.6879464285714286,107,112,123,0.1435267857142857
7418230327207939360,109,118,132,0.1967857142857142,39,46,62,0.2953928571428571,180,175,177,0.5078214285714285
7348413567797841185,127,153,184,0.3247619047619047,23,71,126,0.3935119047619048,206,220,236,0.2817261904761904
7345515480288922912,48,34,35,0.4507857142857143,202,218,241,0.4264642857142857,151,121,119,0.12275
7345144791094660384,162,191,223,0.3689285714285714,18,80,153,0.2792857142857143,95,134,191,0.3517857142857143
7342536344561896737,51,36,51,0.3921428571428571,105,119,152,0.2843303571428571,211,219,229,0.3235267857142857
7340684346040290593,165,175,196,0.4605357142857142,27,27,49,0.3389285714285714,116,119,137,0.2005357142857143
7338070752501026081,110,83,95,0.179047619047619,199,209,222,0.604077380952381,24,20,28,0.216875
7329560864518901024,215,221,227,0.5055714285714286,40,62,82,0.2447142857142857,103,126,143,0.2497142857142857
7327333280297127201,55,74,111,0.450297619047619,184,196,210,0.3938690476190476,103,128,164,0.1558333333333333
7324741085438397729,209,214,215,0.3747321428571428,68,81,100,0.2507738095238095,147,154,163,0.3744940476190476
7319902152686718241,210,218,229,0.5406428571428571,91,123,167,0.1726071428571428,34,63,104,0.28675
7312851563037330721,50,86,136,0.3421428571428571,32,35,46,0.1974107142857142,210,217,226,0.4604464285714286
7302473271067397409,61,60,55,0.2435267857142857,207,195,182,0.3310267857142857,169,137,109,0.4254464285714285
7301350531325365537,160,155,157,0.1890357142857142,218,217,215,0.7279642857142857,58,50,50,0.083
7298393830204640545,138,163,182,0.1860714285714285,31,36,46,0.1664285714285714,178,211,235,0.6475
7296889866002910497,73,68,67,0.2941666666666667,221,221,220,0.4095833333333333,130,124,124,0.29625
7296154996683410720,95,95,134,0.3893112244897959,205,191,216,0.311734693877551,31,22,29,0.2989540816326531
7294659855434911008,117,115,120,0.6280357142857143,24,22,25,0.0659523809523809,158,153,151,0.3060119047619047
7294284376454532384,169,184,197,0.4062946428571428,2,3,5,0.2740625,58,119,159,0.3196428571428571
7293541624359996704,157,162,172,0.2654464285714286,75,73,80,0.2495535714285714,210,220,233,0.485
7293173989143366945,62,52,47,0.1905952380952381,134,130,138,0.5407738095238095,201,210,208,0.2686309523809523
7291678102948810016,187,193,200,0.608125,29,26,29,0.1203125,65,90,119,0.2715625
7290947930108857633,193,205,216,0.1604761904761904,77,95,123,0.3916071428571429,140,156,178,0.4479166666666667
7287983702959869217,27,85,155,0.5896428571428571,198,213,230,0.1922619047619047,113,150,197,0.2180952380952381
7286863155026808096,114,140,172,0.236547619047619,216,223,228,0.5496130952380952,40,71,111,0.2138392857142857
7278768931857354016,148,169,191,0.2138571428571428,23,92,141,0.4557857142857143,218,219,227,0.3303571428571428
7264884699636469025,182,200,224,0.4842857142857142,48,93,153,0.3236011904761904,102,139,188,0.1921130952380952
7262465807949647136,50,58,56,0.2586309523809524,98,142,207,0.3766666666666666,193,200,159,0.3647023809523809
7239729661788359962,207,211,215,0.2785714285714286,71,76,75,0.4259642857142857,155,158,165,0.2954642857142857
7228976565445512475,83,118,170,0.3160267857142857,71,50,63,0.2591517857142857,183,188,202,0.4248214285714285
7221177538855423258,37,61,102,0.3216071428571428,116,138,175,0.3389285714285714,177,189,208,0.3394642857142857
7216365794093976838,43,34,51,0.3700892857142857,189,199,229,0.4465178571428571,118,113,137,0.1833928571428571
7215252214514715909,161,161,166,0.4436160714285714,18,18,21,0.2621428571428571,20,61,117,0.2942410714285714
7210817231368785158,181,178,179,0.6887142857142857,76,73,69,0.1194642857142857,133,130,132,0.1918214285714285
7210074063765638406,201,209,221,0.3146875,55,38,37,0.3685714285714285,142,144,151,0.3167410714285714
7208952610336820485,66,64,74,0.3521428571428571,195,199,215,0.4361904761904762,117,118,128,0.2116666666666666
7207842110316268805,107,105,105,0.6080357142857142,68,72,80,0.1910119047619047,197,178,148,0.2009523809523809
7204874673367125254,130,124,116,0.1577551020408163,170,167,167,0.5763775510204082,44,52,67,0.2658673469387755
7204395621468392709,69,55,58,0.3557440476190476,162,184,213,0.3120535714285714,110,119,140,0.3322023809523809
7203763760538897669,187,176,172,0.4348511904761905,60,65,88,0.3256845238095238,116,124,149,0.2394642857142857
7203019203857665286,176,196,229,0.3473809523809524,28,36,77,0.3032142857142857,81,113,180,0.3494047619047619
7202277032938540294,110,146,194,0.4326785714285714,30,65,114,0.2213392857142857,191,199,218,0.3459821428571428
7199677935949778181,171,177,187,0.4151785714285714,105,120,143,0.3691071428571428,40,46,55,0.2157142857142857
7198558888940113158,96,142,158,0.32625,202,202,205,0.374,41,76,92,0.29975
7198194674354457861,44,135,165,0.4415714285714285,106,48,62,0.3683214285714286,205,202,203,0.1901071428571428
7197080264625966341,120,138,155,0.4480357142857142,45,75,90,0.2255357142857142,178,193,208,0.3264285714285714
7194859372227480838,164,134,113,0.3848214285714286,104,43,42,0.5155357142857143,218,201,192,0.0996428571428571
7192617192850984198,61,55,51,0.5879761904761904,195,197,182,0.1266666666666666,119,123,115,0.2853571428571428
7190456972418862342,173,183,203,0.6242410714285714,35,57,96,0.1545089285714285,123,133,155,0.22125
7188189006851575046,101,116,158,0.3989285714285714,197,198,203,0.2488095238095238,27,57,99,0.3522619047619048
7187436390131453190,117,119,128,0.4772916666666666,186,187,192,0.2503273809523809,31,36,49,0.2723809523809524
7184459390143974662,133,123,116,0.4250714285714285,182,167,155,0.2851071428571428,56,53,50,0.2898214285714285
7183477138249485594,63,42,46,0.2248571428571428,8,4,6,0.6404642857142857,151,103,107,0.1346785714285714
7182978974253944069,43,49,62,0.2342857142857143,197,217,237,0.4703928571428571,117,123,140,0.2953214285714285
7177417414542429445,188,197,206,0.3273214285714286,45,74,114,0.3598809523809523,113,135,161,0.312797619047619
7173695147639655686,75,125,185,0.4625,183,206,225,0.2092857142857143,28,28,45,0.3282142857142857
7172507378498260229,183,206,217,0.3401071428571428,17,61,123,0.3229642857142857,102,130,150,0.3369285714285714
7170730138965970181,93,122,171,0.5011479591836735,32,42,61,0.0905612244897959,152,176,220,0.4082908163265306
7168935772777614597,75,82,88,0.1945535714285714,180,205,230,0.4916517857142857,130,139,144,0.3137946428571428
7165165100075093253,43,35,46,0.1881071428571428,159,91,91,0.3762142857142857,141,129,156,0.4356785714285714
7162123924233358598,195,201,211,0.2989732142857143,121,131,150,0.5644196428571429,56,56,65,0.1366071428571428
7150676745937587462,116,122,144,0.2286309523809523,196,196,209,0.4438988095238095,31,49,86,0.3274702380952381
7145110811000835333,130,135,155,0.5423809523809524,57,69,102,0.2103571428571428,196,197,201,0.2472619047619047
7142874586755976454,28,48,81,0.297,186,182,185,0.3623928571428571,61,101,158,0.3406071428571428
7141029212244233478,30,35,36,0.2751428571428571,113,112,90,0.3965714285714286,153,173,190,0.3282857142857143
7125076892729756933,85,90,76,0.4051785714285714,145,148,149,0.3712755102040816,210,213,212,0.2235459183673469
7122480993948159238,152,177,207,0.3111607142857143,103,121,147,0.5061607142857143,41,47,53,0.1826785714285714
7095777172513721605,135,149,169,0.4778571428571428,33,29,31,0.1251785714285714,179,193,209,0.3969642857142857
7094187420819803398,130,147,172,0.2955357142857143,54,61,81,0.2351428571428571,177,197,223,0.4693214285714285
7093581650163944709,79,113,162,0.1770982142857143,192,200,215,0.5442857142857143,37,70,119,0.2786160714285714
7090931568486763781,152,162,179,0.4899107142857143,182,193,210,0.3916666666666666,48,46,61,0.118422619047619
7083155569812589829,180,193,215,0.3901428571428571,36,67,113,0.3367142857142857,143,158,184,0.2731428571428571
7082286078417259782,95,113,147,0.354047619047619,39,33,43,0.2919047619047619,156,172,199,0.354047619047619
7078325137698770181,35,25,35,0.5033571428571428,172,202,223,0.2025714285714285,110,103,117,0.2940714285714286
7076526059344104709,103,114,134,0.68625,32,42,60,0.135,181,178,179,0.17875
7075734573933530373,41,47,65,0.3607142857142857,191,196,204,0.4510969387755102,89,105,133,0.188188775510204
7073511726888635653,194,193,198,0.355280612244898,24,39,72,0.3818877551020408,70,89,127,0.2628316326530612
7073146702995279110,99,118,149,0.3277597402597402,40,52,74,0.2723051948051948,179,187,196,0.3999350649350649
7069799098576112901,220,228,243,0.237797619047619,77,128,163,0.2511111111111111,139,180,216,0.5110912698412698
7068682786437139718,120,125,131,0.4564285714285714,182,183,182,0.4170357142857143,49,40,22,0.1265357142857142
7068298283386506502,63,117,179,0.1598214285714285,196,200,210,0.4516666666666666,19,56,112,0.3885119047619048
7065713702833638662,116,110,114,0.3062797619047619,56,49,55,0.2770833333333333,183,190,204,0.4166369047619047
7063127157068844294,119,119,128,0.2356593406593406,35,49,77,0.401565934065934,187,185,186,0.3627747252747252
7062740749992971526,91,93,106,0.3718035714285714,171,167,168,0.3923214285714286,44,29,29,0.235875
7061974363939261701,139,138,144,0.4463010204081633,216,214,214,0.3867602040816326,58,53,56,0.166938775510204
7059302103713402117,27,73,141,0.272797619047619,183,185,196,0.4177678571428571,100,134,178,0.3094345238095238
7058313871718714629,32,49,83,0.3738571428571428,172,179,194,0.3507142857142857,56,100,161,0.2754285714285714
7057548200625917190,52,68,95,0.2919642857142857,160,158,163,0.5017045454545455,16,14,18,0.2063311688311688
7057200753470950661,81,97,124,0.4874107142857143,173,185,199,0.4148214285714285,40,39,45,0.0977678571428571
7055610539749199109,181,187,196,0.319375,95,124,162,0.3423883928571428,37,63,103,0.3382366071428571
7054582233989958917,199,202,208,0.3493928571428571,99,146,200,0.2599642857142857,54,92,139,0.3906428571428571
7054222416247000325,185,193,204,0.1891581632653061,31,29,38,0.3042857142857142,86,117,164,0.5065561224489796
7051571825989422342,209,209,225,0.3809821428571429,19,81,147,0.3972321428571428,103,142,193,0.2217857142857142
7046370407758286085,75,81,92,0.4947023809523809,36,43,58,0.3344642857142857,133,137,138,0.1708333333333333
7043834307458141446,75,74,80,0.4332142857142857,215,201,177,0.2380059523809523,138,130,128,0.3287797619047619
7043009038623329541,152,177,211,0.3164732142857143,72,61,67,0.1997767857142857,189,206,230,0.48375
7042347189179403525,187,192,205,0.2464285714285714,66,87,120,0.3481071428571428,108,142,182,0.4054642857142857
7041969079246245126,193,203,219,0.6654910714285714,40,30,42,0.1096875,62,98,145,0.2248214285714285
7041603482742230278,206,214,216,0.3520357142857143,95,126,152,0.5733928571428571,29,31,43,0.0745714285714285
7040105390410960133,134,153,177,0.7369642857142857,52,59,76,0.1450892857142857,90,99,117,0.1179464285714285
7039780337739730181,142,154,174,0.9394196428571427,64,60,64,0.0529464285714285,243,245,237,0.0076339285714285
7038638363686997254,105,132,165,0.3975892857142857,181,194,207,0.2779464285714286,48,64,89,0.3244642857142857
7037974894553894150,180,183,204,0.42375,93,87,91,0.4466071428571428,166,149,139,0.1296428571428571
7037757089799818502,76,73,73,0.4063798701298701,245,244,246,0.1743344155844156,131,133,141,0.4192857142857142
7037532518978964741,57,62,80,0.3138988095238095,166,186,213,0.4160714285714286,98,104,121,0.2700297619047619
7036807584111709445,88,104,129,0.4439642857142857,39,49,70,0.2333928571428571,170,173,180,0.3226428571428571
7028978217117682949,58,57,59,0.2035119047619047,199,210,216,0.1725,121,133,150,0.6239880952380953
7026756047805205766,221,227,228,0.6055803571428572,34,36,38,0.2928571428571428,129,140,129,0.1015625
7025927416061250821,177,186,201,0.3598214285714285,38,39,47,0.2585969387755102,111,121,141,0.3815816326530612
7020800251950927109,76,99,135,0.3967857142857143,180,181,185,0.1953571428571428,115,132,163,0.4078571428571428
7018826174767942918,116,122,130,0.3317063492063492,64,67,73,0.492579365079365,192,192,194,0.1757142857142857
7018383080205356293,173,207,228,0.823125,68,45,69,0.0827232142857142,116,131,153,0.0941517857142857
7001054542804667653,185,185,191,0.4557589285714286,60,66,81,0.1633928571428571,117,129,153,0.3808482142857143
6943540424141491461,64,69,88,0.1998928571428571,181,169,158,0.3271428571428571,133,115,116,0.4729642857142857
6935817751898426629,109,137,179,0.3757142857142857,31,62,113,0.4062142857142857,207,211,222,0.2180714285714285
6927665892457237765,124,129,158,0.3416666666666667,182,174,182,0.3212202380952381,80,82,112,0.3371130952380952
6796364077095472389,171,171,176,0.4382142857142857,21,40,74,0.4911071428571428,170,36,26,0.0706785714285714
6796363351816555782,21,38,75,0.5089285714285714,192,192,193,0.2496785714285714,98,112,135,0.2413928571428571
6795606002222796037,237,165,108,0.5208928571428572,35,48,70,0.33,79,94,119,0.1491071428571428
6794470373212589317,157,134,106,0.1324107142857143,203,209,210,0.7854017857142858,84,76,64,0.0821875
6793765694619143430,111,126,147,0.4120833333333333,57,43,38,0.4142261904761904,201,196,184,0.1736904761904762
6793347939294072069,6,112,177,0.4257857142857142,228,234,239,0.4648214285714285,165,145,157,0.1093928571428571
6792133610360065285,198,194,194,0.4147321428571429,65,70,84,0.1341369047619047,128,131,141,0.4511309523809523
6792131260543225094,54,106,167,0.2244047619047619,178,189,200,0.456875,13,51,100,0.3187202380952381
7597437745258073400,168,189,214,0.5555631868131868,49,58,68,0.2072115384615384,126,143,164,0.2372252747252747
7595900789546044684,29,58,93,0.2518622448979591,102,130,160,0.4678571428571428,187,200,209,0.280280612244898
7593820955810598156,138,161,162,0.7183928571428572,14,24,26,0.1659285714285714,72,94,96,0.1156785714285714
7593673061476420920,174,199,222,0.4694047619047619,50,56,66,0.2169642857142857,128,141,156,0.3136309523809524
7586689516153343288,36,42,48,0.3763988095238095,180,195,211,0.2130654761904762,107,117,128,0.4105357142857143
7584927758497697035,125,164,172,0.3459285714285714,36,48,48,0.22725,190,207,206,0.4268214285714286
7580037763580415244,202,208,225,0.3884523809523809,22,29,52,0.4051190476190476,99,102,125,0.2064285714285714
7578641094464867595,34,43,48,0.094,193,215,221,0.7690357142857143,122,147,153,0.1369642857142857
7577087400501857592,186,198,207,0.6002380952380952,48,49,54,0.2058035714285714,119,126,131,0.1939583333333333
7575902535349816588,62,125,155,0.2066071428571428,216,228,223,0.6360714285714286,30,44,55,0.1573214285714285
7570044496004533516,123,128,121,0.2366517857142857,26,25,26,0.4646428571428571,195,202,200,0.2987053571428571
7569526874024512780,0,0,0,0.6778571428571428,127,123,122,0.2780952380952381,88,80,81,0.044047619047619
7565955844764863755,39,81,129,0.4542857142857143,201,210,217,0.3633630952380952,126,147,168,0.1823511904761904
7559134249731853579,129,136,163,0.5619047619047619,180,166,191,0.4068452380952381,61,66,81,0.03125
7553173878785297720,75,77,72,0.5001785714285715,214,218,224,0.3083928571428571,124,128,122,0.1914285714285714
7545528304237841720,134,130,112,0.3561904761904761,45,43,43,0.4023511904761905,162,186,212,0.2414583333333333
7537787296209259782,184,198,179,0.2219196428571428,125,139,88,0.3921428571428571,63,72,43,0.3859375
7527665793501318456,98,124,154,0.1998214285714285,32,62,105,0.3754017857142857,200,206,208,0.4247767857142857
7524995526518000901,177,174,144,0.3042142857142857,57,120,195,0.2667142857142857,86,93,68,0.4290714285714285
7520150754858896645,93,134,174,0.4716428571428571,179,196,200,0.1974285714285714,50,62,63,0.3309285714285714
7517644986310020408,118,127,88,0.2800297619047619,149,176,200,0.42375,53,63,45,0.2962202380952381
7488241037907905797,64,73,86,0.4480654761904762,123,132,138,0.3113095238095238,174,178,168,0.240625
7479794065983147269,130,139,153,0.3173660714285714,179,189,204,0.5315625,60,66,78,0.1510714285714285
7470863926922579205,185,193,204,0.4469642857142857,47,69,101,0.1866964285714285,139,149,164,0.3663392857142857
7463089844516965637,128,134,135,0.3223214285714286,31,36,41,0.1017857142857142,182,188,186,0.5758928571428571
7461940902890605829,57,112,165,0.2808928571428571,174,182,186,0.5407142857142857,45,70,99,0.1783928571428571
7426721230721453318,139,136,147,0.0385714285714285,181,180,192,0.9308928571428572,81,78,87,0.0305357142857142
7415576931577433349,95,97,109,0.3278869047619047,32,27,32,0.3645535714285714,178,178,185,0.3075595238095238
7349173304613162246,125,138,174,0.3218214285714286,195,198,219,0.2991785714285714,71,84,117,0.379
7348384350297165061,137,144,169,0.2569642857142857,25,25,34,0.3276190476190476,223,215,217,0.4154166666666666
7346623546229099781,161,168,194,0.6779166666666666,65,67,81,0.11375,130,127,148,0.2083333333333333
7345477638619778309,49,51,46,0.2262797619047619,204,207,212,0.5020535714285714,115,133,156,0.2716666666666666
7341020687345192197,118,129,170,0.3618154761904762,46,46,61,0.088422619047619,213,213,221,0.5497619047619048
7333701921573850374,27,25,60,0.4945,87,90,132,0.3744642857142857,199,199,210,0.1310357142857142
7332928025517903109,59,60,83,0.1796428571428571,215,219,239,0.7540625,119,117,142,0.0662946428571428
7329985883539541253,48,97,153,0.4653316326530612,161,180,205,0.4835969387755102,60,20,29,0.0510714285714285
7329596850804100358,143,142,153,0.1454285714285714,53,54,67,0.1686785714285714,211,212,222,0.6858928571428572
7328066217929985286,27,34,53,0.2000446428571428,209,209,209,0.2370089285714285,122,148,182,0.5629464285714286
7325861199604665606,53,54,56,0.503125,185,199,224,0.2919196428571428,103,106,114,0.2049553571428571
7323237610665544966,200,206,224,0.3920982142857143,124,136,175,0.3446428571428571,69,76,111,0.2632589285714286
7320606856995523846,176,194,214,0.5332589285714285,133,150,166,0.3306696428571428,74,86,95,0.1360714285714285
7319511492888366342,211,212,222,0.6921428571428572,51,53,66,0.1658571428571428,141,140,150,0.142
7267229404584037638,26,30,35,0.4960267857142857,169,171,173,0.2119196428571428,63,75,89,0.2920535714285714
7221953102184779013,34,54,81,0.0525595238095238,218,221,232,0.6539880952380952,175,178,187,0.2934523809523809
7217463144069844230,65,54,44,0.2754017857142857,194,191,194,0.3883928571428571,156,127,82,0.3362053571428571
7214396955810680069,198,208,218,0.3558928571428571,118,135,157,0.4674642857142857,37,44,64,0.1766428571428571
7207818125402852613,0,0,0,0.1722619047619047,32,42,48,0.6930654761904762,159,173,174,0.134672619047619
7201892299112992005,210,212,220,0.555,103,122,178,0.4188095238095238,24,24,35,0.0261904761904761
7199338065867934982,19,16,16,0.9066964285714286,229,220,213,0.0387797619047619,141,92,40,0.0545238095238095
7198947136300403974,197,199,196,0.7167261904761905,36,36,36,0.220922619047619,132,137,140,0.0623511904761904
7197470706416815365,203,206,220,0.4,60,53,62,0.2074404761904762,139,146,176,0.3925595238095238
7189955800851320070,101,119,154,0.4398214285714286,51,62,85,0.3591785714285714,182,192,214,0.201
7189175939098561798,150,152,156,0.1915,58,59,55,0.46375,220,233,242,0.34475
7187448552354794758,64,66,93,0.3768452380952381,201,176,159,0.2649702380952381,139,118,128,0.3581845238095238
7185872343988702470,164,110,99,0.2192410714285714,204,205,204,0.5054464285714285,78,35,43,0.2753125
7184475894335950085,196,200,214,0.3251190476190476,56,76,106,0.3104315476190476,141,146,162,0.3644494047619047
7182983364293430533,19,19,19,0.5135714285714286,198,198,198,0.2515178571428571,91,91,91,0.2349107142857142
7179319229924084997,149,147,154,0.4029081632653061,93,92,100,0.1970663265306122,188,185,190,0.4000255102040816
7176635190469512453,119,116,117,0.0901785714285714,197,194,196,0.7118571428571429,51,48,49,0.1979642857142857
7175864609029491974,42,45,57,0.3656845238095238,196,195,200,0.2998809523809523,121,123,134,0.3344345238095238
7174823379453644037,160,160,160,0.4269047619047619,100,100,101,0.3342559523809524,28,28,28,0.2388392857142857
7087984641864502534,197,200,214,0.2547857142857143,94,132,176,0.4382142857142857,50,54,78,0.307
7087653844863208709,105,85,87,0.3727678571428571,42,22,36,0.5005357142857143,191,174,159,0.1266964285714285
7087592356664315141,47,49,50,0.1771565934065934,210,212,216,0.4378434065934066,92,121,148,0.385
7086527236471311622,191,195,203,0.3487142857142857,75,122,159,0.5177142857142857,33,43,57,0.1335714285714285
7086144769222511877,154,165,186,0.6751190476190476,100,113,126,0.19625,41,42,51,0.1286309523809523
7086111451965869317,31,34,46,0.3464285714285714,125,140,162,0.3854285714285714,195,199,204,0.2681428571428571
7085748815449312517,15,16,28,0.3577142857142857,134,141,154,0.3394285714285714,58,68,102,0.3028571428571429
7085404371671846150,192,210,218,0.6919642857142857,37,43,47,0.1496875,165,181,189,0.1583482142857142
7085367737178000646,181,184,198,0.2999702380952381,93,119,169,0.4087202380952381,57,57,85,0.2913095238095238
7084552539126926597,106,94,108,0.373125,46,31,37,0.4997321428571428,206,197,194,0.1271428571428571
7083526112558517510,171,179,199,0.5996785714285714,116,134,158,0.2776785714285714,39,52,70,0.1226428571428571
7083159832185933061,185,201,218,0.2107142857142857,52,78,124,0.4004017857142857,117,141,188,0.3888839285714285
7082386924677205253,45,53,70,0.2866071428571428,200,197,201,0.3952380952380952,84,118,158,0.3181547619047619
7082037036730813701,170,181,200,0.7304166666666667,54,39,51,0.1320238095238095,109,111,125,0.1375595238095238
7081701013891157253,35,38,49,0.1551339285714285,147,152,163,0.7433928571428572,91,97,105,0.1014732142857142
7081323710442917125,103,133,153,0.2000595238095238,170,180,198,0.616875,48,55,66,0.1830654761904762
7081276473687985413,157,160,169,0.7764880952380953,67,79,96,0.182797619047619,65,153,233,0.0407142857142857
7080583186522098949,151,155,167,0.5342261904761905,34,36,44,0.3336904761904762,75,84,102,0.1320833333333333
7080535307816291589,155,166,183,0.5404464285714285,30,33,67,0.1654017857142857,89,113,154,0.2941517857142857
7079836018203020549,5,11,9,0.8184077380952381,214,199,172,0.0407440476190476,67,62,53,0.1408482142857142
7079418950315969798,55,58,69,0.3102232142857143,93,128,159,0.52125,205,214,225,0.1685267857142857
7079071645771500806,173,189,206,0.5694047619047619,32,76,123,0.2494047619047619,71,127,181,0.1811904761904761
7078352231413697797,169,187,205,0.7301785714285715,33,42,52,0.2029166666666666,105,120,132,0.0669047619047619
7077597321667546373,125,137,154,0.3863690476190476,39,56,95,0.2267857142857142,183,189,203,0.3868452380952381
7076502785742720261,173,189,203,0.3941369047619047,132,124,119,0.3158035714285714,68,56,56,0.2900595238095238
7076131060420988165,43,43,57,0.2521428571428571,72,125,157,0.2532142857142857,159,170,186,0.4946428571428571
7074644027190103302,63,78,98,0.2393303571428571,193,205,240,0.3684821428571428,152,168,197,0.3921875
7073906588079246598,71,105,134,0.2355612244897959,178,183,202,0.5640816326530612,37,47,41,0.2003571428571428
7073547434244328709,18,20,30,0.0645982142857142,194,195,205,0.6128571428571429,43,67,129,0.3225446428571428
7073513732395044102,56,104,166,0.2839285714285714,188,200,215,0.5232589285714285,42,38,56,0.1928125
7072780188018380038,51,41,50,0.4199837662337662,172,170,175,0.2189285714285714,123,92,89,0.3610876623376623
7072060893818899717,181,193,214,0.2794642857142857,53,55,63,0.1899285714285714,145,154,174,0.5306071428571428
7071272326746230021,16,17,19,0.40725,174,169,164,0.2996428571428571,87,88,86,0.2931071428571428
7070907935722917126,189,193,206,0.40775,31,58,94,0.348,83,112,162,0.24425
7070569241413422342,35,45,52,0.2011309523809523,140,149,165,0.71625,86,95,105,0.0826190476190476
7070218376328563973,161,138,197,0.3427380952380952,24,23,37,0.1097023809523809,95,96,156,0.5475595238095238
7069844079122599173,98,111,123,0.1852380952380952,153,164,185,0.6935119047619047,40,42,50,0.12125
7068731699701484806,121,114,104,0.2845535714285714,36,31,29,0.5975446428571428,198,202,203,0.1179017857142857
7067985901011373317,20,59,101,0.1811160714285714,67,122,187,0.4823660714285714,133,173,219,0.3365178571428571
7067623396279930117,6,41,67,0.365952380952381,194,202,209,0.6005952380952381,84,105,122,0.0334523809523809
7066474035613388037,151,162,182,0.2313988095238095,188,203,225,0.5535714285714286,58,59,73,0.2150297619047619
7065769954695564550,118,106,142,0.4848214285714285,29,18,36,0.165625,167,115,131,0.3495535714285714
7064650116321250566,109,138,213,0.3389732142857143,57,71,140,0.0219642857142857,81,113,197,0.6390625
7064585014561754373,56,55,66,0.2211607142857143,234,239,247,0.2538392857142857,149,160,182,0.525
7064244808700726533,178,185,215,0.9233035714285714,45,34,66,0.0571875,113,122,149,0.0195089285714285
7063505399307144454,224,230,237,0.3979166666666666,31,66,94,0.4192261904761905,115,154,187,0.1828571428571428
7062046390570061061,204,219,229,0.5993154761904762,39,55,70,0.1854761904761905,123,141,154,0.2152083333333333
7061663961090936070,165,169,190,0.6947857142857143,31,32,42,0.0597142857142857,71,95,139,0.2455
7061273234259610885,116,158,196,0.4397023809523809,167,194,218,0.4745238095238095,42,65,93,0.0857738095238095
7060513660975844614,57,104,126,0.3042261904761905,223,222,224,0.4332142857142857,127,178,198,0.2625595238095238
7060191695681375493,42,48,62,0.2930654761904762,207,212,219,0.2290178571428571,80,121,160,0.4779166666666666
7059832468412583173,172,181,197,0.4805714285714286,54,119,164,0.3792142857142857,52,34,55,0.1402142857142857
7059747853035441414,40,44,45,0.2003214285714285,78,123,149,0.4801428571428571,182,185,188,0.3195357142857143
7059442492080491781,45,45,58,0.2887202380952381,82,122,172,0.4869047619047619,165,179,204,0.224375
7059081815985818886,87,51,32,0.4010714285714286,202,123,67,0.2994642857142857,140,138,136,0.2994642857142857
7058348964306783493,66,101,139,0.2841741071428571,105,147,220,0.5199330357142857,14,51,92,0.1958928571428571
7057221943623306501,61,122,177,0.4528571428571428,23,42,72,0.1725,176,184,205,0.3746428571428571
7056858947935915270,203,171,196,0.36375,137,141,183,0.6119196428571428,80,73,95,0.0243303571428571
7056423267564899590,206,198,196,0.3295535714285714,63,115,168,0.394375,58,45,33,0.2760714285714286
7054964457310539013,34,57,95,0.3874642857142857,132,180,228,0.2735,89,131,187,0.3390357142857143
7054255399968476422,121,110,145,0.4671428571428571,47,37,59,0.234375,181,161,164,0.2984821428571428
7053886455805955333,159,171,187,0.3909285714285714,45,42,54,0.2772142857142857,107,117,132,0.3318571428571428
7053136217717607686,87,130,175,0.4050357142857143,184,191,206,0.4099285714285714,42,63,94,0.1850357142857142
7041160388334980357,228,233,239,0.6392091836734693,48,52,51,0.1830102040816326,117,135,153,0.1777806122448979
7038692809985051909,61,58,60,0.2669897959183673,204,201,205,0.6091836734693877,124,124,125,0.1238265306122449
6980696986135710981,106,127,100,0.3532589285714286,137,175,219,0.4262053571428571,51,65,51,0.2205357142857142
6946128715000663301,169,165,164,0.1267091836734694,244,243,244,0.8162882653061224,80,73,70,0.0570025510204081
6945377653587266822,204,214,222,0.7225892857142857,86,106,111,0.0767857142857142,151,184,196,0.200625
6934012329067597061,26,45,62,0.3064732142857143,106,118,157,0.4283482142857143,206,155,194,0.2651785714285714
6926459852134845701,39,42,49,0.2729166666666666,190,195,208,0.4388690476190476,85,109,150,0.2882142857142857
6921676134212029701,190,194,209,0.7012857142857143,135,136,141,0.1983214285714285,76,77,80,0.1003928571428571
6918691694791691525,173,174,161,0.3910714285714285,83,122,123,0.4178571428571428,20,23,24,0.1910714285714285
6897900291631402242,107,117,136,0.1985119047619047,188,197,212,0.5186309523809524,41,47,53,0.2828571428571428
6895288761354112258,63,78,100,0.3041964285714286,204,198,196,0.3766666666666666,129,139,155,0.3191369047619047
6876847536938749185,46,51,58,0.2398928571428571,193,205,224,0.4389642857142857,133,142,157,0.3211428571428571
7598953535165959426,138,155,170,0.1196428571428571,167,190,206,0.8316517857142857,26,26,36,0.0487053571428571
7598574537407548694,181,191,197,0.3146130952380952,64,78,99,0.3281845238095238,139,150,160,0.3572023809523809
7597422827196763414,147,159,170,0.5857142857142857,199,216,232,0.2895089285714285,41,43,46,0.1247767857142857
7596412614402460950,121,134,152,0.1589285714285714,159,178,204,0.6879910714285714,66,74,84,0.1530803571428571
7594160012247797014,101,117,147,0.6212202380952381,179,182,192,0.2397916666666666,43,51,65,0.1389880952380952
7593664206210157827,121,127,133,0.1419642857142857,158,169,185,0.7591666666666667,109,103,48,0.0988690476190476
7591891163175554326,144,150,159,0.4075446428571428,192,194,197,0.1522321428571428,72,106,153,0.4402232142857142
7587478416618736918,116,130,145,0.2076071428571428,58,31,39,0.1191428571428571,166,180,193,0.67325
7586630099286510870,146,162,180,0.6716964285714285,63,73,79,0.1334821428571428,187,204,221,0.1948214285714285
7580000663845850390,103,132,162,0.467202380952381,189,208,224,0.4555952380952381,22,31,43,0.0772023809523809
7578151818585328918,180,190,200,0.3314583333333333,31,35,43,0.118422619047619,118,131,148,0.5501190476190476
7576319921030827286,154,156,158,0.2195089285714285,48,72,105,0.4202678571428571,198,198,195,0.3602232142857143
7575110522522144022,134,147,158,0.5124107142857143,45,51,58,0.2399553571428571,188,198,211,0.2476339285714285
7570012092829748502,77,103,135,0.5520357142857143,206,204,197,0.0774642857142857,96,145,194,0.3705
7566632651352853782,26,23,41,0.2284642857142857,174,189,205,0.5523928571428571,128,140,161,0.2191428571428571
7553223847730777346,193,200,203,0.5642857142857143,77,78,77,0.1619047619047619,136,136,135,0.2738095238095238
7523154104273915158,50,52,52,0.2958418367346939,169,178,163,0.3846173469387755,114,117,104,0.3195408163265306
7520582757412556054,47,55,70,0.1416071428571428,214,213,211,0.2029910714285714,99,112,135,0.6554017857142858
7495368561821535510,137,149,166,0.3006071428571428,55,76,104,0.304,197,207,218,0.3953928571428571
7493891893026180374,144,156,169,0.5829336734693877,55,65,73,0.1549234693877551,187,206,225,0.2621428571428571
7491632736105450774,131,139,157,0.2465773809523809,186,190,200,0.6749404761904761,56,63,85,0.0784821428571428
7486822725684792599,152,160,168,0.6103571428571428,205,218,227,0.2256428571428571,72,77,82,0.164
7483098002547100950,173,175,176,0.4223214285714285,50,39,44,0.2686904761904762,105,108,114,0.3089880952380952
7481624954484690198,169,189,207,0.46125,51,49,49,0.2850595238095238,120,135,146,0.2536904761904762
7477935287646063894,224,226,230,0.4904910714285714,135,160,187,0.4248214285714285,57,62,73,0.0846875
7473224176086584598,172,180,195,0.3427678571428571,40,43,56,0.1761607142857142,137,145,164,0.4810714285714286
7471566242168491286,205,209,211,0.3073809523809523,140,144,151,0.3338095238095238,93,104,125,0.3588095238095238
7471289820795374870,101,118,147,0.3476190476190476,35,46,64,0.1923214285714285,184,190,203,0.4600595238095238
7470495287212084503,98,105,116,0.1928316326530612,186,194,203,0.4927806122448979,145,153,163,0.3143877551020408
7469067273794456854,53,66,83,0.1867857142857142,117,140,166,0.5375357142857143,188,196,204,0.2756785714285714
7466514918137728278,181,189,200,0.6406428571428572,41,47,59,0.1418928571428571,111,121,138,0.2174642857142857
7466106459403701526,90,109,136,0.1917857142857142,136,172,218,0.7248214285714286,34,49,67,0.0833928571428571
7465714414814137623,203,204,207,0.2508630952380952,68,60,63,0.341547619047619,153,153,157,0.4075892857142857
7453069595327384865,163,158,173,0.106220238095238,14,67,112,0.4635714285714286,205,198,208,0.4302083333333333
7447538385993895201,188,197,204,0.3283928571428571,83,97,108,0.3330714285714286,132,146,157,0.3385357142857143
7447184186034654496,47,42,46,0.2025,163,165,170,0.51375,90,87,89,0.28375
7446341554735828256,147,170,204,0.4970714285714285,73,80,73,0.0763571428571428,163,191,229,0.4265714285714285
7399975638112783649,121,146,172,0.5126785714285714,176,187,206,0.3069642857142857,59,87,115,0.1803571428571428
7390334004001639713,151,175,92,0.3681071428571428,71,93,37,0.3273928571428571,181,203,207,0.3045
7372132003078032672,112,113,115,0.4847857142857142,18,18,18,0.2386964285714285,187,190,191,0.2765178571428571
7351073088601148704,221,224,227,0.1842857142857142,131,145,159,0.5947619047619047,46,55,72,0.2209523809523809
7343970143497653537,138,152,174,0.1289285714285714,225,233,241,0.7204761904761905,46,63,90,0.1505952380952381
7341738165746634017,41,57,87,0.327984693877551,119,135,158,0.3277551020408163,205,208,210,0.3442602040816326
7340356860299496736,158,168,185,0.7383214285714286,56,60,71,0.1033214285714285,119,126,141,0.1583571428571428
7333562774750088480,44,41,49,0.2196071428571428,190,205,212,0.5959642857142857,141,125,120,0.1844285714285714
7327710709201014049,52,103,146,0.4014285714285714,144,182,208,0.4574404761904762,22,39,60,0.1411309523809523
7323667240933444896,86,92,100,0.7823571428571429,159,160,155,0.1760714285714285,26,25,31,0.0415714285714285
7321012358594235681,173,187,212,0.6150595238095238,38,44,54,0.2146428571428571,111,120,137,0.170297619047619
7319919643378912544,49,59,74,0.4974404761904762,10,15,25,0.3757738095238095,140,141,137,0.1267857142857142
7318832237842156832,4,3,4,0.7705357142857143,202,194,190,0.1138095238095238,98,100,62,0.1156547619047619
7315822267781467424,59,63,74,0.3415625,27,31,41,0.6468303571428572,198,199,205,0.0116071428571428
7309133635578236192,124,136,158,0.4852678571428571,39,47,66,0.1992410714285714,189,196,206,0.3154910714285714
7307971449870994720,188,200,215,0.38625,50,48,54,0.1326190476190476,144,158,179,0.4811309523809524
7303968237966904609,74,68,59,0.2310119047619047,194,198,204,0.5204166666666666,131,125,120,0.2485714285714285
7297205575501270304,181,195,213,0.6483035714285714,56,56,38,0.2002232142857143,118,124,119,0.1514732142857142
7291228337123511585,42,38,43,0.477780612244898,125,130,141,0.4734438775510204,249,249,249,0.0487755102040816
7286830586478578976,140,101,82,0.26125,199,212,227,0.4450446428571428,35,32,30,0.2937053571428571
7283105183352016160,205,204,196,0.3029464285714285,138,147,146,0.6246875,62,69,74,0.0723660714285714
7274897399045246241,162,184,202,0.4803125,27,28,23,0.2020982142857142,111,119,102,0.3175892857142857
7267879991004761376,63,69,52,0.3645357142857143,183,196,219,0.30925,93,131,164,0.3262142857142857
7261958198775532832,71,86,59,0.3360714285714286,172,183,157,0.3382142857142857,97,151,193,0.3257142857142857
7568823330518748438,56,52,51,0.1290178571428571,196,201,202,0.4766964285714286,135,145,149,0.3942857142857143
7546523294489414934,110,139,166,0.3068367346938775,38,78,109,0.3024489795918367,205,208,221,0.3907142857142857
7504292781637127446,186,182,175,0.2997619047619048,42,44,30,0.3015773809523809,125,121,74,0.3986607142857143
7462655968522931478,114,137,174,0.3056071428571428,178,200,223,0.2725357142857142,54,84,125,0.4218571428571429
7442737337525669142,127,120,148,0.5533928571428571,197,191,205,0.3177232142857142,47,46,62,0.1288839285714285
7348097820320173344,64,56,41,0.4447321428571428,220,213,211,0.1930952380952381,182,132,71,0.362172619047619
7335847049495203104,103,126,155,0.381625,189,194,206,0.3449642857142857,42,60,84,0.2734107142857143
7289470545270279456,153,124,75,0.5437857142857143,107,175,191,0.231,64,70,61,0.2252142857142857
7286486663910542625,24,73,98,0.3206377551020408,224,225,239,0.4233163265306122,125,155,179,0.2560459183673469
7185555102487416070,205,200,204,0.1132738095238095,29,28,46,0.4041369047619048,80,100,144,0.4825892857142857
7166637213604678917,47,41,39,0.3998571428571428,207,195,177,0.18025,138,126,98,0.4198928571428571
7156608613346184454,81,81,73,0.4188214285714285,211,212,210,0.3138571428571428,140,140,126,0.2673214285714286
7093894381794512133,192,179,162,0.2730357142857142,63,61,52,0.3001785714285714,127,118,103,0.4267857142857142
6980342168535846149,119,124,121,0.1276923076923077,185,204,236,0.3830631868131868,38,40,40,0.4892445054945055
6936943102523378950,170,185,209,0.3294642857142857,100,126,169,0.4242857142857142,33,38,60,0.24625
6923969706332327174,194,198,213,0.2660119047619048,115,129,159,0.5194642857142857,61,69,90,0.2145238095238095
6904609211431357698,91,114,158,0.5351530612244898,50,59,63,0.2308673469387755,170,185,211,0.2339795918367347
6800982671657880837,192,195,215,0.4168571428571428,110,123,156,0.42425,50,53,73,0.1588928571428571
7605548189332016406,193,208,230,0.5077232142857143,93,106,123,0.1846428571428571,154,170,190,0.3076339285714285
7582631962330893570,186,198,215,0.2904166666666666,37,47,68,0.26375,97,122,159,0.4458333333333333
7568852433271590146,186,179,176,0.2837755102040816,51,41,41,0.3554336734693877,119,115,103,0.3607908163265306
7567372771060124950,161,144,104,0.286875,49,46,40,0.3369196428571429,212,210,200,0.3762053571428571
7564663320058285334,158,160,172,0.6639880952380952,28,27,41,0.0868452380952381,116,115,123,0.2491666666666666
7564379905971178755,60,50,36,0.5462053571428571,202,205,209,0.1738839285714285,127,99,74,0.2799107142857143
7557004748973559043,39,27,30,0.4230357142857143,194,155,129,0.299375,124,93,80,0.2775892857142857
7557014347273276694,228,231,235,0.5620357142857143,51,48,27,0.2460357142857142,116,105,64,0.1919285714285714
7555412968511425814,46,65,87,0.218422619047619,204,205,210,0.5989880952380953,136,151,171,0.1825892857142857
7543218614866906390,175,188,204,0.3226785714285714,114,120,100,0.3295238095238095,51,53,39,0.347797619047619
7522511822893616406,32,49,49,0.4750714285714286,142,175,206,0.2447857142857142,71,103,127,0.2801428571428571
7517939109512449302,129,121,82,0.4215178571428571,50,46,42,0.3373660714285714,178,186,188,0.2411160714285714
7512836614834474262,110,128,139,0.3994345238095238,47,63,62,0.319077380952381,188,204,220,0.2814880952380952
7495849453228657942,206,212,211,0.3581696428571428,89,126,170,0.4746875,51,56,70,0.1671428571428571
7489499424884821270,127,128,80,0.303452380952381,54,52,33,0.3663690476190476,163,183,204,0.3301785714285714
7478999877444226326,49,58,67,0.2285119047619047,114,136,168,0.5826190476190476,202,211,219,0.1888690476190476
7476765597204860182,42,63,83,0.3729761904761904,183,186,181,0.269047619047619,108,124,146,0.3579761904761905
7474331497533836566,143,96,99,0.357,35,27,43,0.5508214285714286,24,113,219,0.0921785714285714
7454218208648727840,177,190,191,0.2915357142857143,93,116,149,0.5580714285714286,58,52,58,0.1503928571428571
7441976604730936609,55,48,66,0.2153571428571428,103,123,167,0.3646130952380952,178,190,216,0.4200297619047619
7440066420332924192,187,193,206,0.3653571428571429,35,30,38,0.3309285714285714,111,116,130,0.3037142857142857
7325049996682759456,46,8,17,0.470625,85,103,151,0.2664285714285714,208,189,191,0.2629464285714286
7224426315074522395,207,209,212,0.3822023809523809,43,36,36,0.3391071428571429,101,114,136,0.2786904761904762
7176199071177215237,175,164,150,0.2618154761904762,26,25,17,0.4724702380952381,101,88,73,0.2657142857142857
7174339271141100806,11,8,12,0.8710119047619047,204,203,198,0.0231547619047619,73,71,76,0.1058333333333333
7165886702580403462,217,228,239,0.4921785714285714,107,149,197,0.3159285714285714,42,71,117,0.1918928571428571
7156562442829466886,71,55,34,0.340625,228,223,212,0.2384821428571428,149,134,119,0.4208928571428571
7140222885389536517,68,87,118,0.1598214285714285,2,1,2,0.4714285714285714,114,160,227,0.36875
7128353863966444806,124,150,183,0.4025,63,70,63,0.3455059523809524,207,212,218,0.2519940476190476
7099406976437718278,121,123,116,0.3676339285714285,210,217,227,0.3901339285714286,57,63,57,0.2422321428571428
7093804812864670981,100,98,96,0.3396428571428571,198,185,174,0.1506428571428571,41,43,43,0.5097142857142857
7018111226760776966,135,112,99,0.3292559523809524,157,167,185,0.3850892857142857,49,45,46,0.2856547619047619
6920160579424488710,209,206,218,0.4232936507936508,17,30,52,0.3244642857142857,133,142,168,0.2522420634920635
7447512835350859040,133,103,101,0.4260714285714285,54,15,22,0.5105357142857143,234,219,212,0.0633928571428571
7546473791115791638,20,145,235,0.5325510204081633,41,72,80,0.2819897959183673,152,202,194,0.1854591836734694
7485301680930688278,9,5,8,0.8286785714285714,201,173,184,0.0496071428571428,127,44,54,0.1217142857142857
7469703437299551510,24,31,40,0.5316666666666666,176,215,236,0.0875,85,120,156,0.3808333333333333
7457582868370296096,94,118,149,0.2530357142857143,180,199,215,0.5035714285714286,36,43,58,0.2433928571428571
7456310839121874198,43,65,99,0.2629166666666667,183,195,214,0.3188988095238095,78,136,200,0.4181845238095238
7442349120498519329,159,163,172,0.4871785714285714,49,60,79,0.21525,205,206,206,0.2975714285714286
7441997259060825377,177,196,218,0.2595833333333333,52,54,75,0.2571428571428571,105,119,147,0.4832738095238095
7440142040542825760,191,196,203,0.3116666666666666,56,67,85,0.3619642857142857,124,141,164,0.3263690476190476
7431962598909791521,81,86,80,0.3032142857142857,182,185,178,0.2113571428571428,24,25,19,0.4854285714285714
7403329560554523936,51,54,15,0.5420535714285715,226,227,213,0.0453571428571428,102,102,27,0.4125892857142857
7401388090830359841,50,31,16,0.5404910714285714,224,233,226,0.2033035714285714,100,110,59,0.2562053571428571
7391756601100651809,158,10,7,0.7559285714285714,240,226,221,0.0755357142857142,56,26,23,0.1685357142857143
7375160946618076449,49,55,50,0.5436071428571428,212,231,242,0.1769285714285714,124,128,126,0.2794642857142857
7372534191776386336,20,33,25,0.1608333333333333,234,232,226,0.6789285714285714,78,116,98,0.1602380952380952
7371791896622173473,48,56,24,0.4475446428571428,120,134,60,0.4693303571428571,218,212,197,0.083125
7369613653626113313,38,35,28,0.5032589285714286,151,186,233,0.2267410714285714,139,133,97,0.27
7368427984539127073,30,13,11,0.6732738095238096,105,79,69,0.2408928571428571,177,156,141,0.0858333333333333
7362544046675447073,90,110,102,0.3705714285714285,183,186,176,0.23975,46,59,29,0.3896785714285714
7360309213765045536,131,130,100,0.2684523809523809,41,55,45,0.2819047619047619,175,193,220,0.4496428571428571
7357646734354304289,99,137,191,0.3563214285714285,48,64,82,0.3065,199,212,227,0.3371785714285714
7341290377858567456,171,177,184,0.849047619047619,25,30,31,0.0235119047619047,108,115,117,0.1274404761904762
7334381637586652448,155,122,110,0.3673660714285714,232,222,212,0.49375,46,39,42,0.1388839285714285
7325097832015203617,147,116,112,0.3920089285714285,246,231,207,0.3122321428571428,73,47,35,0.2957589285714285
7322488817968041249,110,141,166,0.4844642857142857,22,71,108,0.2300595238095238,189,200,208,0.2854761904761905
7319074307202616609,181,194,210,0.2999553571428571,49,74,113,0.2890625,106,141,176,0.4109821428571428
7309856299632676129,126,135,147,0.7079464285714285,38,34,40,0.1812202380952381,216,198,174,0.1108333333333333
7305093445926915361,117,142,166,0.3983928571428571,196,211,222,0.4196428571428571,40,62,86,0.1819642857142857
7304376408191683872,22,23,21,0.4222023809523809,203,180,153,0.3016666666666667,113,94,71,0.2761309523809523
7302809103150206241,18,31,40,0.0765,185,185,195,0.8092857142857143,84,112,129,0.1142142857142857
7297529063785123104,191,200,211,0.4232142857142857,69,56,50,0.0796785714285714,146,155,162,0.4971071428571428
7293822418068442400,161,189,173,0.3928571428571428,52,61,26,0.2541517857142857,123,135,43,0.3529910714285714
7289368885390806304,114,133,88,0.2589732142857143,35,43,21,0.4857142857142857,194,206,200,0.2553125
7286488221893020960,47,42,40,0.5520238095238095,94,93,96,0.3892857142857143,194,193,194,0.0586904761904761
7285720218360368417,49,49,46,0.4373511904761905,175,188,194,0.2105059523809523,107,108,97,0.3521428571428571
7281651537124871456,78,105,162,0.3360416666666667,96,103,53,0.4558333333333333,162,171,174,0.208125
7277097435090930977,237,224,231,0.4749404761904762,15,38,25,0.4954166666666666,73,152,174,0.0296428571428571
7275592243086478624,219,205,190,0.3010714285714285,52,56,48,0.4001785714285714,104,139,143,0.29875
7271545826923531552,71,77,50,0.3413690476190476,141,197,239,0.304047619047619,150,158,109,0.3545833333333333
7270778269899722016,221,244,241,0.1545833333333333,46,62,38,0.2725,112,110,78,0.5729166666666666
7263464155540147489,59,50,44,0.4733214285714285,169,168,163,0.2795357142857143,194,114,57,0.2471428571428571
7262720109133794592,193,172,154,0.1107589285714285,85,99,29,0.3197767857142857,118,130,54,0.5694642857142858
7257181704241024282,70,62,44,0.2820408163265306,130,134,103,0.4790816326530612,189,192,182,0.2388775510204081
7257040734174465307,35,23,19,0.3343154761904762,213,192,151,0.3160119047619047,124,99,75,0.349672619047619
7255302948413099290,175,184,195,0.2444642857142857,51,57,55,0.3994196428571429,97,116,133,0.3561160714285714
7250555651993160987,130,130,99,0.4110714285714286,196,192,185,0.1416964285714285,81,84,42,0.4472321428571428
7250141865645788443,172,165,144,0.3432440476190476,81,68,57,0.3931845238095238,236,236,236,0.2635714285714285
7249004039688572186,58,65,34,0.2811607142857142,133,147,116,0.4326488095238095,210,212,208,0.2861904761904762
7248301740670323995,58,59,62,0.4115714285714286,173,159,152,0.2756428571428571,143,128,124,0.3127857142857143
7238653863794887962,107,105,51,0.3255,161,172,179,0.4382857142857143,51,52,36,0.2362142857142857
7234190958772882715,213,234,242,0.3613214285714285,31,41,45,0.2450357142857142,100,127,61,0.3936428571428571
7231978849448381722,159,132,102,0.3951190476190476,175,194,212,0.3172619047619047,63,66,52,0.2876190476190476
7231163731080711450,132,131,133,0.3817857142857143,58,73,105,0.3913690476190476,40,43,22,0.2268452380952381
7228647012009282842,53,72,38,0.2960267857142857,131,161,199,0.3735714285714285,129,145,60,0.3304017857142857
7222319662787202310,30,46,77,0.3599744897959183,123,122,127,0.4112755102040816,67,83,108,0.22875
7220765448000900357,183,188,206,0.3805714285714285,28,35,43,0.3765714285714285,97,102,118,0.2428571428571428
7220074643086904581,212,211,213,0.3994642857142857,60,66,83,0.3522023809523809,157,156,163,0.2483333333333333
7212710657672678661,9,9,10,0.5697959183673469,182,181,186,0.2899744897959184,78,84,97,0.1402295918367347
7205658829403458821,113,115,126,0.4335,54,42,55,0.3561071428571428,191,196,202,0.2103928571428571
7200056336321613062,39,75,117,0.4039880952380952,201,208,213,0.1976785714285714,110,132,158,0.3983333333333333
7193034087660031237,171,166,182,0.7911309523809524,26,24,30,0.0199107142857142,120,116,133,0.1889583333333333
7191012677869702405,202,211,231,0.2653571428571428,91,68,60,0.3636607142857143,177,158,139,0.3709821428571428
7187830945658031365,206,180,224,0.565297619047619,26,17,39,0.3183333333333333,130,76,140,0.1163690476190476
7180437054843538693,42,67,94,0.2411071428571428,197,211,221,0.2327142857142857,118,145,165,0.5261785714285714
7178804187403259142,60,79,112,0.3888392857142857,106,120,148,0.2844642857142857,165,164,186,0.3266964285714285
7140150980246719750,57,75,85,0.3152678571428571,172,182,202,0.2986607142857143,86,113,150,0.3860714285714285
7128322715894729989,142,145,89,0.2128125,61,77,67,0.2827232142857143,110,154,204,0.5044642857142857
7111254884971744518,28,35,46,0.4018154761904762,88,108,113,0.3979166666666666,183,201,214,0.2002678571428571
7080140185001938181,40,48,40,0.0388839285714285,205,200,205,0.5260267857142857,87,130,155,0.4350892857142857
7044841251262237958,53,35,44,0.4497142857142857,89,83,104,0.4922142857142857,192,155,99,0.0580714285714285
6956567938891599109,113,90,56,0.3869940476190476,191,167,103,0.394375,153,187,210,0.2186309523809523
7564461685881179414,110,145,123,0.1784183673469387,175,186,196,0.7177295918367347,46,48,52,0.1038520408163265
7557772009510358294,183,190,199,0.5230357142857143,57,59,63,0.1032589285714285,144,150,160,0.3737053571428571
7555487310297533718,109,129,144,0.4582142857142857,170,179,198,0.3450892857142857,65,74,71,0.1966964285714285
7549615777326877974,51,48,27,0.3341517857142857,190,198,212,0.2757142857142857,110,108,69,0.3901339285714286
7526570162976328982,91,108,71,0.5885714285714285,204,216,220,0.0712142857142857,122,136,122,0.3402142857142857
7504006062559776022,218,223,231,0.3801190476190476,109,125,145,0.3619047619047619,52,52,61,0.2579761904761904
7487276696215817494,188,202,216,0.5902380952380952,156,168,182,0.2654166666666667,66,64,60,0.144345238095238
7474265267783208214,131,139,150,0.4698214285714285,188,193,198,0.3966666666666666,34,42,54,0.1335119047619047
7447956995182759190,194,193,193,0.5086011904761905,62,84,114,0.2851785714285714,135,144,156,0.2062202380952381
7446821670133845270,21,15,13,0.715625,206,187,166,0.1033035714285714,98,78,64,0.1810714285714285
7442685576798604566,130,146,164,0.3745982142857142,40,46,45,0.2592857142857143,196,209,219,0.3661160714285714
7441958558054337825,98,114,143,0.5853571428571429,61,66,47,0.1045089285714285,156,171,193,0.3101339285714286
7189528219425590534,171,170,177,0.3152380952380952,109,116,139,0.4547619047619047,66,79,108,0.23
7169218120916208902,90,124,174,0.3774234693877551,46,61,87,0.3915561224489796,194,199,211,0.2310204081632653
7156614323194875141,191,194,203,0.2627380952380952,59,46,52,0.3920238095238095,115,121,137,0.3452380952380952
7141371845248437510,76,80,50,0.5001488095238096,177,178,179,0.2944642857142857,56,110,170,0.2053869047619047
7141370905153850629,205,211,224,0.1353928571428571,34,48,47,0.3343571428571428,100,131,132,0.53025
7511357874082286870,114,171,227,0.2535714285714285,131,124,99,0.2776785714285714,27,25,20,0.46875
7446804107312008470,122,126,149,0.0773571428571428,151,111,37,0.3606428571428571,52,44,42,0.562
7440140885246971169,205,194,182,0.3776071428571428,72,68,72,0.1858928571428571,138,144,156,0.4365
7391879654983912736,92,114,50,0.3901339285714286,27,37,19,0.2131398809523809,128,170,222,0.3967261904761904
7391169699821669665,33,33,23,0.2113392857142857,195,177,157,0.2759375,104,102,89,0.5127232142857143
7391036925550906657,55,49,38,0.3043303571428571,180,179,179,0.3193303571428571,107,126,151,0.3763392857142857
7372567531258727712,31,29,33,0.3522321428571429,218,218,214,0.2775892857142857,121,128,135,0.3701785714285714
7369623012087172384,183,168,149,0.3852806122448979,91,67,55,0.4139285714285714,72,131,200,0.2007908163265306
7366182227119525152,155,142,122,0.5643452380952381,41,35,24,0.2566071428571428,120,84,59,0.179047619047619
7289115441602088225,221,211,231,0.3878869047619047,93,54,62,0.3720535714285714,165,141,160,0.2400595238095238
7205617494143339782,129,133,146,0.2886904761904761,67,45,39,0.4171130952380952,209,204,205,0.2941964285714286
7166666264092413190,205,203,206,0.2323214285714285,44,16,6,0.4421130952380952,135,74,45,0.3255654761904762
7128317775524777222,118,204,243,0.1661904761904762,54,60,34,0.5632738095238096,162,161,113,0.2705357142857142
7124683160218029317,121,127,123,0.2810204081632653,203,210,216,0.2825,55,46,34,0.4364795918367347
7108626212104178949,174,177,191,0.2279166666666666,95,122,180,0.3789285714285714,63,74,52,0.3931547619047619
7082772534126513414,158,164,194,0.3945238095238095,26,57,114,0.3325892857142857,74,107,166,0.2728869047619047
7072437259127098630,32,30,29,0.3742559523809524,209,209,218,0.3390773809523809,116,115,116,0.2866666666666667
6955020730140544261,66,63,54,0.1132142857142857,177,170,155,0.5925595238095238,95,137,158,0.2942261904761905
7462409528211033366,204,212,216,0.4764285714285714,59,61,72,0.2470833333333333,109,144,185,0.2764880952380952
7582501864428604694,91,68,70,0.3753061224489796,50,35,44,0.5385459183673469,169,153,129,0.0861479591836734
7567318876392901910,146,182,222,0.4437012987012987,29,43,57,0.2994642857142857,90,107,123,0.2568344155844156
7550653411583102230,220,221,218,0.238125,155,158,82,0.3546428571428571,62,129,206,0.4072321428571429
7546552028168719638,143,149,194,0.3126785714285714,75,71,53,0.3388520408163265,166,154,106,0.348469387755102
7543616748017241366,110,114,80,0.39,114,159,209,0.3285,189,184,156,0.2815
7514333529551949078,71,67,58,0.1434285714285714,212,209,213,0.3987142857142857,161,159,148,0.4578571428571428
7476738167522053398,33,26,33,0.2427777777777778,177,189,193,0.4289087301587301,76,75,99,0.3283134920634921
7462724279965125920,56,71,96,0.2599404761904761,226,228,230,0.4419940476190476,141,161,185,0.2980654761904762
7461582150937169174,53,81,118,0.3464880952380952,225,226,229,0.2700595238095238,124,160,203,0.3834523809523809
7457889721201577248,58,76,115,0.4166666666666667,160,166,185,0.2313095238095238,97,132,188,0.3520238095238095
7447835163444235552,180,187,201,0.2597142857142857,42,56,87,0.2905,75,119,184,0.4497857142857143
7446787674863684886,178,190,224,0.2672023809523809,64,71,95,0.3479166666666666,121,140,182,0.3848809523809524
7391769807764458784,113,133,146,0.3669642857142857,198,189,174,0.3622321428571428,59,58,42,0.2708035714285714
7383600515478736161,150,150,94,0.3678571428571429,219,218,196,0.2866581632653061,55,53,23,0.345484693877551
7345850735894072609,145,154,173,0.2303125,216,224,240,0.4095089285714285,185,195,214,0.3601785714285714
7345753568462261537,229,233,242,0.6966071428571429,88,81,88,0.1173214285714285,163,160,169,0.1860714285714285
7338875309913017633,138,149,166,0.3460714285714286,174,187,206,0.5029464285714286,102,110,124,0.1509821428571428
7338777101547490593,214,207,200,0.5751190476190476,45,60,70,0.3260714285714285,149,127,112,0.0988095238095238
7338699162768149792,181,196,215,0.7390357142857142,83,77,92,0.1025714285714285,145,140,155,0.1583928571428571
7334752917439712545,57,74,104,0.2344196428571428,182,188,203,0.2844642857142857,127,139,162,0.4811160714285714
7334339873127632161,223,224,227,0.7761309523809524,128,131,121,0.0176785714285714,199,200,202,0.2061904761904762
7322495223089712416,89,123,178,0.3391071428571429,157,171,199,0.41625,29,60,117,0.2446428571428571
7319092525329829153,192,194,195,0.5667602040816326,66,90,110,0.2026530612244897,129,143,157,0.2305867346938775
7312547480120380705,159,173,195,0.2614880952380952,99,118,141,0.4463095238095238,221,220,220,0.2922023809523809
7309783088618409248,114,138,160,0.2895,58,69,84,0.1256785714285714,156,171,180,0.5848214285714286
7231544878478445850,42,50,51,0.3646130952380952,136,142,126,0.357172619047619,219,213,212,0.2782142857142857
7229679892399426842,139,139,142,0.6204642857142857,77,54,46,0.2048214285714285,177,172,168,0.1747142857142857
7196211164093631749,51,49,45,0.5869047619047619,118,109,93,0.3388392857142857,210,198,183,0.0742559523809523
7178872221375548677,135,155,170,0.3392559523809524,76,102,138,0.4206547619047619,223,217,205,0.2400892857142857
7168038506772679942,104,112,131,0.3267261904761905,206,211,218,0.3720833333333333,21,25,32,0.3011904761904762
7163303756447223045,228,235,239,0.4584642857142857,132,139,145,0.1234642857142857,181,191,198,0.4180714285714286
7158447069152300293,32,33,33,0.2610357142857142,217,216,212,0.3243214285714286,106,123,142,0.4146428571428571
7156881114106170630,51,52,33,0.246547619047619,90,109,109,0.4813095238095238,180,194,207,0.2721428571428571
7075005822228499717,43,35,42,0.24325,187,191,201,0.3395357142857143,110,98,121,0.4172142857142857
7069326966159084806,53,88,140,0.3396753246753247,107,132,168,0.3799837662337662,169,182,200,0.2803409090909091
6980260193653378309,19,136,176,0.3927380952380952,85,59,56,0.2936309523809524,183,176,179,0.3136309523809524
6978753193882832133,33,49,65,0.3289285714285714,224,216,219,0.3516346153846154,105,121,142,0.3194368131868131
7488659236717628694,45,38,38,0.4357142857142857,200,199,177,0.2725595238095238,95,122,167,0.2917261904761905
7462683592603340054,209,215,217,0.5033333333333333,40,67,99,0.2419940476190476,107,136,174,0.254672619047619
7447927530448915735,58,70,91,0.3720663265306122,131,149,180,0.2199489795918367,10,12,18,0.407984693877551
7407351220127419681,208,214,231,0.3729761904761904,134,118,127,0.2841369047619048,44,37,52,0.3428869047619047
7391864864840387872,115,132,76,0.3288839285714285,125,173,210,0.4533035714285714,46,62,26,0.2178125
7335855508873694496,173,185,229,0.4782440476190476,59,24,41,0.306547619047619,120,111,136,0.2152083333333333
7315068001533840672,58,69,78,0.2943214285714285,210,210,207,0.2498928571428571,101,130,157,0.4557857142857143
7307282681899896096,187,177,183,0.7839732142857143,67,61,64,0.0445535714285714,221,209,211,0.1714732142857143
7259698322791795995,64,68,68,0.4052380952380952,196,200,205,0.1466666666666666,122,129,133,0.4480952380952381
7605520662588902678,211,226,239,0.308,141,161,189,0.3642857142857142,77,100,138,0.3277142857142857
7564704328649428246,161,170,181,0.3243214285714286,69,63,60,0.3187142857142857,211,220,228,0.3569642857142857
7550598568415874326,114,156,188,0.250922619047619,182,187,198,0.4567261904761904,68,117,156,0.2923511904761904
7495704452696116503,28,31,36,0.3459642857142857,155,189,201,0.3194285714285714,83,105,116,0.3346071428571429
7441982856659815713,210,220,234,0.5202380952380953,128,145,176,0.3366369047619048,50,37,55,0.143125
7431510658845379872,37,56,92,0.371875,202,204,216,0.2917857142857142,134,142,163,0.3363392857142857
7299062448965946657,33,45,82,0.1926785714285714,131,91,73,0.490952380952381,189,167,146,0.3163690476190476
7262807521008635168,53,62,49,0.2301428571428571,140,169,206,0.3186428571428571,93,125,173,0.4512142857142857
7044982077288189190,185,198,221,0.3395833333333333,21,47,114,0.368452380952381,64,113,187,0.2919642857142857
7027511633060695301,70,73,92,0.3268877551020408,202,193,198,0.3122448979591837,105,134,165,0.3608673469387755
7022925491963481349,152,156,170,0.5492261904761905,56,65,84,0.3227380952380952,220,221,225,0.1280357142857142
7022178037378731270,0,0,1,0.64875,106,127,166,0.1965816326530612,210,209,228,0.1546683673469387
7014868849635904773,223,217,227,0.5980803571428571,8,75,125,0.2882142857142857,86,130,174,0.1137053571428571
7011522309198515462,117,137,172,0.4472619047619047,215,219,224,0.2700595238095238,49,45,63,0.2826785714285714
7479481184100044054,193,206,217,0.3163095238095238,64,111,167,0.4995238095238095,74,36,69,0.1841666666666666
7456392986897730838,185,201,222,0.3749702380952381,46,48,56,0.188422619047619,127,145,171,0.4366071428571428
7442009228555930913,61,84,114,0.3025714285714285,148,139,162,0.4634285714285714,203,202,217,0.234
7341346159023246624,196,202,212,0.2675714285714285,121,132,144,0.3870357142857142,46,46,51,0.3453928571428571
7325106846744743200,177,201,227,0.2169642857142857,135,147,172,0.6650595238095238,64,48,45,0.1179761904761904
7270891504346942753,153,135,112,0.4907440476190476,231,226,215,0.1208035714285714,93,70,61,0.3884523809523809
7254929536557567259,100,122,158,0.5821785714285714,179,185,193,0.2041785714285714,63,60,52,0.2136428571428571
7187762825270463750,174,188,207,0.1834523809523809,33,81,143,0.5404761904761904,111,132,163,0.2760714285714286
7167309818519227653,89,84,98,0.1121683673469387,147,172,205,0.6648979591836734,19,24,32,0.2229336734693877
7167292362857794821,130,135,158,0.2481428571428571,170,180,214,0.5105714285714286,104,61,44,0.2412857142857143
7167014945626787078,127,138,148,0.4744285714285714,180,189,202,0.4027142857142857,59,22,31,0.1228571428571428
7162439514428919046,134,135,152,0.2520089285714286,204,212,240,0.4616071428571429,54,45,52,0.2863839285714286
7161744414979771653,158,158,163,0.1746428571428571,202,201,203,0.7969196428571429,74,71,63,0.0284375
7159544328061275397,137,75,54,0.2556547619047619,139,159,193,0.3924404761904762,45,39,41,0.3519047619047619
7111379317900332293,74,86,77,0.3781547619047619,240,243,245,0.0605952380952381,126,160,204,0.56125
6964763152974187781,38,47,27,0.46375,113,119,108,0.303422619047619,189,193,191,0.2328273809523809
6936835146301672709,183,183,189,0.4625892857142857,1,2,3,0.2945089285714286,49,88,112,0.2429017857142857
6930236006654364934,108,131,157,0.2035416666666666,193,201,218,0.5657142857142857,40,55,73,0.2307440476190476
6923976137928445190,111,159,197,0.2906071428571428,202,210,219,0.34375,50,73,114,0.3656428571428571
6923235061999373574,199,200,203,0.4348214285714286,37,61,83,0.2619047619047619,124,143,162,0.3032738095238095
6891319697220898050,214,219,220,0.1735119047619047,0,0,0,0.6763690476190476,144,166,177,0.1501190476190476
6879407335484214530,189,205,222,0.7715714285714286,20,23,27,0.1171428571428571,127,152,173,0.1112857142857142
6864458828012899589,46,54,60,0.3075595238095238,162,180,200,0.4584375,114,115,108,0.2340029761904762
7457876496447819030,210,211,216,0.296,75,73,77,0.2452857142857142,169,169,172,0.4587142857142857
7299132149167361312,199,200,199,0.4383035714285714,155,167,174,0.3855357142857142,70,116,138,0.1761607142857142
7285669773030001953,108,171,247,0.4298809523809523,61,70,79,0.2931547619047619,122,128,136,0.2769642857142857
7263460179461688609,64,55,43,0.4103125,80,120,189,0.2678571428571428,172,166,132,0.3218303571428571
7262728753778822433,154,177,215,0.4265178571428571,41,52,55,0.2168303571428571,111,127,153,0.3566517857142857
7223410372462611738,12,44,81,0.3097916666666667,228,222,226,0.5567559523809524,59,97,135,0.1334523809523809
7208220006314773765,27,36,47,0.2986607142857143,206,196,188,0.4845982142857143,128,100,94,0.2167410714285714
7200112331873897733,11,9,13,0.2890357142857143,220,227,232,0.42575,129,150,175,0.2852142857142857
7194501630111272197,191,196,202,0.3521130952380952,110,134,173,0.3861309523809524,54,72,107,0.2617559523809524
7185555796443270405,96,120,160,0.3772619047619047,185,196,210,0.3018452380952381,35,51,82,0.3208928571428571
7159621444312288517,46,32,75,0.2645357142857142,202,210,227,0.5401785714285714,134,146,170,0.1952857142857142
7157021341361753349,94,124,163,0.3786785714285714,38,39,44,0.4070357142857143,218,220,229,0.2142857142857142
6923258085528112390,112,114,123,0.1508928571428571,185,199,215,0.6702083333333333,43,40,53,0.1788988095238095
6915045654997912833,150,154,182,0.290625,77,73,99,0.1089583333333333,192,192,205,0.6004166666666667
6878219367390268673,49,58,58,0.2183928571428571,151,180,218,0.4436989795918367,116,126,106,0.3379081632653061
6768860777525824773,187,186,167,0.2838690476190476,25,27,25,0.5153571428571428,111,110,93,0.2007738095238095
6764678537346616582,107,147,206,0.5901785714285714,54,80,121,0.2946428571428571,12,20,37,0.1151785714285714
7582921759985356054,75,111,154,0.5095,30,35,48,0.1825,186,199,207,0.308
7581205344420924694,131,140,154,0.22925,31,62,104,0.3627142857142857,189,197,205,0.4080357142857143
7579578853308337430,191,210,232,0.3110714285714285,42,56,79,0.2576339285714286,101,142,194,0.4312946428571428
7564712687565802774,192,203,225,0.5796428571428571,35,33,38,0.2142602040816326,107,110,125,0.2060969387755102
7487328540497628438,26,25,42,0.3824642857142857,184,202,222,0.2748571428571428,86,99,142,0.3426785714285714
7461615118414073110,222,228,237,0.514,112,181,226,0.3916428571428571,100,104,113,0.0943571428571428
7454233566264855831,141,166,213,0.4357589285714285,37,37,51,0.1889285714285714,81,111,163,0.3753125
7442235405757336864,68,59,52,0.45125,208,192,149,0.249047619047619,63,127,210,0.2997023809523809
7403421764769926432,101,138,167,0.3564285714285714,61,63,48,0.3099404761904762,162,201,232,0.3336309523809523
7377811070636920096,206,184,176,0.2263571428571428,67,57,48,0.3755,133,115,97,0.3981428571428571
7335861253551787297,218,219,221,0.1948809523809523,44,43,50,0.3424404761904762,126,135,142,0.4626785714285714
7322502255616314656,206,213,222,0.4266071428571428,71,113,174,0.3519285714285714,33,62,99,0.2214642857142857
7312484712440745249,223,222,228,0.5716964285714285,48,79,110,0.1539285714285714,143,146,174,0.274375
7305435593499086112,203,214,228,0.3220089285714286,36,73,123,0.4354464285714285,121,139,167,0.2425446428571428
7304326742255209761,86,124,161,0.2530654761904762,199,206,218,0.4504166666666667,27,55,89,0.2965178571428571
7300112308179701025,45,31,33,0.3092410714285714,191,176,165,0.4739732142857142,116,99,109,0.2167857142857142
7289092371030002977,38,43,53,0.1375,128,138,153,0.2954910714285714,205,214,226,0.5670089285714286
7288720379772800288,56,59,39,0.0574107142857142,131,154,160,0.4939285714285714,207,211,215,0.4486607142857143
7280925746183408928,96,102,100,0.3081428571428571,85,133,198,0.4001785714285714,172,187,217,0.2916785714285714
7223430604547837210,212,222,235,0.2976785714285714,64,60,67,0.4138690476190476,117,114,120,0.2884523809523809
7206342637316607237,85,107,145,0.460297619047619,177,178,191,0.4698214285714285,42,37,52,0.0698809523809523
7197824225988726021,50,61,85,0.2335714285714285,197,195,205,0.5963095238095238,126,135,157,0.1701190476190476
7194484239583284486,142,162,171,0.3259523809523809,49,68,77,0.1922023809523809,205,212,216,0.4818452380952381
7181124364987895046,144,69,63,0.4093622448979592,218,106,54,0.2090306122448979,77,68,92,0.3816071428571428
7180392341839105286,27,20,31,0.5441369047619048,222,224,229,0.1539880952380952,129,102,109,0.301875
7178897418107358469,39,24,34,0.2718928571428571,190,161,192,0.5651071428571428,120,100,132,0.163
7169238545779952902,130,130,139,0.2026275510204081,192,201,216,0.566734693877551,67,58,65,0.2306377551020408
7167386112040684805,146,144,143,0.3096428571428571,48,46,56,0.258125,197,200,201,0.4322321428571428
7165908407793372422,186,188,193,0.4508035714285714,65,157,216,0.2026339285714285,102,113,112,0.3465625
7158468268074749189,43,46,54,0.1737142857142857,210,182,159,0.4452857142857143,113,108,120,0.381
7080915608727997701,183,183,181,0.2839732142857142,43,38,40,0.4000892857142857,112,99,99,0.3159375
7074987594026700038,216,221,231,0.492293956043956,66,71,79,0.132760989010989,124,150,180,0.3749450549450549
7050500563045338374,197,212,225,0.4624285714285714,50,87,133,0.1332142857142857,117,157,196,0.4043571428571428
7049689395460312326,63,57,70,0.2854285714285714,188,202,222,0.5193214285714286,136,141,158,0.19525
6937251547290045701,195,199,205,0.62975,129,137,151,0.2226428571428571,66,77,94,0.1476071428571428
6797039273053850886,106,166,201,0.3090625,44,106,151,0.2933035714285714,209,220,234,0.3976339285714286
7582952363116268812,40,61,93,0.3225510204081632,84,118,160,0.220765306122449,178,179,175,0.4566836734693877
7561497104322022667,96,102,106,0.26675,163,169,173,0.2040357142857143,3,3,5,0.5292142857142857
7540672667704118533,75,77,81,0.3000297619047619,200,194,179,0.217172619047619,125,126,124,0.482797619047619
7457617290348072197,124,126,125,0.5365625,72,74,78,0.2599107142857143,198,194,179,0.2035267857142857
7339952469901970693,45,37,42,0.1687946428571428,161,162,175,0.1864732142857142,191,192,202,0.6447321428571429
7338825965419662598,59,56,65,0.3439285714285714,218,219,227,0.4116785714285714,126,120,126,0.2443928571428571
7334734613429882117,16,18,25,0.2639583333333333,197,201,211,0.500297619047619,98,130,154,0.2357440476190476
7334309352062405893,167,173,229,0.6214880952380952,157,7,55,0.2258333333333333,52,56,89,0.1526785714285714
7325113581249301766,252,252,252,0.7714880952380953,49,49,53,0.1119047619047619,138,138,141,0.1166071428571428
7206417246502046981,114,94,128,0.4023571428571428,64,33,44,0.2236785714285714,186,151,150,0.3739642857142857
7186344254921280773,69,103,121,0.4406887755102041,171,181,185,0.312015306122449,17,17,20,0.2472959183673469
7180432290151959814,142,142,144,0.1998214285714285,193,193,196,0.5047916666666666,51,51,53,0.2953869047619047
7175115192966106374,116,123,140,0.3147619047619047,61,64,74,0.2941666666666667,199,200,205,0.3910714285714285
7083930192657353990,185,123,91,0.1519642857142857,55,46,72,0.328125,131,141,174,0.5199107142857143
7083882172154645765,188,195,206,0.3205,103,119,146,0.4275,51,57,64,0.252
7082815811529805062,167,186,203,0.4949553571428571,18,56,110,0.2335267857142857,58,110,167,0.2715178571428571
7080188060561837318,79,134,162,0.3779017857142857,199,203,219,0.3426339285714285,34,67,81,0.2794642857142857
7075406881111444742,206,204,206,0.3773809523809524,35,46,48,0.142797619047619,142,137,132,0.4798214285714285
7072415750589254918,156,168,174,0.0991964285714285,63,72,75,0.0374285714285714,197,207,212,0.863375
7066872454249073925,192,193,197,0.57125,30,26,23,0.1232738095238095,118,145,162,0.3054761904761904
7064977105032858885,64,78,98,0.2117857142857143,134,153,179,0.6360119047619047,223,229,232,0.1522023809523809
7062415851231677702,208,213,220,0.3705357142857143,64,70,74,0.2811904761904762,164,172,180,0.3482738095238095
7058664802880589062,141,77,65,0.1879017857142857,167,191,211,0.6581696428571429,26,26,34,0.1539285714285714
6980319450687868166,150,167,96,0.3813265306122449,124,160,208,0.3997959183673469,58,70,44,0.2188775510204081
6942166804311575814,49,53,62,0.1766964285714285,176,187,208,0.6357142857142857,109,115,129,0.1875892857142857
6923874728902003973,183,197,219,0.5673214285714285,34,29,43,0.2508333333333333,110,117,137,0.1818452380952381
7606743080678591766,117,142,168,0.6471785714285714,24,33,38,0.1241071428571428,172,201,230,0.2287142857142857
7604101089775865110,39,29,33,0.5034438775510204,208,214,207,0.2328826530612245,103,115,127,0.2636734693877551
7582254546236230934,61,81,106,0.2720833333333333,196,201,213,0.3886011904761904,130,148,168,0.3393154761904762
7559557230903774486,177,183,195,0.4854761904761904,1,1,1,0.3479761904761905,87,103,126,0.166547619047619
7546567057056353558,144,165,184,0.3366071428571429,40,78,116,0.1783928571428571,206,211,223,0.485
7517987561692794134,63,71,45,0.6427380952380952,138,126,111,0.2344047619047619,26,23,14,0.1228571428571428
7507578375586712854,220,223,229,0.2916785714285714,85,93,51,0.5272857142857142,145,155,147,0.1810357142857142
7476865863409257750,176,183,194,0.5200892857142857,113,134,172,0.4032589285714286,58,56,69,0.0766517857142857
7457587495031606560,91,116,151,0.1979166666666666,190,192,193,0.6911309523809523,45,59,86,0.1109523809523809
7450183993355488545,202,220,235,0.1939642857142857,27,69,148,0.52,57,111,182,0.2860357142857143
7442354645382532385,203,206,215,0.6913988095238095,122,123,132,0.1076190476190476,81,81,88,0.2009821428571428
7338778286597655840,129,149,180,0.2570357142857143,61,90,144,0.4246071428571428,175,190,211,0.3183571428571428
7325457714312727840,193,199,210,0.4638571428571428,49,75,107,0.2808214285714285,147,156,170,0.2553214285714286
7322420132649749793,125,147,176,0.2996785714285714,61,94,133,0.4076428571428571,196,206,219,0.2926785714285714
7321436866287373600,145,143,147,0.1134375,56,41,45,0.0510714285714285,176,177,184,0.8354910714285714
7312523032025730337,115,137,164,0.2024553571428571,45,75,108,0.2346875,188,201,221,0.5628571428571428
7305425778076880161,85,130,169,0.4467857142857143,35,81,120,0.3289285714285714,168,192,212,0.2242857142857142
7304272406548319520,175,193,216,0.5235267857142857,47,46,58,0.2642857142857143,114,125,144,0.2121875
